estado_id,bioma_id,ano,tipo_transicao,area_ha
11,1,1986,Antrópica → Natural,31192.48
11,1,1986,Natural → Antrópica,71576.01
11,3,1986,Antrópica → Natural,195.96
11,3,1986,Natural → Antrópica,307.21
12,1,1986,Antrópica → Natural,13485.48
12,1,1986,Natural → Antrópica,15124.63
13,1,1986,Antrópica → Natural,39997.9
13,1,1986,Natural → Antrópica,23561.08
14,1,1986,Antrópica → Natural,11040.34
14,1,1986,Natural → Antrópica,13146.33
15,1,1986,Antrópica → Natural,86947.91
15,1,1986,Natural → Antrópica,158366.85
15,3,1986,Antrópica → Natural,162.48
15,3,1986,Natural → Antrópica,6449.87
16,1,1986,Antrópica → Natural,3433.43
16,1,1986,Natural → Antrópica,10089.99
17,1,1986,Antrópica → Natural,5467.78
17,1,1986,Natural → Antrópica,29154.36
17,3,1986,Antrópica → Natural,9666.67
17,3,1986,Natural → Antrópica,347977.96
21,1,1986,Antrópica → Natural,27712.51
21,1,1986,Natural → Antrópica,91649.09
21,3,1986,Antrópica → Natural,9251.31
21,3,1986,Natural → Antrópica,100220.04
22,2,1986,Antrópica → Natural,142721.02
22,2,1986,Natural → Antrópica,112902.91
22,3,1986,Antrópica → Natural,3262.03
22,3,1986,Natural → Antrópica,40389.45
23,2,1986,Antrópica → Natural,201150.14
23,2,1986,Natural → Antrópica,197683.17
24,2,1986,Antrópica → Natural,78132.54
24,2,1986,Natural → Antrópica,98188.85
24,4,1986,Antrópica → Natural,599.97
24,4,1986,Natural → Antrópica,390.7
25,2,1986,Antrópica → Natural,59970.76
25,2,1986,Natural → Antrópica,54696.46
25,4,1986,Antrópica → Natural,872.72
25,4,1986,Natural → Antrópica,504.03
26,2,1986,Antrópica → Natural,147001.57
26,2,1986,Natural → Antrópica,94893.56
26,4,1986,Antrópica → Natural,3590.46
26,4,1986,Natural → Antrópica,4706.43
27,2,1986,Antrópica → Natural,40339.1
27,2,1986,Natural → Antrópica,45650.37
27,4,1986,Antrópica → Natural,4283.1
27,4,1986,Natural → Antrópica,4209.4
28,2,1986,Antrópica → Natural,48888.71
28,2,1986,Natural → Antrópica,37687.34
28,4,1986,Antrópica → Natural,2305.26
28,4,1986,Natural → Antrópica,2930.94
29,2,1986,Antrópica → Natural,676974.49
29,2,1986,Natural → Antrópica,681572.66
29,3,1986,Antrópica → Natural,4277.3
29,3,1986,Natural → Antrópica,77635.91
29,4,1986,Antrópica → Natural,30585.22
29,4,1986,Natural → Antrópica,21317.06
31,2,1986,Antrópica → Natural,14883.06
31,2,1986,Natural → Antrópica,97807.34
31,3,1986,Antrópica → Natural,46252.74
31,3,1986,Natural → Antrópica,871307.76
31,4,1986,Antrópica → Natural,54999.95
31,4,1986,Natural → Antrópica,46341.96
32,4,1986,Antrópica → Natural,7698.89
32,4,1986,Natural → Antrópica,12274.79
33,4,1986,Antrópica → Natural,7047.7
33,4,1986,Natural → Antrópica,6075.68
35,3,1986,Antrópica → Natural,15236.49
35,3,1986,Natural → Antrópica,127717.0
35,4,1986,Antrópica → Natural,21558.04
35,4,1986,Natural → Antrópica,21147.9
41,3,1986,Antrópica → Natural,335.4
41,3,1986,Natural → Antrópica,9088.07
41,4,1986,Antrópica → Natural,37088.89
41,4,1986,Natural → Antrópica,41461.71
42,4,1986,Antrópica → Natural,27812.82
42,4,1986,Natural → Antrópica,23531.53
43,4,1986,Antrópica → Natural,29478.84
43,4,1986,Natural → Antrópica,19110.2
43,5,1986,Antrópica → Natural,5254.39
43,5,1986,Natural → Antrópica,34760.18
50,3,1986,Antrópica → Natural,22283.42
50,3,1986,Natural → Antrópica,931158.6
50,4,1986,Antrópica → Natural,3613.62
50,4,1986,Natural → Antrópica,3136.97
50,6,1986,Antrópica → Natural,307.08
50,6,1986,Natural → Antrópica,23991.76
51,1,1986,Antrópica → Natural,149652.35
51,1,1986,Natural → Antrópica,217609.73
51,3,1986,Antrópica → Natural,12340.53
51,3,1986,Natural → Antrópica,529899.72
51,6,1986,Antrópica → Natural,278.54
51,6,1986,Natural → Antrópica,16721.85
52,3,1986,Antrópica → Natural,25298.39
52,3,1986,Natural → Antrópica,930506.1
52,4,1986,Antrópica → Natural,452.38
52,4,1986,Natural → Antrópica,6383.18
53,3,1986,Antrópica → Natural,935.56
53,3,1986,Natural → Antrópica,10980.26
11,1,1987,Antrópica → Natural,17294.92
11,1,1987,Natural → Antrópica,206692.88
11,3,1987,Antrópica → Natural,506.98
11,3,1987,Natural → Antrópica,1527.31
12,1,1987,Antrópica → Natural,5018.22
12,1,1987,Natural → Antrópica,47908.44
13,1,1987,Antrópica → Natural,25504.71
13,1,1987,Natural → Antrópica,54893.48
14,1,1987,Antrópica → Natural,2655.95
14,1,1987,Natural → Antrópica,26151.29
15,1,1987,Antrópica → Natural,132854.18
15,1,1987,Natural → Antrópica,687672.62
15,3,1987,Antrópica → Natural,3484.06
15,3,1987,Natural → Antrópica,5877.19
16,1,1987,Antrópica → Natural,2541.47
16,1,1987,Natural → Antrópica,10949.7
17,1,1987,Antrópica → Natural,10683.72
17,1,1987,Natural → Antrópica,95693.94
17,3,1987,Antrópica → Natural,67187.18
17,3,1987,Natural → Antrópica,244480.95
21,1,1987,Antrópica → Natural,39217.89
21,1,1987,Natural → Antrópica,193830.15
21,3,1987,Antrópica → Natural,53815.13
21,3,1987,Natural → Antrópica,93510.12
22,2,1987,Antrópica → Natural,47352.54
22,2,1987,Natural → Antrópica,57612.31
22,3,1987,Antrópica → Natural,11554.58
22,3,1987,Natural → Antrópica,26277.47
23,2,1987,Antrópica → Natural,73805.44
23,2,1987,Natural → Antrópica,88544.0
24,2,1987,Antrópica → Natural,30313.25
24,2,1987,Natural → Antrópica,60990.4
24,4,1987,Antrópica → Natural,2282.73
24,4,1987,Natural → Antrópica,7149.32
25,2,1987,Antrópica → Natural,33755.5
25,2,1987,Natural → Antrópica,28161.1
25,4,1987,Antrópica → Natural,2599.04
25,4,1987,Natural → Antrópica,5585.95
26,2,1987,Antrópica → Natural,91905.68
26,2,1987,Natural → Antrópica,64032.93
26,4,1987,Antrópica → Natural,10181.93
26,4,1987,Natural → Antrópica,60199.16
27,2,1987,Antrópica → Natural,8511.22
27,2,1987,Natural → Antrópica,23211.98
27,4,1987,Antrópica → Natural,11489.38
27,4,1987,Natural → Antrópica,65020.47
28,2,1987,Antrópica → Natural,11003.14
28,2,1987,Natural → Antrópica,19659.72
28,4,1987,Antrópica → Natural,6034.32
28,4,1987,Natural → Antrópica,13966.64
29,2,1987,Antrópica → Natural,201637.39
29,2,1987,Natural → Antrópica,334405.82
29,3,1987,Antrópica → Natural,28908.84
29,3,1987,Natural → Antrópica,118221.6
29,4,1987,Antrópica → Natural,63404.86
29,4,1987,Natural → Antrópica,193877.36
31,2,1987,Antrópica → Natural,10871.95
31,2,1987,Natural → Antrópica,44231.93
31,3,1987,Antrópica → Natural,181963.5
31,3,1987,Natural → Antrópica,568892.2
31,4,1987,Antrópica → Natural,132000.28
31,4,1987,Natural → Antrópica,187618.51
32,4,1987,Antrópica → Natural,16001.91
32,4,1987,Natural → Antrópica,41050.84
33,4,1987,Antrópica → Natural,24609.33
33,4,1987,Natural → Antrópica,21932.92
35,3,1987,Antrópica → Natural,30576.45
35,3,1987,Natural → Antrópica,84494.2
35,4,1987,Antrópica → Natural,54606.54
35,4,1987,Natural → Antrópica,77263.8
41,3,1987,Antrópica → Natural,583.93
41,3,1987,Natural → Antrópica,7677.16
41,4,1987,Antrópica → Natural,64344.59
41,4,1987,Natural → Antrópica,146325.92
42,4,1987,Antrópica → Natural,56212.74
42,4,1987,Natural → Antrópica,81884.29
43,4,1987,Antrópica → Natural,63523.3
43,4,1987,Natural → Antrópica,49586.57
43,5,1987,Antrópica → Natural,88754.56
43,5,1987,Natural → Antrópica,305897.71
50,3,1987,Antrópica → Natural,125032.02
50,3,1987,Natural → Antrópica,713717.41
50,4,1987,Antrópica → Natural,10956.08
50,4,1987,Natural → Antrópica,32683.6
50,6,1987,Antrópica → Natural,420.55
50,6,1987,Natural → Antrópica,18627.24
51,1,1987,Antrópica → Natural,45998.81
51,1,1987,Natural → Antrópica,421134.56
51,3,1987,Antrópica → Natural,90953.65
51,3,1987,Natural → Antrópica,588413.17
51,6,1987,Antrópica → Natural,1193.97
51,6,1987,Natural → Antrópica,10989.22
52,3,1987,Antrópica → Natural,212506.16
52,3,1987,Natural → Antrópica,685929.91
52,4,1987,Antrópica → Natural,6880.54
52,4,1987,Natural → Antrópica,4240.05
53,3,1987,Antrópica → Natural,6928.39
53,3,1987,Natural → Antrópica,7812.65
11,1,1988,Antrópica → Natural,23077.74
11,1,1988,Natural → Antrópica,195532.5
11,3,1988,Antrópica → Natural,500.93
11,3,1988,Natural → Antrópica,1650.27
12,1,1988,Antrópica → Natural,6826.31
12,1,1988,Natural → Antrópica,44150.81
13,1,1988,Antrópica → Natural,31943.63
13,1,1988,Natural → Antrópica,52770.12
14,1,1988,Antrópica → Natural,4515.18
14,1,1988,Natural → Antrópica,20503.04
15,1,1988,Antrópica → Natural,121557.31
15,1,1988,Natural → Antrópica,540812.83
15,3,1988,Antrópica → Natural,2126.13
15,3,1988,Natural → Antrópica,6626.09
16,1,1988,Antrópica → Natural,4189.84
16,1,1988,Natural → Antrópica,3881.63
17,1,1988,Antrópica → Natural,11488.21
17,1,1988,Natural → Antrópica,93789.28
17,3,1988,Antrópica → Natural,60930.43
17,3,1988,Natural → Antrópica,236254.42
21,1,1988,Antrópica → Natural,23989.91
21,1,1988,Natural → Antrópica,213076.12
21,3,1988,Antrópica → Natural,36297.95
21,3,1988,Natural → Antrópica,94870.99
22,2,1988,Antrópica → Natural,24501.39
22,2,1988,Natural → Antrópica,66005.5
22,3,1988,Antrópica → Natural,9665.75
22,3,1988,Natural → Antrópica,28276.27
23,2,1988,Antrópica → Natural,39981.89
23,2,1988,Natural → Antrópica,90000.17
24,2,1988,Antrópica → Natural,32183.24
24,2,1988,Natural → Antrópica,75257.4
24,4,1988,Antrópica → Natural,2469.34
24,4,1988,Natural → Antrópica,4551.35
25,2,1988,Antrópica → Natural,26682.28
25,2,1988,Natural → Antrópica,72080.84
25,4,1988,Antrópica → Natural,5163.65
25,4,1988,Natural → Antrópica,10525.49
26,2,1988,Antrópica → Natural,40057.64
26,2,1988,Natural → Antrópica,70820.22
26,4,1988,Antrópica → Natural,18843.3
26,4,1988,Natural → Antrópica,47892.86
27,2,1988,Antrópica → Natural,5101.26
27,2,1988,Natural → Antrópica,15234.19
27,4,1988,Antrópica → Natural,11803.64
27,4,1988,Natural → Antrópica,31169.44
28,2,1988,Antrópica → Natural,5039.33
28,2,1988,Natural → Antrópica,15105.68
28,4,1988,Antrópica → Natural,6620.82
28,4,1988,Natural → Antrópica,17698.7
29,2,1988,Antrópica → Natural,204115.97
29,2,1988,Natural → Antrópica,341345.27
29,3,1988,Antrópica → Natural,36449.95
29,3,1988,Natural → Antrópica,91060.05
29,4,1988,Antrópica → Natural,104241.07
29,4,1988,Natural → Antrópica,240502.11
31,2,1988,Antrópica → Natural,7923.66
31,2,1988,Natural → Antrópica,36925.26
31,3,1988,Antrópica → Natural,183997.97
31,3,1988,Natural → Antrópica,536491.92
31,4,1988,Antrópica → Natural,205991.72
31,4,1988,Natural → Antrópica,275862.5
32,4,1988,Antrópica → Natural,29052.47
32,4,1988,Natural → Antrópica,59945.06
33,4,1988,Antrópica → Natural,32806.06
33,4,1988,Natural → Antrópica,56353.48
35,3,1988,Antrópica → Natural,24988.74
35,3,1988,Natural → Antrópica,73805.15
35,4,1988,Antrópica → Natural,65262.06
35,4,1988,Natural → Antrópica,105492.79
41,3,1988,Antrópica → Natural,814.85
41,3,1988,Natural → Antrópica,4301.92
41,4,1988,Antrópica → Natural,89092.02
41,4,1988,Natural → Antrópica,170004.8
42,4,1988,Antrópica → Natural,73120.44
42,4,1988,Natural → Antrópica,99585.59
43,4,1988,Antrópica → Natural,68212.45
43,4,1988,Natural → Antrópica,89653.13
43,5,1988,Antrópica → Natural,131960.06
43,5,1988,Natural → Antrópica,395186.78
50,3,1988,Antrópica → Natural,97329.59
50,3,1988,Natural → Antrópica,627915.79
50,4,1988,Antrópica → Natural,20215.01
50,4,1988,Natural → Antrópica,47176.75
50,6,1988,Antrópica → Natural,886.23
50,6,1988,Natural → Antrópica,23813.51
51,1,1988,Antrópica → Natural,60544.86
51,1,1988,Natural → Antrópica,437276.34
51,3,1988,Antrópica → Natural,94472.36
51,3,1988,Natural → Antrópica,550975.08
51,6,1988,Antrópica → Natural,674.6
51,6,1988,Natural → Antrópica,10715.37
52,3,1988,Antrópica → Natural,212492.32
52,3,1988,Natural → Antrópica,629428.5
52,4,1988,Antrópica → Natural,3737.43
52,4,1988,Natural → Antrópica,4934.76
53,3,1988,Antrópica → Natural,1683.42
53,3,1988,Natural → Antrópica,8367.17
11,1,1989,Antrópica → Natural,37946.65
11,1,1989,Natural → Antrópica,179201.6
11,3,1989,Antrópica → Natural,222.62
11,3,1989,Natural → Antrópica,1318.92
12,1,1989,Antrópica → Natural,6057.07
12,1,1989,Natural → Antrópica,47195.96
13,1,1989,Antrópica → Natural,33538.07
13,1,1989,Natural → Antrópica,42552.51
14,1,1989,Antrópica → Natural,5977.06
14,1,1989,Natural → Antrópica,20453.79
15,1,1989,Antrópica → Natural,271485.07
15,1,1989,Natural → Antrópica,467399.49
15,3,1989,Antrópica → Natural,1117.57
15,3,1989,Natural → Antrópica,7993.45
16,1,1989,Antrópica → Natural,4468.1
16,1,1989,Natural → Antrópica,11401.52
17,1,1989,Antrópica → Natural,23834.61
17,1,1989,Natural → Antrópica,58296.35
17,3,1989,Antrópica → Natural,44949.43
17,3,1989,Natural → Antrópica,202361.59
21,1,1989,Antrópica → Natural,143701.8
21,1,1989,Natural → Antrópica,291210.02
21,3,1989,Antrópica → Natural,26848.86
21,3,1989,Natural → Antrópica,66218.97
22,2,1989,Antrópica → Natural,22594.84
22,2,1989,Natural → Antrópica,58373.02
22,3,1989,Antrópica → Natural,9283.94
22,3,1989,Natural → Antrópica,20116.25
23,2,1989,Antrópica → Natural,26807.48
23,2,1989,Natural → Antrópica,96878.22
24,2,1989,Antrópica → Natural,22055.11
24,2,1989,Natural → Antrópica,70543.05
24,4,1989,Antrópica → Natural,2498.54
24,4,1989,Natural → Antrópica,2862.19
25,2,1989,Antrópica → Natural,20383.04
25,2,1989,Natural → Antrópica,85372.77
25,4,1989,Antrópica → Natural,3941.84
25,4,1989,Natural → Antrópica,7137.44
26,2,1989,Antrópica → Natural,28358.51
26,2,1989,Natural → Antrópica,59816.97
26,4,1989,Antrópica → Natural,13516.01
26,4,1989,Natural → Antrópica,37651.42
27,2,1989,Antrópica → Natural,5725.99
27,2,1989,Natural → Antrópica,15784.48
27,4,1989,Antrópica → Natural,10297.65
27,4,1989,Natural → Antrópica,26735.54
28,2,1989,Antrópica → Natural,3777.51
28,2,1989,Natural → Antrópica,11298.98
28,4,1989,Antrópica → Natural,7707.16
28,4,1989,Natural → Antrópica,14982.94
29,2,1989,Antrópica → Natural,168669.58
29,2,1989,Natural → Antrópica,346069.51
29,3,1989,Antrópica → Natural,18726.44
29,3,1989,Natural → Antrópica,130336.84
29,4,1989,Antrópica → Natural,75219.3
29,4,1989,Natural → Antrópica,157614.48
31,2,1989,Antrópica → Natural,9236.93
31,2,1989,Natural → Antrópica,31075.47
31,3,1989,Antrópica → Natural,145248.02
31,3,1989,Natural → Antrópica,415596.54
31,4,1989,Antrópica → Natural,153276.41
31,4,1989,Natural → Antrópica,207065.98
32,4,1989,Antrópica → Natural,21073.89
32,4,1989,Natural → Antrópica,38739.66
33,4,1989,Antrópica → Natural,34071.1
33,4,1989,Natural → Antrópica,29010.67
35,3,1989,Antrópica → Natural,20712.67
35,3,1989,Natural → Antrópica,56298.1
35,4,1989,Antrópica → Natural,61799.23
35,4,1989,Natural → Antrópica,79228.29
41,3,1989,Antrópica → Natural,946.98
41,3,1989,Natural → Antrópica,5007.32
41,4,1989,Antrópica → Natural,79848.97
41,4,1989,Natural → Antrópica,156262.91
42,4,1989,Antrópica → Natural,68137.6
42,4,1989,Natural → Antrópica,102241.79
43,4,1989,Antrópica → Natural,64117.01
43,4,1989,Natural → Antrópica,78279.04
43,5,1989,Antrópica → Natural,61857.26
43,5,1989,Natural → Antrópica,299807.41
50,3,1989,Antrópica → Natural,67636.79
50,3,1989,Natural → Antrópica,595235.63
50,4,1989,Antrópica → Natural,13008.19
50,4,1989,Natural → Antrópica,38308.36
50,6,1989,Antrópica → Natural,235.7
50,6,1989,Natural → Antrópica,20633.74
51,1,1989,Antrópica → Natural,52425.17
51,1,1989,Natural → Antrópica,488191.13
51,3,1989,Antrópica → Natural,65755.43
51,3,1989,Natural → Antrópica,502796.62
51,6,1989,Antrópica → Natural,684.66
51,6,1989,Natural → Antrópica,20047.09
52,3,1989,Antrópica → Natural,161099.91
52,3,1989,Natural → Antrópica,576678.45
52,4,1989,Antrópica → Natural,4604.32
52,4,1989,Natural → Antrópica,3673.38
53,3,1989,Antrópica → Natural,3470.73
53,3,1989,Natural → Antrópica,11666.02
11,1,1990,Antrópica → Natural,45112.43
11,1,1990,Natural → Antrópica,124490.38
11,3,1990,Antrópica → Natural,182.88
11,3,1990,Natural → Antrópica,1492.12
12,1,1990,Antrópica → Natural,8860.61
12,1,1990,Natural → Antrópica,38186.02
13,1,1990,Antrópica → Natural,32911.18
13,1,1990,Natural → Antrópica,33464.17
14,1,1990,Antrópica → Natural,6617.81
14,1,1990,Natural → Antrópica,16680.54
15,1,1990,Antrópica → Natural,279692.57
15,1,1990,Natural → Antrópica,572308.44
15,3,1990,Antrópica → Natural,1942.6
15,3,1990,Natural → Antrópica,7635.8
16,1,1990,Antrópica → Natural,1439.31
16,1,1990,Natural → Antrópica,12825.26
17,1,1990,Antrópica → Natural,16281.77
17,1,1990,Natural → Antrópica,73659.36
17,3,1990,Antrópica → Natural,63753.78
17,3,1990,Natural → Antrópica,193890.59
21,1,1990,Antrópica → Natural,88641.87
21,1,1990,Natural → Antrópica,234834.26
21,3,1990,Antrópica → Natural,35760.94
21,3,1990,Natural → Antrópica,81840.54
22,2,1990,Antrópica → Natural,34781.93
22,2,1990,Natural → Antrópica,75047.64
22,3,1990,Antrópica → Natural,8908.89
22,3,1990,Natural → Antrópica,23092.49
23,2,1990,Antrópica → Natural,37797.63
23,2,1990,Natural → Antrópica,143422.9
24,2,1990,Antrópica → Natural,30066.9
24,2,1990,Natural → Antrópica,79058.31
24,4,1990,Antrópica → Natural,1949.68
24,4,1990,Natural → Antrópica,1747.08
25,2,1990,Antrópica → Natural,24265.82
25,2,1990,Natural → Antrópica,77960.52
25,4,1990,Antrópica → Natural,3032.16
25,4,1990,Natural → Antrópica,3282.13
26,2,1990,Antrópica → Natural,26501.42
26,2,1990,Natural → Antrópica,107365.09
26,4,1990,Antrópica → Natural,10412.08
26,4,1990,Natural → Antrópica,23589.95
27,2,1990,Antrópica → Natural,11217.06
27,2,1990,Natural → Antrópica,19028.71
27,4,1990,Antrópica → Natural,7081.51
27,4,1990,Natural → Antrópica,19669.93
28,2,1990,Antrópica → Natural,9095.09
28,2,1990,Natural → Antrópica,14374.29
28,4,1990,Antrópica → Natural,5359.16
28,4,1990,Natural → Antrópica,10224.89
29,2,1990,Antrópica → Natural,185539.48
29,2,1990,Natural → Antrópica,367859.17
29,3,1990,Antrópica → Natural,20907.21
29,3,1990,Natural → Antrópica,83520.51
29,4,1990,Antrópica → Natural,74629.54
29,4,1990,Natural → Antrópica,141825.24
31,2,1990,Antrópica → Natural,16576.24
31,2,1990,Natural → Antrópica,28999.78
31,3,1990,Antrópica → Natural,150274.98
31,3,1990,Natural → Antrópica,388661.39
31,4,1990,Antrópica → Natural,138110.6
31,4,1990,Natural → Antrópica,199756.93
32,4,1990,Antrópica → Natural,21144.02
32,4,1990,Natural → Antrópica,25795.18
33,4,1990,Antrópica → Natural,32336.17
33,4,1990,Natural → Antrópica,22788.18
35,3,1990,Antrópica → Natural,20617.74
35,3,1990,Natural → Antrópica,56033.25
35,4,1990,Antrópica → Natural,82654.56
35,4,1990,Natural → Antrópica,65076.66
41,3,1990,Antrópica → Natural,1237.56
41,3,1990,Natural → Antrópica,5293.64
41,4,1990,Antrópica → Natural,85887.53
41,4,1990,Natural → Antrópica,122907.63
42,4,1990,Antrópica → Natural,59906.48
42,4,1990,Natural → Antrópica,90665.33
43,4,1990,Antrópica → Natural,50786.5
43,4,1990,Natural → Antrópica,75338.52
43,5,1990,Antrópica → Natural,76047.78
43,5,1990,Natural → Antrópica,233368.45
50,3,1990,Antrópica → Natural,67297.19
50,3,1990,Natural → Antrópica,470257.95
50,4,1990,Antrópica → Natural,12472.65
50,4,1990,Natural → Antrópica,27316.86
50,6,1990,Antrópica → Natural,312.87
50,6,1990,Natural → Antrópica,23946.74
51,1,1990,Antrópica → Natural,82317.16
51,1,1990,Natural → Antrópica,357852.59
51,3,1990,Antrópica → Natural,66564.01
51,3,1990,Natural → Antrópica,510240.59
51,6,1990,Antrópica → Natural,569.34
51,6,1990,Natural → Antrópica,15195.45
52,3,1990,Antrópica → Natural,145825.02
52,3,1990,Natural → Antrópica,528273.9
52,4,1990,Antrópica → Natural,2334.01
52,4,1990,Natural → Antrópica,3245.34
53,3,1990,Antrópica → Natural,2816.36
53,3,1990,Natural → Antrópica,8835.07
11,1,1991,Antrópica → Natural,37011.75
11,1,1991,Natural → Antrópica,200960.86
11,3,1991,Antrópica → Natural,144.61
11,3,1991,Natural → Antrópica,668.02
12,1,1991,Antrópica → Natural,6518.64
12,1,1991,Natural → Antrópica,43483.62
13,1,1991,Antrópica → Natural,37600.58
13,1,1991,Natural → Antrópica,34130.65
14,1,1991,Antrópica → Natural,6616.25
14,1,1991,Natural → Antrópica,21429.55
15,1,1991,Antrópica → Natural,176545.38
15,1,1991,Natural → Antrópica,542163.83
15,3,1991,Antrópica → Natural,803.85
15,3,1991,Natural → Antrópica,14269.66
16,1,1991,Antrópica → Natural,718.41
16,1,1991,Natural → Antrópica,4224.48
17,1,1991,Antrópica → Natural,13966.53
17,1,1991,Natural → Antrópica,66875.61
17,3,1991,Antrópica → Natural,44909.54
17,3,1991,Natural → Antrópica,182166.54
21,1,1991,Antrópica → Natural,72198.77
21,1,1991,Natural → Antrópica,228073.41
21,3,1991,Antrópica → Natural,31993.84
21,3,1991,Natural → Antrópica,89410.27
22,2,1991,Antrópica → Natural,35173.1
22,2,1991,Natural → Antrópica,62188.55
22,3,1991,Antrópica → Natural,9659.03
22,3,1991,Natural → Antrópica,28578.29
23,2,1991,Antrópica → Natural,45664.16
23,2,1991,Natural → Antrópica,116236.92
24,2,1991,Antrópica → Natural,29737.96
24,2,1991,Natural → Antrópica,74870.21
24,4,1991,Antrópica → Natural,2468.79
24,4,1991,Natural → Antrópica,1387.43
25,2,1991,Antrópica → Natural,30278.11
25,2,1991,Natural → Antrópica,66305.65
25,4,1991,Antrópica → Natural,3156.54
25,4,1991,Natural → Antrópica,3265.44
26,2,1991,Antrópica → Natural,33537.59
26,2,1991,Natural → Antrópica,102245.66
26,4,1991,Antrópica → Natural,10257.76
26,4,1991,Natural → Antrópica,38955.98
27,2,1991,Antrópica → Natural,7787.88
27,2,1991,Natural → Antrópica,18719.6
27,4,1991,Antrópica → Natural,5597.54
27,4,1991,Natural → Antrópica,36638.94
28,2,1991,Antrópica → Natural,8870.19
28,2,1991,Natural → Antrópica,16550.3
28,4,1991,Antrópica → Natural,5347.1
28,4,1991,Natural → Antrópica,9500.49
29,2,1991,Antrópica → Natural,183957.19
29,2,1991,Natural → Antrópica,400341.7
29,3,1991,Antrópica → Natural,18417.04
29,3,1991,Natural → Antrópica,66376.01
29,4,1991,Antrópica → Natural,61936.26
29,4,1991,Natural → Antrópica,154021.18
31,2,1991,Antrópica → Natural,29219.25
31,2,1991,Natural → Antrópica,26486.86
31,3,1991,Antrópica → Natural,173399.78
31,3,1991,Natural → Antrópica,406579.6
31,4,1991,Antrópica → Natural,152088.91
31,4,1991,Natural → Antrópica,172936.21
32,4,1991,Antrópica → Natural,33646.87
32,4,1991,Natural → Antrópica,28453.28
33,4,1991,Antrópica → Natural,30725.41
33,4,1991,Natural → Antrópica,24188.91
35,3,1991,Antrópica → Natural,21604.38
35,3,1991,Natural → Antrópica,51579.05
35,4,1991,Antrópica → Natural,99827.76
35,4,1991,Natural → Antrópica,57710.01
41,3,1991,Antrópica → Natural,1273.63
41,3,1991,Natural → Antrópica,5602.98
41,4,1991,Antrópica → Natural,75108.4
41,4,1991,Natural → Antrópica,122396.12
42,4,1991,Antrópica → Natural,50201.62
42,4,1991,Natural → Antrópica,82756.85
43,4,1991,Antrópica → Natural,49428.03
43,4,1991,Natural → Antrópica,93475.5
43,5,1991,Antrópica → Natural,81911.46
43,5,1991,Natural → Antrópica,241730.47
50,3,1991,Antrópica → Natural,66196.0
50,3,1991,Natural → Antrópica,416802.82
50,4,1991,Antrópica → Natural,11206.1
50,4,1991,Natural → Antrópica,27990.79
50,6,1991,Antrópica → Natural,286.09
50,6,1991,Natural → Antrópica,26510.77
51,1,1991,Antrópica → Natural,71341.66
51,1,1991,Natural → Antrópica,402760.24
51,3,1991,Antrópica → Natural,54470.97
51,3,1991,Natural → Antrópica,463179.2
51,6,1991,Antrópica → Natural,932.42
51,6,1991,Natural → Antrópica,16771.48
52,3,1991,Antrópica → Natural,147049.51
52,3,1991,Natural → Antrópica,451618.95
52,4,1991,Antrópica → Natural,2127.36
52,4,1991,Natural → Antrópica,4417.27
53,3,1991,Antrópica → Natural,1519.07
53,3,1991,Natural → Antrópica,9602.01
11,1,1992,Antrópica → Natural,24841.19
11,1,1992,Natural → Antrópica,247499.72
11,3,1992,Antrópica → Natural,296.15
11,3,1992,Natural → Antrópica,1116.71
12,1,1992,Antrópica → Natural,8716.27
12,1,1992,Natural → Antrópica,48195.41
13,1,1992,Antrópica → Natural,20259.63
13,1,1992,Natural → Antrópica,49263.17
14,1,1992,Antrópica → Natural,4525.63
14,1,1992,Natural → Antrópica,34281.98
15,1,1992,Antrópica → Natural,166441.35
15,1,1992,Natural → Antrópica,727306.15
15,3,1992,Antrópica → Natural,1674.97
15,3,1992,Natural → Antrópica,14938.13
16,1,1992,Antrópica → Natural,5268.78
16,1,1992,Natural → Antrópica,11613.92
17,1,1992,Antrópica → Natural,11553.52
17,1,1992,Natural → Antrópica,91966.84
17,3,1992,Antrópica → Natural,56319.68
17,3,1992,Natural → Antrópica,215528.41
21,1,1992,Antrópica → Natural,67471.13
21,1,1992,Natural → Antrópica,254361.37
21,3,1992,Antrópica → Natural,26678.0
21,3,1992,Natural → Antrópica,125044.69
22,2,1992,Antrópica → Natural,41773.63
22,2,1992,Natural → Antrópica,61639.74
22,3,1992,Antrópica → Natural,9086.12
22,3,1992,Natural → Antrópica,30081.32
23,2,1992,Antrópica → Natural,36751.39
23,2,1992,Natural → Antrópica,143446.25
24,2,1992,Antrópica → Natural,29993.14
24,2,1992,Natural → Antrópica,74481.79
24,4,1992,Antrópica → Natural,3085.21
24,4,1992,Natural → Antrópica,1373.2
25,2,1992,Antrópica → Natural,33281.2
25,2,1992,Natural → Antrópica,61101.44
25,4,1992,Antrópica → Natural,2628.88
25,4,1992,Natural → Antrópica,3306.09
26,2,1992,Antrópica → Natural,45927.0
26,2,1992,Natural → Antrópica,99225.99
26,4,1992,Antrópica → Natural,11899.14
26,4,1992,Natural → Antrópica,32021.91
27,2,1992,Antrópica → Natural,9640.64
27,2,1992,Natural → Antrópica,15079.23
27,4,1992,Antrópica → Natural,6798.58
27,4,1992,Natural → Antrópica,25637.15
28,2,1992,Antrópica → Natural,9164.45
28,2,1992,Natural → Antrópica,18955.22
28,4,1992,Antrópica → Natural,4756.86
28,4,1992,Natural → Antrópica,9111.26
29,2,1992,Antrópica → Natural,233771.88
29,2,1992,Natural → Antrópica,417637.75
29,3,1992,Antrópica → Natural,22102.11
29,3,1992,Natural → Antrópica,77914.98
29,4,1992,Antrópica → Natural,62810.91
29,4,1992,Natural → Antrópica,148387.75
31,2,1992,Antrópica → Natural,34740.34
31,2,1992,Natural → Antrópica,40034.66
31,3,1992,Antrópica → Natural,149403.92
31,3,1992,Natural → Antrópica,340770.44
31,4,1992,Antrópica → Natural,160607.33
31,4,1992,Natural → Antrópica,173125.28
32,4,1992,Antrópica → Natural,32599.97
32,4,1992,Natural → Antrópica,22952.46
33,4,1992,Antrópica → Natural,30128.79
33,4,1992,Natural → Antrópica,25034.54
35,3,1992,Antrópica → Natural,20021.06
35,3,1992,Natural → Antrópica,44158.73
35,4,1992,Antrópica → Natural,61534.08
35,4,1992,Natural → Antrópica,56692.29
41,3,1992,Antrópica → Natural,1588.02
41,3,1992,Natural → Antrópica,3664.49
41,4,1992,Antrópica → Natural,89344.15
41,4,1992,Natural → Antrópica,103110.95
42,4,1992,Antrópica → Natural,54503.97
42,4,1992,Natural → Antrópica,90324.73
43,4,1992,Antrópica → Natural,53010.59
43,4,1992,Natural → Antrópica,72715.26
43,5,1992,Antrópica → Natural,171483.65
43,5,1992,Natural → Antrópica,221830.34
50,3,1992,Antrópica → Natural,51950.15
50,3,1992,Natural → Antrópica,435536.53
50,4,1992,Antrópica → Natural,10922.79
50,4,1992,Natural → Antrópica,22423.73
50,6,1992,Antrópica → Natural,506.94
50,6,1992,Natural → Antrópica,37466.12
51,1,1992,Antrópica → Natural,57383.82
51,1,1992,Natural → Antrópica,559154.99
51,3,1992,Antrópica → Natural,71224.51
51,3,1992,Natural → Antrópica,476515.02
51,6,1992,Antrópica → Natural,631.31
51,6,1992,Natural → Antrópica,21614.16
52,3,1992,Antrópica → Natural,141190.1
52,3,1992,Natural → Antrópica,464531.96
52,4,1992,Antrópica → Natural,2703.5
52,4,1992,Natural → Antrópica,3212.71
53,3,1992,Antrópica → Natural,2962.97
53,3,1992,Natural → Antrópica,7409.25
11,1,1993,Antrópica → Natural,20688.76
11,1,1993,Natural → Antrópica,256742.27
11,3,1993,Antrópica → Natural,522.93
11,3,1993,Natural → Antrópica,965.82
12,1,1993,Antrópica → Natural,6573.33
12,1,1993,Natural → Antrópica,48783.78
13,1,1993,Antrópica → Natural,26169.19
13,1,1993,Natural → Antrópica,49693.94
14,1,1993,Antrópica → Natural,5725.64
14,1,1993,Natural → Antrópica,35550.71
15,1,1993,Antrópica → Natural,127201.84
15,1,1993,Natural → Antrópica,656653.29
15,3,1993,Antrópica → Natural,1926.46
15,3,1993,Natural → Antrópica,9939.46
16,1,1993,Antrópica → Natural,1364.99
16,1,1993,Natural → Antrópica,8198.34
17,1,1993,Antrópica → Natural,12075.3
17,1,1993,Natural → Antrópica,75654.96
17,3,1993,Antrópica → Natural,56174.15
17,3,1993,Natural → Antrópica,200416.58
21,1,1993,Antrópica → Natural,63311.52
21,1,1993,Natural → Antrópica,235317.79
21,3,1993,Antrópica → Natural,27219.65
21,3,1993,Natural → Antrópica,123986.88
22,2,1993,Antrópica → Natural,38491.76
22,2,1993,Natural → Antrópica,46713.53
22,3,1993,Antrópica → Natural,9093.57
22,3,1993,Natural → Antrópica,43194.78
23,2,1993,Antrópica → Natural,36884.34
23,2,1993,Natural → Antrópica,143148.86
24,2,1993,Antrópica → Natural,24785.95
24,2,1993,Natural → Antrópica,62810.0
24,4,1993,Antrópica → Natural,2543.16
24,4,1993,Natural → Antrópica,2058.57
25,2,1993,Antrópica → Natural,25975.16
25,2,1993,Natural → Antrópica,56126.48
25,4,1993,Antrópica → Natural,2829.58
25,4,1993,Natural → Antrópica,3906.99
26,2,1993,Antrópica → Natural,25489.71
26,2,1993,Natural → Antrópica,86345.48
26,4,1993,Antrópica → Natural,12063.55
26,4,1993,Natural → Antrópica,32517.14
27,2,1993,Antrópica → Natural,8242.16
27,2,1993,Natural → Antrópica,13712.94
27,4,1993,Antrópica → Natural,7984.89
27,4,1993,Natural → Antrópica,15238.55
28,2,1993,Antrópica → Natural,7622.79
28,2,1993,Natural → Antrópica,20507.02
28,4,1993,Antrópica → Natural,4899.15
28,4,1993,Natural → Antrópica,9258.89
29,2,1993,Antrópica → Natural,174407.66
29,2,1993,Natural → Antrópica,397798.7
29,3,1993,Antrópica → Natural,23368.57
29,3,1993,Natural → Antrópica,73213.22
29,4,1993,Antrópica → Natural,66313.36
29,4,1993,Natural → Antrópica,137842.65
31,2,1993,Antrópica → Natural,26798.14
31,2,1993,Natural → Antrópica,34138.68
31,3,1993,Antrópica → Natural,131477.08
31,3,1993,Natural → Antrópica,323505.43
31,4,1993,Antrópica → Natural,151692.99
31,4,1993,Natural → Antrópica,178916.01
32,4,1993,Antrópica → Natural,29891.92
32,4,1993,Natural → Antrópica,19838.86
33,4,1993,Antrópica → Natural,27781.4
33,4,1993,Natural → Antrópica,24438.96
35,3,1993,Antrópica → Natural,19998.57
35,3,1993,Natural → Antrópica,43444.05
35,4,1993,Antrópica → Natural,65607.97
35,4,1993,Natural → Antrópica,60293.0
41,3,1993,Antrópica → Natural,1721.82
41,3,1993,Natural → Antrópica,3938.02
41,4,1993,Antrópica → Natural,93868.38
41,4,1993,Natural → Antrópica,102326.56
42,4,1993,Antrópica → Natural,59682.0
42,4,1993,Natural → Antrópica,88234.44
43,4,1993,Antrópica → Natural,55466.95
43,4,1993,Natural → Antrópica,83794.7
43,5,1993,Antrópica → Natural,190167.88
43,5,1993,Natural → Antrópica,243566.28
50,3,1993,Antrópica → Natural,63349.45
50,3,1993,Natural → Antrópica,319603.47
50,4,1993,Antrópica → Natural,8085.62
50,4,1993,Natural → Antrópica,22487.98
50,6,1993,Antrópica → Natural,2049.94
50,6,1993,Natural → Antrópica,43942.74
51,1,1993,Antrópica → Natural,44277.46
51,1,1993,Natural → Antrópica,503267.76
51,3,1993,Antrópica → Natural,69412.98
51,3,1993,Natural → Antrópica,564291.01
51,6,1993,Antrópica → Natural,1784.53
51,6,1993,Natural → Antrópica,18774.66
52,3,1993,Antrópica → Natural,118012.48
52,3,1993,Natural → Antrópica,425689.97
52,4,1993,Antrópica → Natural,1704.53
52,4,1993,Natural → Antrópica,5203.95
53,3,1993,Antrópica → Natural,2095.94
53,3,1993,Natural → Antrópica,5605.55
11,1,1994,Antrópica → Natural,18759.53
11,1,1994,Natural → Antrópica,328465.03
11,3,1994,Antrópica → Natural,492.01
11,3,1994,Natural → Antrópica,1245.57
12,1,1994,Antrópica → Natural,6058.98
12,1,1994,Natural → Antrópica,72861.75
13,1,1994,Antrópica → Natural,36710.21
13,1,1994,Natural → Antrópica,55419.25
14,1,1994,Antrópica → Natural,10135.43
14,1,1994,Natural → Antrópica,29768.22
15,1,1994,Antrópica → Natural,181398.52
15,1,1994,Natural → Antrópica,720839.5
15,3,1994,Antrópica → Natural,857.36
15,3,1994,Natural → Antrópica,14767.41
16,1,1994,Antrópica → Natural,1270.93
16,1,1994,Natural → Antrópica,16839.99
17,1,1994,Antrópica → Natural,21670.4
17,1,1994,Natural → Antrópica,53649.17
17,3,1994,Antrópica → Natural,33938.87
17,3,1994,Natural → Antrópica,290914.33
21,1,1994,Antrópica → Natural,75828.57
21,1,1994,Natural → Antrópica,211913.41
21,3,1994,Antrópica → Natural,19420.24
21,3,1994,Natural → Antrópica,204009.26
22,2,1994,Antrópica → Natural,49620.68
22,2,1994,Natural → Antrópica,46066.49
22,3,1994,Antrópica → Natural,8984.46
22,3,1994,Natural → Antrópica,50107.45
23,2,1994,Antrópica → Natural,69630.67
23,2,1994,Natural → Antrópica,343007.42
24,2,1994,Antrópica → Natural,54395.5
24,2,1994,Natural → Antrópica,65369.49
24,4,1994,Antrópica → Natural,6549.99
24,4,1994,Natural → Antrópica,1966.87
25,2,1994,Antrópica → Natural,45908.54
25,2,1994,Natural → Antrópica,49193.24
25,4,1994,Antrópica → Natural,2534.95
25,4,1994,Natural → Antrópica,2882.75
26,2,1994,Antrópica → Natural,42694.73
26,2,1994,Natural → Antrópica,55730.25
26,4,1994,Antrópica → Natural,12258.13
26,4,1994,Natural → Antrópica,16281.58
27,2,1994,Antrópica → Natural,11242.86
27,2,1994,Natural → Antrópica,13605.47
27,4,1994,Antrópica → Natural,7752.84
27,4,1994,Natural → Antrópica,10157.73
28,2,1994,Antrópica → Natural,9718.45
28,2,1994,Natural → Antrópica,21777.46
28,4,1994,Antrópica → Natural,5404.71
28,4,1994,Natural → Antrópica,7935.29
29,2,1994,Antrópica → Natural,191861.35
29,2,1994,Natural → Antrópica,297658.72
29,3,1994,Antrópica → Natural,23545.72
29,3,1994,Natural → Antrópica,95398.99
29,4,1994,Antrópica → Natural,72083.82
29,4,1994,Natural → Antrópica,124835.24
31,2,1994,Antrópica → Natural,21451.21
31,2,1994,Natural → Antrópica,30553.78
31,3,1994,Antrópica → Natural,136282.81
31,3,1994,Natural → Antrópica,336193.92
31,4,1994,Antrópica → Natural,164813.97
31,4,1994,Natural → Antrópica,164914.15
32,4,1994,Antrópica → Natural,32751.17
32,4,1994,Natural → Antrópica,29584.46
33,4,1994,Antrópica → Natural,27172.43
33,4,1994,Natural → Antrópica,26222.22
35,3,1994,Antrópica → Natural,18131.9
35,3,1994,Natural → Antrópica,45779.81
35,4,1994,Antrópica → Natural,58820.17
35,4,1994,Natural → Antrópica,77480.07
41,3,1994,Antrópica → Natural,1897.94
41,3,1994,Natural → Antrópica,3822.17
41,4,1994,Antrópica → Natural,89601.91
41,4,1994,Natural → Antrópica,100798.97
42,4,1994,Antrópica → Natural,55104.94
42,4,1994,Natural → Antrópica,73208.73
43,4,1994,Antrópica → Natural,53758.51
43,4,1994,Natural → Antrópica,81237.49
43,5,1994,Antrópica → Natural,161711.39
43,5,1994,Natural → Antrópica,232982.1
50,3,1994,Antrópica → Natural,41128.43
50,3,1994,Natural → Antrópica,341086.23
50,4,1994,Antrópica → Natural,10911.53
50,4,1994,Natural → Antrópica,15689.15
50,6,1994,Antrópica → Natural,1255.71
50,6,1994,Natural → Antrópica,36455.18
51,1,1994,Antrópica → Natural,57366.24
51,1,1994,Natural → Antrópica,748220.08
51,3,1994,Antrópica → Natural,49471.7
51,3,1994,Natural → Antrópica,743250.39
51,6,1994,Antrópica → Natural,1098.58
51,6,1994,Natural → Antrópica,23076.95
52,3,1994,Antrópica → Natural,103262.73
52,3,1994,Natural → Antrópica,491941.32
52,4,1994,Antrópica → Natural,1681.63
52,4,1994,Natural → Antrópica,4746.55
53,3,1994,Antrópica → Natural,2404.29
53,3,1994,Natural → Antrópica,7996.26
11,1,1995,Antrópica → Natural,17507.49
11,1,1995,Natural → Antrópica,429575.67
11,3,1995,Antrópica → Natural,249.67
11,3,1995,Natural → Antrópica,989.94
12,1,1995,Antrópica → Natural,5820.89
12,1,1995,Natural → Antrópica,69096.53
13,1,1995,Antrópica → Natural,37744.08
13,1,1995,Natural → Antrópica,59335.61
14,1,1995,Antrópica → Natural,11783.66
14,1,1995,Natural → Antrópica,32182.73
15,1,1995,Antrópica → Natural,159772.04
15,1,1995,Natural → Antrópica,972752.03
15,3,1995,Antrópica → Natural,2585.86
15,3,1995,Natural → Antrópica,13955.55
16,1,1995,Antrópica → Natural,1823.93
16,1,1995,Natural → Antrópica,16452.44
17,1,1995,Antrópica → Natural,15227.58
17,1,1995,Natural → Antrópica,82262.6
17,3,1995,Antrópica → Natural,53642.14
17,3,1995,Natural → Antrópica,266955.21
21,1,1995,Antrópica → Natural,98420.54
21,1,1995,Natural → Antrópica,193382.61
21,3,1995,Antrópica → Natural,26164.38
21,3,1995,Natural → Antrópica,171179.13
22,2,1995,Antrópica → Natural,57822.37
22,2,1995,Natural → Antrópica,43051.79
22,3,1995,Antrópica → Natural,10827.39
22,3,1995,Natural → Antrópica,46809.69
23,2,1995,Antrópica → Natural,68071.88
23,2,1995,Natural → Antrópica,206713.29
24,2,1995,Antrópica → Natural,50475.67
24,2,1995,Natural → Antrópica,48586.5
24,4,1995,Antrópica → Natural,1342.03
24,4,1995,Natural → Antrópica,1926.07
25,2,1995,Antrópica → Natural,36429.24
25,2,1995,Natural → Antrópica,60106.65
25,4,1995,Antrópica → Natural,1787.88
25,4,1995,Natural → Antrópica,4033.79
26,2,1995,Antrópica → Natural,61881.46
26,2,1995,Natural → Antrópica,67787.1
26,4,1995,Antrópica → Natural,12052.05
26,4,1995,Natural → Antrópica,15041.4
27,2,1995,Antrópica → Natural,11993.97
27,2,1995,Natural → Antrópica,12069.29
27,4,1995,Antrópica → Natural,9065.58
27,4,1995,Natural → Antrópica,10387.11
28,2,1995,Antrópica → Natural,11529.88
28,2,1995,Natural → Antrópica,18104.57
28,4,1995,Antrópica → Natural,4916.17
28,4,1995,Natural → Antrópica,9469.83
29,2,1995,Antrópica → Natural,236370.8
29,2,1995,Natural → Antrópica,387422.63
29,3,1995,Antrópica → Natural,32125.76
29,3,1995,Natural → Antrópica,74480.86
29,4,1995,Antrópica → Natural,74692.48
29,4,1995,Natural → Antrópica,127715.86
31,2,1995,Antrópica → Natural,19990.27
31,2,1995,Natural → Antrópica,32225.49
31,3,1995,Antrópica → Natural,138908.24
31,3,1995,Natural → Antrópica,342716.36
31,4,1995,Antrópica → Natural,153056.66
31,4,1995,Natural → Antrópica,170692.77
32,4,1995,Antrópica → Natural,28459.82
32,4,1995,Natural → Antrópica,34021.76
33,4,1995,Antrópica → Natural,28324.66
33,4,1995,Natural → Antrópica,23978.16
35,3,1995,Antrópica → Natural,16980.7
35,3,1995,Natural → Antrópica,37430.2
35,4,1995,Antrópica → Natural,58666.23
35,4,1995,Natural → Antrópica,64426.23
41,3,1995,Antrópica → Natural,1306.13
41,3,1995,Natural → Antrópica,3974.47
41,4,1995,Antrópica → Natural,89114.95
41,4,1995,Natural → Antrópica,110867.89
42,4,1995,Antrópica → Natural,52993.78
42,4,1995,Natural → Antrópica,81177.86
43,4,1995,Antrópica → Natural,55156.76
43,4,1995,Natural → Antrópica,78070.22
43,5,1995,Antrópica → Natural,166557.42
43,5,1995,Natural → Antrópica,227960.99
50,3,1995,Antrópica → Natural,46782.93
50,3,1995,Natural → Antrópica,346723.26
50,4,1995,Antrópica → Natural,13067.96
50,4,1995,Natural → Antrópica,22240.66
50,6,1995,Antrópica → Natural,1389.53
50,6,1995,Natural → Antrópica,49014.15
51,1,1995,Antrópica → Natural,57911.77
51,1,1995,Natural → Antrópica,941779.7
51,3,1995,Antrópica → Natural,75438.56
51,3,1995,Natural → Antrópica,609170.55
51,6,1995,Antrópica → Natural,1782.54
51,6,1995,Natural → Antrópica,26847.36
52,3,1995,Antrópica → Natural,123000.56
52,3,1995,Natural → Antrópica,478609.32
52,4,1995,Antrópica → Natural,1670.05
52,4,1995,Natural → Antrópica,5435.04
53,3,1995,Antrópica → Natural,4336.09
53,3,1995,Natural → Antrópica,5631.92
11,1,1996,Antrópica → Natural,18136.64
11,1,1996,Natural → Antrópica,385178.98
11,3,1996,Antrópica → Natural,468.4
11,3,1996,Natural → Antrópica,558.5
12,1,1996,Antrópica → Natural,5683.52
12,1,1996,Natural → Antrópica,69186.22
13,1,1996,Antrópica → Natural,20667.51
13,1,1996,Natural → Antrópica,70401.37
14,1,1996,Antrópica → Natural,11332.63
14,1,1996,Natural → Antrópica,35900.65
15,1,1996,Antrópica → Natural,144734.3
15,1,1996,Natural → Antrópica,819723.04
15,3,1996,Antrópica → Natural,2112.16
15,3,1996,Natural → Antrópica,9127.86
16,1,1996,Antrópica → Natural,1519.07
16,1,1996,Natural → Antrópica,12087.8
17,1,1996,Antrópica → Natural,8615.57
17,1,1996,Natural → Antrópica,62299.65
17,3,1996,Antrópica → Natural,58023.87
17,3,1996,Natural → Antrópica,210906.82
21,1,1996,Antrópica → Natural,80045.88
21,1,1996,Natural → Antrópica,199593.33
21,3,1996,Antrópica → Natural,26395.47
21,3,1996,Natural → Antrópica,166163.51
22,2,1996,Antrópica → Natural,64745.78
22,2,1996,Natural → Antrópica,51147.8
22,3,1996,Antrópica → Natural,9759.77
22,3,1996,Natural → Antrópica,32360.91
23,2,1996,Antrópica → Natural,64275.37
23,2,1996,Natural → Antrópica,78809.47
24,2,1996,Antrópica → Natural,29899.16
24,2,1996,Natural → Antrópica,58666.84
24,4,1996,Antrópica → Natural,1341.47
24,4,1996,Natural → Antrópica,804.77
25,2,1996,Antrópica → Natural,28323.28
25,2,1996,Natural → Antrópica,53118.87
25,4,1996,Antrópica → Natural,2181.84
25,4,1996,Natural → Antrópica,4105.16
26,2,1996,Antrópica → Natural,49117.04
26,2,1996,Natural → Antrópica,86329.2
26,4,1996,Antrópica → Natural,12605.18
26,4,1996,Natural → Antrópica,20371.78
27,2,1996,Antrópica → Natural,12719.23
27,2,1996,Natural → Antrópica,9882.85
27,4,1996,Antrópica → Natural,10408.21
27,4,1996,Natural → Antrópica,13186.19
28,2,1996,Antrópica → Natural,11805.33
28,2,1996,Natural → Antrópica,16226.02
28,4,1996,Antrópica → Natural,6688.99
28,4,1996,Natural → Antrópica,6961.73
29,2,1996,Antrópica → Natural,217361.18
29,2,1996,Natural → Antrópica,315285.47
29,3,1996,Antrópica → Natural,19146.81
29,3,1996,Natural → Antrópica,79561.77
29,4,1996,Antrópica → Natural,73288.93
29,4,1996,Natural → Antrópica,132652.44
31,2,1996,Antrópica → Natural,21718.02
31,2,1996,Natural → Antrópica,24970.22
31,3,1996,Antrópica → Natural,143360.05
31,3,1996,Natural → Antrópica,281179.24
31,4,1996,Antrópica → Natural,151785.54
31,4,1996,Natural → Antrópica,170127.62
32,4,1996,Antrópica → Natural,29029.11
32,4,1996,Natural → Antrópica,27010.81
33,4,1996,Antrópica → Natural,22998.24
33,4,1996,Natural → Antrópica,27165.21
35,3,1996,Antrópica → Natural,17232.51
35,3,1996,Natural → Antrópica,34036.75
35,4,1996,Antrópica → Natural,54109.76
35,4,1996,Natural → Antrópica,63681.83
41,3,1996,Antrópica → Natural,1029.85
41,3,1996,Natural → Antrópica,3121.98
41,4,1996,Antrópica → Natural,84198.35
41,4,1996,Natural → Antrópica,106111.3
42,4,1996,Antrópica → Natural,55970.62
42,4,1996,Natural → Antrópica,77802.57
43,4,1996,Antrópica → Natural,56807.34
43,4,1996,Natural → Antrópica,89259.54
43,5,1996,Antrópica → Natural,175699.64
43,5,1996,Natural → Antrópica,220012.26
50,3,1996,Antrópica → Natural,52990.45
50,3,1996,Natural → Antrópica,255630.29
50,4,1996,Antrópica → Natural,10186.24
50,4,1996,Natural → Antrópica,27036.67
50,6,1996,Antrópica → Natural,1501.31
50,6,1996,Natural → Antrópica,38691.73
51,1,1996,Antrópica → Natural,43383.78
51,1,1996,Natural → Antrópica,743501.78
51,3,1996,Antrópica → Natural,57250.02
51,3,1996,Natural → Antrópica,524734.51
51,6,1996,Antrópica → Natural,2012.28
51,6,1996,Natural → Antrópica,38248.15
52,3,1996,Antrópica → Natural,133622.05
52,3,1996,Natural → Antrópica,382216.23
52,4,1996,Antrópica → Natural,1437.55
52,4,1996,Natural → Antrópica,8029.93
53,3,1996,Antrópica → Natural,2817.66
53,3,1996,Natural → Antrópica,4841.06
11,1,1997,Antrópica → Natural,23857.5
11,1,1997,Natural → Antrópica,280542.12
11,3,1997,Antrópica → Natural,167.26
11,3,1997,Natural → Antrópica,1004.89
12,1,1997,Antrópica → Natural,4665.86
12,1,1997,Natural → Antrópica,63236.22
13,1,1997,Antrópica → Natural,19156.37
13,1,1997,Natural → Antrópica,100413.79
14,1,1997,Antrópica → Natural,14771.19
14,1,1997,Natural → Antrópica,32792.69
15,1,1997,Antrópica → Natural,220277.35
15,1,1997,Natural → Antrópica,978530.54
15,3,1997,Antrópica → Natural,2658.79
15,3,1997,Natural → Antrópica,15657.7
16,1,1997,Antrópica → Natural,2145.78
16,1,1997,Natural → Antrópica,4625.64
17,1,1997,Antrópica → Natural,22439.45
17,1,1997,Natural → Antrópica,55043.86
17,3,1997,Antrópica → Natural,60798.24
17,3,1997,Natural → Antrópica,183394.06
21,1,1997,Antrópica → Natural,93628.45
21,1,1997,Natural → Antrópica,197608.23
21,3,1997,Antrópica → Natural,33543.34
21,3,1997,Natural → Antrópica,136471.77
22,2,1997,Antrópica → Natural,58620.54
22,2,1997,Natural → Antrópica,53599.76
22,3,1997,Antrópica → Natural,9811.3
22,3,1997,Natural → Antrópica,36453.88
23,2,1997,Antrópica → Natural,70650.84
23,2,1997,Natural → Antrópica,87992.33
24,2,1997,Antrópica → Natural,27323.79
24,2,1997,Natural → Antrópica,40423.07
24,4,1997,Antrópica → Natural,1665.83
24,4,1997,Natural → Antrópica,3490.61
25,2,1997,Antrópica → Natural,26219.74
25,2,1997,Natural → Antrópica,43116.15
25,4,1997,Antrópica → Natural,2122.47
25,4,1997,Natural → Antrópica,2215.01
26,2,1997,Antrópica → Natural,47494.83
26,2,1997,Natural → Antrópica,78793.52
26,4,1997,Antrópica → Natural,9363.74
26,4,1997,Natural → Antrópica,15450.78
27,2,1997,Antrópica → Natural,13208.74
27,2,1997,Natural → Antrópica,11653.23
27,4,1997,Antrópica → Natural,6152.49
27,4,1997,Natural → Antrópica,11341.96
28,2,1997,Antrópica → Natural,11634.91
28,2,1997,Natural → Antrópica,16912.2
28,4,1997,Antrópica → Natural,5489.34
28,4,1997,Natural → Antrópica,5946.21
29,2,1997,Antrópica → Natural,313902.76
29,2,1997,Natural → Antrópica,287191.75
29,3,1997,Antrópica → Natural,27352.77
29,3,1997,Natural → Antrópica,59368.78
29,4,1997,Antrópica → Natural,76636.77
29,4,1997,Natural → Antrópica,113366.86
31,2,1997,Antrópica → Natural,32120.18
31,2,1997,Natural → Antrópica,25374.73
31,3,1997,Antrópica → Natural,151207.05
31,3,1997,Natural → Antrópica,275403.31
31,4,1997,Antrópica → Natural,139242.59
31,4,1997,Natural → Antrópica,166979.55
32,4,1997,Antrópica → Natural,23365.1
32,4,1997,Natural → Antrópica,26267.91
33,4,1997,Antrópica → Natural,24308.91
33,4,1997,Natural → Antrópica,23797.73
35,3,1997,Antrópica → Natural,18259.63
35,3,1997,Natural → Antrópica,31144.3
35,4,1997,Antrópica → Natural,54262.91
35,4,1997,Natural → Antrópica,57298.51
41,3,1997,Antrópica → Natural,663.61
41,3,1997,Natural → Antrópica,5238.51
41,4,1997,Antrópica → Natural,76293.18
41,4,1997,Natural → Antrópica,102795.11
42,4,1997,Antrópica → Natural,54305.48
42,4,1997,Natural → Antrópica,79054.26
43,4,1997,Antrópica → Natural,55398.52
43,4,1997,Natural → Antrópica,82642.78
43,5,1997,Antrópica → Natural,185332.37
43,5,1997,Natural → Antrópica,262639.25
50,3,1997,Antrópica → Natural,43926.13
50,3,1997,Natural → Antrópica,226685.9
50,4,1997,Antrópica → Natural,10754.88
50,4,1997,Natural → Antrópica,16896.17
50,6,1997,Antrópica → Natural,1007.46
50,6,1997,Natural → Antrópica,39432.08
51,1,1997,Antrópica → Natural,60065.73
51,1,1997,Natural → Antrópica,760040.87
51,3,1997,Antrópica → Natural,58032.04
51,3,1997,Natural → Antrópica,424715.52
51,6,1997,Antrópica → Natural,1747.15
51,6,1997,Natural → Antrópica,33395.3
52,3,1997,Antrópica → Natural,129033.08
52,3,1997,Natural → Antrópica,345607.07
52,4,1997,Antrópica → Natural,5131.91
52,4,1997,Natural → Antrópica,3875.23
53,3,1997,Antrópica → Natural,2250.19
53,3,1997,Natural → Antrópica,5733.0
11,1,1998,Antrópica → Natural,22187.17
11,1,1998,Natural → Antrópica,265300.73
11,3,1998,Antrópica → Natural,525.31
11,3,1998,Natural → Antrópica,748.76
12,1,1998,Antrópica → Natural,4221.66
12,1,1998,Natural → Antrópica,59928.25
13,1,1998,Antrópica → Natural,20785.96
13,1,1998,Natural → Antrópica,125278.86
14,1,1998,Antrópica → Natural,8497.65
14,1,1998,Natural → Antrópica,41159.36
15,1,1998,Antrópica → Natural,190423.0
15,1,1998,Natural → Antrópica,833839.97
15,3,1998,Antrópica → Natural,8412.36
15,3,1998,Natural → Antrópica,8638.93
16,1,1998,Antrópica → Natural,2865.32
16,1,1998,Natural → Antrópica,8822.59
17,1,1998,Antrópica → Natural,10381.37
17,1,1998,Natural → Antrópica,43396.77
17,3,1998,Antrópica → Natural,79158.9
17,3,1998,Natural → Antrópica,172751.61
21,1,1998,Antrópica → Natural,76105.71
21,1,1998,Natural → Antrópica,257235.3
21,3,1998,Antrópica → Natural,35998.08
21,3,1998,Natural → Antrópica,125290.55
22,2,1998,Antrópica → Natural,34522.98
22,2,1998,Natural → Antrópica,61612.64
22,3,1998,Antrópica → Natural,11226.98
22,3,1998,Natural → Antrópica,34841.5
23,2,1998,Antrópica → Natural,88470.59
23,2,1998,Natural → Antrópica,142771.78
24,2,1998,Antrópica → Natural,40056.92
24,2,1998,Natural → Antrópica,52631.2
24,4,1998,Antrópica → Natural,1531.96
24,4,1998,Natural → Antrópica,5091.38
25,2,1998,Antrópica → Natural,22165.37
25,2,1998,Natural → Antrópica,47229.9
25,4,1998,Antrópica → Natural,2466.05
25,4,1998,Natural → Antrópica,2800.78
26,2,1998,Antrópica → Natural,33611.18
26,2,1998,Natural → Antrópica,81869.86
26,4,1998,Antrópica → Natural,10216.44
26,4,1998,Natural → Antrópica,23857.98
27,2,1998,Antrópica → Natural,13107.89
27,2,1998,Natural → Antrópica,14529.96
27,4,1998,Antrópica → Natural,5799.15
27,4,1998,Natural → Antrópica,14279.09
28,2,1998,Antrópica → Natural,13373.49
28,2,1998,Natural → Antrópica,19173.08
28,4,1998,Antrópica → Natural,6092.53
28,4,1998,Natural → Antrópica,6871.22
29,2,1998,Antrópica → Natural,163416.69
29,2,1998,Natural → Antrópica,366283.68
29,3,1998,Antrópica → Natural,25191.89
29,3,1998,Natural → Antrópica,73580.34
29,4,1998,Antrópica → Natural,72720.78
29,4,1998,Natural → Antrópica,93390.91
31,2,1998,Antrópica → Natural,21860.63
31,2,1998,Natural → Antrópica,26450.61
31,3,1998,Antrópica → Natural,145967.32
31,3,1998,Natural → Antrópica,250464.33
31,4,1998,Antrópica → Natural,128521.06
31,4,1998,Natural → Antrópica,198664.5
32,4,1998,Antrópica → Natural,19170.7
32,4,1998,Natural → Antrópica,31179.09
33,4,1998,Antrópica → Natural,27246.27
33,4,1998,Natural → Antrópica,31189.09
35,3,1998,Antrópica → Natural,16232.66
35,3,1998,Natural → Antrópica,25748.97
35,4,1998,Antrópica → Natural,54325.09
35,4,1998,Natural → Antrópica,61711.43
41,3,1998,Antrópica → Natural,854.78
41,3,1998,Natural → Antrópica,4026.43
41,4,1998,Antrópica → Natural,88166.01
41,4,1998,Natural → Antrópica,119232.97
42,4,1998,Antrópica → Natural,54797.73
42,4,1998,Natural → Antrópica,77174.55
43,4,1998,Antrópica → Natural,68338.42
43,4,1998,Natural → Antrópica,83589.7
43,5,1998,Antrópica → Natural,164710.68
43,5,1998,Natural → Antrópica,255208.71
50,3,1998,Antrópica → Natural,51428.08
50,3,1998,Natural → Antrópica,201265.48
50,4,1998,Antrópica → Natural,8763.0
50,4,1998,Natural → Antrópica,21955.42
50,6,1998,Antrópica → Natural,1810.95
50,6,1998,Natural → Antrópica,39384.84
51,1,1998,Antrópica → Natural,50887.62
51,1,1998,Natural → Antrópica,770777.81
51,3,1998,Antrópica → Natural,72683.95
51,3,1998,Natural → Antrópica,478471.06
51,6,1998,Antrópica → Natural,2097.22
51,6,1998,Natural → Antrópica,47755.52
52,3,1998,Antrópica → Natural,121272.44
52,3,1998,Natural → Antrópica,330007.6
52,4,1998,Antrópica → Natural,2113.95
52,4,1998,Natural → Antrópica,5432.7
53,3,1998,Antrópica → Natural,2544.7
53,3,1998,Natural → Antrópica,5522.23
11,1,1999,Antrópica → Natural,23950.36
11,1,1999,Natural → Antrópica,310101.32
11,3,1999,Antrópica → Natural,275.44
11,3,1999,Natural → Antrópica,309.21
12,1,1999,Antrópica → Natural,5906.28
12,1,1999,Natural → Antrópica,67753.64
13,1,1999,Antrópica → Natural,24233.83
13,1,1999,Natural → Antrópica,71772.05
14,1,1999,Antrópica → Natural,8084.16
14,1,1999,Natural → Antrópica,45609.82
15,1,1999,Antrópica → Natural,174690.69
15,1,1999,Natural → Antrópica,714682.06
15,3,1999,Antrópica → Natural,4631.47
15,3,1999,Natural → Antrópica,6750.2
16,1,1999,Antrópica → Natural,2109.84
16,1,1999,Natural → Antrópica,5954.34
17,1,1999,Antrópica → Natural,6400.75
17,1,1999,Natural → Antrópica,59575.47
17,3,1999,Antrópica → Natural,87842.49
17,3,1999,Natural → Antrópica,184785.59
21,1,1999,Antrópica → Natural,49827.56
21,1,1999,Natural → Antrópica,260842.41
21,3,1999,Antrópica → Natural,47504.43
21,3,1999,Natural → Antrópica,162738.55
22,2,1999,Antrópica → Natural,39678.15
22,2,1999,Natural → Antrópica,65920.86
22,3,1999,Antrópica → Natural,12874.7
22,3,1999,Natural → Antrópica,57950.59
23,2,1999,Antrópica → Natural,268455.26
23,2,1999,Natural → Antrópica,128209.92
24,2,1999,Antrópica → Natural,81834.11
24,2,1999,Natural → Antrópica,42683.49
24,4,1999,Antrópica → Natural,1124.11
24,4,1999,Natural → Antrópica,3937.08
25,2,1999,Antrópica → Natural,60109.81
25,2,1999,Natural → Antrópica,31280.12
25,4,1999,Antrópica → Natural,2268.64
25,4,1999,Natural → Antrópica,2587.98
26,2,1999,Antrópica → Natural,42557.14
26,2,1999,Natural → Antrópica,62047.93
26,4,1999,Antrópica → Natural,10225.2
26,4,1999,Natural → Antrópica,16679.28
27,2,1999,Antrópica → Natural,10381.54
27,2,1999,Natural → Antrópica,11607.67
27,4,1999,Antrópica → Natural,6632.2
27,4,1999,Natural → Antrópica,9934.29
28,2,1999,Antrópica → Natural,15842.67
28,2,1999,Natural → Antrópica,11133.81
28,4,1999,Antrópica → Natural,6251.06
28,4,1999,Natural → Antrópica,6853.88
29,2,1999,Antrópica → Natural,175961.41
29,2,1999,Natural → Antrópica,307271.5
29,3,1999,Antrópica → Natural,28314.83
29,3,1999,Natural → Antrópica,78054.57
29,4,1999,Antrópica → Natural,83575.05
29,4,1999,Natural → Antrópica,102277.87
31,2,1999,Antrópica → Natural,20331.76
31,2,1999,Natural → Antrópica,26519.16
31,3,1999,Antrópica → Natural,152838.86
31,3,1999,Natural → Antrópica,243156.31
31,4,1999,Antrópica → Natural,146376.72
31,4,1999,Natural → Antrópica,220678.31
32,4,1999,Antrópica → Natural,22320.35
32,4,1999,Natural → Antrópica,30229.21
33,4,1999,Antrópica → Natural,24381.59
33,4,1999,Natural → Antrópica,28117.37
35,3,1999,Antrópica → Natural,18869.85
35,3,1999,Natural → Antrópica,26625.35
35,4,1999,Antrópica → Natural,72448.15
35,4,1999,Natural → Antrópica,57122.07
41,3,1999,Antrópica → Natural,1035.18
41,3,1999,Natural → Antrópica,4317.81
41,4,1999,Antrópica → Natural,111540.62
41,4,1999,Natural → Antrópica,112185.17
42,4,1999,Antrópica → Natural,59994.31
42,4,1999,Natural → Antrópica,90545.88
43,4,1999,Antrópica → Natural,66449.04
43,4,1999,Natural → Antrópica,80956.44
43,5,1999,Antrópica → Natural,144067.06
43,5,1999,Natural → Antrópica,229282.01
50,3,1999,Antrópica → Natural,63382.16
50,3,1999,Natural → Antrópica,194818.91
50,4,1999,Antrópica → Natural,23552.74
50,4,1999,Natural → Antrópica,14998.12
50,6,1999,Antrópica → Natural,1144.03
50,6,1999,Natural → Antrópica,47413.32
51,1,1999,Antrópica → Natural,49054.35
51,1,1999,Natural → Antrópica,856633.15
51,3,1999,Antrópica → Natural,79005.55
51,3,1999,Natural → Antrópica,427331.14
51,6,1999,Antrópica → Natural,2291.38
51,6,1999,Natural → Antrópica,50978.19
52,3,1999,Antrópica → Natural,143750.95
52,3,1999,Natural → Antrópica,337513.96
52,4,1999,Antrópica → Natural,2586.17
52,4,1999,Natural → Antrópica,5794.05
53,3,1999,Antrópica → Natural,2180.35
53,3,1999,Natural → Antrópica,4746.56
11,1,2000,Antrópica → Natural,21353.95
11,1,2000,Natural → Antrópica,277646.5
11,3,2000,Antrópica → Natural,363.75
11,3,2000,Natural → Antrópica,1063.83
12,1,2000,Antrópica → Natural,5915.73
12,1,2000,Natural → Antrópica,70861.68
13,1,2000,Antrópica → Natural,68098.54
13,1,2000,Natural → Antrópica,67774.45
14,1,2000,Antrópica → Natural,10881.66
14,1,2000,Natural → Antrópica,53245.33
15,1,2000,Antrópica → Natural,211101.19
15,1,2000,Natural → Antrópica,763853.99
15,3,2000,Antrópica → Natural,3329.8
15,3,2000,Natural → Antrópica,10303.98
16,1,2000,Antrópica → Natural,9036.35
16,1,2000,Natural → Antrópica,7013.78
17,1,2000,Antrópica → Natural,7816.68
17,1,2000,Natural → Antrópica,51945.12
17,3,2000,Antrópica → Natural,70478.75
17,3,2000,Natural → Antrópica,209018.9
21,1,2000,Antrópica → Natural,99674.59
21,1,2000,Natural → Antrópica,252221.28
21,3,2000,Antrópica → Natural,37085.44
21,3,2000,Natural → Antrópica,142087.08
22,2,2000,Antrópica → Natural,37121.49
22,2,2000,Natural → Antrópica,71096.9
22,3,2000,Antrópica → Natural,14836.92
22,3,2000,Natural → Antrópica,38966.51
23,2,2000,Antrópica → Natural,97109.63
23,2,2000,Natural → Antrópica,125197.2
24,2,2000,Antrópica → Natural,70463.33
24,2,2000,Natural → Antrópica,44818.6
24,4,2000,Antrópica → Natural,961.28
24,4,2000,Natural → Antrópica,2044.21
25,2,2000,Antrópica → Natural,90182.69
25,2,2000,Natural → Antrópica,34332.15
25,4,2000,Antrópica → Natural,2613.63
25,4,2000,Natural → Antrópica,2431.36
26,2,2000,Antrópica → Natural,52121.31
26,2,2000,Natural → Antrópica,74034.93
26,4,2000,Antrópica → Natural,11119.22
26,4,2000,Natural → Antrópica,11589.76
27,2,2000,Antrópica → Natural,11568.18
27,2,2000,Natural → Antrópica,10895.91
27,4,2000,Antrópica → Natural,7790.7
27,4,2000,Natural → Antrópica,8185.29
28,2,2000,Antrópica → Natural,12196.9
28,2,2000,Natural → Antrópica,17975.02
28,4,2000,Antrópica → Natural,5472.69
28,4,2000,Natural → Antrópica,6824.33
29,2,2000,Antrópica → Natural,219159.16
29,2,2000,Natural → Antrópica,300180.65
29,3,2000,Antrópica → Natural,25114.05
29,3,2000,Natural → Antrópica,85126.72
29,4,2000,Antrópica → Natural,71382.21
29,4,2000,Natural → Antrópica,107930.12
31,2,2000,Antrópica → Natural,24372.04
31,2,2000,Natural → Antrópica,26569.33
31,3,2000,Antrópica → Natural,170665.62
31,3,2000,Natural → Antrópica,271311.37
31,4,2000,Antrópica → Natural,138339.42
31,4,2000,Natural → Antrópica,181388.74
32,4,2000,Antrópica → Natural,30943.39
32,4,2000,Natural → Antrópica,32109.5
33,4,2000,Antrópica → Natural,24178.79
33,4,2000,Natural → Antrópica,26404.05
35,3,2000,Antrópica → Natural,13200.11
35,3,2000,Natural → Antrópica,30341.72
35,4,2000,Antrópica → Natural,67079.78
35,4,2000,Natural → Antrópica,69291.51
41,3,2000,Antrópica → Natural,782.59
41,3,2000,Natural → Antrópica,3018.81
41,4,2000,Antrópica → Natural,85982.67
41,4,2000,Natural → Antrópica,98652.38
42,4,2000,Antrópica → Natural,54779.03
42,4,2000,Natural → Antrópica,81241.44
43,4,2000,Antrópica → Natural,73052.86
43,4,2000,Natural → Antrópica,97078.11
43,5,2000,Antrópica → Natural,172218.49
43,5,2000,Natural → Antrópica,230783.63
50,3,2000,Antrópica → Natural,59981.08
50,3,2000,Natural → Antrópica,171582.68
50,4,2000,Antrópica → Natural,20730.89
50,4,2000,Natural → Antrópica,11446.92
50,6,2000,Antrópica → Natural,1469.92
50,6,2000,Natural → Antrópica,30170.6
51,1,2000,Antrópica → Natural,70281.35
51,1,2000,Natural → Antrópica,604521.68
51,3,2000,Antrópica → Natural,68542.18
51,3,2000,Natural → Antrópica,374920.01
51,6,2000,Antrópica → Natural,2770.96
51,6,2000,Natural → Antrópica,33620.09
52,3,2000,Antrópica → Natural,133594.6
52,3,2000,Natural → Antrópica,345923.44
52,4,2000,Antrópica → Natural,3025.31
52,4,2000,Natural → Antrópica,3178.79
53,3,2000,Antrópica → Natural,2151.3
53,3,2000,Natural → Antrópica,6596.22
11,1,2001,Antrópica → Natural,19791.45
11,1,2001,Natural → Antrópica,287289.32
11,3,2001,Antrópica → Natural,144.8
11,3,2001,Natural → Antrópica,1245.7
12,1,2001,Antrópica → Natural,7567.99
12,1,2001,Natural → Antrópica,55829.04
13,1,2001,Antrópica → Natural,48245.4
13,1,2001,Natural → Antrópica,54159.55
14,1,2001,Antrópica → Natural,10251.67
14,1,2001,Natural → Antrópica,58293.27
15,1,2001,Antrópica → Natural,205882.89
15,1,2001,Natural → Antrópica,1000377.89
15,3,2001,Antrópica → Natural,3923.62
15,3,2001,Natural → Antrópica,8373.91
16,1,2001,Antrópica → Natural,5496.25
16,1,2001,Natural → Antrópica,3749.38
17,1,2001,Antrópica → Natural,4260.68
17,1,2001,Natural → Antrópica,50108.18
17,3,2001,Antrópica → Natural,65004.17
17,3,2001,Natural → Antrópica,214757.94
21,1,2001,Antrópica → Natural,105638.6
21,1,2001,Natural → Antrópica,191843.4
21,3,2001,Antrópica → Natural,30683.83
21,3,2001,Natural → Antrópica,190729.54
22,2,2001,Antrópica → Natural,42235.54
22,2,2001,Natural → Antrópica,56091.41
22,3,2001,Antrópica → Natural,13506.25
22,3,2001,Natural → Antrópica,71146.2
23,2,2001,Antrópica → Natural,52379.52
23,2,2001,Natural → Antrópica,120765.86
24,2,2001,Antrópica → Natural,46234.55
24,2,2001,Natural → Antrópica,42419.87
24,4,2001,Antrópica → Natural,839.61
24,4,2001,Natural → Antrópica,1885.94
25,2,2001,Antrópica → Natural,62195.36
25,2,2001,Natural → Antrópica,40423.01
25,4,2001,Antrópica → Natural,1995.86
25,4,2001,Natural → Antrópica,2265.21
26,2,2001,Antrópica → Natural,49429.36
26,2,2001,Natural → Antrópica,73575.73
26,4,2001,Antrópica → Natural,11010.27
26,4,2001,Natural → Antrópica,10490.74
27,2,2001,Antrópica → Natural,12487.24
27,2,2001,Natural → Antrópica,10986.23
27,4,2001,Antrópica → Natural,7194.74
27,4,2001,Natural → Antrópica,6117.1
28,2,2001,Antrópica → Natural,10111.18
28,2,2001,Natural → Antrópica,14918.49
28,4,2001,Antrópica → Natural,4665.13
28,4,2001,Natural → Antrópica,5142.92
29,2,2001,Antrópica → Natural,174662.76
29,2,2001,Natural → Antrópica,354651.06
29,3,2001,Antrópica → Natural,23721.91
29,3,2001,Natural → Antrópica,105776.83
29,4,2001,Antrópica → Natural,74859.44
29,4,2001,Natural → Antrópica,80173.29
31,2,2001,Antrópica → Natural,22659.17
31,2,2001,Natural → Antrópica,23264.93
31,3,2001,Antrópica → Natural,132436.11
31,3,2001,Natural → Antrópica,228882.35
31,4,2001,Antrópica → Natural,123960.13
31,4,2001,Natural → Antrópica,160461.58
32,4,2001,Antrópica → Natural,27515.99
32,4,2001,Natural → Antrópica,24474.98
33,4,2001,Antrópica → Natural,24060.65
33,4,2001,Natural → Antrópica,21449.61
35,3,2001,Antrópica → Natural,14002.75
35,3,2001,Natural → Antrópica,21710.35
35,4,2001,Antrópica → Natural,73842.24
35,4,2001,Natural → Antrópica,44903.17
41,3,2001,Antrópica → Natural,863.19
41,3,2001,Natural → Antrópica,4054.61
41,4,2001,Antrópica → Natural,109980.18
41,4,2001,Natural → Antrópica,84149.99
42,4,2001,Antrópica → Natural,62000.73
42,4,2001,Natural → Antrópica,78009.03
43,4,2001,Antrópica → Natural,58669.88
43,4,2001,Natural → Antrópica,75304.91
43,5,2001,Antrópica → Natural,175815.48
43,5,2001,Natural → Antrópica,209201.45
50,3,2001,Antrópica → Natural,45064.55
50,3,2001,Natural → Antrópica,164303.03
50,4,2001,Antrópica → Natural,38566.76
50,4,2001,Natural → Antrópica,5593.15
50,6,2001,Antrópica → Natural,2106.81
50,6,2001,Natural → Antrópica,35488.61
51,1,2001,Antrópica → Natural,77992.77
51,1,2001,Natural → Antrópica,643830.68
51,3,2001,Antrópica → Natural,55061.3
51,3,2001,Natural → Antrópica,379217.5
51,6,2001,Antrópica → Natural,4761.41
51,6,2001,Natural → Antrópica,27230.08
52,3,2001,Antrópica → Natural,93879.93
52,3,2001,Natural → Antrópica,316534.24
52,4,2001,Antrópica → Natural,1368.47
52,4,2001,Natural → Antrópica,5403.38
53,3,2001,Antrópica → Natural,1904.92
53,3,2001,Natural → Antrópica,5840.43
11,1,2002,Antrópica → Natural,24265.48
11,1,2002,Natural → Antrópica,347583.79
11,3,2002,Antrópica → Natural,264.38
11,3,2002,Natural → Antrópica,896.87
12,1,2002,Antrópica → Natural,8463.57
12,1,2002,Natural → Antrópica,84790.63
13,1,2002,Antrópica → Natural,42517.77
13,1,2002,Natural → Antrópica,75887.04
14,1,2002,Antrópica → Natural,12545.13
14,1,2002,Natural → Antrópica,52732.04
15,1,2002,Antrópica → Natural,174404.42
15,1,2002,Natural → Antrópica,888305.35
15,3,2002,Antrópica → Natural,2184.27
15,3,2002,Natural → Antrópica,13163.49
16,1,2002,Antrópica → Natural,3742.93
16,1,2002,Natural → Antrópica,6812.29
17,1,2002,Antrópica → Natural,17138.33
17,1,2002,Natural → Antrópica,26006.19
17,3,2002,Antrópica → Natural,73184.38
17,3,2002,Natural → Antrópica,190245.39
21,1,2002,Antrópica → Natural,99723.3
21,1,2002,Natural → Antrópica,176907.0
21,3,2002,Antrópica → Natural,34205.94
21,3,2002,Natural → Antrópica,157105.95
22,2,2002,Antrópica → Natural,32659.9
22,2,2002,Natural → Antrópica,68935.88
22,3,2002,Antrópica → Natural,12988.35
22,3,2002,Natural → Antrópica,41281.51
23,2,2002,Antrópica → Natural,89729.95
23,2,2002,Natural → Antrópica,119585.11
24,2,2002,Antrópica → Natural,63599.32
24,2,2002,Natural → Antrópica,40073.8
24,4,2002,Antrópica → Natural,1054.62
24,4,2002,Natural → Antrópica,1434.18
25,2,2002,Antrópica → Natural,52656.37
25,2,2002,Natural → Antrópica,41666.38
25,4,2002,Antrópica → Natural,2074.95
25,4,2002,Natural → Antrópica,2080.92
26,2,2002,Antrópica → Natural,60351.7
26,2,2002,Natural → Antrópica,76990.52
26,4,2002,Antrópica → Natural,9955.08
26,4,2002,Natural → Antrópica,11969.69
27,2,2002,Antrópica → Natural,17658.85
27,2,2002,Natural → Antrópica,11839.0
27,4,2002,Antrópica → Natural,8038.87
27,4,2002,Natural → Antrópica,6370.17
28,2,2002,Antrópica → Natural,11180.96
28,2,2002,Natural → Antrópica,12616.71
28,4,2002,Antrópica → Natural,5652.82
28,4,2002,Natural → Antrópica,5471.94
29,2,2002,Antrópica → Natural,227820.53
29,2,2002,Natural → Antrópica,248966.73
29,3,2002,Antrópica → Natural,21935.61
29,3,2002,Natural → Antrópica,86748.07
29,4,2002,Antrópica → Natural,73665.58
29,4,2002,Natural → Antrópica,74925.94
31,2,2002,Antrópica → Natural,29901.96
31,2,2002,Natural → Antrópica,23765.59
31,3,2002,Antrópica → Natural,156674.12
31,3,2002,Natural → Antrópica,244247.15
31,4,2002,Antrópica → Natural,145085.71
31,4,2002,Natural → Antrópica,149742.92
32,4,2002,Antrópica → Natural,31575.92
32,4,2002,Natural → Antrópica,22218.98
33,4,2002,Antrópica → Natural,21152.71
33,4,2002,Natural → Antrópica,23189.87
35,3,2002,Antrópica → Natural,15680.47
35,3,2002,Natural → Antrópica,21167.33
35,4,2002,Antrópica → Natural,72190.83
35,4,2002,Natural → Antrópica,40034.64
41,3,2002,Antrópica → Natural,1215.25
41,3,2002,Natural → Antrópica,2892.26
41,4,2002,Antrópica → Natural,109648.0
41,4,2002,Natural → Antrópica,74502.76
42,4,2002,Antrópica → Natural,68522.2
42,4,2002,Natural → Antrópica,74486.2
43,4,2002,Antrópica → Natural,58180.35
43,4,2002,Natural → Antrópica,74421.96
43,5,2002,Antrópica → Natural,155993.1
43,5,2002,Natural → Antrópica,230787.25
50,3,2002,Antrópica → Natural,41516.19
50,3,2002,Natural → Antrópica,175667.11
50,4,2002,Antrópica → Natural,24064.76
50,4,2002,Natural → Antrópica,7609.75
50,6,2002,Antrópica → Natural,1963.13
50,6,2002,Natural → Antrópica,37154.53
51,1,2002,Antrópica → Natural,79022.82
51,1,2002,Natural → Antrópica,855113.13
51,3,2002,Antrópica → Natural,62837.16
51,3,2002,Natural → Antrópica,377498.75
51,6,2002,Antrópica → Natural,3636.82
51,6,2002,Natural → Antrópica,35401.08
52,3,2002,Antrópica → Natural,104204.9
52,3,2002,Natural → Antrópica,300941.36
52,4,2002,Antrópica → Natural,6385.29
52,4,2002,Natural → Antrópica,2736.49
53,3,2002,Antrópica → Natural,2443.78
53,3,2002,Natural → Antrópica,4861.38
11,1,2003,Antrópica → Natural,30944.76
11,1,2003,Natural → Antrópica,486925.94
11,3,2003,Antrópica → Natural,80.08
11,3,2003,Natural → Antrópica,3424.58
12,1,2003,Antrópica → Natural,8579.37
12,1,2003,Natural → Antrópica,94485.14
13,1,2003,Antrópica → Natural,43991.96
13,1,2003,Natural → Antrópica,122586.53
14,1,2003,Antrópica → Natural,16701.73
14,1,2003,Natural → Antrópica,49315.48
15,1,2003,Antrópica → Natural,191666.66
15,1,2003,Natural → Antrópica,1056644.47
15,3,2003,Antrópica → Natural,1970.03
15,3,2003,Natural → Antrópica,24335.36
16,1,2003,Antrópica → Natural,3580.2
16,1,2003,Natural → Antrópica,3974.26
17,1,2003,Antrópica → Natural,21380.17
17,1,2003,Natural → Antrópica,21577.2
17,3,2003,Antrópica → Natural,56817.01
17,3,2003,Natural → Antrópica,253202.9
21,1,2003,Antrópica → Natural,86344.19
21,1,2003,Natural → Antrópica,248059.48
21,3,2003,Antrópica → Natural,26752.33
21,3,2003,Natural → Antrópica,210501.47
22,2,2003,Antrópica → Natural,39391.04
22,2,2003,Natural → Antrópica,68878.82
22,3,2003,Antrópica → Natural,11461.57
22,3,2003,Natural → Antrópica,37180.31
23,2,2003,Antrópica → Natural,62178.68
23,2,2003,Natural → Antrópica,133662.46
24,2,2003,Antrópica → Natural,40947.83
24,2,2003,Natural → Antrópica,53899.11
24,4,2003,Antrópica → Natural,1125.18
24,4,2003,Natural → Antrópica,1054.55
25,2,2003,Antrópica → Natural,36385.24
25,2,2003,Natural → Antrópica,40579.67
25,4,2003,Antrópica → Natural,2148.1
25,4,2003,Natural → Antrópica,2004.99
26,2,2003,Antrópica → Natural,41262.94
26,2,2003,Natural → Antrópica,64891.53
26,4,2003,Antrópica → Natural,8235.61
26,4,2003,Natural → Antrópica,10101.68
27,2,2003,Antrópica → Natural,7126.69
27,2,2003,Natural → Antrópica,14028.87
27,4,2003,Antrópica → Natural,6235.11
27,4,2003,Natural → Antrópica,6409.71
28,2,2003,Antrópica → Natural,7728.23
28,2,2003,Natural → Antrópica,13626.56
28,4,2003,Antrópica → Natural,6867.64
28,4,2003,Natural → Antrópica,4733.72
29,2,2003,Antrópica → Natural,197457.11
29,2,2003,Natural → Antrópica,271036.84
29,3,2003,Antrópica → Natural,24656.82
29,3,2003,Natural → Antrópica,73142.24
29,4,2003,Antrópica → Natural,80619.92
29,4,2003,Natural → Antrópica,70724.22
31,2,2003,Antrópica → Natural,36547.22
31,2,2003,Natural → Antrópica,21029.79
31,3,2003,Antrópica → Natural,177345.29
31,3,2003,Natural → Antrópica,253063.72
31,4,2003,Antrópica → Natural,134506.57
31,4,2003,Natural → Antrópica,144909.87
32,4,2003,Antrópica → Natural,33593.05
32,4,2003,Natural → Antrópica,21962.28
33,4,2003,Antrópica → Natural,23401.81
33,4,2003,Natural → Antrópica,21475.56
35,3,2003,Antrópica → Natural,16710.53
35,3,2003,Natural → Antrópica,19832.9
35,4,2003,Antrópica → Natural,56366.3
35,4,2003,Natural → Antrópica,46909.23
41,3,2003,Antrópica → Natural,885.08
41,3,2003,Natural → Antrópica,3322.09
41,4,2003,Antrópica → Natural,113643.9
41,4,2003,Natural → Antrópica,79301.95
42,4,2003,Antrópica → Natural,67983.83
42,4,2003,Natural → Antrópica,83938.69
43,4,2003,Antrópica → Natural,59094.31
43,4,2003,Natural → Antrópica,106997.72
43,5,2003,Antrópica → Natural,179521.27
43,5,2003,Natural → Antrópica,285800.7
50,3,2003,Antrópica → Natural,49770.0
50,3,2003,Natural → Antrópica,191243.17
50,4,2003,Antrópica → Natural,11620.41
50,4,2003,Natural → Antrópica,9406.53
50,6,2003,Antrópica → Natural,2319.01
50,6,2003,Natural → Antrópica,57729.43
51,1,2003,Antrópica → Natural,90399.92
51,1,2003,Natural → Antrópica,1227052.63
51,3,2003,Antrópica → Natural,60970.37
51,3,2003,Natural → Antrópica,529407.17
51,6,2003,Antrópica → Natural,2739.47
51,6,2003,Natural → Antrópica,30676.13
52,3,2003,Antrópica → Natural,117724.73
52,3,2003,Natural → Antrópica,361335.45
52,4,2003,Antrópica → Natural,3709.65
52,4,2003,Natural → Antrópica,2846.94
53,3,2003,Antrópica → Natural,2515.66
53,3,2003,Natural → Antrópica,4481.75
11,1,2004,Antrópica → Natural,29823.41
11,1,2004,Natural → Antrópica,397860.7
11,3,2004,Antrópica → Natural,117.0
11,3,2004,Natural → Antrópica,2469.68
12,1,2004,Antrópica → Natural,9319.11
12,1,2004,Natural → Antrópica,68159.3
13,1,2004,Antrópica → Natural,26163.91
13,1,2004,Natural → Antrópica,107681.21
14,1,2004,Antrópica → Natural,20022.35
14,1,2004,Natural → Antrópica,45780.01
15,1,2004,Antrópica → Natural,173281.65
15,1,2004,Natural → Antrópica,1127067.17
15,3,2004,Antrópica → Natural,3419.49
15,3,2004,Natural → Antrópica,15539.51
16,1,2004,Antrópica → Natural,2685.2
16,1,2004,Natural → Antrópica,5230.58
17,1,2004,Antrópica → Natural,8168.9
17,1,2004,Natural → Antrópica,27968.57
17,3,2004,Antrópica → Natural,61777.84
17,3,2004,Natural → Antrópica,267392.95
21,1,2004,Antrópica → Natural,88504.72
21,1,2004,Natural → Antrópica,181978.22
21,3,2004,Antrópica → Natural,35501.77
21,3,2004,Natural → Antrópica,232236.33
22,2,2004,Antrópica → Natural,41280.43
22,2,2004,Natural → Antrópica,69301.95
22,3,2004,Antrópica → Natural,14399.75
22,3,2004,Natural → Antrópica,101683.44
23,2,2004,Antrópica → Natural,103852.41
23,2,2004,Natural → Antrópica,146943.18
24,2,2004,Antrópica → Natural,79052.25
24,2,2004,Natural → Antrópica,49835.08
24,4,2004,Antrópica → Natural,1107.14
24,4,2004,Natural → Antrópica,994.28
25,2,2004,Antrópica → Natural,73878.92
25,2,2004,Natural → Antrópica,44193.9
25,4,2004,Antrópica → Natural,1871.1
25,4,2004,Natural → Antrópica,1971.49
26,2,2004,Antrópica → Natural,66488.15
26,2,2004,Natural → Antrópica,80020.85
26,4,2004,Antrópica → Natural,9980.87
26,4,2004,Natural → Antrópica,9749.34
27,2,2004,Antrópica → Natural,7662.54
27,2,2004,Natural → Antrópica,12532.53
27,4,2004,Antrópica → Natural,9050.07
27,4,2004,Natural → Antrópica,5999.35
28,2,2004,Antrópica → Natural,9682.27
28,2,2004,Natural → Antrópica,12956.48
28,4,2004,Antrópica → Natural,5977.18
28,4,2004,Natural → Antrópica,4935.29
29,2,2004,Antrópica → Natural,291858.61
29,2,2004,Natural → Antrópica,247440.42
29,3,2004,Antrópica → Natural,21791.48
29,3,2004,Natural → Antrópica,161601.64
29,4,2004,Antrópica → Natural,74863.38
29,4,2004,Natural → Antrópica,85542.59
31,2,2004,Antrópica → Natural,23922.0
31,2,2004,Natural → Antrópica,27408.19
31,3,2004,Antrópica → Natural,171213.56
31,3,2004,Natural → Antrópica,272700.69
31,4,2004,Antrópica → Natural,141179.8
31,4,2004,Natural → Antrópica,166947.42
32,4,2004,Antrópica → Natural,30628.2
32,4,2004,Natural → Antrópica,21501.89
33,4,2004,Antrópica → Natural,26621.79
33,4,2004,Natural → Antrópica,18386.16
35,3,2004,Antrópica → Natural,13604.5
35,3,2004,Natural → Antrópica,21478.46
35,4,2004,Antrópica → Natural,55017.68
35,4,2004,Natural → Antrópica,51466.6
41,3,2004,Antrópica → Natural,659.46
41,3,2004,Natural → Antrópica,3426.63
41,4,2004,Antrópica → Natural,97815.93
41,4,2004,Natural → Antrópica,71664.23
42,4,2004,Antrópica → Natural,64152.93
42,4,2004,Natural → Antrópica,76372.01
43,4,2004,Antrópica → Natural,64689.7
43,4,2004,Natural → Antrópica,78316.9
43,5,2004,Antrópica → Natural,178770.7
43,5,2004,Natural → Antrópica,318280.54
50,3,2004,Antrópica → Natural,44768.73
50,3,2004,Natural → Antrópica,151390.38
50,4,2004,Antrópica → Natural,19618.63
50,4,2004,Natural → Antrópica,6434.12
50,6,2004,Antrópica → Natural,4489.75
50,6,2004,Natural → Antrópica,38493.23
51,1,2004,Antrópica → Natural,104804.26
51,1,2004,Natural → Antrópica,1071618.26
51,3,2004,Antrópica → Natural,70021.07
51,3,2004,Natural → Antrópica,463817.07
51,6,2004,Antrópica → Natural,2623.64
51,6,2004,Natural → Antrópica,27872.07
52,3,2004,Antrópica → Natural,110081.35
52,3,2004,Natural → Antrópica,341699.2
52,4,2004,Antrópica → Natural,3812.47
52,4,2004,Natural → Antrópica,1743.76
53,3,2004,Antrópica → Natural,2024.08
53,3,2004,Natural → Antrópica,5410.63
11,1,2005,Antrópica → Natural,33999.99
11,1,2005,Natural → Antrópica,372701.26
11,3,2005,Antrópica → Natural,176.83
11,3,2005,Natural → Antrópica,3039.86
12,1,2005,Antrópica → Natural,8962.04
12,1,2005,Natural → Antrópica,69733.35
13,1,2005,Antrópica → Natural,34789.11
13,1,2005,Natural → Antrópica,119409.86
14,1,2005,Antrópica → Natural,16740.31
14,1,2005,Natural → Antrópica,44708.21
15,1,2005,Antrópica → Natural,177721.71
15,1,2005,Natural → Antrópica,904030.91
15,3,2005,Antrópica → Natural,2448.61
15,3,2005,Natural → Antrópica,15305.11
16,1,2005,Antrópica → Natural,2515.78
16,1,2005,Natural → Antrópica,4152.23
17,1,2005,Antrópica → Natural,18727.17
17,1,2005,Natural → Antrópica,20566.61
17,3,2005,Antrópica → Natural,56776.17
17,3,2005,Natural → Antrópica,250487.35
21,1,2005,Antrópica → Natural,74254.06
21,1,2005,Natural → Antrópica,188869.26
21,3,2005,Antrópica → Natural,30561.76
21,3,2005,Natural → Antrópica,203896.23
22,2,2005,Antrópica → Natural,38628.55
22,2,2005,Natural → Antrópica,55978.94
22,3,2005,Antrópica → Natural,13918.62
22,3,2005,Natural → Antrópica,79760.63
23,2,2005,Antrópica → Natural,44802.33
23,2,2005,Natural → Antrópica,140484.48
24,2,2005,Antrópica → Natural,40855.35
24,2,2005,Natural → Antrópica,50308.14
24,4,2005,Antrópica → Natural,1068.25
24,4,2005,Natural → Antrópica,863.42
25,2,2005,Antrópica → Natural,46707.88
25,2,2005,Natural → Antrópica,51508.37
25,4,2005,Antrópica → Natural,1320.53
25,4,2005,Natural → Antrópica,2459.37
26,2,2005,Antrópica → Natural,60395.16
26,2,2005,Natural → Antrópica,54902.0
26,4,2005,Antrópica → Natural,8192.58
26,4,2005,Natural → Antrópica,7520.6
27,2,2005,Antrópica → Natural,8141.75
27,2,2005,Natural → Antrópica,10797.14
27,4,2005,Antrópica → Natural,7153.0
27,4,2005,Natural → Antrópica,4371.83
28,2,2005,Antrópica → Natural,9536.26
28,2,2005,Natural → Antrópica,11748.06
28,4,2005,Antrópica → Natural,4518.79
28,4,2005,Natural → Antrópica,5031.67
29,2,2005,Antrópica → Natural,216507.08
29,2,2005,Natural → Antrópica,229406.91
29,3,2005,Antrópica → Natural,21200.34
29,3,2005,Natural → Antrópica,96752.8
29,4,2005,Antrópica → Natural,60572.74
29,4,2005,Natural → Antrópica,85698.32
31,2,2005,Antrópica → Natural,28298.07
31,2,2005,Natural → Antrópica,23722.44
31,3,2005,Antrópica → Natural,126860.43
31,3,2005,Natural → Antrópica,230445.24
31,4,2005,Antrópica → Natural,137546.04
31,4,2005,Natural → Antrópica,147313.08
32,4,2005,Antrópica → Natural,27591.41
32,4,2005,Natural → Antrópica,17633.12
33,4,2005,Antrópica → Natural,26761.73
33,4,2005,Natural → Antrópica,20175.53
35,3,2005,Antrópica → Natural,12550.72
35,3,2005,Natural → Antrópica,20289.08
35,4,2005,Antrópica → Natural,57113.7
35,4,2005,Natural → Antrópica,49947.94
41,3,2005,Antrópica → Natural,638.57
41,3,2005,Natural → Antrópica,3242.41
41,4,2005,Antrópica → Natural,118876.79
41,4,2005,Natural → Antrópica,65314.94
42,4,2005,Antrópica → Natural,58589.28
42,4,2005,Natural → Antrópica,73928.27
43,4,2005,Antrópica → Natural,56597.61
43,4,2005,Natural → Antrópica,81311.06
43,5,2005,Antrópica → Natural,162441.69
43,5,2005,Natural → Antrópica,185885.09
50,3,2005,Antrópica → Natural,42379.4
50,3,2005,Natural → Antrópica,125797.1
50,4,2005,Antrópica → Natural,12429.4
50,4,2005,Natural → Antrópica,10045.67
50,6,2005,Antrópica → Natural,6461.42
50,6,2005,Natural → Antrópica,35197.41
51,1,2005,Antrópica → Natural,155552.54
51,1,2005,Natural → Antrópica,804479.15
51,3,2005,Antrópica → Natural,76031.97
51,3,2005,Natural → Antrópica,309370.79
51,6,2005,Antrópica → Natural,3440.29
51,6,2005,Natural → Antrópica,21148.4
52,3,2005,Antrópica → Natural,113803.49
52,3,2005,Natural → Antrópica,255165.48
52,4,2005,Antrópica → Natural,1469.19
52,4,2005,Natural → Antrópica,2637.09
53,3,2005,Antrópica → Natural,2355.67
53,3,2005,Natural → Antrópica,3703.18
11,1,2006,Antrópica → Natural,36829.2
11,1,2006,Natural → Antrópica,249369.58
11,3,2006,Antrópica → Natural,259.21
11,3,2006,Natural → Antrópica,1323.24
12,1,2006,Antrópica → Natural,10049.08
12,1,2006,Natural → Antrópica,55455.61
13,1,2006,Antrópica → Natural,22691.69
13,1,2006,Natural → Antrópica,115390.27
14,1,2006,Antrópica → Natural,10678.38
14,1,2006,Natural → Antrópica,49529.06
15,1,2006,Antrópica → Natural,190738.48
15,1,2006,Natural → Antrópica,854266.89
15,3,2006,Antrópica → Natural,3887.62
15,3,2006,Natural → Antrópica,12655.61
16,1,2006,Antrópica → Natural,3201.35
16,1,2006,Natural → Antrópica,4283.77
17,1,2006,Antrópica → Natural,23708.48
17,1,2006,Natural → Antrópica,20163.69
17,3,2006,Antrópica → Natural,76530.36
17,3,2006,Natural → Antrópica,195418.17
21,1,2006,Antrópica → Natural,79704.51
21,1,2006,Natural → Antrópica,184984.68
21,3,2006,Antrópica → Natural,40575.47
21,3,2006,Natural → Antrópica,176327.73
22,2,2006,Antrópica → Natural,42426.04
22,2,2006,Natural → Antrópica,55087.69
22,3,2006,Antrópica → Natural,15949.65
22,3,2006,Natural → Antrópica,47592.93
23,2,2006,Antrópica → Natural,53464.19
23,2,2006,Natural → Antrópica,134155.56
24,2,2006,Antrópica → Natural,42914.03
24,2,2006,Natural → Antrópica,44832.57
24,4,2006,Antrópica → Natural,862.0
24,4,2006,Natural → Antrópica,1386.16
25,2,2006,Antrópica → Natural,51991.86
25,2,2006,Natural → Antrópica,43639.74
25,4,2006,Antrópica → Natural,1235.61
25,4,2006,Natural → Antrópica,2051.71
26,2,2006,Antrópica → Natural,59218.07
26,2,2006,Natural → Antrópica,69584.56
26,4,2006,Antrópica → Natural,6433.35
26,4,2006,Natural → Antrópica,10560.36
27,2,2006,Antrópica → Natural,11247.75
27,2,2006,Natural → Antrópica,12543.78
27,4,2006,Antrópica → Natural,6545.47
27,4,2006,Natural → Antrópica,5866.77
28,2,2006,Antrópica → Natural,10073.0
28,2,2006,Natural → Antrópica,12184.94
28,4,2006,Antrópica → Natural,4467.83
28,4,2006,Natural → Antrópica,5156.85
29,2,2006,Antrópica → Natural,243856.41
29,2,2006,Natural → Antrópica,224230.79
29,3,2006,Antrópica → Natural,14883.79
29,3,2006,Natural → Antrópica,91464.38
29,4,2006,Antrópica → Natural,62414.72
29,4,2006,Natural → Antrópica,76290.29
31,2,2006,Antrópica → Natural,26928.17
31,2,2006,Natural → Antrópica,22129.94
31,3,2006,Antrópica → Natural,130723.88
31,3,2006,Natural → Antrópica,215118.11
31,4,2006,Antrópica → Natural,139901.23
31,4,2006,Natural → Antrópica,148335.26
32,4,2006,Antrópica → Natural,26520.44
32,4,2006,Natural → Antrópica,19418.92
33,4,2006,Antrópica → Natural,21617.97
33,4,2006,Natural → Antrópica,18790.52
35,3,2006,Antrópica → Natural,10711.85
35,3,2006,Natural → Antrópica,17554.71
35,4,2006,Antrópica → Natural,49313.36
35,4,2006,Natural → Antrópica,47810.22
41,3,2006,Antrópica → Natural,510.49
41,3,2006,Natural → Antrópica,2779.36
41,4,2006,Antrópica → Natural,99879.18
41,4,2006,Natural → Antrópica,65092.04
42,4,2006,Antrópica → Natural,60909.72
42,4,2006,Natural → Antrópica,72237.18
43,4,2006,Antrópica → Natural,61748.12
43,4,2006,Natural → Antrópica,78643.26
43,5,2006,Antrópica → Natural,172576.86
43,5,2006,Natural → Antrópica,212632.84
50,3,2006,Antrópica → Natural,45186.41
50,3,2006,Natural → Antrópica,113507.77
50,4,2006,Antrópica → Natural,8483.03
50,4,2006,Natural → Antrópica,8685.79
50,6,2006,Antrópica → Natural,12721.54
50,6,2006,Natural → Antrópica,33193.69
51,1,2006,Antrópica → Natural,90912.31
51,1,2006,Natural → Antrópica,495730.87
51,3,2006,Antrópica → Natural,78808.77
51,3,2006,Natural → Antrópica,221424.92
51,6,2006,Antrópica → Natural,4043.42
51,6,2006,Natural → Antrópica,17637.88
52,3,2006,Antrópica → Natural,108713.68
52,3,2006,Natural → Antrópica,204473.36
52,4,2006,Antrópica → Natural,1622.0
52,4,2006,Natural → Antrópica,2796.85
53,3,2006,Antrópica → Natural,2058.17
53,3,2006,Natural → Antrópica,3235.49
11,1,2007,Antrópica → Natural,40107.12
11,1,2007,Natural → Antrópica,194989.7
11,3,2007,Antrópica → Natural,245.67
11,3,2007,Natural → Antrópica,1113.0
12,1,2007,Antrópica → Natural,10846.5
12,1,2007,Natural → Antrópica,45269.22
13,1,2007,Antrópica → Natural,42058.65
13,1,2007,Natural → Antrópica,79599.59
14,1,2007,Antrópica → Natural,14548.32
14,1,2007,Natural → Antrópica,49166.23
15,1,2007,Antrópica → Natural,210623.9
15,1,2007,Natural → Antrópica,754495.14
15,3,2007,Antrópica → Natural,6388.13
15,3,2007,Natural → Antrópica,10027.64
16,1,2007,Antrópica → Natural,2680.53
16,1,2007,Natural → Antrópica,4391.06
17,1,2007,Antrópica → Natural,20046.3
17,1,2007,Natural → Antrópica,10611.3
17,3,2007,Antrópica → Natural,68689.84
17,3,2007,Natural → Antrópica,187979.41
21,1,2007,Antrópica → Natural,57603.47
21,1,2007,Natural → Antrópica,215721.66
21,3,2007,Antrópica → Natural,38583.27
21,3,2007,Natural → Antrópica,151605.29
22,2,2007,Antrópica → Natural,44155.21
22,2,2007,Natural → Antrópica,44895.08
22,3,2007,Antrópica → Natural,13599.76
22,3,2007,Natural → Antrópica,48665.52
23,2,2007,Antrópica → Natural,59626.43
23,2,2007,Natural → Antrópica,110874.05
24,2,2007,Antrópica → Natural,44640.75
24,2,2007,Natural → Antrópica,36793.82
24,4,2007,Antrópica → Natural,783.81
24,4,2007,Natural → Antrópica,1340.48
25,2,2007,Antrópica → Natural,41110.2
25,2,2007,Natural → Antrópica,37312.49
25,4,2007,Antrópica → Natural,1507.3
25,4,2007,Natural → Antrópica,2089.08
26,2,2007,Antrópica → Natural,46736.45
26,2,2007,Natural → Antrópica,53212.26
26,4,2007,Antrópica → Natural,9696.77
26,4,2007,Natural → Antrópica,9575.09
27,2,2007,Antrópica → Natural,14495.17
27,2,2007,Natural → Antrópica,9314.88
27,4,2007,Antrópica → Natural,6642.88
27,4,2007,Natural → Antrópica,6871.73
28,2,2007,Antrópica → Natural,9557.48
28,2,2007,Natural → Antrópica,12595.94
28,4,2007,Antrópica → Natural,5441.54
28,4,2007,Natural → Antrópica,4181.52
29,2,2007,Antrópica → Natural,210603.05
29,2,2007,Natural → Antrópica,241111.75
29,3,2007,Antrópica → Natural,18934.01
29,3,2007,Natural → Antrópica,87078.91
29,4,2007,Antrópica → Natural,59350.63
29,4,2007,Natural → Antrópica,64540.68
31,2,2007,Antrópica → Natural,23216.98
31,2,2007,Natural → Antrópica,26190.64
31,3,2007,Antrópica → Natural,124286.5
31,3,2007,Natural → Antrópica,221151.38
31,4,2007,Antrópica → Natural,144212.31
31,4,2007,Natural → Antrópica,123779.29
32,4,2007,Antrópica → Natural,26831.95
32,4,2007,Natural → Antrópica,20158.59
33,4,2007,Antrópica → Natural,23869.55
33,4,2007,Natural → Antrópica,19531.65
35,3,2007,Antrópica → Natural,11784.29
35,3,2007,Natural → Antrópica,18997.04
35,4,2007,Antrópica → Natural,47129.11
35,4,2007,Natural → Antrópica,51155.32
41,3,2007,Antrópica → Natural,698.14
41,3,2007,Natural → Antrópica,1936.38
41,4,2007,Antrópica → Natural,91674.96
41,4,2007,Natural → Antrópica,60640.99
42,4,2007,Antrópica → Natural,58152.89
42,4,2007,Natural → Antrópica,70602.63
43,4,2007,Antrópica → Natural,56187.0
43,4,2007,Natural → Antrópica,65679.76
43,5,2007,Antrópica → Natural,136431.17
43,5,2007,Natural → Antrópica,191528.26
50,3,2007,Antrópica → Natural,38365.89
50,3,2007,Natural → Antrópica,94787.56
50,4,2007,Antrópica → Natural,7501.46
50,4,2007,Natural → Antrópica,6359.88
50,6,2007,Antrópica → Natural,6248.03
50,6,2007,Natural → Antrópica,28419.12
51,1,2007,Antrópica → Natural,124326.45
51,1,2007,Natural → Antrópica,356295.57
51,3,2007,Antrópica → Natural,84203.3
51,3,2007,Natural → Antrópica,168657.06
51,6,2007,Antrópica → Natural,5047.6
51,6,2007,Natural → Antrópica,15055.19
52,3,2007,Antrópica → Natural,105030.57
52,3,2007,Natural → Antrópica,192067.71
52,4,2007,Antrópica → Natural,2293.7
52,4,2007,Natural → Antrópica,1390.76
53,3,2007,Antrópica → Natural,1755.34
53,3,2007,Natural → Antrópica,3730.77
11,1,2008,Antrópica → Natural,30064.57
11,1,2008,Natural → Antrópica,139357.54
11,3,2008,Antrópica → Natural,369.48
11,3,2008,Natural → Antrópica,773.16
12,1,2008,Antrópica → Natural,8660.49
12,1,2008,Natural → Antrópica,47059.12
13,1,2008,Antrópica → Natural,36074.07
13,1,2008,Natural → Antrópica,67639.8
14,1,2008,Antrópica → Natural,16991.84
14,1,2008,Natural → Antrópica,56975.21
15,1,2008,Antrópica → Natural,154067.45
15,1,2008,Natural → Antrópica,757050.29
15,3,2008,Antrópica → Natural,6085.7
15,3,2008,Natural → Antrópica,9628.2
16,1,2008,Antrópica → Natural,1962.67
16,1,2008,Natural → Antrópica,6569.57
17,1,2008,Antrópica → Natural,7804.48
17,1,2008,Natural → Antrópica,17200.54
17,3,2008,Antrópica → Natural,74985.69
17,3,2008,Natural → Antrópica,202182.03
21,1,2008,Antrópica → Natural,56767.83
21,1,2008,Natural → Antrópica,185516.68
21,3,2008,Antrópica → Natural,41531.11
21,3,2008,Natural → Antrópica,201601.54
22,2,2008,Antrópica → Natural,45330.78
22,2,2008,Natural → Antrópica,51993.18
22,3,2008,Antrópica → Natural,18060.93
22,3,2008,Natural → Antrópica,74859.28
23,2,2008,Antrópica → Natural,80592.96
23,2,2008,Natural → Antrópica,126203.46
24,2,2008,Antrópica → Natural,58601.76
24,2,2008,Natural → Antrópica,37610.95
24,4,2008,Antrópica → Natural,682.77
24,4,2008,Natural → Antrópica,1456.75
25,2,2008,Antrópica → Natural,52834.9
25,2,2008,Natural → Antrópica,45006.75
25,4,2008,Antrópica → Natural,1556.34
25,4,2008,Natural → Antrópica,1781.75
26,2,2008,Antrópica → Natural,57461.29
26,2,2008,Natural → Antrópica,67894.66
26,4,2008,Antrópica → Natural,9742.14
26,4,2008,Natural → Antrópica,8786.35
27,2,2008,Antrópica → Natural,14350.56
27,2,2008,Natural → Antrópica,12139.69
27,4,2008,Antrópica → Natural,4661.02
27,4,2008,Natural → Antrópica,8145.56
28,2,2008,Antrópica → Natural,8620.72
28,2,2008,Natural → Antrópica,17125.13
28,4,2008,Antrópica → Natural,5158.27
28,4,2008,Natural → Antrópica,5296.84
29,2,2008,Antrópica → Natural,166612.77
29,2,2008,Natural → Antrópica,282059.64
29,3,2008,Antrópica → Natural,14538.72
29,3,2008,Natural → Antrópica,123748.85
29,4,2008,Antrópica → Natural,57507.22
29,4,2008,Natural → Antrópica,80162.46
31,2,2008,Antrópica → Natural,20161.61
31,2,2008,Natural → Antrópica,19053.78
31,3,2008,Antrópica → Natural,127911.24
31,3,2008,Natural → Antrópica,209600.04
31,4,2008,Antrópica → Natural,136216.97
31,4,2008,Natural → Antrópica,132058.67
32,4,2008,Antrópica → Natural,27881.35
32,4,2008,Natural → Antrópica,21652.2
33,4,2008,Antrópica → Natural,22649.05
33,4,2008,Natural → Antrópica,20172.61
35,3,2008,Antrópica → Natural,11498.41
35,3,2008,Natural → Antrópica,16655.22
35,4,2008,Antrópica → Natural,47910.08
35,4,2008,Natural → Antrópica,51593.75
41,3,2008,Antrópica → Natural,592.97
41,3,2008,Natural → Antrópica,1679.51
41,4,2008,Antrópica → Natural,99524.55
41,4,2008,Natural → Antrópica,69742.8
42,4,2008,Antrópica → Natural,54571.74
42,4,2008,Natural → Antrópica,80216.05
43,4,2008,Antrópica → Natural,56817.13
43,4,2008,Natural → Antrópica,79370.96
43,5,2008,Antrópica → Natural,193209.06
43,5,2008,Natural → Antrópica,238019.83
50,3,2008,Antrópica → Natural,45234.97
50,3,2008,Natural → Antrópica,80652.16
50,4,2008,Antrópica → Natural,8236.89
50,4,2008,Natural → Antrópica,6427.66
50,6,2008,Antrópica → Natural,7312.16
50,6,2008,Natural → Antrópica,27807.97
51,1,2008,Antrópica → Natural,90593.08
51,1,2008,Natural → Antrópica,371465.33
51,3,2008,Antrópica → Natural,107160.84
51,3,2008,Natural → Antrópica,175839.33
51,6,2008,Antrópica → Natural,6463.66
51,6,2008,Natural → Antrópica,18492.95
52,3,2008,Antrópica → Natural,117499.58
52,3,2008,Natural → Antrópica,206950.65
52,4,2008,Antrópica → Natural,1238.35
52,4,2008,Natural → Antrópica,3413.06
53,3,2008,Antrópica → Natural,1895.23
53,3,2008,Natural → Antrópica,3691.17
11,1,2009,Antrópica → Natural,28158.58
11,1,2009,Natural → Antrópica,81164.34
11,3,2009,Antrópica → Natural,349.79
11,3,2009,Natural → Antrópica,1405.91
12,1,2009,Antrópica → Natural,6839.56
12,1,2009,Natural → Antrópica,47945.06
13,1,2009,Antrópica → Natural,24176.44
13,1,2009,Natural → Antrópica,73225.17
14,1,2009,Antrópica → Natural,13022.7
14,1,2009,Natural → Antrópica,31523.23
15,1,2009,Antrópica → Natural,138079.21
15,1,2009,Natural → Antrópica,526129.72
15,3,2009,Antrópica → Natural,3981.25
15,3,2009,Natural → Antrópica,10632.68
16,1,2009,Antrópica → Natural,1695.39
16,1,2009,Natural → Antrópica,5375.62
17,1,2009,Antrópica → Natural,6482.73
17,1,2009,Natural → Antrópica,11821.56
17,3,2009,Antrópica → Natural,73044.47
17,3,2009,Natural → Antrópica,183962.16
21,1,2009,Antrópica → Natural,54458.85
21,1,2009,Natural → Antrópica,141438.78
21,3,2009,Antrópica → Natural,40667.37
21,3,2009,Natural → Antrópica,173989.42
22,2,2009,Antrópica → Natural,46164.64
22,2,2009,Natural → Antrópica,44665.96
22,3,2009,Antrópica → Natural,20315.13
22,3,2009,Natural → Antrópica,49212.0
23,2,2009,Antrópica → Natural,64546.85
23,2,2009,Natural → Antrópica,111517.73
24,2,2009,Antrópica → Natural,56877.73
24,2,2009,Natural → Antrópica,35402.03
24,4,2009,Antrópica → Natural,754.88
24,4,2009,Natural → Antrópica,1095.45
25,2,2009,Antrópica → Natural,43674.02
25,2,2009,Natural → Antrópica,53571.88
25,4,2009,Antrópica → Natural,1522.37
25,4,2009,Natural → Antrópica,1431.37
26,2,2009,Antrópica → Natural,42341.69
26,2,2009,Natural → Antrópica,61852.7
26,4,2009,Antrópica → Natural,7389.31
26,4,2009,Natural → Antrópica,13020.15
27,2,2009,Antrópica → Natural,11355.49
27,2,2009,Natural → Antrópica,8357.51
27,4,2009,Antrópica → Natural,4756.41
27,4,2009,Natural → Antrópica,11012.17
28,2,2009,Antrópica → Natural,7198.46
28,2,2009,Natural → Antrópica,10811.83
28,4,2009,Antrópica → Natural,6527.15
28,4,2009,Natural → Antrópica,4853.47
29,2,2009,Antrópica → Natural,205847.3
29,2,2009,Natural → Antrópica,225301.79
29,3,2009,Antrópica → Natural,18030.19
29,3,2009,Natural → Antrópica,112894.57
29,4,2009,Antrópica → Natural,53894.89
29,4,2009,Natural → Antrópica,84466.81
31,2,2009,Antrópica → Natural,14685.8
31,2,2009,Natural → Antrópica,22870.62
31,3,2009,Antrópica → Natural,134274.19
31,3,2009,Natural → Antrópica,204471.72
31,4,2009,Antrópica → Natural,150963.48
31,4,2009,Natural → Antrópica,131333.08
32,4,2009,Antrópica → Natural,24275.11
32,4,2009,Natural → Antrópica,23610.56
33,4,2009,Antrópica → Natural,23226.14
33,4,2009,Natural → Antrópica,21473.38
35,3,2009,Antrópica → Natural,10080.36
35,3,2009,Natural → Antrópica,15971.87
35,4,2009,Antrópica → Natural,47678.8
35,4,2009,Natural → Antrópica,54997.6
41,3,2009,Antrópica → Natural,658.08
41,3,2009,Natural → Antrópica,2123.97
41,4,2009,Antrópica → Natural,88864.59
41,4,2009,Natural → Antrópica,61961.56
42,4,2009,Antrópica → Natural,53763.46
42,4,2009,Natural → Antrópica,83165.92
43,4,2009,Antrópica → Natural,55429.16
43,4,2009,Natural → Antrópica,73005.26
43,5,2009,Antrópica → Natural,144626.64
43,5,2009,Natural → Antrópica,183424.6
50,3,2009,Antrópica → Natural,43615.97
50,3,2009,Natural → Antrópica,65790.98
50,4,2009,Antrópica → Natural,7970.49
50,4,2009,Natural → Antrópica,6232.02
50,6,2009,Antrópica → Natural,5923.3
50,6,2009,Natural → Antrópica,29982.74
51,1,2009,Antrópica → Natural,75873.4
51,1,2009,Natural → Antrópica,177388.61
51,3,2009,Antrópica → Natural,84299.78
51,3,2009,Natural → Antrópica,164732.89
51,6,2009,Antrópica → Natural,5261.65
51,6,2009,Natural → Antrópica,19762.59
52,3,2009,Antrópica → Natural,100440.15
52,3,2009,Natural → Antrópica,184522.93
52,4,2009,Antrópica → Natural,1435.34
52,4,2009,Natural → Antrópica,3523.28
53,3,2009,Antrópica → Natural,2369.71
53,3,2009,Natural → Antrópica,2756.52
11,1,2010,Antrópica → Natural,40357.34
11,1,2010,Natural → Antrópica,76038.73
11,3,2010,Antrópica → Natural,450.22
11,3,2010,Natural → Antrópica,1266.9
12,1,2010,Antrópica → Natural,8503.48
12,1,2010,Natural → Antrópica,48662.24
13,1,2010,Antrópica → Natural,32847.75
13,1,2010,Natural → Antrópica,91201.32
14,1,2010,Antrópica → Natural,21577.88
14,1,2010,Natural → Antrópica,28147.26
15,1,2010,Antrópica → Natural,232435.54
15,1,2010,Natural → Antrópica,437585.13
15,3,2010,Antrópica → Natural,5238.51
15,3,2010,Natural → Antrópica,10318.49
16,1,2010,Antrópica → Natural,3722.68
16,1,2010,Natural → Antrópica,3873.02
17,1,2010,Antrópica → Natural,9623.49
17,1,2010,Natural → Antrópica,13561.88
17,3,2010,Antrópica → Natural,66348.47
17,3,2010,Natural → Antrópica,188589.45
21,1,2010,Antrópica → Natural,79694.15
21,1,2010,Natural → Antrópica,125538.56
21,3,2010,Antrópica → Natural,37738.66
21,3,2010,Natural → Antrópica,174322.66
22,2,2010,Antrópica → Natural,44798.34
22,2,2010,Natural → Antrópica,47708.39
22,3,2010,Antrópica → Natural,18755.21
22,3,2010,Natural → Antrópica,116640.94
23,2,2010,Antrópica → Natural,53055.87
23,2,2010,Natural → Antrópica,126813.43
24,2,2010,Antrópica → Natural,38487.7
24,2,2010,Natural → Antrópica,49443.55
24,4,2010,Antrópica → Natural,911.2
24,4,2010,Natural → Antrópica,1168.02
25,2,2010,Antrópica → Natural,40476.68
25,2,2010,Natural → Antrópica,49704.1
25,4,2010,Antrópica → Natural,1488.69
25,4,2010,Natural → Antrópica,1666.09
26,2,2010,Antrópica → Natural,44009.41
26,2,2010,Natural → Antrópica,74288.01
26,4,2010,Antrópica → Natural,6830.77
26,4,2010,Natural → Antrópica,11103.39
27,2,2010,Antrópica → Natural,14495.81
27,2,2010,Natural → Antrópica,9445.49
27,4,2010,Antrópica → Natural,5055.75
27,4,2010,Natural → Antrópica,7257.94
28,2,2010,Antrópica → Natural,8518.34
28,2,2010,Natural → Antrópica,9379.22
28,4,2010,Antrópica → Natural,6081.68
28,4,2010,Natural → Antrópica,4059.45
29,2,2010,Antrópica → Natural,175928.93
29,2,2010,Natural → Antrópica,252279.0
29,3,2010,Antrópica → Natural,13773.89
29,3,2010,Natural → Antrópica,94076.63
29,4,2010,Antrópica → Natural,56655.6
29,4,2010,Natural → Antrópica,69997.56
31,2,2010,Antrópica → Natural,17305.5
31,2,2010,Natural → Antrópica,24157.67
31,3,2010,Antrópica → Natural,134884.77
31,3,2010,Natural → Antrópica,194733.77
31,4,2010,Antrópica → Natural,170232.34
31,4,2010,Natural → Antrópica,124567.31
32,4,2010,Antrópica → Natural,21901.15
32,4,2010,Natural → Antrópica,25911.03
33,4,2010,Antrópica → Natural,30928.38
33,4,2010,Natural → Antrópica,21140.24
35,3,2010,Antrópica → Natural,9349.93
35,3,2010,Natural → Antrópica,16137.79
35,4,2010,Antrópica → Natural,47908.22
35,4,2010,Natural → Antrópica,51090.3
41,3,2010,Antrópica → Natural,721.74
41,3,2010,Natural → Antrópica,1975.38
41,4,2010,Antrópica → Natural,84274.56
41,4,2010,Natural → Antrópica,68433.67
42,4,2010,Antrópica → Natural,55490.64
42,4,2010,Natural → Antrópica,85854.95
43,4,2010,Antrópica → Natural,61580.09
43,4,2010,Natural → Antrópica,77548.25
43,5,2010,Antrópica → Natural,145725.97
43,5,2010,Natural → Antrópica,266638.68
50,3,2010,Antrópica → Natural,44356.19
50,3,2010,Natural → Antrópica,62658.62
50,4,2010,Antrópica → Natural,11097.95
50,4,2010,Natural → Antrópica,5653.06
50,6,2010,Antrópica → Natural,9406.6
50,6,2010,Natural → Antrópica,27064.65
51,1,2010,Antrópica → Natural,116113.79
51,1,2010,Natural → Antrópica,172861.65
51,3,2010,Antrópica → Natural,88619.26
51,3,2010,Natural → Antrópica,157897.96
51,6,2010,Antrópica → Natural,4433.25
51,6,2010,Natural → Antrópica,13138.89
52,3,2010,Antrópica → Natural,107286.1
52,3,2010,Natural → Antrópica,207401.02
52,4,2010,Antrópica → Natural,3879.52
52,4,2010,Natural → Antrópica,1047.41
53,3,2010,Antrópica → Natural,2008.84
53,3,2010,Natural → Antrópica,3165.63
11,1,2011,Antrópica → Natural,40169.19
11,1,2011,Natural → Antrópica,135307.28
11,3,2011,Antrópica → Natural,370.61
11,3,2011,Natural → Antrópica,795.75
12,1,2011,Antrópica → Natural,10846.31
12,1,2011,Natural → Antrópica,43127.54
13,1,2011,Antrópica → Natural,33712.54
13,1,2011,Natural → Antrópica,58087.08
14,1,2011,Antrópica → Natural,21104.07
14,1,2011,Natural → Antrópica,22154.2
15,1,2011,Antrópica → Natural,262435.8
15,1,2011,Natural → Antrópica,389511.65
15,3,2011,Antrópica → Natural,5043.65
15,3,2011,Natural → Antrópica,8411.07
16,1,2011,Antrópica → Natural,3729.0
16,1,2011,Natural → Antrópica,3397.25
17,1,2011,Antrópica → Natural,19693.39
17,1,2011,Natural → Antrópica,10718.35
17,3,2011,Antrópica → Natural,75419.8
17,3,2011,Natural → Antrópica,202404.8
21,1,2011,Antrópica → Natural,61728.81
21,1,2011,Natural → Antrópica,130781.59
21,3,2011,Antrópica → Natural,46183.66
21,3,2011,Natural → Antrópica,145357.49
22,2,2011,Antrópica → Natural,46572.47
22,2,2011,Natural → Antrópica,45409.82
22,3,2011,Antrópica → Natural,15520.73
22,3,2011,Natural → Antrópica,57192.85
23,2,2011,Antrópica → Natural,89568.85
23,2,2011,Natural → Antrópica,105667.18
24,2,2011,Antrópica → Natural,36698.05
24,2,2011,Natural → Antrópica,50801.51
24,4,2011,Antrópica → Natural,908.22
24,4,2011,Natural → Antrópica,1107.35
25,2,2011,Antrópica → Natural,39363.59
25,2,2011,Natural → Antrópica,54333.62
25,4,2011,Antrópica → Natural,1842.72
25,4,2011,Natural → Antrópica,1588.46
26,2,2011,Antrópica → Natural,35319.45
26,2,2011,Natural → Antrópica,98939.49
26,4,2011,Antrópica → Natural,6566.11
26,4,2011,Natural → Antrópica,10789.64
27,2,2011,Antrópica → Natural,14534.24
27,2,2011,Natural → Antrópica,10731.53
27,4,2011,Antrópica → Natural,4931.32
27,4,2011,Natural → Antrópica,7261.64
28,2,2011,Antrópica → Natural,11382.99
28,2,2011,Natural → Antrópica,12100.52
28,4,2011,Antrópica → Natural,4743.28
28,4,2011,Natural → Antrópica,5160.3
29,2,2011,Antrópica → Natural,176120.75
29,2,2011,Natural → Antrópica,278606.8
29,3,2011,Antrópica → Natural,15575.88
29,3,2011,Natural → Antrópica,97615.1
29,4,2011,Antrópica → Natural,58379.68
29,4,2011,Natural → Antrópica,63614.3
31,2,2011,Antrópica → Natural,15746.92
31,2,2011,Natural → Antrópica,28091.55
31,3,2011,Antrópica → Natural,122963.79
31,3,2011,Natural → Antrópica,194670.6
31,4,2011,Antrópica → Natural,164349.06
31,4,2011,Natural → Antrópica,124233.72
32,4,2011,Antrópica → Natural,22524.5
32,4,2011,Natural → Antrópica,23761.07
33,4,2011,Antrópica → Natural,37622.66
33,4,2011,Natural → Antrópica,17252.28
35,3,2011,Antrópica → Natural,9627.64
35,3,2011,Natural → Antrópica,15060.33
35,4,2011,Antrópica → Natural,52598.04
35,4,2011,Natural → Antrópica,44244.51
41,3,2011,Antrópica → Natural,569.89
41,3,2011,Natural → Antrópica,1431.53
41,4,2011,Antrópica → Natural,81571.66
41,4,2011,Natural → Antrópica,66358.06
42,4,2011,Antrópica → Natural,52780.2
42,4,2011,Natural → Antrópica,69870.53
43,4,2011,Antrópica → Natural,56460.62
43,4,2011,Natural → Antrópica,71887.87
43,5,2011,Antrópica → Natural,114895.77
43,5,2011,Natural → Antrópica,251793.09
50,3,2011,Antrópica → Natural,46032.18
50,3,2011,Natural → Antrópica,59137.2
50,4,2011,Antrópica → Natural,10669.8
50,4,2011,Natural → Antrópica,4629.6
50,6,2011,Antrópica → Natural,9517.69
50,6,2011,Natural → Antrópica,25253.39
51,1,2011,Antrópica → Natural,111240.61
51,1,2011,Natural → Antrópica,239040.26
51,3,2011,Antrópica → Natural,106004.29
51,3,2011,Natural → Antrópica,155792.13
51,6,2011,Antrópica → Natural,5339.16
51,6,2011,Natural → Antrópica,14352.72
52,3,2011,Antrópica → Natural,112764.68
52,3,2011,Natural → Antrópica,179599.36
52,4,2011,Antrópica → Natural,2636.57
52,4,2011,Natural → Antrópica,1256.16
53,3,2011,Antrópica → Natural,2397.39
53,3,2011,Natural → Antrópica,3010.31
11,1,2012,Antrópica → Natural,47899.54
11,1,2012,Natural → Antrópica,111229.04
11,3,2012,Antrópica → Natural,400.52
11,3,2012,Natural → Antrópica,1288.24
12,1,2012,Antrópica → Natural,13469.72
12,1,2012,Natural → Antrópica,37372.5
13,1,2012,Antrópica → Natural,58771.15
13,1,2012,Natural → Antrópica,60465.03
14,1,2012,Antrópica → Natural,20177.2
14,1,2012,Natural → Antrópica,27405.08
15,1,2012,Antrópica → Natural,301077.3
15,1,2012,Natural → Antrópica,397122.6
15,3,2012,Antrópica → Natural,4238.34
15,3,2012,Natural → Antrópica,10315.09
16,1,2012,Antrópica → Natural,3055.35
16,1,2012,Natural → Antrópica,4584.89
17,1,2012,Antrópica → Natural,14292.9
17,1,2012,Natural → Antrópica,12338.35
17,3,2012,Antrópica → Natural,61060.3
17,3,2012,Natural → Antrópica,245457.25
21,1,2012,Antrópica → Natural,77829.59
21,1,2012,Natural → Antrópica,175485.75
21,3,2012,Antrópica → Natural,40129.13
21,3,2012,Natural → Antrópica,234705.45
22,2,2012,Antrópica → Natural,44580.48
22,2,2012,Natural → Antrópica,55450.06
22,3,2012,Antrópica → Natural,14688.3
22,3,2012,Natural → Antrópica,178048.82
23,2,2012,Antrópica → Natural,67556.54
23,2,2012,Natural → Antrópica,159121.29
24,2,2012,Antrópica → Natural,30312.35
24,2,2012,Natural → Antrópica,68064.87
24,4,2012,Antrópica → Natural,913.6
24,4,2012,Natural → Antrópica,1240.18
25,2,2012,Antrópica → Natural,33295.98
25,2,2012,Natural → Antrópica,64224.81
25,4,2012,Antrópica → Natural,1893.58
25,4,2012,Natural → Antrópica,1603.39
26,2,2012,Antrópica → Natural,25399.66
26,2,2012,Natural → Antrópica,116437.42
26,4,2012,Antrópica → Natural,6341.4
26,4,2012,Natural → Antrópica,9435.55
27,2,2012,Antrópica → Natural,11129.64
27,2,2012,Natural → Antrópica,13607.26
27,4,2012,Antrópica → Natural,5368.57
27,4,2012,Natural → Antrópica,5915.39
28,2,2012,Antrópica → Natural,9202.67
28,2,2012,Natural → Antrópica,13407.73
28,4,2012,Antrópica → Natural,6386.71
28,4,2012,Natural → Antrópica,4787.5
29,2,2012,Antrópica → Natural,147691.61
29,2,2012,Natural → Antrópica,285455.7
29,3,2012,Antrópica → Natural,15306.39
29,3,2012,Natural → Antrópica,164273.89
29,4,2012,Antrópica → Natural,56884.68
29,4,2012,Natural → Antrópica,62614.35
31,2,2012,Antrópica → Natural,11416.58
31,2,2012,Natural → Antrópica,37161.15
31,3,2012,Antrópica → Natural,137543.27
31,3,2012,Natural → Antrópica,200652.46
31,4,2012,Antrópica → Natural,145220.36
31,4,2012,Natural → Antrópica,134132.6
32,4,2012,Antrópica → Natural,27077.83
32,4,2012,Natural → Antrópica,22385.77
33,4,2012,Antrópica → Natural,32387.9
33,4,2012,Natural → Antrópica,17181.88
35,3,2012,Antrópica → Natural,9260.73
35,3,2012,Natural → Antrópica,16039.66
35,4,2012,Antrópica → Natural,56064.47
35,4,2012,Natural → Antrópica,44899.57
41,3,2012,Antrópica → Natural,594.36
41,3,2012,Natural → Antrópica,1493.21
41,4,2012,Antrópica → Natural,87186.09
41,4,2012,Natural → Antrópica,68327.84
42,4,2012,Antrópica → Natural,57844.54
42,4,2012,Natural → Antrópica,70821.9
43,4,2012,Antrópica → Natural,58659.76
43,4,2012,Natural → Antrópica,80909.92
43,5,2012,Antrópica → Natural,122139.77
43,5,2012,Natural → Antrópica,255243.9
50,3,2012,Antrópica → Natural,57029.43
50,3,2012,Natural → Antrópica,57803.73
50,4,2012,Antrópica → Natural,10576.31
50,4,2012,Natural → Antrópica,4504.29
50,6,2012,Antrópica → Natural,8989.42
50,6,2012,Natural → Antrópica,27043.36
51,1,2012,Antrópica → Natural,127527.27
51,1,2012,Natural → Antrópica,196780.38
51,3,2012,Antrópica → Natural,98617.9
51,3,2012,Natural → Antrópica,177372.02
51,6,2012,Antrópica → Natural,5049.47
51,6,2012,Natural → Antrópica,12169.63
52,3,2012,Antrópica → Natural,96693.28
52,3,2012,Natural → Antrópica,188324.12
52,4,2012,Antrópica → Natural,1250.1
52,4,2012,Natural → Antrópica,4937.15
53,3,2012,Antrópica → Natural,2186.65
53,3,2012,Natural → Antrópica,2852.98
11,1,2013,Antrópica → Natural,47217.19
11,1,2013,Natural → Antrópica,131346.81
11,3,2013,Antrópica → Natural,491.2
11,3,2013,Natural → Antrópica,1039.46
12,1,2013,Antrópica → Natural,15589.62
12,1,2013,Natural → Antrópica,48254.97
13,1,2013,Antrópica → Natural,47892.24
13,1,2013,Natural → Antrópica,83722.64
14,1,2013,Antrópica → Natural,21874.41
14,1,2013,Natural → Antrópica,47947.72
15,1,2013,Antrópica → Natural,272395.33
15,1,2013,Natural → Antrópica,484268.97
15,3,2013,Antrópica → Natural,3594.54
15,3,2013,Natural → Antrópica,12318.66
16,1,2013,Antrópica → Natural,3504.66
16,1,2013,Natural → Antrópica,7241.65
17,1,2013,Antrópica → Natural,19848.39
17,1,2013,Natural → Antrópica,11790.01
17,3,2013,Antrópica → Natural,63550.19
17,3,2013,Natural → Antrópica,323911.29
21,1,2013,Antrópica → Natural,64846.47
21,1,2013,Natural → Antrópica,167444.7
21,3,2013,Antrópica → Natural,49180.33
21,3,2013,Natural → Antrópica,258368.34
22,2,2013,Antrópica → Natural,33467.58
22,2,2013,Natural → Antrópica,45483.78
22,3,2013,Antrópica → Natural,17670.87
22,3,2013,Natural → Antrópica,140405.63
23,2,2013,Antrópica → Natural,65733.87
23,2,2013,Natural → Antrópica,149428.05
24,2,2013,Antrópica → Natural,31370.57
24,2,2013,Natural → Antrópica,69362.84
24,4,2013,Antrópica → Natural,1517.46
24,4,2013,Natural → Antrópica,863.67
25,2,2013,Antrópica → Natural,27525.55
25,2,2013,Natural → Antrópica,64961.11
25,4,2013,Antrópica → Natural,1771.96
25,4,2013,Natural → Antrópica,1494.59
26,2,2013,Antrópica → Natural,27197.38
26,2,2013,Natural → Antrópica,66265.17
26,4,2013,Antrópica → Natural,7406.2
26,4,2013,Natural → Antrópica,7644.44
27,2,2013,Antrópica → Natural,9463.92
27,2,2013,Natural → Antrópica,11001.59
27,4,2013,Antrópica → Natural,4504.0
27,4,2013,Natural → Antrópica,4556.16
28,2,2013,Antrópica → Natural,7503.54
28,2,2013,Natural → Antrópica,11656.23
28,4,2013,Antrópica → Natural,6447.71
28,4,2013,Natural → Antrópica,4662.07
29,2,2013,Antrópica → Natural,133754.55
29,2,2013,Natural → Antrópica,289244.95
29,3,2013,Antrópica → Natural,14018.44
29,3,2013,Natural → Antrópica,131605.46
29,4,2013,Antrópica → Natural,57000.22
29,4,2013,Natural → Antrópica,69698.79
31,2,2013,Antrópica → Natural,12719.05
31,2,2013,Natural → Antrópica,35053.9
31,3,2013,Antrópica → Natural,129266.95
31,3,2013,Natural → Antrópica,226809.0
31,4,2013,Antrópica → Natural,135168.93
31,4,2013,Natural → Antrópica,160055.69
32,4,2013,Antrópica → Natural,23440.28
32,4,2013,Natural → Antrópica,24948.37
33,4,2013,Antrópica → Natural,27566.81
33,4,2013,Natural → Antrópica,16448.89
35,3,2013,Antrópica → Natural,9385.76
35,3,2013,Natural → Antrópica,15966.92
35,4,2013,Antrópica → Natural,61711.53
35,4,2013,Natural → Antrópica,45061.86
41,3,2013,Antrópica → Natural,593.48
41,3,2013,Natural → Antrópica,1605.96
41,4,2013,Antrópica → Natural,92797.66
41,4,2013,Natural → Antrópica,67389.51
42,4,2013,Antrópica → Natural,58170.29
42,4,2013,Natural → Antrópica,67148.28
43,4,2013,Antrópica → Natural,81549.58
43,4,2013,Natural → Antrópica,85249.76
43,5,2013,Antrópica → Natural,148755.43
43,5,2013,Natural → Antrópica,281007.79
50,3,2013,Antrópica → Natural,55776.61
50,3,2013,Natural → Antrópica,60236.46
50,4,2013,Antrópica → Natural,15199.1
50,4,2013,Natural → Antrópica,4775.74
50,6,2013,Antrópica → Natural,8706.06
50,6,2013,Natural → Antrópica,22521.37
51,1,2013,Antrópica → Natural,136136.31
51,1,2013,Natural → Antrópica,260371.92
51,3,2013,Antrópica → Natural,106179.84
51,3,2013,Natural → Antrópica,194546.57
51,6,2013,Antrópica → Natural,5424.98
51,6,2013,Natural → Antrópica,12141.45
52,3,2013,Antrópica → Natural,109346.87
52,3,2013,Natural → Antrópica,196672.57
52,4,2013,Antrópica → Natural,1858.13
52,4,2013,Natural → Antrópica,2394.32
53,3,2013,Antrópica → Natural,2537.73
53,3,2013,Natural → Antrópica,2288.8
11,1,2014,Antrópica → Natural,42514.69
11,1,2014,Natural → Antrópica,132561.46
11,3,2014,Antrópica → Natural,455.04
11,3,2014,Natural → Antrópica,1302.63
12,1,2014,Antrópica → Natural,15824.38
12,1,2014,Natural → Antrópica,49865.18
13,1,2014,Antrópica → Natural,33278.3
13,1,2014,Natural → Antrópica,83765.26
14,1,2014,Antrópica → Natural,16194.56
14,1,2014,Natural → Antrópica,64885.42
15,1,2014,Antrópica → Natural,236150.6
15,1,2014,Natural → Antrópica,464307.33
15,3,2014,Antrópica → Natural,4270.61
15,3,2014,Natural → Antrópica,16506.9
16,1,2014,Antrópica → Natural,1904.41
16,1,2014,Natural → Antrópica,6938.56
17,1,2014,Antrópica → Natural,22832.97
17,1,2014,Natural → Antrópica,10440.96
17,3,2014,Antrópica → Natural,67834.08
17,3,2014,Natural → Antrópica,287339.71
21,1,2014,Antrópica → Natural,83648.38
21,1,2014,Natural → Antrópica,125138.01
21,3,2014,Antrópica → Natural,39748.61
21,3,2014,Natural → Antrópica,202192.43
22,2,2014,Antrópica → Natural,33661.1
22,2,2014,Natural → Antrópica,45272.13
22,3,2014,Antrópica → Natural,14519.5
22,3,2014,Natural → Antrópica,109021.05
23,2,2014,Antrópica → Natural,80967.38
23,2,2014,Natural → Antrópica,120678.49
24,2,2014,Antrópica → Natural,35543.22
24,2,2014,Natural → Antrópica,54541.33
24,4,2014,Antrópica → Natural,1402.03
24,4,2014,Natural → Antrópica,730.47
25,2,2014,Antrópica → Natural,42070.15
25,2,2014,Natural → Antrópica,43840.63
25,4,2014,Antrópica → Natural,1871.67
25,4,2014,Natural → Antrópica,1299.38
26,2,2014,Antrópica → Natural,38968.85
26,2,2014,Natural → Antrópica,58632.1
26,4,2014,Antrópica → Natural,8235.74
26,4,2014,Natural → Antrópica,6063.53
27,2,2014,Antrópica → Natural,7434.55
27,2,2014,Natural → Antrópica,11611.06
27,4,2014,Antrópica → Natural,5397.73
27,4,2014,Natural → Antrópica,4016.63
28,2,2014,Antrópica → Natural,6525.5
28,2,2014,Natural → Antrópica,11732.31
28,4,2014,Antrópica → Natural,6692.27
28,4,2014,Natural → Antrópica,3659.66
29,2,2014,Antrópica → Natural,191606.87
29,2,2014,Natural → Antrópica,211093.29
29,3,2014,Antrópica → Natural,16517.88
29,3,2014,Natural → Antrópica,101935.45
29,4,2014,Antrópica → Natural,56279.43
29,4,2014,Natural → Antrópica,61453.87
31,2,2014,Antrópica → Natural,13699.57
31,2,2014,Natural → Antrópica,25930.31
31,3,2014,Antrópica → Natural,132588.1
31,3,2014,Natural → Antrópica,211237.57
31,4,2014,Antrópica → Natural,121729.02
31,4,2014,Natural → Antrópica,160900.11
32,4,2014,Antrópica → Natural,20155.4
32,4,2014,Natural → Antrópica,27074.31
33,4,2014,Antrópica → Natural,24970.44
33,4,2014,Natural → Antrópica,19806.1
35,3,2014,Antrópica → Natural,8427.5
35,3,2014,Natural → Antrópica,13960.92
35,4,2014,Antrópica → Natural,61408.56
35,4,2014,Natural → Antrópica,55647.68
41,3,2014,Antrópica → Natural,647.72
41,3,2014,Natural → Antrópica,1438.6
41,4,2014,Antrópica → Natural,87244.95
41,4,2014,Natural → Antrópica,68859.53
42,4,2014,Antrópica → Natural,56131.68
42,4,2014,Natural → Antrópica,66778.52
43,4,2014,Antrópica → Natural,57872.81
43,4,2014,Natural → Antrópica,72080.58
43,5,2014,Antrópica → Natural,124143.13
43,5,2014,Natural → Antrópica,208613.9
50,3,2014,Antrópica → Natural,47418.75
50,3,2014,Natural → Antrópica,57547.19
50,4,2014,Antrópica → Natural,16120.09
50,4,2014,Natural → Antrópica,4535.93
50,6,2014,Antrópica → Natural,11406.03
50,6,2014,Natural → Antrópica,16844.13
51,1,2014,Antrópica → Natural,97908.47
51,1,2014,Natural → Antrópica,239644.14
51,3,2014,Antrópica → Natural,92495.27
51,3,2014,Natural → Antrópica,184489.89
51,6,2014,Antrópica → Natural,7792.07
51,6,2014,Natural → Antrópica,13351.83
52,3,2014,Antrópica → Natural,95950.01
52,3,2014,Natural → Antrópica,179265.07
52,4,2014,Antrópica → Natural,1711.54
52,4,2014,Natural → Antrópica,4084.6
53,3,2014,Antrópica → Natural,1871.57
53,3,2014,Natural → Antrópica,2581.07
11,1,2015,Antrópica → Natural,42715.74
11,1,2015,Natural → Antrópica,180846.38
11,3,2015,Antrópica → Natural,578.73
11,3,2015,Natural → Antrópica,2100.09
12,1,2015,Antrópica → Natural,12530.26
12,1,2015,Natural → Antrópica,56387.75
13,1,2015,Antrópica → Natural,36354.0
13,1,2015,Natural → Antrópica,132075.94
14,1,2015,Antrópica → Natural,17235.18
14,1,2015,Natural → Antrópica,60676.02
15,1,2015,Antrópica → Natural,222956.06
15,1,2015,Natural → Antrópica,540112.94
15,3,2015,Antrópica → Natural,6578.66
15,3,2015,Natural → Antrópica,14480.23
16,1,2015,Antrópica → Natural,2068.42
16,1,2015,Natural → Antrópica,8224.9
17,1,2015,Antrópica → Natural,11545.1
17,1,2015,Natural → Antrópica,16217.83
17,3,2015,Antrópica → Natural,67331.52
17,3,2015,Natural → Antrópica,273452.17
21,1,2015,Antrópica → Natural,106177.8
21,1,2015,Natural → Antrópica,123343.14
21,3,2015,Antrópica → Natural,47082.35
21,3,2015,Natural → Antrópica,198808.71
22,2,2015,Antrópica → Natural,40932.65
22,2,2015,Natural → Antrópica,39329.33
22,3,2015,Antrópica → Natural,22750.75
22,3,2015,Natural → Antrópica,87848.31
23,2,2015,Antrópica → Natural,64411.45
23,2,2015,Natural → Antrópica,130670.72
24,2,2015,Antrópica → Natural,26390.52
24,2,2015,Natural → Antrópica,50544.07
24,4,2015,Antrópica → Natural,1046.57
24,4,2015,Natural → Antrópica,781.99
25,2,2015,Antrópica → Natural,31059.17
25,2,2015,Natural → Antrópica,52313.68
25,4,2015,Antrópica → Natural,1771.85
25,4,2015,Natural → Antrópica,1356.65
26,2,2015,Antrópica → Natural,33940.41
26,2,2015,Natural → Antrópica,59847.65
26,4,2015,Antrópica → Natural,6280.46
26,4,2015,Natural → Antrópica,6865.25
27,2,2015,Antrópica → Natural,9600.65
27,2,2015,Natural → Antrópica,10837.7
27,4,2015,Antrópica → Natural,5253.59
27,4,2015,Natural → Antrópica,3692.98
28,2,2015,Antrópica → Natural,7568.82
28,2,2015,Natural → Antrópica,9087.41
28,4,2015,Antrópica → Natural,5483.88
28,4,2015,Natural → Antrópica,3620.92
29,2,2015,Antrópica → Natural,172755.68
29,2,2015,Natural → Antrópica,279232.3
29,3,2015,Antrópica → Natural,18435.05
29,3,2015,Natural → Antrópica,83852.92
29,4,2015,Antrópica → Natural,51897.36
29,4,2015,Natural → Antrópica,56015.96
31,2,2015,Antrópica → Natural,8462.71
31,2,2015,Natural → Antrópica,25141.35
31,3,2015,Antrópica → Natural,131872.81
31,3,2015,Natural → Antrópica,193890.92
31,4,2015,Antrópica → Natural,114409.08
31,4,2015,Natural → Antrópica,174561.05
32,4,2015,Antrópica → Natural,20645.7
32,4,2015,Natural → Antrópica,37923.06
33,4,2015,Antrópica → Natural,23862.86
33,4,2015,Natural → Antrópica,37342.04
35,3,2015,Antrópica → Natural,8361.17
35,3,2015,Natural → Antrópica,13365.02
35,4,2015,Antrópica → Natural,61949.39
35,4,2015,Natural → Antrópica,47518.87
41,3,2015,Antrópica → Natural,750.16
41,3,2015,Natural → Antrópica,1813.77
41,4,2015,Antrópica → Natural,83206.9
41,4,2015,Natural → Antrópica,65401.63
42,4,2015,Antrópica → Natural,59790.89
42,4,2015,Natural → Antrópica,67630.02
43,4,2015,Antrópica → Natural,56776.47
43,4,2015,Natural → Antrópica,78576.37
43,5,2015,Antrópica → Natural,142589.47
43,5,2015,Natural → Antrópica,198867.65
50,3,2015,Antrópica → Natural,40033.83
50,3,2015,Natural → Antrópica,55991.64
50,4,2015,Antrópica → Natural,11669.31
50,4,2015,Natural → Antrópica,4943.1
50,6,2015,Antrópica → Natural,9509.36
50,6,2015,Natural → Antrópica,15388.18
51,1,2015,Antrópica → Natural,115271.58
51,1,2015,Natural → Antrópica,281845.15
51,3,2015,Antrópica → Natural,98963.57
51,3,2015,Natural → Antrópica,191499.16
51,6,2015,Antrópica → Natural,6214.47
51,6,2015,Natural → Antrópica,14432.89
52,3,2015,Antrópica → Natural,100556.88
52,3,2015,Natural → Antrópica,184709.75
52,4,2015,Antrópica → Natural,1724.25
52,4,2015,Natural → Antrópica,1334.59
53,3,2015,Antrópica → Natural,1956.06
53,3,2015,Natural → Antrópica,3306.12
11,1,2016,Antrópica → Natural,35150.56
11,1,2016,Natural → Antrópica,203454.12
11,3,2016,Antrópica → Natural,456.4
11,3,2016,Natural → Antrópica,1997.85
12,1,2016,Antrópica → Natural,17609.53
12,1,2016,Natural → Antrópica,49492.72
13,1,2016,Antrópica → Natural,33139.73
13,1,2016,Natural → Antrópica,182376.65
14,1,2016,Antrópica → Natural,22033.71
14,1,2016,Natural → Antrópica,61910.61
15,1,2016,Antrópica → Natural,238928.97
15,1,2016,Natural → Antrópica,609784.79
15,3,2016,Antrópica → Natural,4681.06
15,3,2016,Natural → Antrópica,20279.01
16,1,2016,Antrópica → Natural,3992.68
16,1,2016,Natural → Antrópica,15102.21
17,1,2016,Antrópica → Natural,15956.16
17,1,2016,Natural → Antrópica,17565.55
17,3,2016,Antrópica → Natural,73944.05
17,3,2016,Natural → Antrópica,229078.15
21,1,2016,Antrópica → Natural,127455.72
21,1,2016,Natural → Antrópica,114531.98
21,3,2016,Antrópica → Natural,47601.08
21,3,2016,Natural → Antrópica,195218.92
22,2,2016,Antrópica → Natural,39475.92
22,2,2016,Natural → Antrópica,42453.74
22,3,2016,Antrópica → Natural,20862.65
22,3,2016,Natural → Antrópica,54953.76
23,2,2016,Antrópica → Natural,71314.09
23,2,2016,Natural → Antrópica,111026.01
24,2,2016,Antrópica → Natural,31390.38
24,2,2016,Natural → Antrópica,39906.53
24,4,2016,Antrópica → Natural,989.42
24,4,2016,Natural → Antrópica,755.03
25,2,2016,Antrópica → Natural,31245.51
25,2,2016,Natural → Antrópica,47462.37
25,4,2016,Antrópica → Natural,1694.71
25,4,2016,Natural → Antrópica,1264.27
26,2,2016,Antrópica → Natural,41187.21
26,2,2016,Natural → Antrópica,46559.41
26,4,2016,Antrópica → Natural,5588.5
26,4,2016,Natural → Antrópica,7185.46
27,2,2016,Antrópica → Natural,9780.23
27,2,2016,Natural → Antrópica,8246.68
27,4,2016,Antrópica → Natural,4350.2
27,4,2016,Natural → Antrópica,4583.39
28,2,2016,Antrópica → Natural,6597.39
28,2,2016,Natural → Antrópica,8108.37
28,4,2016,Antrópica → Natural,3383.92
28,4,2016,Natural → Antrópica,5071.02
29,2,2016,Antrópica → Natural,202966.21
29,2,2016,Natural → Antrópica,182439.37
29,3,2016,Antrópica → Natural,15999.49
29,3,2016,Natural → Antrópica,72328.1
29,4,2016,Antrópica → Natural,49528.51
29,4,2016,Natural → Antrópica,64541.69
31,2,2016,Antrópica → Natural,12427.82
31,2,2016,Natural → Antrópica,14499.41
31,3,2016,Antrópica → Natural,131863.02
31,3,2016,Natural → Antrópica,177078.18
31,4,2016,Antrópica → Natural,100173.09
31,4,2016,Natural → Antrópica,150890.88
32,4,2016,Antrópica → Natural,15252.93
32,4,2016,Natural → Antrópica,38855.38
33,4,2016,Antrópica → Natural,18568.36
33,4,2016,Natural → Antrópica,24017.02
35,3,2016,Antrópica → Natural,8826.64
35,3,2016,Natural → Antrópica,11508.88
35,4,2016,Antrópica → Natural,70100.01
35,4,2016,Natural → Antrópica,38842.09
41,3,2016,Antrópica → Natural,534.9
41,3,2016,Natural → Antrópica,1672.6
41,4,2016,Antrópica → Natural,83315.56
41,4,2016,Natural → Antrópica,61461.91
42,4,2016,Antrópica → Natural,39264.42
42,4,2016,Natural → Antrópica,58489.03
43,4,2016,Antrópica → Natural,44739.29
43,4,2016,Natural → Antrópica,66453.54
43,5,2016,Antrópica → Natural,122728.05
43,5,2016,Natural → Antrópica,175996.48
50,3,2016,Antrópica → Natural,43796.89
50,3,2016,Natural → Antrópica,67721.97
50,4,2016,Antrópica → Natural,11290.34
50,4,2016,Natural → Antrópica,6252.91
50,6,2016,Antrópica → Natural,8966.56
50,6,2016,Natural → Antrópica,24051.47
51,1,2016,Antrópica → Natural,98043.54
51,1,2016,Natural → Antrópica,217178.85
51,3,2016,Antrópica → Natural,96145.13
51,3,2016,Natural → Antrópica,183614.36
51,6,2016,Antrópica → Natural,6572.23
51,6,2016,Natural → Antrópica,18081.2
52,3,2016,Antrópica → Natural,93776.27
52,3,2016,Natural → Antrópica,161659.76
52,4,2016,Antrópica → Natural,3402.94
52,4,2016,Natural → Antrópica,1023.38
53,3,2016,Antrópica → Natural,2189.1
53,3,2016,Natural → Antrópica,2769.31
11,1,2017,Antrópica → Natural,35628.52
11,1,2017,Natural → Antrópica,184183.12
11,3,2017,Antrópica → Natural,515.13
11,3,2017,Natural → Antrópica,1278.54
12,1,2017,Antrópica → Natural,20266.96
12,1,2017,Natural → Antrópica,54926.58
13,1,2017,Antrópica → Natural,41657.06
13,1,2017,Natural → Antrópica,127252.09
14,1,2017,Antrópica → Natural,23477.11
14,1,2017,Natural → Antrópica,44110.87
15,1,2017,Antrópica → Natural,208978.48
15,1,2017,Natural → Antrópica,500081.24
15,3,2017,Antrópica → Natural,6423.91
15,3,2017,Natural → Antrópica,13694.94
16,1,2017,Antrópica → Natural,2703.19
16,1,2017,Natural → Antrópica,10012.28
17,1,2017,Antrópica → Natural,9648.14
17,1,2017,Natural → Antrópica,14726.96
17,3,2017,Antrópica → Natural,76418.64
17,3,2017,Natural → Antrópica,219130.07
21,1,2017,Antrópica → Natural,119318.89
21,1,2017,Natural → Antrópica,78129.16
21,3,2017,Antrópica → Natural,60886.14
21,3,2017,Natural → Antrópica,186363.21
22,2,2017,Antrópica → Natural,35972.32
22,2,2017,Natural → Antrópica,44895.31
22,3,2017,Antrópica → Natural,23269.06
22,3,2017,Natural → Antrópica,58207.41
23,2,2017,Antrópica → Natural,118822.36
23,2,2017,Natural → Antrópica,123772.87
24,2,2017,Antrópica → Natural,40337.85
24,2,2017,Natural → Antrópica,44730.3
24,4,2017,Antrópica → Natural,842.73
24,4,2017,Natural → Antrópica,1011.74
25,2,2017,Antrópica → Natural,33364.66
25,2,2017,Natural → Antrópica,47376.48
25,4,2017,Antrópica → Natural,1176.45
25,4,2017,Natural → Antrópica,1673.26
26,2,2017,Antrópica → Natural,49985.6
26,2,2017,Natural → Antrópica,46969.16
26,4,2017,Antrópica → Natural,6143.14
26,4,2017,Natural → Antrópica,7913.98
27,2,2017,Antrópica → Natural,7722.31
27,2,2017,Natural → Antrópica,8497.78
27,4,2017,Antrópica → Natural,4145.82
27,4,2017,Natural → Antrópica,6070.75
28,2,2017,Antrópica → Natural,6845.73
28,2,2017,Natural → Antrópica,7506.68
28,4,2017,Antrópica → Natural,3692.58
28,4,2017,Natural → Antrópica,7069.87
29,2,2017,Antrópica → Natural,211289.16
29,2,2017,Natural → Antrópica,196416.01
29,3,2017,Antrópica → Natural,24727.93
29,3,2017,Natural → Antrópica,64570.65
29,4,2017,Antrópica → Natural,45060.59
29,4,2017,Natural → Antrópica,79101.0
31,2,2017,Antrópica → Natural,12231.37
31,2,2017,Natural → Antrópica,15125.38
31,3,2017,Antrópica → Natural,125395.16
31,3,2017,Natural → Antrópica,164352.11
31,4,2017,Antrópica → Natural,91628.28
31,4,2017,Natural → Antrópica,143914.72
32,4,2017,Antrópica → Natural,16421.44
32,4,2017,Natural → Antrópica,33137.63
33,4,2017,Antrópica → Natural,13929.37
33,4,2017,Natural → Antrópica,21449.72
35,3,2017,Antrópica → Natural,7686.83
35,3,2017,Natural → Antrópica,12244.04
35,4,2017,Antrópica → Natural,49067.29
35,4,2017,Natural → Antrópica,49355.63
41,3,2017,Antrópica → Natural,498.34
41,3,2017,Natural → Antrópica,1590.8
41,4,2017,Antrópica → Natural,84195.2
41,4,2017,Natural → Antrópica,67435.99
42,4,2017,Antrópica → Natural,38243.59
42,4,2017,Natural → Antrópica,64713.55
43,4,2017,Antrópica → Natural,47555.69
43,4,2017,Natural → Antrópica,70406.69
43,5,2017,Antrópica → Natural,114315.75
43,5,2017,Natural → Antrópica,214062.68
50,3,2017,Antrópica → Natural,39866.05
50,3,2017,Natural → Antrópica,58890.52
50,4,2017,Antrópica → Natural,8489.46
50,4,2017,Natural → Antrópica,6689.18
50,6,2017,Antrópica → Natural,8632.38
50,6,2017,Natural → Antrópica,18301.54
51,1,2017,Antrópica → Natural,112682.23
51,1,2017,Natural → Antrópica,231359.1
51,3,2017,Antrópica → Natural,99857.71
51,3,2017,Natural → Antrópica,175064.78
51,6,2017,Antrópica → Natural,6307.12
51,6,2017,Natural → Antrópica,12986.26
52,3,2017,Antrópica → Natural,91399.36
52,3,2017,Natural → Antrópica,174617.72
52,4,2017,Antrópica → Natural,1291.13
52,4,2017,Natural → Antrópica,1664.99
53,3,2017,Antrópica → Natural,1542.82
53,3,2017,Natural → Antrópica,2878.21
11,1,2018,Antrópica → Natural,34810.42
11,1,2018,Natural → Antrópica,166634.17
11,3,2018,Antrópica → Natural,1193.57
11,3,2018,Natural → Antrópica,1142.23
12,1,2018,Antrópica → Natural,14909.58
12,1,2018,Natural → Antrópica,62436.31
13,1,2018,Antrópica → Natural,59563.56
13,1,2018,Natural → Antrópica,118197.78
14,1,2018,Antrópica → Natural,22414.63
14,1,2018,Natural → Antrópica,55775.77
15,1,2018,Antrópica → Natural,251946.54
15,1,2018,Natural → Antrópica,550556.37
15,3,2018,Antrópica → Natural,4325.91
15,3,2018,Natural → Antrópica,18436.87
16,1,2018,Antrópica → Natural,6671.86
16,1,2018,Natural → Antrópica,7170.08
17,1,2018,Antrópica → Natural,10874.74
17,1,2018,Natural → Antrópica,15117.3
17,3,2018,Antrópica → Natural,82773.23
17,3,2018,Natural → Antrópica,220550.71
21,1,2018,Antrópica → Natural,124984.5
21,1,2018,Natural → Antrópica,73517.37
21,3,2018,Antrópica → Natural,60572.43
21,3,2018,Natural → Antrópica,183736.48
22,2,2018,Antrópica → Natural,50806.99
22,2,2018,Natural → Antrópica,45820.56
22,3,2018,Antrópica → Natural,24382.61
22,3,2018,Natural → Antrópica,67245.15
23,2,2018,Antrópica → Natural,102793.6
23,2,2018,Natural → Antrópica,116451.9
24,2,2018,Antrópica → Natural,47881.65
24,2,2018,Natural → Antrópica,46254.5
24,4,2018,Antrópica → Natural,812.99
24,4,2018,Natural → Antrópica,1141.65
25,2,2018,Antrópica → Natural,48213.86
25,2,2018,Natural → Antrópica,53401.68
25,4,2018,Antrópica → Natural,1036.45
25,4,2018,Natural → Antrópica,1751.42
26,2,2018,Antrópica → Natural,71909.46
26,2,2018,Natural → Antrópica,55212.59
26,4,2018,Antrópica → Natural,6006.48
26,4,2018,Natural → Antrópica,7724.54
27,2,2018,Antrópica → Natural,13347.12
27,2,2018,Natural → Antrópica,9833.05
27,4,2018,Antrópica → Natural,4322.29
27,4,2018,Natural → Antrópica,5583.5
28,2,2018,Antrópica → Natural,8203.39
28,2,2018,Natural → Antrópica,8456.8
28,4,2018,Antrópica → Natural,3152.91
28,4,2018,Natural → Antrópica,7280.15
29,2,2018,Antrópica → Natural,236246.93
29,2,2018,Natural → Antrópica,207855.24
29,3,2018,Antrópica → Natural,18007.01
29,3,2018,Natural → Antrópica,76576.22
29,4,2018,Antrópica → Natural,42931.25
29,4,2018,Natural → Antrópica,69945.32
31,2,2018,Antrópica → Natural,23810.56
31,2,2018,Natural → Antrópica,15096.34
31,3,2018,Antrópica → Natural,139107.52
31,3,2018,Natural → Antrópica,165932.37
31,4,2018,Antrópica → Natural,96356.35
31,4,2018,Natural → Antrópica,143532.12
32,4,2018,Antrópica → Natural,19476.4
32,4,2018,Natural → Antrópica,25009.82
33,4,2018,Antrópica → Natural,18343.55
33,4,2018,Natural → Antrópica,22297.78
35,3,2018,Antrópica → Natural,6782.11
35,3,2018,Natural → Antrópica,11652.71
35,4,2018,Antrópica → Natural,49140.14
35,4,2018,Natural → Antrópica,47509.64
41,3,2018,Antrópica → Natural,473.12
41,3,2018,Natural → Antrópica,1456.04
41,4,2018,Antrópica → Natural,81517.32
41,4,2018,Natural → Antrópica,66786.86
42,4,2018,Antrópica → Natural,42657.37
42,4,2018,Natural → Antrópica,72465.67
43,4,2018,Antrópica → Natural,44153.05
43,4,2018,Natural → Antrópica,79892.32
43,5,2018,Antrópica → Natural,98653.79
43,5,2018,Natural → Antrópica,220426.44
50,3,2018,Antrópica → Natural,35675.45
50,3,2018,Natural → Antrópica,62524.64
50,4,2018,Antrópica → Natural,8562.4
50,4,2018,Natural → Antrópica,6210.17
50,6,2018,Antrópica → Natural,16534.67
50,6,2018,Natural → Antrópica,18224.76
51,1,2018,Antrópica → Natural,102540.38
51,1,2018,Natural → Antrópica,246805.84
51,3,2018,Antrópica → Natural,102863.96
51,3,2018,Natural → Antrópica,158253.93
51,6,2018,Antrópica → Natural,9135.22
51,6,2018,Natural → Antrópica,13198.39
52,3,2018,Antrópica → Natural,102218.39
52,3,2018,Natural → Antrópica,158757.44
52,4,2018,Antrópica → Natural,2691.31
52,4,2018,Natural → Antrópica,806.84
53,3,2018,Antrópica → Natural,1471.21
53,3,2018,Natural → Antrópica,3033.57
11,1,2019,Antrópica → Natural,32683.32
11,1,2019,Natural → Antrópica,229788.25
11,3,2019,Antrópica → Natural,1399.94
11,3,2019,Natural → Antrópica,1644.39
12,1,2019,Antrópica → Natural,15834.86
12,1,2019,Natural → Antrópica,105304.15
13,1,2019,Antrópica → Natural,64308.77
13,1,2019,Natural → Antrópica,208353.6
14,1,2019,Antrópica → Natural,24319.51
14,1,2019,Natural → Antrópica,73385.91
15,1,2019,Antrópica → Natural,243027.27
15,1,2019,Natural → Antrópica,765438.26
15,3,2019,Antrópica → Natural,5024.88
15,3,2019,Natural → Antrópica,16408.99
16,1,2019,Antrópica → Natural,5048.81
16,1,2019,Natural → Antrópica,8323.76
17,1,2019,Antrópica → Natural,8983.43
17,1,2019,Natural → Antrópica,15782.16
17,3,2019,Antrópica → Natural,83275.34
17,3,2019,Natural → Antrópica,249734.58
21,1,2019,Antrópica → Natural,136200.09
21,1,2019,Natural → Antrópica,105058.6
21,3,2019,Antrópica → Natural,50189.23
21,3,2019,Natural → Antrópica,229660.23
22,2,2019,Antrópica → Natural,52376.46
22,2,2019,Natural → Antrópica,49939.53
22,3,2019,Antrópica → Natural,23050.37
22,3,2019,Natural → Antrópica,114640.84
23,2,2019,Antrópica → Natural,81929.01
23,2,2019,Natural → Antrópica,109825.89
24,2,2019,Antrópica → Natural,42115.67
24,2,2019,Natural → Antrópica,48133.16
24,4,2019,Antrópica → Natural,881.16
24,4,2019,Natural → Antrópica,1399.63
25,2,2019,Antrópica → Natural,36854.17
25,2,2019,Natural → Antrópica,56518.26
25,4,2019,Antrópica → Natural,826.42
25,4,2019,Natural → Antrópica,1703.84
26,2,2019,Antrópica → Natural,59672.33
26,2,2019,Natural → Antrópica,57060.2
26,4,2019,Antrópica → Natural,5088.22
26,4,2019,Natural → Antrópica,7535.02
27,2,2019,Antrópica → Natural,10085.74
27,2,2019,Natural → Antrópica,11913.17
27,4,2019,Antrópica → Natural,3954.52
27,4,2019,Natural → Antrópica,4553.99
28,2,2019,Antrópica → Natural,8518.8
28,2,2019,Natural → Antrópica,9276.18
28,4,2019,Antrópica → Natural,3173.84
28,4,2019,Natural → Antrópica,5888.21
29,2,2019,Antrópica → Natural,219467.32
29,2,2019,Natural → Antrópica,214373.16
29,3,2019,Antrópica → Natural,16853.72
29,3,2019,Natural → Antrópica,114702.04
29,4,2019,Antrópica → Natural,41019.18
29,4,2019,Natural → Antrópica,67090.93
31,2,2019,Antrópica → Natural,19737.35
31,2,2019,Natural → Antrópica,21909.87
31,3,2019,Antrópica → Natural,135857.79
31,3,2019,Natural → Antrópica,160675.88
31,4,2019,Antrópica → Natural,83906.7
31,4,2019,Natural → Antrópica,144097.3
32,4,2019,Antrópica → Natural,18300.68
32,4,2019,Natural → Antrópica,22695.98
33,4,2019,Antrópica → Natural,16191.45
33,4,2019,Natural → Antrópica,18788.17
35,3,2019,Antrópica → Natural,6448.27
35,3,2019,Natural → Antrópica,12037.22
35,4,2019,Antrópica → Natural,45298.65
35,4,2019,Natural → Antrópica,47624.98
41,3,2019,Antrópica → Natural,370.16
41,3,2019,Natural → Antrópica,2058.46
41,4,2019,Antrópica → Natural,71170.53
41,4,2019,Natural → Antrópica,71248.33
42,4,2019,Antrópica → Natural,38202.96
42,4,2019,Natural → Antrópica,68498.81
43,4,2019,Antrópica → Natural,40790.66
43,4,2019,Natural → Antrópica,78100.84
43,5,2019,Antrópica → Natural,106778.98
43,5,2019,Natural → Antrópica,254484.61
50,3,2019,Antrópica → Natural,35107.1
50,3,2019,Natural → Antrópica,72180.45
50,4,2019,Antrópica → Natural,7448.98
50,4,2019,Natural → Antrópica,14862.68
50,6,2019,Antrópica → Natural,10860.92
50,6,2019,Natural → Antrópica,52216.68
51,1,2019,Antrópica → Natural,93402.44
51,1,2019,Natural → Antrópica,326113.93
51,3,2019,Antrópica → Natural,88933.16
51,3,2019,Natural → Antrópica,191713.88
51,6,2019,Antrópica → Natural,8228.94
51,6,2019,Natural → Antrópica,19282.12
52,3,2019,Antrópica → Natural,95553.27
52,3,2019,Natural → Antrópica,167051.45
52,4,2019,Antrópica → Natural,1297.8
52,4,2019,Natural → Antrópica,1213.24
53,3,2019,Antrópica → Natural,1477.4
53,3,2019,Natural → Antrópica,2873.46
11,1,2020,Antrópica → Natural,32692.93
11,1,2020,Natural → Antrópica,204713.99
11,3,2020,Antrópica → Natural,1607.32
11,3,2020,Natural → Antrópica,2699.4
12,1,2020,Antrópica → Natural,13569.78
12,1,2020,Natural → Antrópica,100858.34
13,1,2020,Antrópica → Natural,43759.17
13,1,2020,Natural → Antrópica,200273.19
14,1,2020,Antrópica → Natural,22022.82
14,1,2020,Natural → Antrópica,58458.86
15,1,2020,Antrópica → Natural,223677.14
15,1,2020,Natural → Antrópica,733400.14
15,3,2020,Antrópica → Natural,4242.42
15,3,2020,Natural → Antrópica,17662.85
16,1,2020,Antrópica → Natural,4030.1
16,1,2020,Natural → Antrópica,4734.23
17,1,2020,Antrópica → Natural,13234.59
17,1,2020,Natural → Antrópica,10220.35
17,3,2020,Antrópica → Natural,83902.62
17,3,2020,Natural → Antrópica,252772.93
21,1,2020,Antrópica → Natural,81902.01
21,1,2020,Natural → Antrópica,100217.0
21,3,2020,Antrópica → Natural,53979.26
21,3,2020,Natural → Antrópica,355234.18
22,2,2020,Antrópica → Natural,63605.19
22,2,2020,Natural → Antrópica,54281.05
22,3,2020,Antrópica → Natural,17750.31
22,3,2020,Natural → Antrópica,145707.76
23,2,2020,Antrópica → Natural,86309.0
23,2,2020,Natural → Antrópica,126769.1
24,2,2020,Antrópica → Natural,46735.63
24,2,2020,Natural → Antrópica,45827.86
24,4,2020,Antrópica → Natural,745.16
24,4,2020,Natural → Antrópica,1106.87
25,2,2020,Antrópica → Natural,46138.79
25,2,2020,Natural → Antrópica,51702.72
25,4,2020,Antrópica → Natural,971.91
25,4,2020,Natural → Antrópica,1762.88
26,2,2020,Antrópica → Natural,71517.65
26,2,2020,Natural → Antrópica,67811.7
26,4,2020,Antrópica → Natural,4517.6
26,4,2020,Natural → Antrópica,9148.32
27,2,2020,Antrópica → Natural,13404.21
27,2,2020,Natural → Antrópica,11779.66
27,4,2020,Antrópica → Natural,3549.29
27,4,2020,Natural → Antrópica,5447.45
28,2,2020,Antrópica → Natural,7757.14
28,2,2020,Natural → Antrópica,11034.36
28,4,2020,Antrópica → Natural,2784.94
28,4,2020,Natural → Antrópica,6382.69
29,2,2020,Antrópica → Natural,287891.03
29,2,2020,Natural → Antrópica,247388.67
29,3,2020,Antrópica → Natural,16688.15
29,3,2020,Natural → Antrópica,139567.84
29,4,2020,Antrópica → Natural,38962.45
29,4,2020,Natural → Antrópica,64448.76
31,2,2020,Antrópica → Natural,14175.62
31,2,2020,Natural → Antrópica,23282.67
31,3,2020,Antrópica → Natural,127745.34
31,3,2020,Natural → Antrópica,186059.13
31,4,2020,Antrópica → Natural,70778.27
31,4,2020,Natural → Antrópica,133666.6
32,4,2020,Antrópica → Natural,23100.64
32,4,2020,Natural → Antrópica,20475.16
33,4,2020,Antrópica → Natural,16202.07
33,4,2020,Natural → Antrópica,19722.0
35,3,2020,Antrópica → Natural,6432.65
35,3,2020,Natural → Antrópica,11157.74
35,4,2020,Antrópica → Natural,40745.54
35,4,2020,Natural → Antrópica,48223.37
41,3,2020,Antrópica → Natural,312.54
41,3,2020,Natural → Antrópica,1184.95
41,4,2020,Antrópica → Natural,67933.92
41,4,2020,Natural → Antrópica,65991.36
42,4,2020,Antrópica → Natural,30981.49
42,4,2020,Natural → Antrópica,54962.22
43,4,2020,Antrópica → Natural,31136.95
43,4,2020,Natural → Antrópica,63077.53
43,5,2020,Antrópica → Natural,122974.3
43,5,2020,Natural → Antrópica,225621.95
50,3,2020,Antrópica → Natural,33912.12
50,3,2020,Natural → Antrópica,77311.27
50,4,2020,Antrópica → Natural,7066.55
50,4,2020,Natural → Antrópica,8488.48
50,6,2020,Antrópica → Natural,13004.71
50,6,2020,Natural → Antrópica,62143.54
51,1,2020,Antrópica → Natural,88246.54
51,1,2020,Natural → Antrópica,293308.85
51,3,2020,Antrópica → Natural,91754.94
51,3,2020,Natural → Antrópica,171555.71
51,6,2020,Antrópica → Natural,8470.65
51,6,2020,Natural → Antrópica,23796.85
52,3,2020,Antrópica → Natural,110725.56
52,3,2020,Natural → Antrópica,179409.56
52,4,2020,Antrópica → Natural,1843.02
52,4,2020,Natural → Antrópica,1049.78
53,3,2020,Antrópica → Natural,1337.73
53,3,2020,Natural → Antrópica,3754.44
11,1,2021,Antrópica → Natural,25536.32
11,1,2021,Natural → Antrópica,233963.87
11,3,2021,Antrópica → Natural,1569.26
11,3,2021,Natural → Antrópica,1921.05
12,1,2021,Antrópica → Natural,12161.47
12,1,2021,Natural → Antrópica,119931.69
13,1,2021,Antrópica → Natural,54579.77
13,1,2021,Natural → Antrópica,298298.02
14,1,2021,Antrópica → Natural,23606.03
14,1,2021,Natural → Antrópica,63452.11
15,1,2021,Antrópica → Natural,202867.75
15,1,2021,Natural → Antrópica,835136.89
15,3,2021,Antrópica → Natural,4987.1
15,3,2021,Natural → Antrópica,21194.46
16,1,2021,Antrópica → Natural,3637.08
16,1,2021,Natural → Antrópica,3461.33
17,1,2021,Antrópica → Natural,10111.79
17,1,2021,Natural → Antrópica,11523.97
17,3,2021,Antrópica → Natural,88015.37
17,3,2021,Natural → Antrópica,219110.45
21,1,2021,Antrópica → Natural,67556.19
21,1,2021,Natural → Antrópica,90724.42
21,3,2021,Antrópica → Natural,56102.37
21,3,2021,Natural → Antrópica,307225.34
22,2,2021,Antrópica → Natural,35802.2
22,2,2021,Natural → Antrópica,66574.89
22,3,2021,Antrópica → Natural,18170.89
22,3,2021,Natural → Antrópica,119162.76
23,2,2021,Antrópica → Natural,60306.72
23,2,2021,Natural → Antrópica,142042.01
24,2,2021,Antrópica → Natural,21627.9
24,2,2021,Natural → Antrópica,54373.91
24,4,2021,Antrópica → Natural,677.22
24,4,2021,Natural → Antrópica,1274.52
25,2,2021,Antrópica → Natural,26244.05
25,2,2021,Natural → Antrópica,60217.87
25,4,2021,Antrópica → Natural,921.17
25,4,2021,Natural → Antrópica,1587.92
26,2,2021,Antrópica → Natural,63115.33
26,2,2021,Natural → Antrópica,72842.67
26,4,2021,Antrópica → Natural,4148.36
26,4,2021,Natural → Antrópica,8937.12
27,2,2021,Antrópica → Natural,11026.16
27,2,2021,Natural → Antrópica,10796.8
27,4,2021,Antrópica → Natural,3793.89
27,4,2021,Natural → Antrópica,5032.9
28,2,2021,Antrópica → Natural,6363.75
28,2,2021,Natural → Antrópica,11963.29
28,4,2021,Antrópica → Natural,3073.71
28,4,2021,Natural → Antrópica,5991.47
29,2,2021,Antrópica → Natural,178373.27
29,2,2021,Natural → Antrópica,335581.44
29,3,2021,Antrópica → Natural,15136.29
29,3,2021,Natural → Antrópica,147986.7
29,4,2021,Antrópica → Natural,43856.56
29,4,2021,Natural → Antrópica,68943.41
31,2,2021,Antrópica → Natural,14519.45
31,2,2021,Natural → Antrópica,31619.21
31,3,2021,Antrópica → Natural,124663.1
31,3,2021,Natural → Antrópica,176747.28
31,4,2021,Antrópica → Natural,53892.45
31,4,2021,Natural → Antrópica,146961.31
32,4,2021,Antrópica → Natural,23175.99
32,4,2021,Natural → Antrópica,18623.5
33,4,2021,Antrópica → Natural,13685.93
33,4,2021,Natural → Antrópica,17533.94
35,3,2021,Antrópica → Natural,5640.42
35,3,2021,Natural → Antrópica,9441.54
35,4,2021,Antrópica → Natural,36908.41
35,4,2021,Natural → Antrópica,49497.5
41,3,2021,Antrópica → Natural,246.43
41,3,2021,Natural → Antrópica,793.59
41,4,2021,Antrópica → Natural,52296.25
41,4,2021,Natural → Antrópica,61305.53
42,4,2021,Antrópica → Natural,29382.5
42,4,2021,Natural → Antrópica,57028.61
43,4,2021,Antrópica → Natural,30815.18
43,4,2021,Natural → Antrópica,84238.59
43,5,2021,Antrópica → Natural,86819.39
43,5,2021,Natural → Antrópica,280759.25
50,3,2021,Antrópica → Natural,29721.54
50,3,2021,Natural → Antrópica,95123.18
50,4,2021,Antrópica → Natural,5587.3
50,4,2021,Natural → Antrópica,13235.13
50,6,2021,Antrópica → Natural,11073.25
50,6,2021,Natural → Antrópica,67838.5
51,1,2021,Antrópica → Natural,71275.11
51,1,2021,Natural → Antrópica,305323.16
51,3,2021,Antrópica → Natural,91687.35
51,3,2021,Natural → Antrópica,181335.04
51,6,2021,Antrópica → Natural,10223.62
51,6,2021,Natural → Antrópica,20635.74
52,3,2021,Antrópica → Natural,95947.3
52,3,2021,Natural → Antrópica,162612.67
52,4,2021,Antrópica → Natural,1241.51
52,4,2021,Natural → Antrópica,3302.59
53,3,2021,Antrópica → Natural,2121.48
53,3,2021,Natural → Antrópica,2450.54
11,1,2022,Antrópica → Natural,20677.01
11,1,2022,Natural → Antrópica,226771.78
11,3,2022,Antrópica → Natural,752.69
11,3,2022,Natural → Antrópica,2207.3
12,1,2022,Antrópica → Natural,11330.46
12,1,2022,Natural → Antrópica,136294.86
13,1,2022,Antrópica → Natural,39517.81
13,1,2022,Natural → Antrópica,352719.38
14,1,2022,Antrópica → Natural,26689.67
14,1,2022,Natural → Antrópica,54509.54
15,1,2022,Antrópica → Natural,173355.45
15,1,2022,Natural → Antrópica,782828.36
15,3,2022,Antrópica → Natural,4138.33
15,3,2022,Natural → Antrópica,21890.3
16,1,2022,Antrópica → Natural,3308.71
16,1,2022,Natural → Antrópica,9597.04
17,1,2022,Antrópica → Natural,2857.95
17,1,2022,Natural → Antrópica,22543.23
17,3,2022,Antrópica → Natural,77541.01
17,3,2022,Natural → Antrópica,270348.43
21,1,2022,Antrópica → Natural,43728.76
21,1,2022,Natural → Antrópica,149397.28
21,3,2022,Antrópica → Natural,51683.34
21,3,2022,Natural → Antrópica,318914.71
22,2,2022,Antrópica → Natural,37240.24
22,2,2022,Natural → Antrópica,87818.52
22,3,2022,Antrópica → Natural,14657.61
22,3,2022,Natural → Antrópica,207966.49
23,2,2022,Antrópica → Natural,67211.64
23,2,2022,Natural → Antrópica,199451.6
24,2,2022,Antrópica → Natural,33717.32
24,2,2022,Natural → Antrópica,47413.93
24,4,2022,Antrópica → Natural,956.11
24,4,2022,Natural → Antrópica,1071.02
25,2,2022,Antrópica → Natural,28455.72
25,2,2022,Natural → Antrópica,73747.15
25,4,2022,Antrópica → Natural,1662.79
25,4,2022,Natural → Antrópica,1562.24
26,2,2022,Antrópica → Natural,48210.31
26,2,2022,Natural → Antrópica,106360.32
26,4,2022,Antrópica → Natural,7768.2
26,4,2022,Natural → Antrópica,9342.57
27,2,2022,Antrópica → Natural,8472.77
27,2,2022,Natural → Antrópica,14554.44
27,4,2022,Antrópica → Natural,7474.21
27,4,2022,Natural → Antrópica,5219.72
28,2,2022,Antrópica → Natural,5887.69
28,2,2022,Natural → Antrópica,13738.29
28,4,2022,Antrópica → Natural,5644.15
28,4,2022,Natural → Antrópica,5290.62
29,2,2022,Antrópica → Natural,230661.34
29,2,2022,Natural → Antrópica,336277.32
29,3,2022,Antrópica → Natural,19091.81
29,3,2022,Natural → Antrópica,223327.99
29,4,2022,Antrópica → Natural,63457.87
29,4,2022,Natural → Antrópica,61382.22
31,2,2022,Antrópica → Natural,17726.64
31,2,2022,Natural → Antrópica,32650.04
31,3,2022,Antrópica → Natural,132287.88
31,3,2022,Natural → Antrópica,210465.18
31,4,2022,Antrópica → Natural,96243.56
31,4,2022,Natural → Antrópica,154852.62
32,4,2022,Antrópica → Natural,24495.92
32,4,2022,Natural → Antrópica,19875.88
33,4,2022,Antrópica → Natural,19732.52
33,4,2022,Natural → Antrópica,17121.37
35,3,2022,Antrópica → Natural,9161.81
35,3,2022,Natural → Antrópica,11278.51
35,4,2022,Antrópica → Natural,63215.56
35,4,2022,Natural → Antrópica,47894.5
41,3,2022,Antrópica → Natural,346.98
41,3,2022,Natural → Antrópica,953.36
41,4,2022,Antrópica → Natural,65587.07
41,4,2022,Natural → Antrópica,68105.92
42,4,2022,Antrópica → Natural,41283.55
42,4,2022,Natural → Antrópica,60934.6
43,4,2022,Antrópica → Natural,33767.64
43,4,2022,Natural → Antrópica,68423.16
43,5,2022,Antrópica → Natural,73992.91
43,5,2022,Natural → Antrópica,214851.37
50,3,2022,Antrópica → Natural,38279.64
50,3,2022,Natural → Antrópica,77399.96
50,4,2022,Antrópica → Natural,10086.73
50,4,2022,Natural → Antrópica,6337.68
50,6,2022,Antrópica → Natural,10540.32
50,6,2022,Natural → Antrópica,59160.9
51,1,2022,Antrópica → Natural,62808.34
51,1,2022,Natural → Antrópica,392091.02
51,3,2022,Antrópica → Natural,75581.64
51,3,2022,Natural → Antrópica,195359.06
51,6,2022,Antrópica → Natural,7360.87
51,6,2022,Natural → Antrópica,26894.28
52,3,2022,Antrópica → Natural,121931.05
52,3,2022,Natural → Antrópica,179834.49
52,4,2022,Antrópica → Natural,5748.99
52,4,2022,Natural → Antrópica,2370.7
53,3,2022,Antrópica → Natural,1640.72
53,3,2022,Natural → Antrópica,2991.57
11,1,2023,Antrópica → Natural,13864.24
11,1,2023,Natural → Antrópica,182649.45
11,3,2023,Antrópica → Natural,932.18
11,3,2023,Natural → Antrópica,2709.19
12,1,2023,Antrópica → Natural,9762.81
12,1,2023,Natural → Antrópica,76944.71
13,1,2023,Antrópica → Natural,16537.33
13,1,2023,Natural → Antrópica,194812.97
14,1,2023,Antrópica → Natural,9488.84
14,1,2023,Natural → Antrópica,70320.96
15,1,2023,Antrópica → Natural,81754.54
15,1,2023,Natural → Antrópica,707608.15
15,3,2023,Antrópica → Natural,8203.11
15,3,2023,Natural → Antrópica,32309.03
16,1,2023,Antrópica → Natural,2335.23
16,1,2023,Natural → Antrópica,8455.17
17,1,2023,Antrópica → Natural,2914.92
17,1,2023,Natural → Antrópica,27714.73
17,3,2023,Antrópica → Natural,79342.99
17,3,2023,Natural → Antrópica,383900.4
21,1,2023,Antrópica → Natural,31511.48
21,1,2023,Natural → Antrópica,154751.5
21,3,2023,Antrópica → Natural,65180.55
21,3,2023,Natural → Antrópica,460934.02
22,2,2023,Antrópica → Natural,31516.44
22,2,2023,Natural → Antrópica,104917.62
22,3,2023,Antrópica → Natural,18231.05
22,3,2023,Natural → Antrópica,189558.77
23,2,2023,Antrópica → Natural,57743.23
23,2,2023,Natural → Antrópica,227785.38
24,2,2023,Antrópica → Natural,26572.22
24,2,2023,Natural → Antrópica,56864.58
24,4,2023,Antrópica → Natural,861.33
24,4,2023,Natural → Antrópica,1311.41
25,2,2023,Antrópica → Natural,26769.3
25,2,2023,Natural → Antrópica,82531.96
25,4,2023,Antrópica → Natural,1537.57
25,4,2023,Natural → Antrópica,1380.2
26,2,2023,Antrópica → Natural,39798.93
26,2,2023,Natural → Antrópica,105503.27
26,4,2023,Antrópica → Natural,6033.93
26,4,2023,Natural → Antrópica,9190.96
27,2,2023,Antrópica → Natural,6651.11
27,2,2023,Natural → Antrópica,19162.93
27,4,2023,Antrópica → Natural,5194.73
27,4,2023,Natural → Antrópica,6757.08
28,2,2023,Antrópica → Natural,5963.54
28,2,2023,Natural → Antrópica,15009.46
28,4,2023,Antrópica → Natural,4378.24
28,4,2023,Natural → Antrópica,5356.73
29,2,2023,Antrópica → Natural,162064.12
29,2,2023,Natural → Antrópica,370685.88
29,3,2023,Antrópica → Natural,18117.33
29,3,2023,Natural → Antrópica,238173.0
29,4,2023,Antrópica → Natural,55223.58
29,4,2023,Natural → Antrópica,71291.6
31,2,2023,Antrópica → Natural,16707.13
31,2,2023,Natural → Antrópica,32115.5
31,3,2023,Antrópica → Natural,126810.89
31,3,2023,Natural → Antrópica,230747.37
31,4,2023,Antrópica → Natural,77247.92
31,4,2023,Natural → Antrópica,165162.83
32,4,2023,Antrópica → Natural,27957.52
32,4,2023,Natural → Antrópica,20670.75
33,4,2023,Antrópica → Natural,19924.65
33,4,2023,Natural → Antrópica,14539.97
35,3,2023,Antrópica → Natural,8214.25
35,3,2023,Natural → Antrópica,9943.58
35,4,2023,Antrópica → Natural,76867.56
35,4,2023,Natural → Antrópica,40576.51
41,3,2023,Antrópica → Natural,315.36
41,3,2023,Natural → Antrópica,1023.41
41,4,2023,Antrópica → Natural,64639.74
41,4,2023,Natural → Antrópica,58319.05
42,4,2023,Antrópica → Natural,38244.43
42,4,2023,Natural → Antrópica,58639.16
43,4,2023,Antrópica → Natural,31971.56
43,4,2023,Natural → Antrópica,64718.36
43,5,2023,Antrópica → Natural,93642.52
43,5,2023,Natural → Antrópica,201661.67
50,3,2023,Antrópica → Natural,43978.32
50,3,2023,Natural → Antrópica,86100.45
50,4,2023,Antrópica → Natural,12517.9
50,4,2023,Natural → Antrópica,8489.61
50,6,2023,Antrópica → Natural,12294.98
50,6,2023,Natural → Antrópica,79628.11
51,1,2023,Antrópica → Natural,35163.97
51,1,2023,Natural → Antrópica,344575.74
51,3,2023,Antrópica → Natural,97039.74
51,3,2023,Natural → Antrópica,201732.46
51,6,2023,Antrópica → Natural,7041.63
51,6,2023,Natural → Antrópica,28035.09
52,3,2023,Antrópica → Natural,112698.58
52,3,2023,Natural → Antrópica,203923.44
52,4,2023,Antrópica → Natural,7366.7
52,4,2023,Natural → Antrópica,686.44
53,3,2023,Antrópica → Natural,2034.88
53,3,2023,Natural → Antrópica,3219.45
11,1,2024,Antrópica → Natural,26749.8
11,1,2024,Natural → Antrópica,74631.29
11,3,2024,Antrópica → Natural,671.68
11,3,2024,Natural → Antrópica,1251.72
12,1,2024,Antrópica → Natural,7517.73
12,1,2024,Natural → Antrópica,63268.34
13,1,2024,Antrópica → Natural,14801.14
13,1,2024,Natural → Antrópica,178400.7
14,1,2024,Antrópica → Natural,7095.7
14,1,2024,Natural → Antrópica,94797.87
15,1,2024,Antrópica → Natural,75746.71
15,1,2024,Natural → Antrópica,457766.65
15,3,2024,Antrópica → Natural,3546.74
15,3,2024,Natural → Antrópica,19549.02
16,1,2024,Antrópica → Natural,2889.0
16,1,2024,Natural → Antrópica,6511.68
17,1,2024,Antrópica → Natural,7590.37
17,1,2024,Natural → Antrópica,6728.62
17,3,2024,Antrópica → Natural,65324.0
17,3,2024,Natural → Antrópica,270464.86
21,1,2024,Antrópica → Natural,74555.82
21,1,2024,Natural → Antrópica,143993.4
21,3,2024,Antrópica → Natural,66820.51
21,3,2024,Natural → Antrópica,305508.39
22,2,2024,Antrópica → Natural,30640.32
22,2,2024,Natural → Antrópica,108675.11
22,3,2024,Antrópica → Natural,15150.24
22,3,2024,Natural → Antrópica,163250.57
23,2,2024,Antrópica → Natural,40597.8
23,2,2024,Natural → Antrópica,214385.59
24,2,2024,Antrópica → Natural,27253.44
24,2,2024,Natural → Antrópica,49887.71
24,4,2024,Antrópica → Natural,997.19
24,4,2024,Natural → Antrópica,1104.07
25,2,2024,Antrópica → Natural,23627.55
25,2,2024,Natural → Antrópica,69220.95
25,4,2024,Antrópica → Natural,1662.86
25,4,2024,Natural → Antrópica,1240.74
26,2,2024,Antrópica → Natural,34573.54
26,2,2024,Natural → Antrópica,94660.65
26,4,2024,Antrópica → Natural,6005.81
26,4,2024,Natural → Antrópica,8905.64
27,2,2024,Antrópica → Natural,5839.29
27,2,2024,Natural → Antrópica,16638.38
27,4,2024,Antrópica → Natural,5310.43
27,4,2024,Natural → Antrópica,6356.96
28,2,2024,Antrópica → Natural,6552.14
28,2,2024,Natural → Antrópica,13591.59
28,4,2024,Antrópica → Natural,5447.75
28,4,2024,Natural → Antrópica,4981.25
29,2,2024,Antrópica → Natural,180017.62
29,2,2024,Natural → Antrópica,268726.81
29,3,2024,Antrópica → Natural,13879.43
29,3,2024,Natural → Antrópica,109108.63
29,4,2024,Antrópica → Natural,71034.33
29,4,2024,Natural → Antrópica,62693.6
31,2,2024,Antrópica → Natural,12715.29
31,2,2024,Natural → Antrópica,20122.06
31,3,2024,Antrópica → Natural,105821.02
31,3,2024,Natural → Antrópica,169007.28
31,4,2024,Antrópica → Natural,76933.85
31,4,2024,Natural → Antrópica,153906.25
32,4,2024,Antrópica → Natural,28982.27
32,4,2024,Natural → Antrópica,22596.44
33,4,2024,Antrópica → Natural,20543.22
33,4,2024,Natural → Antrópica,23626.41
35,3,2024,Antrópica → Natural,5689.21
35,3,2024,Natural → Antrópica,12494.58
35,4,2024,Antrópica → Natural,61906.67
35,4,2024,Natural → Antrópica,51355.13
41,3,2024,Antrópica → Natural,202.52
41,3,2024,Natural → Antrópica,968.22
41,4,2024,Antrópica → Natural,63251.98
41,4,2024,Natural → Antrópica,60924.39
42,4,2024,Antrópica → Natural,40205.29
42,4,2024,Natural → Antrópica,57299.2
43,4,2024,Antrópica → Natural,37233.98
43,4,2024,Natural → Antrópica,56405.63
43,5,2024,Antrópica → Natural,108961.79
43,5,2024,Natural → Antrópica,169530.43
50,3,2024,Antrópica → Natural,32627.26
50,3,2024,Natural → Antrópica,84596.67
50,4,2024,Antrópica → Natural,7417.26
50,4,2024,Natural → Antrópica,21418.25
50,6,2024,Antrópica → Natural,18312.42
50,6,2024,Natural → Antrópica,81037.32
51,1,2024,Antrópica → Natural,79948.15
51,1,2024,Natural → Antrópica,206119.86
51,3,2024,Antrópica → Natural,74903.69
51,3,2024,Natural → Antrópica,135242.64
51,6,2024,Antrópica → Natural,12322.08
51,6,2024,Natural → Antrópica,27865.48
52,3,2024,Antrópica → Natural,89745.62
52,3,2024,Natural → Antrópica,129528.21
52,4,2024,Antrópica → Natural,2194.82
52,4,2024,Natural → Antrópica,4344.78
53,3,2024,Antrópica → Natural,1117.39
53,3,2024,Natural → Antrópica,2605.18
11,1,2025,Antrópica → Natural,19070.54
11,1,2025,Natural → Antrópica,38883.15
11,3,2025,Antrópica → Natural,247.04
11,3,2025,Natural → Antrópica,3563.94
12,1,2025,Antrópica → Natural,8340.93
12,1,2025,Natural → Antrópica,37517.62
13,1,2025,Antrópica → Natural,16094.52
13,1,2025,Natural → Antrópica,129839.88
14,1,2025,Antrópica → Natural,5939.39
14,1,2025,Natural → Antrópica,59560.48
15,1,2025,Antrópica → Natural,64133.02
15,1,2025,Natural → Antrópica,264801.18
15,3,2025,Antrópica → Natural,1222.34
15,3,2025,Natural → Antrópica,41785.69
16,1,2025,Antrópica → Natural,1918.17
16,1,2025,Natural → Antrópica,20661.81
17,1,2025,Antrópica → Natural,3662.49
17,1,2025,Natural → Antrópica,4272.65
17,3,2025,Antrópica → Natural,25329.32
17,3,2025,Natural → Antrópica,429014.41
21,1,2025,Antrópica → Natural,19937.93
21,1,2025,Natural → Antrópica,34882.56
21,3,2025,Antrópica → Natural,20827.65
21,3,2025,Natural → Antrópica,421437.49
22,2,2025,Antrópica → Natural,43092.97
22,2,2025,Natural → Antrópica,142861.74
22,3,2025,Antrópica → Natural,5309.08
22,3,2025,Natural → Antrópica,248364.69
23,2,2025,Antrópica → Natural,76786.26
23,2,2025,Natural → Antrópica,357824.0
24,2,2025,Antrópica → Natural,45920.66
24,2,2025,Natural → Antrópica,76154.71
24,4,2025,Antrópica → Natural,424.27
24,4,2025,Natural → Antrópica,399.17
25,2,2025,Antrópica → Natural,50488.27
25,2,2025,Natural → Antrópica,118575.97
25,4,2025,Antrópica → Natural,1006.45
25,4,2025,Natural → Antrópica,459.3
26,2,2025,Antrópica → Natural,56352.54
26,2,2025,Natural → Antrópica,125324.42
26,4,2025,Antrópica → Natural,2898.74
26,4,2025,Natural → Antrópica,2379.83
27,2,2025,Antrópica → Natural,5421.66
27,2,2025,Natural → Antrópica,26181.52
27,4,2025,Antrópica → Natural,2183.92
27,4,2025,Natural → Antrópica,1672.84
28,2,2025,Antrópica → Natural,3598.44
28,2,2025,Natural → Antrópica,14071.16
28,4,2025,Antrópica → Natural,2175.73
28,4,2025,Natural → Antrópica,1721.29
29,2,2025,Antrópica → Natural,248623.24
29,2,2025,Natural → Antrópica,351245.02
29,3,2025,Antrópica → Natural,4599.48
29,3,2025,Natural → Antrópica,138235.4
29,4,2025,Antrópica → Natural,23088.96
29,4,2025,Natural → Antrópica,19654.43
31,2,2025,Antrópica → Natural,18945.05
31,2,2025,Natural → Antrópica,19073.16
31,3,2025,Antrópica → Natural,37453.49
31,3,2025,Natural → Antrópica,368871.45
31,4,2025,Antrópica → Natural,42517.95
31,4,2025,Natural → Antrópica,48345.76
32,4,2025,Antrópica → Natural,10748.31
32,4,2025,Natural → Antrópica,7558.56
33,4,2025,Antrópica → Natural,7131.57
33,4,2025,Natural → Antrópica,5787.12
35,3,2025,Antrópica → Natural,4430.53
35,3,2025,Natural → Antrópica,17415.06
35,4,2025,Antrópica → Natural,19987.96
35,4,2025,Natural → Antrópica,14304.49
41,3,2025,Antrópica → Natural,227.14
41,3,2025,Natural → Antrópica,1265.15
41,4,2025,Antrópica → Natural,28972.76
41,4,2025,Natural → Antrópica,19964.16
42,4,2025,Antrópica → Natural,27712.74
42,4,2025,Natural → Antrópica,23728.2
43,4,2025,Antrópica → Natural,19532.01
43,4,2025,Natural → Antrópica,17640.3
43,5,2025,Antrópica → Natural,40969.84
43,5,2025,Natural → Antrópica,181934.08
50,3,2025,Antrópica → Natural,20494.47
50,3,2025,Natural → Antrópica,101170.81
50,4,2025,Antrópica → Natural,3537.17
50,4,2025,Natural → Antrópica,3612.87
50,6,2025,Antrópica → Natural,1265.9
50,6,2025,Natural → Antrópica,23363.44
51,1,2025,Antrópica → Natural,47927.31
51,1,2025,Natural → Antrópica,195512.15
51,3,2025,Antrópica → Natural,26405.73
51,3,2025,Natural → Antrópica,296062.38
51,6,2025,Antrópica → Natural,1345.75
51,6,2025,Natural → Antrópica,17391.72
52,3,2025,Antrópica → Natural,36472.63
52,3,2025,Natural → Antrópica,287892.32
52,4,2025,Antrópica → Natural,2197.31
52,4,2025,Natural → Antrópica,562.09
53,3,2025,Antrópica → Natural,719.59
53,3,2025,Natural → Antrópica,6903.12
