estado_id,bioma_id,classe_id,ano,area_ha
11,1,0,1985,2.27
11,1,3,1985,19261515.33
11,1,4,1985,520444.19
11,1,6,1985,831489.73
11,1,9,1985,0.0
11,1,11,1985,648592.87
11,1,12,1985,293197.23
11,1,15,1985,1037148.25
11,1,21,1985,506684.21
11,1,24,1985,29198.87
11,1,25,1985,68097.45
11,1,29,1985,54352.47
11,1,30,1985,5179.36
11,1,31,1985,0.0
11,1,33,1985,242859.31
11,1,39,1985,0.0
11,1,41,1985,971.28
11,1,75,1985,0.0
11,3,0,1985,39.73
11,3,3,1985,165240.24
11,3,4,1985,73412.82
11,3,9,1985,0.0
11,3,11,1985,765.34
11,3,12,1985,5472.86
11,3,15,1985,1588.53
11,3,21,1985,3510.67
11,3,24,1985,2847.03
11,3,25,1985,5841.82
11,3,29,1985,0.0
11,3,33,1985,60.01
11,3,39,1985,27.23
11,3,41,1985,4745.85
12,1,3,1985,15788412.48
12,1,4,1985,2738.48
12,1,6,1985,89287.94
12,1,11,1985,3226.22
12,1,12,1985,3826.63
12,1,15,1985,336809.74
12,1,21,1985,59331.29
12,1,24,1985,19172.2
12,1,25,1985,22784.45
12,1,31,1985,0.0
12,1,33,1985,57417.01
12,1,39,1985,0.0
12,1,41,1985,0.0
13,1,3,1985,125116567.38
13,1,4,1985,228236.28
13,1,6,1985,22852866.35
13,1,11,1985,1805360.82
13,1,12,1985,615895.83
13,1,15,1985,140203.24
13,1,20,1985,0.0
13,1,21,1985,192515.34
13,1,24,1985,41148.38
13,1,25,1985,27273.23
13,1,29,1985,2180.7
13,1,30,1985,4400.29
13,1,31,1985,0.0
13,1,33,1985,4801464.59
13,1,35,1985,6.61
13,1,39,1985,0.0
13,1,41,1985,395.24
14,1,3,1985,14621216.5
14,1,4,1985,271084.26
14,1,6,1985,2625898.67
14,1,9,1985,0.0
14,1,11,1985,1300081.03
14,1,12,1985,2933171.4
14,1,15,1985,13232.33
14,1,21,1985,69801.91
14,1,24,1985,11801.67
14,1,25,1985,7023.26
14,1,29,1985,81890.18
14,1,30,1985,143.38
14,1,31,1985,1.07
14,1,33,1985,378899.75
14,1,35,1985,16.54
14,1,39,1985,0.0
14,1,41,1985,2315.53
15,1,0,1985,30.07
15,1,3,1985,102623952.35
15,1,4,1985,1307638.01
15,1,5,1985,227606.65
15,1,6,1985,7577111.5
15,1,9,1985,1912.75
15,1,11,1985,2520505.68
15,1,12,1985,1026096.56
15,1,15,1985,2206645.78
15,1,20,1985,0.0
15,1,21,1985,1658427.71
15,1,23,1985,1533.97
15,1,24,1985,73678.08
15,1,25,1985,57926.99
15,1,29,1985,227614.34
15,1,30,1985,15764.96
15,1,31,1985,30.74
15,1,32,1985,3868.88
15,1,33,1985,4128012.16
15,1,35,1985,9820.15
15,1,39,1985,0.0
15,1,40,1985,0.0
15,1,41,1985,2371.6
15,3,0,1985,249.27
15,3,3,1985,287236.2
15,3,4,1985,311045.33
15,3,6,1985,136.76
15,3,9,1985,0.0
15,3,11,1985,52542.43
15,3,12,1985,155387.93
15,3,15,1985,33533.39
15,3,21,1985,3227.73
15,3,24,1985,1210.75
15,3,25,1985,598.77
15,3,29,1985,1.59
15,3,30,1985,8.24
15,3,31,1985,0.0
15,3,33,1985,25797.83
15,3,39,1985,0.0
15,3,41,1985,25.96
16,1,3,1985,9968405.64
16,1,4,1985,3622.58
16,1,5,1985,90905.37
16,1,6,1985,1608915.06
16,1,9,1985,417.9
16,1,11,1985,2111785.09
16,1,12,1985,39974.63
16,1,15,1985,259.86
16,1,21,1985,15169.48
16,1,24,1985,10047.6
16,1,25,1985,2642.53
16,1,30,1985,288.44
16,1,31,1985,66.23
16,1,33,1985,339246.42
16,1,39,1985,0.0
16,1,41,1985,13.94
17,1,0,1985,8.15
17,1,3,1985,1034361.62
17,1,4,1985,20387.38
17,1,6,1985,330835.56
17,1,9,1985,0.0
17,1,11,1985,27925.47
17,1,12,1985,74565.65
17,1,15,1985,780368.85
17,1,21,1985,115986.61
17,1,24,1985,669.56
17,1,25,1985,3587.89
17,1,29,1985,28909.31
17,1,30,1985,0.0
17,1,31,1985,0.0
17,1,33,1985,43917.76
17,1,39,1985,0.0
17,1,40,1985,0.0
17,1,41,1985,33.92
17,3,0,1985,109.07
17,3,3,1985,6304697.05
17,3,4,1985,13119323.47
17,3,6,1985,22.68
17,3,9,1985,0.0
17,3,11,1985,2205869.23
17,3,12,1985,1689712.7
17,3,15,1985,1356387.7
17,3,20,1985,0.0
17,3,21,1985,265561.7
17,3,23,1985,324.16
17,3,24,1985,22488.61
17,3,25,1985,43101.59
17,3,29,1985,40908.89
17,3,30,1985,21.02
17,3,31,1985,0.0
17,3,33,1985,221618.13
17,3,39,1985,1277.54
17,3,40,1985,3996.78
17,3,41,1985,5375.54
17,3,62,1985,0.0
17,3,75,1985,0.0
21,1,0,1985,6.33
21,1,3,1985,7791179.4
21,1,4,1985,172111.65
21,1,5,1985,409667.2
21,1,6,1985,559000.52
21,1,9,1985,0.0
21,1,11,1985,389042.09
21,1,12,1985,72561.68
21,1,15,1985,848776.81
21,1,21,1985,571883.9
21,1,23,1985,3874.51
21,1,24,1985,19942.06
21,1,25,1985,14320.54
21,1,29,1985,92.29
21,1,30,1985,1045.83
21,1,31,1985,0.0
21,1,32,1985,33030.0
21,1,33,1985,352723.57
21,1,39,1985,0.0
21,1,41,1985,463.21
21,1,50,1985,1.16
21,3,0,1985,177.72
21,3,3,1985,12042580.32
21,3,4,1985,7508387.92
21,3,5,1985,62048.84
21,3,6,1985,72.61
21,3,9,1985,2.31
21,3,11,1985,123484.91
21,3,12,1985,855102.91
21,3,15,1985,352153.49
21,3,20,1985,0.0
21,3,21,1985,213564.99
21,3,23,1985,109261.79
21,3,24,1985,28057.77
21,3,25,1985,17539.23
21,3,29,1985,6747.53
21,3,30,1985,12.12
21,3,31,1985,734.63
21,3,32,1985,8604.23
21,3,33,1985,141924.71
21,3,39,1985,5.29
21,3,41,1985,633.22
21,3,48,1985,0.0
21,3,50,1985,235007.36
21,3,62,1985,0.0
21,3,91,1985,0.0
22,2,3,1985,1065458.52
22,2,4,1985,9474258.84
22,2,5,1985,4934.53
22,2,9,1985,7.44
22,2,11,1985,0.0
22,2,12,1985,36136.88
22,2,15,1985,627660.27
22,2,21,1985,548699.9
22,2,23,1985,14174.86
22,2,24,1985,16134.81
22,2,25,1985,29039.25
22,2,29,1985,14241.17
22,2,31,1985,730.22
22,2,32,1985,2103.0
22,2,33,1985,34792.16
22,2,39,1985,0.0
22,2,41,1985,1312.82
22,2,48,1985,431.72
22,2,50,1985,3265.21
22,2,62,1985,0.0
22,2,75,1985,0.0
22,2,91,1985,0.0
22,3,3,1985,2356864.9
22,3,4,1985,10115760.34
22,3,5,1985,4.46
22,3,9,1985,22.0
22,3,11,1985,86536.23
22,3,12,1985,337548.35
22,3,15,1985,136424.21
22,3,20,1985,164.36
22,3,21,1985,38455.38
22,3,23,1985,0.0
22,3,24,1985,21667.4
22,3,25,1985,59067.32
22,3,29,1985,75977.44
22,3,30,1985,126.87
22,3,31,1985,0.0
22,3,33,1985,72359.28
22,3,39,1985,0.0
22,3,41,1985,640.33
22,3,48,1985,0.0
22,3,62,1985,0.0
22,3,75,1985,0.0
23,2,3,1985,867882.12
23,2,4,1985,11944064.1
23,2,5,1985,15277.98
23,2,9,1985,0.0
23,2,12,1985,3000.17
23,2,15,1985,868894.25
23,2,21,1985,742224.19
23,2,23,1985,60132.89
23,2,24,1985,58138.99
23,2,25,1985,27666.01
23,2,29,1985,1939.33
23,2,30,1985,233.44
23,2,31,1985,1129.75
23,2,32,1985,6103.36
23,2,33,1985,253157.25
23,2,39,1985,0.0
23,2,41,1985,13285.22
23,2,48,1985,19066.35
23,2,50,1985,4669.18
23,2,75,1985,0.0
23,2,91,1985,0.0
24,2,3,1985,59138.9
24,2,4,1985,3104300.54
24,2,5,1985,4162.21
24,2,11,1985,0.18
24,2,12,1985,26165.07
24,2,13,1985,9570.14
24,2,15,1985,926637.73
24,2,20,1985,1857.55
24,2,21,1985,741212.55
24,2,23,1985,30559.1
24,2,24,1985,18475.72
24,2,25,1985,8764.47
24,2,29,1985,5844.72
24,2,30,1985,0.0
24,2,31,1985,16967.94
24,2,32,1985,5493.2
24,2,33,1985,108157.46
24,2,41,1985,5480.37
24,2,48,1985,69.91
24,2,49,1985,0.0
24,2,50,1985,1793.81
24,2,75,1985,0.0
24,2,91,1985,0.0
24,4,3,1985,29304.45
24,4,4,1985,2201.39
24,4,5,1985,6790.37
24,4,9,1985,7.39
24,4,11,1985,7953.28
24,4,12,1985,0.0
24,4,15,1985,8948.17
24,4,20,1985,16734.4
24,4,21,1985,80962.7
24,4,23,1985,7045.12
24,4,24,1985,9334.4
24,4,25,1985,483.26
24,4,31,1985,14.49
24,4,32,1985,682.72
24,4,33,1985,9944.74
24,4,41,1985,6023.58
24,4,48,1985,68.34
24,4,49,1985,433.91
24,4,50,1985,17878.02
24,4,91,1985,0.0
25,2,3,1985,72213.37
25,2,4,1985,3533518.97
25,2,11,1985,0.0
25,2,12,1985,1288.33
25,2,13,1985,1731.93
25,2,15,1985,1055549.36
25,2,20,1985,7340.75
25,2,21,1985,469419.15
25,2,24,1985,12661.41
25,2,25,1985,13972.06
25,2,29,1985,4793.07
25,2,30,1985,3.82
25,2,31,1985,0.0
25,2,33,1985,60595.36
25,2,41,1985,2786.75
25,2,48,1985,0.0
25,2,75,1985,0.0
25,2,91,1985,0.0
25,4,3,1985,69948.71
25,4,4,1985,23880.56
25,4,5,1985,11163.17
25,4,9,1985,0.0
25,4,11,1985,17535.49
25,4,15,1985,26197.03
25,4,20,1985,57402.22
25,4,21,1985,163414.69
25,4,23,1985,509.98
25,4,24,1985,7935.95
25,4,25,1985,539.74
25,4,30,1985,40.51
25,4,31,1985,20.59
25,4,32,1985,307.9
25,4,33,1985,4386.46
25,4,41,1985,26892.58
25,4,48,1985,0.0
25,4,50,1985,316.93
25,4,75,1985,0.0
25,4,91,1985,0.0
26,2,3,1985,52875.56
26,2,4,1985,5985732.72
26,2,12,1985,93224.08
26,2,13,1985,42744.35
26,2,15,1985,1345037.14
26,2,20,1985,48.39
26,2,21,1985,582308.53
26,2,24,1985,23659.15
26,2,25,1985,30460.48
26,2,29,1985,1134.19
26,2,30,1985,67.75
26,2,31,1985,21.22
26,2,33,1985,86756.25
26,2,41,1985,5605.05
26,2,48,1985,9183.29
26,2,75,1985,0.0
26,2,91,1985,0.0
26,4,3,1985,258381.37
26,4,4,1985,315213.45
26,4,5,1985,13317.21
26,4,9,1985,0.0
26,4,11,1985,10298.93
26,4,15,1985,331164.98
26,4,20,1985,247821.3
26,4,21,1985,330505.53
26,4,23,1985,155.21
26,4,24,1985,19938.31
26,4,25,1985,961.09
26,4,30,1985,164.33
26,4,31,1985,12.58
26,4,32,1985,979.02
26,4,33,1985,16002.75
26,4,41,1985,157.0
26,4,50,1985,27.08
26,4,75,1985,0.0
26,4,91,1985,0.0
27,2,3,1985,7079.89
27,2,4,1985,444101.42
27,2,9,1985,0.0
27,2,11,1985,0.0
27,2,12,1985,1624.36
27,2,13,1985,14.57
27,2,15,1985,793609.58
27,2,20,1985,530.73
27,2,21,1985,53384.48
27,2,24,1985,3107.03
27,2,25,1985,1973.98
27,2,29,1985,15.1
27,2,30,1985,0.0
27,2,31,1985,3.0
27,2,33,1985,14732.82
27,2,41,1985,94.3
27,2,48,1985,803.39
27,4,3,1985,234844.21
27,4,4,1985,176841.74
27,4,5,1985,3821.87
27,4,9,1985,2.74
27,4,11,1985,17540.35
27,4,12,1985,2.55
27,4,15,1985,423984.61
27,4,20,1985,356440.3
27,4,21,1985,192908.78
27,4,23,1985,3770.75
27,4,24,1985,9596.48
27,4,25,1985,472.82
27,4,29,1985,1.41
27,4,31,1985,0.0
27,4,32,1985,99.62
27,4,33,1985,24838.01
27,4,41,1985,582.07
27,4,49,1985,2832.63
27,4,50,1985,12482.66
28,2,3,1985,29861.21
28,2,4,1985,432091.35
28,2,9,1985,0.0
28,2,12,1985,1487.82
28,2,15,1985,727845.21
28,2,20,1985,17.32
28,2,21,1985,10840.08
28,2,24,1985,1698.35
28,2,25,1985,1749.05
28,2,30,1985,13.62
28,2,31,1985,0.0
28,2,33,1985,7953.31
28,2,41,1985,167.86
28,4,3,1985,129781.66
28,4,4,1985,4044.9
28,4,5,1985,19451.47
28,4,9,1985,4.91
28,4,11,1985,21515.86
28,4,12,1985,26205.33
28,4,15,1985,553204.5
28,4,20,1985,8141.58
28,4,21,1985,112442.98
28,4,23,1985,8373.91
28,4,24,1985,8901.56
28,4,25,1985,416.5
28,4,29,1985,5.71
28,4,30,1985,112.17
28,4,31,1985,46.14
28,4,32,1985,2352.21
28,4,33,1985,32565.26
28,4,41,1985,140.9
28,4,49,1985,707.41
28,4,50,1985,50303.51
28,4,91,1985,0.0
29,2,3,1985,1208327.56
29,2,4,1985,22657083.8
29,2,9,1985,26.61
29,2,11,1985,0.0
29,2,12,1985,317716.61
29,2,13,1985,316730.0
29,2,15,1985,7330375.85
29,2,20,1985,7820.31
29,2,21,1985,2517732.39
29,2,23,1985,51231.99
29,2,24,1985,51365.08
29,2,25,1985,70439.92
29,2,29,1985,97095.07
29,2,30,1985,1293.03
29,2,31,1985,5.65
29,2,33,1985,481953.71
29,2,39,1985,0.0
29,2,41,1985,10064.83
29,2,46,1985,3603.16
29,2,48,1985,12848.12
29,2,62,1985,0.0
29,2,75,1985,0.0
29,2,91,1985,0.0
29,3,3,1985,330549.66
29,3,4,1985,8107648.82
29,3,9,1985,581.71
29,3,11,1985,143571.59
29,3,12,1985,1019332.62
29,3,15,1985,182381.44
29,3,21,1985,302459.59
29,3,24,1985,4285.3
29,3,25,1985,10434.17
29,3,29,1985,9450.49
29,3,31,1985,0.0
29,3,33,1985,12387.0
29,3,39,1985,46.62
29,3,41,1985,174714.2
29,3,46,1985,30607.9
29,3,48,1985,15228.74
29,3,62,1985,0.0
29,3,75,1985,0.0
29,3,91,1985,0.0
29,4,3,1985,3939132.89
29,4,4,1985,1023508.57
29,4,5,1985,66980.99
29,4,9,1985,66673.97
29,4,11,1985,127605.58
29,4,12,1985,58036.48
29,4,15,1985,4250031.94
29,4,20,1985,0.0
29,4,21,1985,1041235.38
29,4,23,1985,8869.96
29,4,24,1985,54481.2
29,4,25,1985,9191.97
29,4,29,1985,5983.33
29,4,30,1985,186.78
29,4,31,1985,424.75
29,4,32,1985,6924.67
29,4,33,1985,204096.51
29,4,41,1985,1208.95
29,4,46,1985,8031.9
29,4,48,1985,887.38
29,4,49,1985,18667.63
29,4,50,1985,100250.23
31,2,3,1985,90284.0
31,2,4,1985,1892681.52
31,2,9,1985,161.03
31,2,11,1985,0.0
31,2,12,1985,2413.8
31,2,15,1985,1155131.69
31,2,20,1985,66.32
31,2,21,1985,71379.85
31,2,24,1985,4586.03
31,2,25,1985,4331.6
31,2,29,1985,3139.35
31,2,30,1985,0.0
31,2,33,1985,30716.55
31,2,39,1985,0.0
31,2,41,1985,3070.52
31,2,46,1985,705.99
31,2,48,1985,2292.03
31,2,62,1985,0.0
31,2,75,1985,0.0
31,3,0,1985,71.1
31,3,3,1985,5488498.19
31,3,4,1985,11415885.7
31,3,9,1985,349314.81
31,3,11,1985,651674.99
31,3,12,1985,1844374.9
31,3,15,1985,9743748.23
31,3,20,1985,32725.28
31,3,21,1985,553629.54
31,3,24,1985,68000.71
31,3,25,1985,76784.98
31,3,29,1985,667839.93
31,3,30,1985,3236.34
31,3,31,1985,0.0
31,3,33,1985,437842.9
31,3,39,1985,5149.07
31,3,41,1985,412285.82
31,3,46,1985,22012.27
31,3,47,1985,16267.87
31,3,48,1985,7899.17
31,3,62,1985,0.0
31,3,75,1985,0.0
31,4,3,1985,5954631.88
31,4,4,1985,2410090.05
31,4,9,1985,133922.05
31,4,11,1985,12859.86
31,4,12,1985,1018733.66
31,4,15,1985,12400897.34
31,4,20,1985,4403.08
31,4,21,1985,904601.41
31,4,23,1985,21.17
31,4,24,1985,114757.6
31,4,25,1985,24418.61
31,4,29,1985,39872.6
31,4,30,1985,15625.48
31,4,31,1985,1.53
31,4,33,1985,291170.18
31,4,39,1985,211.96
31,4,41,1985,90446.87
31,4,46,1985,167283.27
31,4,47,1985,1346.17
31,4,48,1985,7882.9
32,4,3,1985,1094634.41
32,4,4,1985,11382.24
32,4,5,1985,6618.45
32,4,9,1985,92615.44
32,4,11,1985,115682.63
32,4,12,1985,69086.22
32,4,15,1985,2787622.19
32,4,20,1985,0.0
32,4,21,1985,171567.28
32,4,23,1985,5365.21
32,4,24,1985,33653.44
32,4,25,1985,4087.55
32,4,29,1985,28586.26
32,4,31,1985,2.79
32,4,32,1985,753.69
32,4,33,1985,50729.89
32,4,41,1985,4673.33
32,4,46,1985,77900.18
32,4,48,1985,3257.96
32,4,49,1985,18312.0
32,4,50,1985,29412.69
33,4,3,1985,1232483.73
33,4,4,1985,805.21
33,4,5,1985,7862.04
33,4,9,1985,886.97
33,4,11,1985,89575.05
33,4,12,1985,112961.9
33,4,15,1985,2102002.8
33,4,20,1985,0.0
33,4,21,1985,409958.57
33,4,23,1985,25046.96
33,4,24,1985,120529.52
33,4,25,1985,5745.67
33,4,29,1985,5248.74
33,4,30,1985,255.13
33,4,31,1985,4563.51
33,4,32,1985,1499.71
33,4,33,1985,104756.55
33,4,39,1985,0.0
33,4,41,1985,66925.15
33,4,46,1985,0.0
33,4,48,1985,0.0
33,4,49,1985,25901.41
33,4,50,1985,55048.24
33,4,91,1985,0.0
35,3,3,1985,1239491.51
35,3,4,1985,98734.81
35,3,9,1985,192160.62
35,3,11,1985,213109.32
35,3,12,1985,17730.48
35,3,15,1985,2497925.3
35,3,20,1985,941164.98
35,3,21,1985,727024.74
35,3,24,1985,47552.98
35,3,25,1985,58732.7
35,3,30,1985,100.32
35,3,31,1985,4.05
35,3,33,1985,128532.74
35,3,39,1985,30922.46
35,3,41,1985,280059.71
35,3,46,1985,5413.72
35,3,47,1985,33851.65
35,3,48,1985,5378.89
35,3,62,1985,0.0
35,4,3,1985,3708378.51
35,4,4,1985,60.9
35,4,5,1985,17062.82
35,4,9,1985,116040.31
35,4,11,1985,197889.49
35,4,12,1985,114839.95
35,4,15,1985,9821267.2
35,4,20,1985,448318.04
35,4,21,1985,2296544.62
35,4,23,1985,1971.6
35,4,24,1985,330492.98
35,4,25,1985,16149.47
35,4,29,1985,149.83
35,4,30,1985,2125.43
35,4,31,1985,56.88
35,4,32,1985,819.4
35,4,33,1985,441505.18
35,4,39,1985,82140.13
35,4,40,1985,32.51
35,4,41,1985,406931.63
35,4,46,1985,17084.2
35,4,47,1985,40779.79
35,4,48,1985,6060.49
35,4,49,1985,228899.9
35,4,50,1985,5270.42
35,4,62,1985,0.0
35,4,75,1985,0.0
41,3,3,1985,83702.77
41,3,4,1985,0.0
41,3,9,1985,34540.15
41,3,11,1985,1391.85
41,3,12,1985,106901.3
41,3,15,1985,39709.93
41,3,21,1985,2440.22
41,3,24,1985,1017.49
41,3,25,1985,139.62
41,3,29,1985,4191.83
41,3,33,1985,617.86
41,3,39,1985,28629.7
41,3,41,1985,9122.09
41,3,46,1985,0.0
41,3,47,1985,4.49
41,3,48,1985,0.0
41,4,3,1985,5129542.57
41,4,5,1985,22680.8
41,4,9,1985,416360.84
41,4,11,1985,199817.56
41,4,12,1985,56428.75
41,4,15,1985,6491101.64
41,4,20,1985,21770.48
41,4,21,1985,2331367.44
41,4,23,1985,598.96
41,4,24,1985,148897.58
41,4,25,1985,9573.87
41,4,29,1985,97.79
41,4,30,1985,918.53
41,4,31,1985,1.3
41,4,32,1985,327.65
41,4,33,1985,370009.73
41,4,39,1985,1614697.52
41,4,40,1985,791.07
41,4,41,1985,2520426.37
41,4,46,1985,121993.11
41,4,47,1985,2174.18
41,4,48,1985,20480.01
41,4,49,1985,129969.65
41,4,50,1985,4547.55
41,4,62,1985,0.0
42,4,3,1985,4250485.86
42,4,5,1985,7318.2
42,4,9,1985,293587.71
42,4,11,1985,15254.56
42,4,12,1985,930541.46
42,4,15,1985,1817652.7
42,4,21,1985,1057802.0
42,4,23,1985,7862.34
42,4,24,1985,88962.11
42,4,25,1985,6234.5
42,4,29,1985,1.03
42,4,30,1985,543.39
42,4,31,1985,31.33
42,4,32,1985,420.87
42,4,33,1985,121949.19
42,4,39,1985,29588.3
42,4,40,1985,35076.74
42,4,41,1985,728056.45
42,4,48,1985,88.69
42,4,49,1985,121348.81
42,4,50,1985,17024.91
42,4,84,1985,21.35
42,4,91,1985,0.0
43,4,3,1985,2941158.72
43,4,9,1985,39651.84
43,4,11,1985,2090.73
43,4,12,1985,1550154.01
43,4,15,1985,1048642.3
43,4,21,1985,764018.51
43,4,23,1985,703.55
43,4,24,1985,59644.03
43,4,25,1985,4502.07
43,4,29,1985,2.76
43,4,30,1985,0.0
43,4,31,1985,0.0
43,4,33,1985,97930.01
43,4,39,1985,529987.45
43,4,40,1985,11754.01
43,4,41,1985,1709233.26
43,4,48,1985,939.96
43,4,49,1985,3686.93
43,4,50,1985,4972.3
43,4,84,1985,5.63
43,4,91,1985,0.0
43,5,3,1985,2045912.52
43,5,9,1985,77597.44
43,5,11,1985,362282.19
43,5,12,1985,9757986.64
43,5,15,1985,329.49
43,5,21,1985,1264800.04
43,5,23,1985,186273.61
43,5,24,1985,86758.49
43,5,25,1985,65655.29
43,5,29,1985,23839.64
43,5,30,1985,1231.06
43,5,31,1985,0.0
43,5,33,1985,1823572.33
43,5,39,1985,825228.95
43,5,40,1985,337470.42
43,5,41,1985,2369710.24
43,5,48,1985,0.0
43,5,49,1985,22565.97
43,5,50,1985,134680.49
43,5,84,1985,7621.32
43,5,91,1985,0.0
50,3,3,1985,7319166.67
50,3,4,1985,3261572.63
50,3,7,1985,0.42
50,3,9,1985,50200.49
50,3,11,1985,1013779.7
50,3,12,1985,236476.26
50,3,15,1985,8587107.28
50,3,20,1985,229.14
50,3,21,1985,1135529.07
50,3,24,1985,32258.08
50,3,25,1985,67386.94
50,3,29,1985,4027.74
50,3,30,1985,54.84
50,3,31,1985,0.0
50,3,33,1985,85106.25
50,3,39,1985,347257.6
50,3,40,1985,0.0
50,3,41,1985,84330.41
50,3,47,1985,296.42
50,3,62,1985,0.0
50,4,3,1985,525808.79
50,4,4,1985,28.3
50,4,9,1985,1446.77
50,4,11,1985,416081.59
50,4,12,1985,31.76
50,4,15,1985,2195810.55
50,4,20,1985,0.0
50,4,21,1985,268203.85
50,4,24,1985,9218.8
50,4,25,1985,4415.4
50,4,31,1985,0.0
50,4,33,1985,125236.78
50,4,39,1985,148905.58
50,4,40,1985,0.0
50,4,41,1985,47069.2
50,4,47,1985,141.55
50,4,48,1985,0.0
50,6,0,1985,4.34
50,6,3,1985,1794892.0
50,6,4,1985,1968124.39
50,6,7,1985,514610.59
50,6,9,1985,0.09
50,6,11,1985,1692118.32
50,6,12,1985,985395.22
50,6,13,1985,0.0
50,6,15,1985,167841.43
50,6,21,1985,7706.04
50,6,24,1985,2243.32
50,6,25,1985,121.21
50,6,29,1985,3207.91
50,6,30,1985,65.61
50,6,33,1985,2603796.64
50,6,39,1985,48.02
50,6,40,1985,1247.55
50,6,41,1985,1070.37
51,1,0,1985,1061.27
51,1,3,1985,39769858.64
51,1,4,1985,1429138.98
51,1,6,1985,4118498.02
51,1,7,1985,0.09
51,1,9,1985,0.0
51,1,11,1985,1009555.91
51,1,12,1985,705952.18
51,1,15,1985,2383292.05
51,1,20,1985,153.3
51,1,21,1985,989201.63
51,1,24,1985,20350.32
51,1,25,1985,44635.38
51,1,29,1985,190993.85
51,1,30,1985,5893.89
51,1,31,1985,0.0
51,1,33,1985,378302.68
51,1,39,1985,1433.21
51,1,41,1985,143060.75
51,1,62,1985,0.0
51,3,0,1985,949.54
51,3,3,1985,7673016.27
51,3,4,1985,17305440.83
51,3,6,1985,169.85
51,3,7,1985,0.34
51,3,9,1985,0.0
51,3,11,1985,2626692.85
51,3,12,1985,1936905.71
51,3,15,1985,2037865.85
51,3,20,1985,37.68
51,3,21,1985,423881.19
51,3,24,1985,36693.31
51,3,25,1985,117572.87
51,3,29,1985,92794.06
51,3,30,1985,5007.69
51,3,31,1985,0.0
51,3,33,1985,184067.32
51,3,39,1985,419496.18
51,3,41,1985,912963.81
51,3,62,1985,0.0
51,6,0,1985,910.23
51,6,3,1985,823680.43
51,6,4,1985,1362641.72
51,6,7,1985,582623.75
51,6,9,1985,0.0
51,6,11,1985,900257.56
51,6,12,1985,400055.79
51,6,15,1985,73204.62
51,6,20,1985,0.0
51,6,21,1985,18766.17
51,6,24,1985,1538.62
51,6,25,1985,155.41
51,6,29,1985,0.09
51,6,30,1985,8.17
51,6,31,1985,0.0
51,6,33,1985,1187584.32
51,6,39,1985,4.02
51,6,41,1985,36.09
52,3,3,1985,7435428.03
52,3,4,1985,10469397.09
52,3,9,1985,7054.57
52,3,11,1985,734381.62
52,3,12,1985,861683.43
52,3,15,1985,11527599.21
52,3,20,1985,124.95
52,3,21,1985,762469.22
52,3,24,1985,87629.9
52,3,25,1985,70762.9
52,3,29,1985,151018.45
52,3,30,1985,1287.87
52,3,31,1985,10.82
52,3,33,1985,204963.03
52,3,39,1985,368713.43
52,3,40,1985,1.04
52,3,41,1985,784366.58
52,3,46,1985,1284.8
52,3,47,1985,138.66
52,3,48,1985,2030.55
52,3,62,1985,0.0
52,3,75,1985,0.0
52,4,3,1985,96868.62
52,4,4,1985,24.51
52,4,9,1985,0.0
52,4,11,1985,35.81
52,4,12,1985,1.1
52,4,15,1985,337914.0
52,4,20,1985,26.0
52,4,21,1985,21496.66
52,4,24,1985,263.69
52,4,25,1985,326.08
52,4,31,1985,1.95
52,4,33,1985,79085.14
52,4,39,1985,2604.23
52,4,41,1985,15290.32
53,3,3,1985,75778.65
53,3,4,1985,271577.02
53,3,9,1985,244.56
53,3,11,1985,2819.12
53,3,12,1985,34700.98
53,3,15,1985,85738.32
53,3,21,1985,15692.83
53,3,24,1985,31788.57
53,3,25,1985,6550.28
53,3,30,1985,174.63
53,3,31,1985,0.0
53,3,33,1985,6952.57
53,3,39,1985,33826.19
53,3,41,1985,10063.94
53,3,46,1985,102.23
53,3,48,1985,81.17
53,3,62,1985,0.0
11,1,0,1986,1.57
11,1,3,1986,19225002.04
11,1,4,1986,518039.29
11,1,6,1986,828841.68
11,1,9,1986,0.0
11,1,11,1986,634907.59
11,1,12,1986,293504.95
11,1,15,1986,1260721.54
11,1,21,1986,317049.16
11,1,24,1986,29555.08
11,1,25,1986,75587.89
11,1,29,1986,54343.77
11,1,30,1986,6224.94
11,1,31,1986,0.0
11,1,33,1986,254948.98
11,1,39,1986,0.0
11,1,41,1986,1004.31
11,1,75,1986,0.0
11,3,0,1986,37.38
11,3,3,1986,165173.24
11,3,4,1986,73521.77
11,3,9,1986,0.0
11,3,11,1986,724.16
11,3,12,1986,5353.87
11,3,15,1986,2509.82
11,3,21,1986,2911.96
11,3,24,1986,2850.26
11,3,25,1986,5715.2
11,3,29,1986,0.0
11,3,33,1986,66.73
11,3,39,1986,262.92
11,3,41,1986,4424.83
12,1,3,1986,15786461.03
12,1,4,1986,2736.28
12,1,6,1986,87673.77
12,1,11,1986,3051.15
12,1,12,1986,3328.87
12,1,15,1986,369325.31
12,1,21,1986,28112.03
12,1,24,1986,19246.74
12,1,25,1986,23257.21
12,1,31,1986,0.0
12,1,33,1986,59814.03
12,1,39,1986,0.0
12,1,41,1986,0.0
13,1,3,1986,125120352.01
13,1,4,1986,227733.85
13,1,6,1986,22746594.55
13,1,11,1986,1655556.92
13,1,12,1986,618078.56
13,1,15,1986,163972.83
13,1,20,1986,0.0
13,1,21,1986,150599.38
13,1,24,1986,41548.3
13,1,25,1986,28183.38
13,1,29,1986,2178.3
13,1,30,1986,5386.5
13,1,31,1986,0.0
13,1,33,1986,5067960.41
13,1,35,1986,0.0
13,1,39,1986,0.0
13,1,41,1986,369.3
14,1,3,1986,14621291.55
14,1,4,1986,267901.63
14,1,6,1986,2610035.14
14,1,9,1986,0.0
14,1,11,1986,1106931.22
14,1,12,1986,2933138.18
14,1,15,1986,27503.35
14,1,21,1986,58050.04
14,1,24,1986,11969.88
14,1,25,1986,7476.99
14,1,29,1986,81901.58
14,1,30,1986,172.63
14,1,31,1986,0.0
14,1,33,1986,588406.85
14,1,35,1986,4.65
14,1,39,1986,0.0
14,1,41,1986,1793.77
15,1,0,1986,31.66
15,1,3,1986,102547086.04
15,1,4,1986,1307296.81
15,1,5,1986,227941.68
15,1,6,1986,7519570.92
15,1,9,1986,1929.37
15,1,11,1986,2453469.46
15,1,12,1986,1033926.61
15,1,15,1986,2788373.4
15,1,20,1986,0.0
15,1,21,1986,1129956.59
15,1,23,1986,1540.77
15,1,24,1986,76007.07
15,1,25,1986,60589.38
15,1,29,1986,227545.71
15,1,30,1986,21191.04
15,1,31,1986,28.51
15,1,32,1986,3872.82
15,1,33,1986,4250690.34
15,1,35,1986,19219.25
15,1,39,1986,0.0
15,1,40,1986,0.0
15,1,41,1986,281.5
15,3,0,1986,249.35
15,3,3,1986,283478.52
15,3,4,1986,310262.98
15,3,6,1986,136.67
15,3,9,1986,0.0
15,3,11,1986,52231.14
15,3,12,1986,153510.47
15,3,15,1986,40755.76
15,3,21,1986,2738.13
15,3,24,1986,1234.29
15,3,25,1986,123.49
15,3,29,1986,1.59
15,3,30,1986,8.33
15,3,31,1986,0.0
15,3,33,1986,26258.25
15,3,39,1986,0.0
15,3,41,1986,13.23
16,1,3,1986,9968463.55
16,1,4,1986,3559.75
16,1,5,1986,89451.69
16,1,6,1986,1607580.11
16,1,9,1986,440.16
16,1,11,1986,2097906.67
16,1,12,1986,36553.54
16,1,15,1986,147.94
16,1,21,1986,21788.77
16,1,24,1986,10160.5
16,1,25,1986,2787.94
16,1,30,1986,335.46
16,1,31,1986,59.43
16,1,33,1986,352507.36
16,1,39,1986,0.0
16,1,41,1986,17.88
17,1,0,1986,6.02
17,1,3,1986,1024144.07
17,1,4,1986,20188.16
17,1,6,1986,327545.1
17,1,9,1986,0.0
17,1,11,1986,27823.39
17,1,12,1986,65323.72
17,1,15,1986,833737.76
17,1,21,1986,85473.65
17,1,24,1986,766.37
17,1,25,1986,4508.46
17,1,29,1986,28731.4
17,1,30,1986,0.0
17,1,31,1986,0.0
17,1,33,1986,43280.33
17,1,39,1986,0.0
17,1,40,1986,0.0
17,1,41,1986,29.28
17,3,0,1986,100.58
17,3,3,1986,6245572.73
17,3,4,1986,12869415.15
17,3,6,1986,22.33
17,3,9,1986,1.49
17,3,11,1986,2195308.22
17,3,12,1986,1665477.15
17,3,15,1986,1760890.15
17,3,20,1986,0.0
17,3,21,1986,225047.61
17,3,23,1986,324.78
17,3,24,1986,23925.8
17,3,25,1986,16315.82
17,3,29,1986,40920.14
17,3,30,1986,29.37
17,3,31,1986,0.0
17,3,33,1986,228286.46
17,3,39,1986,2098.93
17,3,40,1986,3736.4
17,3,41,1986,3322.76
17,3,62,1986,0.0
17,3,75,1986,0.0
21,1,0,1986,2.94
21,1,3,1986,7729274.84
21,1,4,1986,172016.47
21,1,5,1986,410172.59
21,1,6,1986,550870.11
21,1,9,1986,0.0
21,1,11,1986,394335.56
21,1,12,1986,76826.04
21,1,15,1986,1121467.78
21,1,21,1986,362334.46
21,1,23,1986,3869.24
21,1,24,1986,21891.55
21,1,25,1986,13612.52
21,1,29,1986,92.02
21,1,30,1986,1129.23
21,1,31,1986,0.0
21,1,32,1986,33050.36
21,1,33,1986,348659.68
21,1,39,1986,0.0
21,1,41,1986,116.12
21,1,50,1986,1.25
21,3,0,1986,158.91
21,3,3,1986,11991590.87
21,3,4,1986,7470164.17
21,3,5,1986,62066.5
21,3,6,1986,71.27
21,3,9,1986,70.95
21,3,11,1986,120146.5
21,3,12,1986,848645.82
21,3,15,1986,494891.53
21,3,20,1986,0.0
21,3,21,1986,162968.83
21,3,23,1986,107852.66
21,3,24,1986,30356.56
21,3,25,1986,13845.45
21,3,29,1986,6747.17
21,3,30,1986,22.1
21,3,31,1986,750.7
21,3,32,1986,8591.99
21,3,33,1986,151933.8
21,3,39,1986,13.85
21,3,41,1986,174.77
21,3,48,1986,0.0
21,3,50,1986,235039.51
21,3,62,1986,0.0
21,3,91,1986,0.0
22,2,3,1986,1061908.29
22,2,4,1986,9522643.87
22,2,5,1986,4996.85
22,2,9,1986,155.31
22,2,11,1986,0.0
22,2,12,1986,23512.14
22,2,15,1986,756920.56
22,2,21,1986,392220.91
22,2,23,1986,14135.07
22,2,24,1986,16927.27
22,2,25,1986,23060.01
22,2,29,1986,14209.84
22,2,31,1986,755.04
22,2,32,1986,2137.02
22,2,33,1986,35222.04
22,2,39,1986,0.0
22,2,41,1986,247.92
22,2,48,1986,649.58
22,2,50,1986,3679.87
22,2,62,1986,0.0
22,2,75,1986,0.0
22,2,91,1986,0.0
22,3,3,1986,2355306.03
22,3,4,1986,10088680.93
22,3,5,1986,4.38
22,3,9,1986,321.04
22,3,11,1986,84136.93
22,3,12,1986,331518.08
22,3,15,1986,200544.69
22,3,20,1986,168.46
22,3,21,1986,24641.99
22,3,23,1986,0.0
22,3,24,1986,23193.11
22,3,25,1986,43374.47
22,3,29,1986,75976.73
22,3,30,1986,143.52
22,3,31,1986,0.0
22,3,33,1986,73506.12
22,3,39,1986,0.0
22,3,41,1986,102.38
22,3,48,1986,0.0
22,3,62,1986,0.0
22,3,75,1986,0.0
23,2,3,1986,861631.22
23,2,4,1986,11949847.32
23,2,5,1986,15615.46
23,2,9,1986,0.0
23,2,12,1986,1344.1
23,2,15,1986,1118685.89
23,2,21,1986,481940.61
23,2,23,1986,59591.36
23,2,24,1986,60579.42
23,2,25,1986,25579.31
23,2,29,1986,1921.09
23,2,30,1986,257.51
23,2,31,1986,1433.58
23,2,32,1986,6079.53
23,2,33,1986,258873.3
23,2,39,1986,0.0
23,2,41,1986,9837.37
23,2,48,1986,28037.61
23,2,50,1986,5609.89
23,2,75,1986,0.0
23,2,91,1986,0.0
24,2,3,1986,58975.45
24,2,4,1986,3099219.74
24,2,5,1986,4431.5
24,2,11,1986,0.27
24,2,12,1986,14777.09
24,2,13,1986,6023.51
24,2,15,1986,1149340.25
24,2,20,1986,1865.55
24,2,21,1986,538172.97
24,2,23,1986,29707.58
24,2,24,1986,19908.88
24,2,25,1986,6763.54
24,2,29,1986,4896.16
24,2,30,1986,0.0
24,2,31,1986,18474.66
24,2,32,1986,5482.15
24,2,33,1986,110484.0
24,2,41,1986,3571.15
24,2,48,1986,601.54
24,2,49,1986,0.0
24,2,50,1986,1955.55
24,2,75,1986,0.0
24,2,91,1986,0.0
24,4,3,1986,29183.57
24,4,4,1986,2175.09
24,4,5,1986,6889.8
24,4,9,1986,12.37
24,4,11,1986,7628.14
24,4,12,1986,0.0
24,4,15,1986,9218.52
24,4,20,1986,16793.83
24,4,21,1986,78575.51
24,4,23,1986,7016.99
24,4,24,1986,9726.69
24,4,25,1986,398.5
24,4,31,1986,18.23
24,4,32,1986,672.05
24,4,33,1986,10639.48
24,4,41,1986,7502.67
24,4,48,1986,117.51
24,4,49,1986,432.4
24,4,50,1986,17809.41
24,4,91,1986,0.0
25,2,3,1986,72444.72
25,2,4,1986,3540437.02
25,2,11,1986,0.0
25,2,12,1986,1282.43
25,2,13,1986,1372.91
25,2,15,1986,1246615.42
25,2,20,1986,7406.15
25,2,21,1986,276643.69
25,2,24,1986,13536.51
25,2,25,1986,9523.62
25,2,29,1986,4411.8
25,2,30,1986,3.82
25,2,31,1986,0.0
25,2,33,1986,62055.33
25,2,41,1986,140.88
25,2,48,1986,0.0
25,2,75,1986,0.0
25,2,91,1986,0.0
25,4,3,1986,69968.57
25,4,4,1986,23809.98
25,4,5,1986,11179.93
25,4,9,1986,0.0
25,4,11,1986,17237.3
25,4,15,1986,39102.24
25,4,20,1986,57683.58
25,4,21,1986,147899.78
25,4,23,1986,496.66
25,4,24,1986,8724.89
25,4,25,1986,457.27
25,4,30,1986,69.68
25,4,31,1986,54.31
25,4,32,1986,305.59
25,4,33,1986,5105.4
25,4,41,1986,28080.58
25,4,48,1986,0.0
25,4,50,1986,316.75
25,4,75,1986,0.0
25,4,91,1986,0.0
26,2,3,1986,51906.3
26,2,4,1986,6072645.3
26,2,12,1986,48892.82
26,2,13,1986,55788.36
26,2,15,1986,1536152.49
26,2,20,1986,48.57
26,2,21,1986,343211.94
26,2,24,1986,24847.02
26,2,25,1986,23506.08
26,2,29,1986,1135.7
26,2,30,1986,116.3
26,2,31,1986,20.96
26,2,33,1986,86558.36
26,2,41,1986,4146.32
26,2,48,1986,9881.66
26,2,75,1986,0.0
26,2,91,1986,0.0
26,4,3,1986,257539.39
26,4,4,1986,313765.22
26,4,5,1986,13352.73
26,4,9,1986,0.0
26,4,11,1986,9761.68
26,4,15,1986,460866.18
26,4,20,1986,248062.76
26,4,21,1986,199995.27
26,4,23,1986,172.21
26,4,24,1986,21851.61
26,4,25,1986,800.4
26,4,30,1986,181.42
26,4,31,1986,13.72
26,4,32,1986,976.99
26,4,33,1986,17676.68
26,4,41,1986,57.85
26,4,50,1986,26.02
26,4,75,1986,0.0
26,4,91,1986,0.0
27,2,3,1986,7075.38
27,2,4,1986,440504.01
27,2,9,1986,0.0
27,2,11,1986,0.0
27,2,12,1986,512.45
27,2,13,1986,18.45
27,2,15,1986,832610.66
27,2,20,1986,529.5
27,2,21,1986,20606.36
27,2,24,1986,3240.0
27,2,25,1986,983.1
27,2,29,1986,16.07
27,2,30,1986,0.0
27,2,31,1986,2.91
27,2,33,1986,14144.06
27,2,41,1986,25.92
27,2,48,1986,805.78
27,4,3,1986,234855.81
27,4,4,1986,175948.6
27,4,5,1986,3851.92
27,4,9,1986,1.06
27,4,11,1986,15366.77
27,4,12,1986,1.5
27,4,15,1986,528788.91
27,4,20,1986,367989.38
27,4,21,1986,76524.1
27,4,23,1986,3800.55
27,4,24,1986,9989.59
27,4,25,1986,416.68
27,4,29,1986,4.14
27,4,31,1986,4.49
27,4,32,1986,98.03
27,4,33,1986,27898.45
27,4,41,1986,173.46
27,4,49,1986,2813.29
27,4,50,1986,12536.86
28,2,3,1986,27127.49
28,2,4,1986,446620.94
28,2,9,1986,0.0
28,2,12,1986,1459.84
28,2,15,1986,725227.43
28,2,20,1986,18.02
28,2,21,1986,2385.79
28,2,24,1986,1856.65
28,2,25,1986,1617.47
28,2,30,1986,15.73
28,2,31,1986,0.0
28,2,33,1986,7373.3
28,2,41,1986,22.52
28,4,3,1986,129873.84
28,4,4,1986,4036.4
28,4,5,1986,19926.99
28,4,9,1986,38.85
28,4,11,1986,20033.16
28,4,12,1986,26268.56
28,4,15,1986,602631.13
28,4,20,1986,8127.33
28,4,21,1986,63058.81
28,4,23,1986,8379.27
28,4,24,1986,9571.04
28,4,25,1986,374.29
28,4,29,1986,7.73
28,4,30,1986,129.82
28,4,31,1986,69.06
28,4,32,1986,2361.61
28,4,33,1986,32990.53
28,4,41,1986,11.95
28,4,49,1986,680.05
28,4,50,1986,50148.07
28,4,91,1986,0.0
29,2,3,1986,1201273.07
29,2,4,1986,22746183.1
29,2,9,1986,85.56
29,2,11,1986,0.0
29,2,12,1986,232825.98
29,2,13,1986,327445.2
29,2,15,1986,7920993.09
29,2,20,1986,7848.18
29,2,21,1986,1935046.66
29,2,23,1986,50619.49
29,2,24,1986,55029.04
29,2,25,1986,64151.01
29,2,29,1986,87438.62
29,2,30,1986,1785.09
29,2,31,1986,5.48
29,2,33,1986,481227.63
29,2,39,1986,0.0
29,2,41,1986,4089.59
29,2,46,1986,4292.65
29,2,48,1986,15374.27
29,2,62,1986,0.0
29,2,75,1986,0.0
29,2,91,1986,0.0
29,3,3,1986,329487.92
29,3,4,1986,8064629.76
29,3,9,1986,824.93
29,3,11,1986,142314.39
29,3,12,1986,989423.66
29,3,15,1986,217352.21
29,3,21,1986,338825.24
29,3,24,1986,4761.64
29,3,25,1986,7945.85
29,3,29,1986,9453.36
29,3,31,1986,0.0
29,3,33,1986,14494.23
29,3,39,1986,4067.47
29,3,41,1986,170847.28
29,3,46,1986,33410.91
29,3,48,1986,15841.02
29,3,62,1986,0.0
29,3,75,1986,0.0
29,3,91,1986,0.0
29,4,3,1986,3945012.73
29,4,4,1986,1023846.56
29,4,5,1986,66896.97
29,4,9,1986,69568.38
29,4,11,1986,126888.04
29,4,12,1986,57863.38
29,4,15,1986,4552997.72
29,4,20,1986,0.0
29,4,21,1986,719477.31
29,4,23,1986,8832.28
29,4,24,1986,59182.62
29,4,25,1986,8468.63
29,4,29,1986,5994.0
29,4,30,1986,205.67
29,4,31,1986,407.02
29,4,32,1986,6942.4
29,4,33,1986,208370.1
29,4,41,1986,229.59
29,4,46,1986,11430.81
29,4,48,1986,938.6
29,4,49,1986,18469.79
29,4,50,1986,100388.45
31,2,3,1986,89090.55
31,2,4,1986,1812219.5
31,2,9,1986,641.79
31,2,11,1986,0.0
31,2,12,1986,1205.76
31,2,15,1986,1251730.3
31,2,20,1986,67.18
31,2,21,1986,57135.56
31,2,24,1986,4922.78
31,2,25,1986,4179.59
31,2,29,1986,3118.08
31,2,30,1986,0.0
31,2,33,1986,30764.32
31,2,39,1986,0.0
31,2,41,1986,2814.03
31,2,46,1986,780.05
31,2,48,1986,2290.82
31,2,62,1986,0.0
31,2,75,1986,0.0
31,3,0,1986,69.58
31,3,3,1986,5235442.39
31,3,4,1986,11001832.82
31,3,9,1986,368642.74
31,3,11,1986,600391.71
31,3,12,1986,1735252.17
31,3,15,1986,10523535.79
31,3,20,1986,40010.13
31,3,21,1986,573534.29
31,3,24,1986,70842.5
31,3,25,1986,67841.22
31,3,29,1986,667902.93
31,3,30,1986,3977.99
31,3,31,1986,4.15
31,3,33,1986,440825.16
31,3,39,1986,37109.36
31,3,41,1986,374399.59
31,3,46,1986,34492.31
31,3,47,1986,11888.08
31,3,48,1986,9246.91
31,3,62,1986,0.0
31,3,75,1986,0.0
31,4,3,1986,5972764.39
31,4,4,1986,2413375.74
31,4,9,1986,95727.63
31,4,11,1986,12797.23
31,4,12,1986,1015637.33
31,4,15,1986,12534184.65
31,4,20,1986,5477.73
31,4,21,1986,733923.28
31,4,23,1986,20.01
31,4,24,1986,118641.6
31,4,25,1986,20798.54
31,4,29,1986,39844.98
31,4,30,1986,19705.05
31,4,31,1986,1.61
31,4,33,1986,282466.91
31,4,39,1986,213.4
31,4,41,1986,92562.47
31,4,46,1986,225093.44
31,4,47,1986,1445.65
31,4,48,1986,8496.03
32,4,3,1986,1092963.93
32,4,4,1986,11367.68
32,4,5,1986,6652.65
32,4,9,1986,107541.16
32,4,11,1986,114911.96
32,4,12,1986,69007.72
32,4,15,1986,2822673.11
32,4,20,1986,0.0
32,4,21,1986,117740.5
32,4,23,1986,5293.3
32,4,24,1986,35710.91
32,4,25,1986,3657.21
32,4,29,1986,28562.06
32,4,31,1986,2.19
32,4,32,1986,752.61
32,4,33,1986,49293.26
32,4,41,1986,4288.53
32,4,46,1986,85071.06
32,4,48,1986,3278.97
32,4,49,1986,17972.47
32,4,50,1986,29202.6
33,4,3,1986,1234709.3
33,4,4,1986,804.3
33,4,5,1986,7793.57
33,4,9,1986,802.84
33,4,11,1986,89282.97
33,4,12,1986,112900.88
33,4,15,1986,2138092.52
33,4,20,1986,0.0
33,4,21,1986,370039.52
33,4,23,1986,24954.5
33,4,24,1986,124308.2
33,4,25,1986,5207.63
33,4,29,1986,5241.46
33,4,30,1986,311.27
33,4,31,1986,4561.61
33,4,32,1986,1498.56
33,4,33,1986,104474.08
33,4,39,1986,0.0
33,4,41,1986,66437.66
33,4,46,1986,0.08
33,4,48,1986,0.0
33,4,49,1986,25818.75
33,4,50,1986,54817.16
33,4,91,1986,0.0
35,3,3,1986,1178478.75
35,3,4,1986,72858.85
35,3,9,1986,199028.63
35,3,11,1986,189317.13
35,3,12,1986,14112.13
35,3,15,1986,2565082.03
35,3,20,1986,971140.54
35,3,21,1986,678988.16
35,3,24,1986,50291.92
35,3,25,1986,60251.34
35,3,30,1986,136.03
35,3,31,1986,4.05
35,3,33,1986,130251.81
35,3,39,1986,167167.64
35,3,41,1986,179343.49
35,3,46,1986,7430.99
35,3,47,1986,45121.83
35,3,48,1986,8885.64
35,3,62,1986,0.0
35,4,3,1986,3709833.8
35,4,4,1986,40.84
35,4,5,1986,17269.03
35,4,9,1986,128091.54
35,4,11,1986,196906.82
35,4,12,1986,114046.85
35,4,15,1986,9845183.87
35,4,20,1986,539268.6
35,4,21,1986,2105995.85
35,4,23,1986,1914.94
35,4,24,1986,341522.57
35,4,25,1986,14239.64
35,4,29,1986,149.82
35,4,30,1986,2367.43
35,4,31,1986,56.89
35,4,32,1986,818.36
35,4,33,1986,442752.59
35,4,39,1986,132699.61
35,4,40,1986,6.19
35,4,41,1986,363908.25
35,4,46,1986,25604.04
35,4,47,1986,73126.81
35,4,48,1986,11324.8
35,4,49,1986,228504.85
35,4,50,1986,5237.68
35,4,62,1986,0.0
35,4,75,1986,0.0
41,3,3,1986,81721.59
41,3,4,1986,0.0
41,3,9,1986,35818.43
41,3,11,1986,1101.7
41,3,12,1986,100376.65
41,3,15,1986,46943.64
41,3,21,1986,2273.82
41,3,24,1986,1057.95
41,3,25,1986,139.6
41,3,29,1986,4191.99
41,3,33,1986,660.35
41,3,39,1986,33858.94
41,3,41,1986,4258.93
41,3,46,1986,0.0
41,3,47,1986,4.49
41,3,48,1986,1.23
41,4,3,1986,5128176.33
41,4,5,1986,22634.62
41,4,9,1986,537194.25
41,4,11,1986,198155.56
41,4,12,1986,55725.9
41,4,15,1986,6551570.1
41,4,20,1986,26046.24
41,4,21,1986,2120702.28
41,4,23,1986,591.76
41,4,24,1986,154390.21
41,4,25,1986,8392.18
41,4,29,1986,97.14
41,4,30,1986,1195.96
41,4,31,1986,1.3
41,4,32,1986,327.24
41,4,33,1986,369688.47
41,4,39,1986,2638313.63
41,4,40,1986,329.71
41,4,41,1986,1500485.26
41,4,46,1986,142717.17
41,4,47,1986,1332.76
41,4,48,1986,22138.6
41,4,49,1986,129853.06
41,4,50,1986,4515.2
41,4,62,1986,0.0
42,4,3,1986,4257107.74
42,4,5,1986,7296.53
42,4,9,1986,355114.05
42,4,11,1986,14996.63
42,4,12,1986,928821.08
42,4,15,1986,1852317.95
42,4,21,1986,950314.11
42,4,23,1986,7837.77
42,4,24,1986,92194.37
42,4,25,1986,5559.87
42,4,29,1986,1.03
42,4,30,1986,679.81
42,4,31,1986,23.06
42,4,32,1986,419.35
42,4,33,1986,122036.58
42,4,39,1986,48426.36
42,4,40,1986,33989.13
42,4,41,1986,714185.85
42,4,48,1986,392.48
42,4,49,1986,121283.14
42,4,50,1986,16834.03
42,4,84,1986,21.58
42,4,91,1986,0.0
43,4,3,1986,2943389.13
43,4,9,1986,40320.5
43,4,11,1986,2009.45
43,4,12,1986,1555787.1
43,4,15,1986,1038041.0
43,4,21,1986,751149.66
43,4,23,1986,702.69
43,4,24,1986,61168.38
43,4,25,1986,4055.88
43,4,29,1986,2.76
43,4,30,1986,0.0
43,4,31,1986,0.0
43,4,33,1986,100677.86
43,4,39,1986,530476.97
43,4,40,1986,12286.19
43,4,41,1986,1717323.02
43,4,48,1986,3033.07
43,4,49,1986,3687.87
43,4,50,1986,4960.9
43,4,84,1986,5.63
43,4,91,1986,0.0
43,5,3,1986,2029053.24
43,5,9,1986,95358.66
43,5,11,1986,360586.13
43,5,12,1986,9746603.03
43,5,15,1986,306.34
43,5,21,1986,1040943.65
43,5,23,1986,186164.74
43,5,24,1986,87898.06
43,5,25,1986,64236.41
43,5,29,1986,23838.72
43,5,30,1986,1456.09
43,5,31,1986,2.15
43,5,33,1986,1827589.67
43,5,39,1986,838532.08
43,5,40,1986,288054.21
43,5,41,1986,2640954.89
43,5,48,1986,1.63
43,5,49,1986,19984.14
43,5,50,1986,134364.91
43,5,84,1986,7587.4
43,5,91,1986,0.0
50,3,3,1986,6860935.27
50,3,4,1986,2993194.6
50,3,7,1986,1.01
50,3,9,1986,45939.95
50,3,11,1986,877551.44
50,3,12,1986,188486.33
50,3,15,1986,9602162.64
50,3,20,1986,228.82
50,3,21,1986,1052055.27
50,3,24,1986,33586.55
50,3,25,1986,46305.5
50,3,29,1986,4039.33
50,3,30,1986,71.96
50,3,31,1986,0.0
50,3,33,1986,87683.24
50,3,39,1986,414864.47
50,3,40,1986,0.0
50,3,41,1986,17498.51
50,3,47,1986,175.05
50,3,62,1986,0.0
50,4,3,1986,526293.3
50,4,4,1986,13.03
50,4,9,1986,607.3
50,4,11,1986,417102.97
50,4,12,1986,24.23
50,4,15,1986,2239775.1
50,4,20,1986,0.0
50,4,21,1986,222849.63
50,4,24,1986,9534.72
50,4,25,1986,4193.72
50,4,31,1986,0.0
50,4,33,1986,124226.81
50,4,39,1986,182704.37
50,4,40,1986,0.0
50,4,41,1986,15068.33
50,4,47,1986,4.15
50,4,48,1986,1.24
50,6,0,1986,2.72
50,6,3,1986,1789248.27
50,6,4,1986,2325218.93
50,6,7,1986,199023.82
50,6,9,1986,0.09
50,6,11,1986,1894042.04
50,6,12,1986,2391895.03
50,6,13,1986,0.0
50,6,15,1986,192953.66
50,6,21,1986,6180.68
50,6,24,1986,2273.82
50,6,25,1986,122.82
50,6,29,1986,3207.91
50,6,30,1986,71.86
50,6,33,1986,935823.63
50,6,39,1986,75.18
50,6,40,1986,1853.64
50,6,41,1986,498.94
51,1,0,1986,1050.77
51,1,3,1986,39790115.2
51,1,4,1986,1384369.35
51,1,6,1986,4112667.26
51,1,7,1986,0.09
51,1,9,1986,0.0
51,1,11,1986,989672.21
51,1,12,1986,679114.67
51,1,15,1986,2712106.76
51,1,20,1986,163.25
51,1,21,1986,742031.01
51,1,24,1986,21019.41
51,1,25,1986,45140.83
51,1,29,1986,191199.07
51,1,30,1986,7914.75
51,1,31,1986,0.0
51,1,33,1986,386804.82
51,1,39,1986,1437.23
51,1,41,1986,126575.44
51,1,62,1986,0.0
51,3,0,1986,958.24
51,3,3,1986,7618810.58
51,3,4,1986,16931541.53
51,3,6,1986,172.47
51,3,7,1986,0.26
51,3,9,1986,117.07
51,3,11,1986,2610596.01
51,3,12,1986,1859022.18
51,3,15,1986,2524195.98
51,3,20,1986,38.28
51,3,21,1986,502017.68
51,3,24,1986,38388.04
51,3,25,1986,64108.32
51,3,29,1986,92838.14
51,3,30,1986,8096.09
51,3,31,1986,0.0
51,3,33,1986,190507.98
51,3,39,1986,600140.7
51,3,41,1986,732005.81
51,3,62,1986,0.0
51,6,0,1986,895.68
51,6,3,1986,820815.84
51,6,4,1986,1658084.29
51,6,7,1986,285818.29
51,6,9,1986,0.0
51,6,11,1986,909594.17
51,6,12,1986,632618.74
51,6,15,1986,85151.07
51,6,20,1986,0.0
51,6,21,1986,23146.35
51,6,24,1986,1673.03
51,6,25,1986,152.48
51,6,29,1986,0.09
51,6,30,1986,11.78
51,6,31,1986,0.0
51,6,33,1986,933466.59
51,6,39,1986,4.02
51,6,41,1986,34.55
52,3,3,1986,7180214.67
52,3,4,1986,9958181.66
52,3,9,1986,8846.64
52,3,11,1986,686952.34
52,3,12,1986,771113.77
52,3,15,1986,12473663.49
52,3,20,1986,241.61
52,3,21,1986,743215.21
52,3,24,1986,90143.32
52,3,25,1986,45304.37
52,3,29,1986,151059.33
52,3,30,1986,1415.26
52,3,31,1986,11.25
52,3,33,1986,204956.3
52,3,39,1986,831598.69
52,3,40,1986,0.0
52,3,41,1986,319274.72
52,3,46,1986,1803.67
52,3,47,1986,43.42
52,3,48,1986,2306.44
52,3,62,1986,0.0
52,3,75,1986,0.0
52,4,3,1986,96999.65
52,4,4,1986,22.73
52,4,9,1986,0.0
52,4,11,1986,32.5
52,4,12,1986,0.0
52,4,15,1986,346322.52
52,4,20,1986,52.08
52,4,21,1986,19256.69
52,4,24,1986,272.85
52,4,25,1986,319.8
52,4,31,1986,1.95
52,4,33,1986,73035.54
52,4,39,1986,10083.08
52,4,41,1986,7538.73
53,3,3,1986,75249.75
53,3,4,1986,263638.35
53,3,9,1986,248.26
53,3,11,1986,2794.75
53,3,12,1986,33146.69
53,3,15,1986,92147.5
53,3,21,1986,18985.14
53,3,24,1986,32145.55
53,3,25,1986,6073.17
53,3,30,1986,213.68
53,3,31,1986,0.0
53,3,33,1986,6985.02
53,3,39,1986,43709.31
53,3,41,1986,532.09
53,3,46,1986,117.55
53,3,48,1986,104.25
53,3,62,1986,0.0
11,1,0,1987,1.57
11,1,3,1987,19041291.99
11,1,4,1987,513150.81
11,1,6,1987,826754.71
11,1,9,1987,0.0
11,1,11,1987,640635.56
11,1,12,1987,290697.65
11,1,15,1987,1459400.33
11,1,21,1987,307410.21
11,1,24,1987,29940.68
11,1,25,1987,77702.44
11,1,29,1987,54370.63
11,1,30,1987,7174.8
11,1,31,1987,0.0
11,1,33,1987,249406.28
11,1,39,1987,0.0
11,1,41,1987,1795.15
11,1,75,1987,0.0
11,3,0,1987,32.49
11,3,3,1987,164485.51
11,3,4,1987,73690.22
11,3,9,1987,0.0
11,3,11,1987,617.69
11,3,12,1987,5014.4
11,3,15,1987,3186.06
11,3,21,1987,1607.77
11,3,24,1987,2857.24
11,3,25,1987,2790.25
11,3,29,1987,0.0
11,3,33,1987,62.1
11,3,39,1987,1880.0
11,3,41,1987,7328.41
12,1,3,1987,15744171.58
12,1,4,1987,2738.93
12,1,6,1987,86229.32
12,1,11,1987,2925.44
12,1,12,1987,2891.25
12,1,15,1987,414348.95
12,1,21,1987,25541.78
12,1,24,1987,19361.57
12,1,25,1987,24124.4
12,1,31,1987,0.0
12,1,33,1987,60673.21
12,1,39,1987,0.0
12,1,41,1987,0.0
13,1,3,1987,125096182.25
13,1,4,1987,227329.6
13,1,6,1987,22713626.35
13,1,11,1987,1592222.58
13,1,12,1987,616910.36
13,1,15,1987,196343.52
13,1,20,1987,0.0
13,1,21,1987,145588.09
13,1,24,1987,42254.37
13,1,25,1987,28908.75
13,1,29,1987,2178.57
13,1,30,1987,6469.06
13,1,31,1987,5.98
13,1,33,1987,5159921.22
13,1,35,1987,22.88
13,1,39,1987,0.0
13,1,41,1987,550.71
14,1,3,1987,14600029.58
14,1,4,1987,266447.35
14,1,6,1987,2606098.4
14,1,9,1987,0.0
14,1,11,1987,1108670.91
14,1,12,1987,2928949.26
14,1,15,1987,44381.58
14,1,21,1987,64323.29
14,1,24,1987,12143.11
14,1,25,1987,7442.64
14,1,29,1987,81901.05
14,1,30,1987,234.6
14,1,31,1987,0.0
14,1,33,1987,593998.26
14,1,35,1987,6.79
14,1,39,1987,0.0
14,1,41,1987,1950.63
15,1,0,1987,29.27
15,1,3,1987,102015746.97
15,1,4,1987,1304519.65
15,1,5,1987,227495.45
15,1,6,1987,7465462.31
15,1,9,1987,12192.68
15,1,11,1987,2420957.61
15,1,12,1987,1030282.89
15,1,15,1987,3473791.73
15,1,20,1987,0.0
15,1,21,1987,969218.54
15,1,23,1987,2175.42
15,1,24,1987,77950.35
15,1,25,1987,70619.43
15,1,29,1987,227458.83
15,1,30,1987,27331.43
15,1,31,1987,10.79
15,1,32,1987,3869.42
15,1,33,1987,4314370.64
15,1,35,1987,26419.51
15,1,39,1987,0.0
15,1,40,1987,0.0
15,1,41,1987,646.0
15,3,0,1987,238.45
15,3,3,1987,273779.63
15,3,4,1987,319736.23
15,3,6,1987,137.03
15,3,9,1987,0.0
15,3,11,1987,52174.33
15,3,12,1987,151364.64
15,3,15,1987,43587.79
15,3,21,1987,2294.5
15,3,24,1987,1267.68
15,3,25,1987,63.87
15,3,29,1987,1.59
15,3,30,1987,11.6
15,3,31,1987,0.0
15,3,33,1987,26304.88
15,3,39,1987,0.0
15,3,41,1987,39.96
16,1,3,1987,9968526.67
16,1,4,1987,3476.38
16,1,5,1987,88406.03
16,1,6,1987,1605502.66
16,1,9,1987,6961.1
16,1,11,1987,2075007.91
16,1,12,1987,33563.92
16,1,15,1987,508.52
16,1,21,1987,23160.39
16,1,24,1987,10276.17
16,1,25,1987,2792.34
16,1,30,1987,424.74
16,1,31,1987,52.1
16,1,33,1987,373083.58
16,1,39,1987,0.0
16,1,41,1987,18.23
17,1,0,1987,6.29
17,1,3,1987,954827.11
17,1,4,1987,20442.37
17,1,6,1987,312714.99
17,1,9,1987,0.0
17,1,11,1987,27610.73
17,1,12,1987,63960.56
17,1,15,1987,907346.35
17,1,21,1987,96896.81
17,1,24,1987,863.43
17,1,25,1987,4734.65
17,1,29,1987,28748.85
17,1,30,1987,0.0
17,1,31,1987,0.0
17,1,33,1987,43351.87
17,1,39,1987,0.0
17,1,40,1987,0.0
17,1,41,1987,53.72
17,3,0,1987,93.76
17,3,3,1987,6188321.72
17,3,4,1987,12791085.8
17,3,6,1987,23.3
17,3,9,1987,1.49
17,3,11,1987,2171581.38
17,3,12,1987,1651088.75
17,3,15,1987,1968407.58
17,3,20,1987,0.0
17,3,21,1987,197017.33
17,3,23,1987,350.71
17,3,24,1987,25261.18
17,3,25,1987,7539.57
17,3,29,1987,40968.96
17,3,30,1987,55.95
17,3,31,1987,0.0
17,3,33,1987,225199.12
17,3,39,1987,4701.37
17,3,40,1987,4535.58
17,3,41,1987,4562.31
17,3,62,1987,0.0
17,3,75,1987,0.0
21,1,0,1987,1.07
21,1,3,1987,7584764.4
21,1,4,1987,170423.91
21,1,5,1987,409904.34
21,1,6,1987,541542.16
21,1,9,1987,0.0
21,1,11,1987,414463.78
21,1,12,1987,77179.98
21,1,15,1987,1412539.82
21,1,21,1987,222913.38
21,1,23,1987,4597.86
21,1,24,1987,22814.48
21,1,25,1987,16377.6
21,1,29,1987,92.11
21,1,30,1987,1555.29
21,1,31,1987,4.82
21,1,32,1987,33059.74
21,1,33,1987,327110.59
21,1,39,1987,0.0
21,1,41,1987,376.17
21,1,50,1987,1.25
21,3,0,1987,141.0
21,3,3,1987,11987390.89
21,3,4,1987,7449874.6
21,3,5,1987,61923.34
21,3,6,1987,71.09
21,3,9,1987,84.04
21,3,11,1987,120638.83
21,3,12,1987,833962.99
21,3,15,1987,573939.28
21,3,20,1987,0.0
21,3,21,1987,124943.15
21,3,23,1987,108282.79
21,3,24,1987,31372.44
21,3,25,1987,10836.23
21,3,29,1987,6747.44
21,3,30,1987,26.46
21,3,31,1987,774.63
21,3,32,1987,8584.67
21,3,33,1987,150694.18
21,3,39,1987,51.44
21,3,41,1987,255.14
21,3,48,1987,0.0
21,3,50,1987,235509.27
21,3,62,1987,0.0
21,3,91,1987,0.0
22,2,3,1987,1059413.38
22,2,4,1987,9522240.87
22,2,5,1987,4990.69
22,2,9,1987,157.17
22,2,11,1987,0.0
22,2,12,1987,20935.57
22,2,15,1987,870756.64
22,2,21,1987,289018.18
22,2,23,1987,14408.43
22,2,24,1987,17311.31
22,2,25,1987,20816.62
22,2,29,1987,14293.16
22,2,31,1987,735.58
22,2,32,1987,2135.5
22,2,33,1987,31145.79
22,2,39,1987,0.0
22,2,41,1987,366.26
22,2,48,1987,782.74
22,2,50,1987,3873.72
22,2,62,1987,0.0
22,2,75,1987,0.0
22,2,91,1987,0.0
22,3,3,1987,2356819.76
22,3,4,1987,10084712.77
22,3,5,1987,4.38
22,3,9,1987,336.36
22,3,11,1987,83159.44
22,3,12,1987,324744.8
22,3,15,1987,232946.02
22,3,20,1987,176.74
22,3,21,1987,14572.93
22,3,23,1987,0.0
22,3,24,1987,23758.12
22,3,25,1987,33483.49
22,3,29,1987,75998.36
22,3,30,1987,175.94
22,3,31,1987,0.0
22,3,33,1987,70609.62
22,3,39,1987,0.0
22,3,41,1987,120.15
22,3,48,1987,0.0
22,3,62,1987,0.0
22,3,75,1987,0.0
23,2,3,1987,864578.11
23,2,4,1987,11940269.37
23,2,5,1987,15541.3
23,2,9,1987,0.0
23,2,12,1987,719.21
23,2,15,1987,1276289.17
23,2,21,1987,337317.36
23,2,23,1987,60215.25
23,2,24,1987,62079.26
23,2,25,1987,24574.69
23,2,29,1987,1931.51
23,2,30,1987,283.61
23,2,31,1987,1451.97
23,2,32,1987,6074.62
23,2,33,1987,251013.06
23,2,39,1987,0.0
23,2,41,1987,9981.65
23,2,48,1987,28599.86
23,2,50,1987,5944.58
23,2,75,1987,0.0
23,2,91,1987,0.0
24,2,3,1987,58744.44
24,2,4,1987,3079183.12
24,2,5,1987,4409.51
24,2,11,1987,0.18
24,2,12,1987,11278.64
24,2,13,1987,6154.7
24,2,15,1987,1300560.13
24,2,20,1987,1863.6
24,2,21,1987,414568.42
24,2,23,1987,30710.37
24,2,24,1987,20685.65
24,2,25,1987,6204.01
24,2,29,1987,4724.81
24,2,30,1987,0.0
24,2,31,1987,21164.37
24,2,32,1987,5426.23
24,2,33,1987,102962.56
24,2,41,1987,3422.11
24,2,48,1987,620.41
24,2,49,1987,0.0
24,2,50,1987,1968.3
24,2,75,1987,0.0
24,2,91,1987,0.0
24,4,3,1987,26294.77
24,4,4,1987,1703.35
24,4,5,1987,6849.71
24,4,9,1987,12.37
24,4,11,1987,6457.24
24,4,12,1987,0.0
24,4,15,1987,11311.79
24,4,20,1987,16694.49
24,4,21,1987,82079.06
24,4,23,1987,7823.34
24,4,24,1987,10009.63
24,4,25,1987,133.46
24,4,31,1987,39.83
24,4,32,1987,663.15
24,4,33,1987,10641.54
24,4,41,1987,6818.49
24,4,48,1987,130.76
24,4,49,1987,400.9
24,4,50,1987,16746.85
24,4,91,1987,0.0
25,2,3,1987,73230.66
25,2,4,1987,3547513.66
25,2,11,1987,0.0
25,2,12,1987,1568.93
25,2,13,1987,1420.61
25,2,15,1987,1346118.64
25,2,20,1987,7426.21
25,2,21,1987,171217.54
25,2,24,1987,13976.27
25,2,25,1987,9196.87
25,2,29,1987,4375.85
25,2,30,1987,3.82
25,2,31,1987,0.0
25,2,33,1987,59816.13
25,2,41,1987,9.14
25,2,48,1987,0.0
25,2,75,1987,0.0
25,2,91,1987,0.0
25,4,3,1987,68716.99
25,4,4,1987,22158.06
25,4,5,1987,11134.84
25,4,9,1987,0.0
25,4,11,1987,17037.9
25,4,15,1987,56003.19
25,4,20,1987,57781.74
25,4,21,1987,143857.13
25,4,23,1987,505.18
25,4,24,1987,9128.62
25,4,25,1987,209.4
25,4,30,1987,91.31
25,4,31,1987,55.9
25,4,32,1987,305.94
25,4,33,1987,5227.95
25,4,41,1987,17925.29
25,4,48,1987,0.0
25,4,50,1987,353.06
25,4,75,1987,0.0
25,4,91,1987,0.0
26,2,3,1987,54070.18
26,2,4,1987,6097352.66
26,2,12,1987,30878.54
26,2,13,1987,65189.2
26,2,15,1987,1616914.2
26,2,20,1987,48.48
26,2,21,1987,236670.2
26,2,24,1987,25596.44
26,2,25,1987,18148.9
26,2,29,1987,1135.43
26,2,30,1987,131.0
26,2,31,1987,15.74
26,2,33,1987,100968.24
26,2,41,1987,3946.96
26,2,48,1987,7791.99
26,2,75,1987,0.0
26,2,91,1987,0.0
26,4,3,1987,240453.4
26,4,4,1987,281866.9
26,4,5,1987,13350.73
26,4,9,1987,0.0
26,4,11,1987,8831.12
26,4,15,1987,568524.03
26,4,20,1987,246209.65
26,4,21,1987,143959.25
26,4,23,1987,194.61
26,4,24,1987,22376.59
26,4,25,1987,529.04
26,4,30,1987,197.79
26,4,31,1987,13.19
26,4,32,1987,979.55
26,4,33,1987,17589.15
26,4,41,1987,4.08
26,4,50,1987,21.07
26,4,75,1987,0.0
26,4,91,1987,0.0
27,2,3,1987,7224.58
27,2,4,1987,428365.98
27,2,9,1987,0.0
27,2,11,1987,0.0
27,2,12,1987,208.67
27,2,13,1987,13.15
27,2,15,1987,856831.12
27,2,20,1987,528.88
27,2,21,1987,11204.07
27,2,24,1987,3356.59
27,2,25,1987,866.5
27,2,29,1987,16.34
27,2,30,1987,0.0
27,2,31,1987,0.0
27,2,33,1987,11762.21
27,2,41,1987,19.66
27,2,48,1987,676.9
27,4,3,1987,222076.57
27,4,4,1987,135506.74
27,4,5,1987,3857.14
27,4,9,1987,1.06
27,4,11,1987,15020.18
27,4,12,1987,5.46
27,4,15,1987,619339.76
27,4,20,1987,370529.05
27,4,21,1987,36900.68
27,4,23,1987,3779.65
27,4,24,1987,10293.84
27,4,25,1987,299.55
27,4,29,1987,9.68
27,4,31,1987,14.18
27,4,32,1987,99.09
27,4,33,1987,27576.3
27,4,41,1987,28.21
27,4,49,1987,2988.7
27,4,50,1987,12737.78
28,2,3,1987,26790.26
28,2,4,1987,438239.99
28,2,9,1987,0.0
28,2,12,1987,1412.23
28,2,15,1987,735499.49
28,2,20,1987,17.58
28,2,21,1987,773.09
28,2,24,1987,1947.5
28,2,25,1987,1540.69
28,2,30,1987,17.13
28,2,31,1987,0.0
28,2,33,1987,7460.48
28,2,41,1987,26.74
28,4,3,1987,123491.49
28,4,4,1987,3821.63
28,4,5,1987,19473.15
28,4,9,1987,43.24
28,4,11,1987,19639.44
28,4,12,1987,25276.14
28,4,15,1987,631327.22
28,4,20,1987,8176.49
28,4,21,1987,42006.47
28,4,23,1987,8450.16
28,4,24,1987,9778.93
28,4,25,1987,352.91
28,4,29,1987,31.5
28,4,30,1987,154.77
28,4,31,1987,69.93
28,4,32,1987,2347.74
28,4,33,1987,33693.21
28,4,41,1987,0.0
28,4,49,1987,667.15
28,4,50,1987,49916.9
28,4,91,1987,0.0
29,2,3,1987,1205378.85
29,2,4,1987,22682785.46
29,2,9,1987,314.72
29,2,11,1987,0.0
29,2,12,1987,199078.66
29,2,13,1987,337533.62
29,2,15,1987,8244759.23
29,2,20,1987,8433.6
29,2,21,1987,1745048.06
29,2,23,1987,55210.46
29,2,24,1987,56774.67
29,2,25,1987,63157.97
29,2,29,1987,86357.27
29,2,30,1987,2009.67
29,2,31,1987,4.06
29,2,33,1987,428146.89
29,2,39,1987,0.0
29,2,41,1987,4059.15
29,2,46,1987,4493.8
29,2,48,1987,12167.56
29,2,62,1987,0.0
29,2,75,1987,0.0
29,2,91,1987,0.0
29,3,3,1987,323625.81
29,3,4,1987,8045986.62
29,3,9,1987,804.42
29,3,11,1987,141077.8
29,3,12,1987,925290.76
29,3,15,1987,235047.36
29,3,21,1987,335946.99
29,3,24,1987,5066.21
29,3,25,1987,6087.38
29,3,29,1987,9450.41
29,3,31,1987,0.0
29,3,33,1987,15307.45
29,3,39,1987,19444.5
29,3,41,1987,238032.1
29,3,46,1987,33676.66
29,3,48,1987,8835.34
29,3,62,1987,0.0
29,3,75,1987,0.0
29,3,91,1987,0.0
29,4,3,1987,3858519.25
29,4,4,1987,991264.44
29,4,5,1987,66794.7
29,4,9,1987,78598.26
29,4,11,1987,122210.66
29,4,12,1987,50894.26
29,4,15,1987,4795256.59
29,4,20,1987,32.17
29,4,21,1987,598534.91
29,4,23,1987,9395.16
29,4,24,1987,61033.71
29,4,25,1987,6459.3
29,4,29,1987,5952.29
29,4,30,1987,217.43
29,4,31,1987,422.81
29,4,32,1987,6952.85
29,4,33,1987,209704.58
29,4,41,1987,282.12
29,4,46,1987,11769.64
29,4,48,1987,398.77
29,4,49,1987,18266.35
29,4,50,1987,99450.79
31,2,3,1987,89171.95
31,2,4,1987,1780275.51
31,2,9,1987,645.14
31,2,11,1987,0.0
31,2,12,1987,905.54
31,2,15,1987,1295373.58
31,2,20,1987,67.35
31,2,21,1987,45917.25
31,2,24,1987,5110.56
31,2,25,1987,3961.03
31,2,29,1987,3105.83
31,2,30,1987,0.0
31,2,33,1987,29742.57
31,2,39,1987,0.0
31,2,41,1987,4401.85
31,2,46,1987,773.13
31,2,48,1987,1508.99
31,2,62,1987,0.0
31,2,75,1987,0.0
31,3,0,1987,69.07
31,3,3,1987,5063512.23
31,3,4,1987,10899501.07
31,3,9,1987,394262.21
31,3,11,1987,575940.24
31,3,12,1987,1661593.36
31,3,15,1987,10813499.13
31,3,20,1987,45403.98
31,3,21,1987,564854.08
31,3,24,1987,72860.4
31,3,25,1987,60148.35
31,3,29,1987,668118.02
31,3,30,1987,4611.26
31,3,31,1987,6.26
31,3,33,1987,426451.56
31,3,39,1987,62983.24
31,3,41,1987,432372.7
31,3,46,1987,37049.5
31,3,47,1987,10159.82
31,3,48,1987,3845.31
31,3,62,1987,0.0
31,3,75,1987,0.0
31,4,3,1987,5914909.39
31,4,4,1987,2400428.58
31,4,9,1987,108811.45
31,4,11,1987,11803.64
31,4,12,1987,1024864.77
31,4,15,1987,12600718.56
31,4,20,1987,7479.84
31,4,21,1987,695984.43
31,4,23,1987,21.01
31,4,24,1987,121466.01
31,4,25,1987,17838.92
31,4,29,1987,39880.14
31,4,30,1987,20923.44
31,4,31,1987,1.61
31,4,33,1987,290786.03
31,4,39,1987,35.02
31,4,41,1987,91715.53
31,4,46,1987,239975.78
31,4,47,1987,1435.33
31,4,48,1987,4098.2
32,4,3,1987,1072917.4
32,4,4,1987,10482.23
32,4,5,1987,6623.04
32,4,9,1987,117610.54
32,4,11,1987,112253.04
32,4,12,1987,68049.85
32,4,15,1987,2843557.64
32,4,20,1987,7.82
32,4,21,1987,108716.65
32,4,23,1987,5576.95
32,4,24,1987,36608.23
32,4,25,1987,3035.96
32,4,29,1987,28537.95
32,4,31,1987,2.36
32,4,32,1987,751.26
32,4,33,1987,49175.33
32,4,41,1987,6711.59
32,4,46,1987,87440.12
32,4,48,1987,1256.9
32,4,49,1987,17714.06
32,4,50,1987,28914.93
33,4,3,1987,1233035.1
33,4,4,1987,792.59
33,4,5,1987,8062.25
33,4,9,1987,930.67
33,4,11,1987,91910.79
33,4,12,1987,115315.0
33,4,15,1987,2143309.2
33,4,20,1987,1.66
33,4,21,1987,351048.8
33,4,23,1987,25600.86
33,4,24,1987,125850.21
33,4,25,1987,4912.55
33,4,29,1987,5233.64
33,4,30,1987,371.65
33,4,31,1987,4566.47
33,4,32,1987,1496.41
33,4,33,1987,104858.4
33,4,39,1987,0.0
33,4,41,1987,76144.89
33,4,46,1987,0.08
33,4,48,1987,0.0
33,4,49,1987,25410.58
33,4,50,1987,53205.06
33,4,91,1987,0.0
35,3,3,1987,1145178.5
35,3,4,1987,61422.67
35,3,9,1987,212020.62
35,3,11,1987,180807.41
35,3,12,1987,11482.77
35,3,15,1987,2543871.78
35,3,20,1987,1013585.03
35,3,21,1987,602029.09
35,3,24,1987,52289.17
35,3,25,1987,58087.27
35,3,30,1987,165.46
35,3,31,1987,4.05
35,3,33,1987,132214.98
35,3,39,1987,298429.26
35,3,41,1987,147410.42
35,3,46,1987,7556.46
35,3,47,1987,43775.31
35,3,48,1987,7560.71
35,3,62,1987,0.0
35,4,3,1987,3680173.75
35,4,4,1987,30.47
35,4,5,1987,17229.75
35,4,9,1987,137265.89
35,4,11,1987,191959.66
35,4,12,1987,112083.78
35,4,15,1987,9772306.83
35,4,20,1987,667237.1
35,4,21,1987,1986559.37
35,4,23,1987,1896.79
35,4,24,1987,347392.24
35,4,25,1987,13420.38
35,4,29,1987,148.28
35,4,30,1987,2606.59
35,4,31,1987,54.17
35,4,32,1987,814.15
35,4,33,1987,457927.37
35,4,39,1987,201943.75
35,4,40,1987,0.0
35,4,41,1987,375535.23
35,4,46,1987,26482.27
35,4,47,1987,67071.89
35,4,48,1987,8156.73
35,4,49,1987,227300.21
35,4,50,1987,5275.03
35,4,62,1987,0.0
35,4,75,1987,0.0
41,3,3,1987,80391.86
41,3,4,1987,0.0
41,3,9,1987,37110.05
41,3,11,1987,1052.73
41,3,12,1987,94627.0
41,3,15,1987,47744.67
41,3,21,1987,2195.71
41,3,24,1987,1071.2
41,3,25,1987,166.47
41,3,29,1987,4192.48
41,3,33,1987,694.58
41,3,39,1987,39866.5
41,3,41,1987,3294.83
41,3,46,1987,0.0
41,3,47,1987,0.0
41,3,48,1987,1.23
41,4,3,1987,5031706.03
41,4,5,1987,22543.03
41,4,9,1987,578937.46
41,4,11,1987,194719.21
41,4,12,1987,56105.11
41,4,15,1987,6554653.75
41,4,20,1987,30808.63
41,4,21,1987,1985068.48
41,4,23,1987,592.73
41,4,24,1987,157918.93
41,4,25,1987,6787.27
41,4,29,1987,97.46
41,4,30,1987,1345.16
41,4,31,1987,1.3
41,4,32,1987,327.24
41,4,33,1987,387566.92
41,4,39,1987,3016327.37
41,4,40,1987,198.41
41,4,41,1987,1302984.66
41,4,46,1987,142085.13
41,4,47,1987,889.62
41,4,48,1987,8767.92
41,4,49,1987,129637.07
41,4,50,1987,4506.06
41,4,62,1987,0.0
42,4,3,1987,4225602.25
42,4,5,1987,7301.36
42,4,9,1987,381746.93
42,4,11,1987,14960.85
42,4,12,1987,934511.12
42,4,15,1987,1833616.44
42,4,21,1987,876725.54
42,4,23,1987,7737.47
42,4,24,1987,94219.24
42,4,25,1987,4135.03
42,4,29,1987,1.03
42,4,30,1987,762.15
42,4,31,1987,11.17
42,4,32,1987,418.39
42,4,33,1987,125023.05
42,4,39,1987,71619.01
42,4,40,1987,47323.03
42,4,41,1987,768129.53
42,4,48,1987,404.81
42,4,49,1987,118836.97
42,4,50,1987,16745.76
42,4,84,1987,21.35
42,4,91,1987,0.0
43,4,3,1987,2943957.82
43,4,9,1987,43703.21
43,4,11,1987,2188.6
43,4,12,1987,1569195.22
43,4,15,1987,1009879.6
43,4,21,1987,714157.51
43,4,23,1987,692.93
43,4,24,1987,62288.04
43,4,25,1987,3330.42
43,4,29,1987,1.81
43,4,30,1987,0.0
43,4,31,1987,0.0
43,4,33,1987,100747.73
43,4,39,1987,732415.63
43,4,40,1987,23638.14
43,4,41,1987,1549720.8
43,4,48,1987,4541.29
43,4,49,1987,3713.24
43,4,50,1987,4900.45
43,4,84,1987,5.63
43,4,91,1987,0.0
43,5,3,1987,2046117.64
43,5,9,1987,120023.14
43,5,11,1987,360598.71
43,5,12,1987,9520493.06
43,5,15,1987,300.45
43,5,21,1987,1026691.5
43,5,23,1987,185347.35
43,5,24,1987,88806.2
43,5,25,1987,61835.77
43,5,29,1987,23830.97
43,5,30,1987,1606.86
43,5,31,1987,12.73
43,5,33,1987,1829658.06
43,5,39,1987,1181635.88
43,5,40,1987,382818.94
43,5,41,1987,2409372.61
43,5,48,1987,1.63
43,5,49,1987,17872.14
43,5,50,1987,129198.12
43,5,84,1987,7294.37
43,5,91,1987,0.0
50,3,3,1987,6473476.79
50,3,4,1987,2868144.57
50,3,7,1987,2.44
50,3,9,1987,49079.49
50,3,11,1987,826080.58
50,3,12,1987,160664.77
50,3,15,1987,10254165.39
50,3,20,1987,362.12
50,3,21,1987,936112.42
50,3,24,1987,34694.62
50,3,25,1987,21635.11
50,3,29,1987,4051.68
50,3,30,1987,125.9
50,3,31,1987,1.08
50,3,33,1987,91159.15
50,3,39,1987,481690.57
50,3,40,1987,1.77
50,3,41,1987,23237.75
50,3,47,1987,93.77
50,3,62,1987,0.0
50,4,3,1987,508514.28
50,4,4,1987,9.62
50,4,9,1987,746.29
50,4,11,1987,410635.49
50,4,12,1987,19.34
50,4,15,1987,2260133.71
50,4,20,1987,36.93
50,4,21,1987,181817.61
50,4,24,1987,9895.31
50,4,25,1987,3090.07
50,4,31,1987,0.0
50,4,33,1987,126779.86
50,4,39,1987,229902.72
50,4,40,1987,0.0
50,4,41,1987,10811.3
50,4,47,1987,5.15
50,4,48,1987,1.24
50,6,0,1987,3.48
50,6,3,1987,1780201.07
50,6,4,1987,2071717.32
50,6,7,1987,345839.6
50,6,9,1987,0.09
50,6,11,1987,2373878.85
50,6,12,1987,1583281.26
50,6,13,1987,0.0
50,6,15,1987,211967.81
50,6,21,1987,5296.04
50,6,24,1987,2282.62
50,6,25,1987,123.16
50,6,29,1987,3207.91
50,6,30,1987,81.51
50,6,33,1987,1362126.1
50,6,39,1987,71.9
50,6,40,1987,2079.58
50,6,41,1987,334.75
51,1,0,1987,1035.6
51,1,3,1987,39503614.84
51,1,4,1987,1336645.9
51,1,6,1987,4072536.83
51,1,7,1987,0.0
51,1,9,1987,0.0
51,1,11,1987,998288.86
51,1,12,1987,677764.25
51,1,15,1987,3045576.04
51,1,20,1987,126.13
51,1,21,1987,760721.68
51,1,24,1987,21612.32
51,1,25,1987,48968.11
51,1,29,1987,191283.76
51,1,30,1987,12131.11
51,1,31,1987,0.0
51,1,33,1987,376022.85
51,1,39,1987,7196.23
51,1,41,1987,137857.63
51,1,62,1987,0.0
51,3,0,1987,935.87
51,3,3,1987,7519584.29
51,3,4,1987,16669229.84
51,3,6,1987,171.77
51,3,7,1987,0.69
51,3,9,1987,248.86
51,3,11,1987,2585110.61
51,3,12,1987,1748369.32
51,3,15,1987,2796599.02
51,3,20,1987,38.95
51,3,21,1987,486907.65
51,3,24,1987,39314.43
51,3,25,1987,28191.28
51,3,29,1987,92907.04
51,3,30,1987,9752.38
51,3,31,1987,0.0
51,3,33,1987,192098.89
51,3,39,1987,905265.86
51,3,41,1987,698828.63
51,3,62,1987,0.0
51,6,0,1987,881.81
51,6,3,1987,818633.49
51,6,4,1987,1517484.73
51,6,7,1987,358427.01
51,6,9,1987,0.0
51,6,11,1987,929928.15
51,6,12,1987,768307.74
51,6,15,1987,96559.82
51,6,20,1987,0.0
51,6,21,1987,21501.55
51,6,24,1987,1716.88
51,6,25,1987,152.74
51,6,29,1987,0.09
51,6,30,1987,16.33
51,6,31,1987,0.0
51,6,33,1987,837810.98
51,6,39,1987,1.28
51,6,41,1987,44.36
52,3,3,1987,7026509.6
52,3,4,1987,9720737.03
52,3,9,1987,9223.6
52,3,11,1987,662474.46
52,3,12,1987,713317.93
52,3,15,1987,12794236.86
52,3,20,1987,1592.46
52,3,21,1987,703773.98
52,3,24,1987,92517.21
52,3,25,1987,23298.6
52,3,29,1987,151142.79
52,3,30,1987,1540.36
52,3,31,1987,6.1
52,3,33,1987,205644.78
52,3,39,1987,1165776.91
52,3,40,1987,0.0
52,3,41,1987,195600.67
52,3,46,1987,1983.15
52,3,47,1987,11.94
52,3,48,1987,957.72
52,3,62,1987,0.0
52,3,75,1987,0.0
52,4,3,1987,94366.07
52,4,4,1987,21.79
52,4,9,1987,0.0
52,4,11,1987,30.29
52,4,12,1987,0.0
52,4,15,1987,348828.09
52,4,20,1987,74.94
52,4,21,1987,11158.42
52,4,24,1987,281.16
52,4,25,1987,289.4
52,4,31,1987,1.87
52,4,33,1987,78311.22
52,4,39,1987,17133.45
52,4,41,1987,3441.4
53,3,3,1987,75032.81
53,3,4,1987,265618.21
53,3,9,1987,251.1
53,3,11,1987,2484.17
53,3,12,1987,30870.82
53,3,15,1987,89927.42
53,3,21,1987,16314.53
53,3,24,1987,32672.61
53,3,25,1987,5205.41
53,3,30,1987,217.99
53,3,31,1987,0.0
53,3,33,1987,7048.8
53,3,39,1987,49899.14
53,3,41,1987,395.02
53,3,46,1987,117.46
53,3,48,1987,35.56
53,3,62,1987,0.0
11,1,0,1988,1.31
11,1,3,1988,18872741.23
11,1,4,1988,508948.05
11,1,6,1988,823981.07
11,1,9,1988,0.0
11,1,11,1988,641997.54
11,1,12,1988,289766.33
11,1,15,1988,1611028.16
11,1,21,1988,328502.26
11,1,24,1988,30634.04
11,1,25,1988,77820.79
11,1,29,1988,54315.2
11,1,30,1988,8362.61
11,1,31,1988,0.0
11,1,33,1988,249534.56
11,1,39,1988,1.05
11,1,41,1988,2098.62
11,1,75,1988,0.0
11,3,0,1988,28.13
11,3,3,1988,161265.33
11,3,4,1988,75268.78
11,3,9,1988,0.0
11,3,11,1988,712.76
11,3,12,1988,5325.55
11,3,15,1988,3640.71
11,3,21,1988,1302.7
11,3,24,1988,2870.41
11,3,25,1988,1966.99
11,3,29,1988,0.0
11,3,33,1988,65.07
11,3,39,1988,8594.3
11,3,41,1988,2511.42
12,1,3,1988,15707085.61
12,1,4,1988,2742.81
12,1,6,1988,85001.17
12,1,11,1988,2765.47
12,1,12,1988,2753.79
12,1,15,1988,451916.74
12,1,21,1988,25183.18
12,1,24,1988,19569.34
12,1,25,1988,24439.42
12,1,31,1988,0.0
12,1,33,1988,61548.89
12,1,39,1988,0.0
12,1,41,1988,0.0
13,1,3,1988,125078695.24
13,1,4,1988,227052.64
13,1,6,1988,22654558.88
13,1,11,1988,1644777.08
13,1,12,1988,617233.49
13,1,15,1988,218358.87
13,1,20,1988,0.0
13,1,21,1988,142351.33
13,1,24,1988,43293.0
13,1,25,1988,28601.46
13,1,29,1988,2188.93
13,1,30,1988,7636.01
13,1,31,1988,7.86
13,1,33,1988,5163203.95
13,1,35,1988,19.13
13,1,39,1988,0.0
13,1,41,1988,536.41
14,1,3,1988,14586173.1
14,1,4,1988,265300.08
14,1,6,1988,2605986.76
14,1,9,1988,0.0
14,1,11,1988,1110111.5
14,1,12,1988,2926853.41
14,1,15,1988,64897.5
14,1,21,1988,59557.87
14,1,24,1988,12421.36
14,1,25,1988,7667.3
14,1,29,1988,81892.49
14,1,30,1988,376.48
14,1,31,1988,1.7
14,1,33,1988,593496.73
14,1,35,1988,56.4
14,1,39,1988,0.0
14,1,41,1988,1784.78
15,1,0,1988,28.65
15,1,3,1988,101617039.83
15,1,4,1988,1302008.8
15,1,5,1988,227393.88
15,1,6,1988,7430167.11
15,1,9,1988,12884.7
15,1,11,1988,2375166.4
15,1,12,1988,1027374.36
15,1,15,1988,3981293.52
15,1,20,1988,0.0
15,1,21,1988,864768.15
15,1,23,1988,2413.74
15,1,24,1988,80942.14
15,1,25,1988,74102.7
15,1,29,1988,227498.65
15,1,30,1988,36792.85
15,1,31,1988,6.97
15,1,32,1988,3929.04
15,1,33,1988,4376982.1
15,1,35,1988,28862.55
15,1,39,1988,0.0
15,1,40,1988,0.0
15,1,41,1988,892.76
15,3,0,1988,225.79
15,3,3,1988,270623.15
15,3,4,1988,319399.48
15,3,6,1988,135.52
15,3,9,1988,0.0
15,3,11,1988,53676.1
15,3,12,1988,148851.26
15,3,15,1988,48255.93
15,3,21,1988,2065.01
15,3,24,1988,1298.41
15,3,25,1988,31.15
15,3,29,1988,1.59
15,3,30,1988,12.22
15,3,31,1988,0.0
15,3,33,1988,26348.35
15,3,39,1988,0.0
15,3,41,1988,78.25
16,1,3,1988,9965696.09
16,1,4,1988,3453.5
16,1,5,1988,88894.34
16,1,6,1988,1600602.55
16,1,9,1988,6991.85
16,1,11,1988,2051369.56
16,1,12,1988,37116.09
16,1,15,1988,724.03
16,1,21,1988,22420.72
16,1,24,1988,10502.6
16,1,25,1988,2527.27
16,1,30,1988,400.14
16,1,31,1988,25.02
16,1,33,1988,401019.12
16,1,39,1988,0.0
16,1,41,1988,17.88
17,1,0,1988,7.0
17,1,3,1988,887649.95
17,1,4,1988,20237.9
17,1,6,1988,298059.99
17,1,9,1988,1.33
17,1,11,1988,27258.55
17,1,12,1988,63743.5
17,1,15,1988,983240.98
17,1,21,1988,103748.12
17,1,24,1988,1001.54
17,1,25,1988,4228.46
17,1,29,1988,28768.47
17,1,30,1988,0.0
17,1,31,1988,0.0
17,1,33,1988,43582.95
17,1,39,1988,0.0
17,1,40,1988,0.0
17,1,41,1988,29.0
17,3,0,1988,87.38
17,3,3,1988,6115732.65
17,3,4,1988,12695823.09
17,3,6,1988,21.53
17,3,9,1988,169.99
17,3,11,1988,2169329.11
17,3,12,1988,1647576.88
17,3,15,1988,2159013.36
17,3,20,1988,24.45
17,3,21,1988,175397.89
17,3,23,1988,348.87
17,3,24,1988,27050.04
17,3,25,1988,4641.73
17,3,29,1988,40989.57
17,3,30,1988,80.61
17,3,31,1988,0.0
17,3,33,1988,224495.34
17,3,39,1988,6284.34
17,3,40,1988,3071.05
17,3,41,1988,10657.97
17,3,62,1988,0.0
17,3,75,1988,0.0
21,1,0,1988,1.07
21,1,3,1988,7406106.32
21,1,4,1988,168025.61
21,1,5,1988,409991.47
21,1,6,1988,529224.42
21,1,9,1988,6.32
21,1,11,1988,398728.46
21,1,12,1988,77284.61
21,1,15,1988,1631666.25
21,1,21,1988,193059.12
21,1,23,1988,4504.58
21,1,24,1988,24025.68
21,1,25,1988,14467.55
21,1,29,1988,92.29
21,1,30,1988,1797.82
21,1,31,1988,4.82
21,1,32,1988,32723.46
21,1,33,1988,347669.48
21,1,39,1988,0.0
21,1,41,1988,341.81
21,1,50,1988,1.61
21,3,0,1988,136.99
21,3,3,1988,11937022.09
21,3,4,1988,7443227.78
21,3,5,1988,62260.1
21,3,6,1988,72.16
21,3,9,1988,116.16
21,3,11,1988,120668.47
21,3,12,1988,832862.21
21,3,15,1988,640173.28
21,3,20,1988,9.18
21,3,21,1988,115704.69
21,3,23,1988,107981.59
21,3,24,1988,33034.48
21,3,25,1988,8886.62
21,3,29,1988,6748.86
21,3,30,1988,60.69
21,3,31,1988,854.99
21,3,32,1988,8614.49
21,3,33,1988,151481.43
21,3,39,1988,333.98
21,3,41,1988,507.5
21,3,48,1988,0.0
21,3,50,1988,235346.14
21,3,62,1988,0.0
21,3,91,1988,0.0
22,2,3,1988,1059252.0
22,2,4,1988,9482605.32
22,2,5,1988,5037.12
22,2,9,1988,104.49
22,2,11,1988,0.0
22,2,12,1988,19959.05
22,2,15,1988,953229.19
22,2,21,1988,247230.42
22,2,23,1988,14278.47
22,2,24,1988,17943.15
22,2,25,1988,20489.65
22,2,29,1988,14324.01
22,2,31,1988,650.05
22,2,32,1988,2168.35
22,2,33,1988,30684.71
22,2,39,1988,0.0
22,2,41,1988,650.48
22,2,48,1988,816.5
22,2,50,1988,3958.64
22,2,62,1988,0.0
22,2,75,1988,0.0
22,2,91,1988,0.0
22,3,3,1988,2340115.14
22,3,4,1988,10086452.31
22,3,5,1988,4.38
22,3,9,1988,319.35
22,3,11,1988,82488.53
22,3,12,1988,325208.84
22,3,15,1988,252687.22
22,3,20,1988,953.23
22,3,21,1988,12282.76
22,3,23,1988,0.0
22,3,24,1988,24900.93
22,3,25,1988,30002.68
22,3,29,1988,76023.52
22,3,30,1988,187.34
22,3,31,1988,0.0
22,3,33,1988,69788.09
22,3,39,1988,2.91
22,3,41,1988,201.62
22,3,48,1988,0.0
22,3,62,1988,0.0
22,3,75,1988,0.0
23,2,3,1988,862663.82
23,2,4,1988,11895078.06
23,2,5,1988,15692.67
23,2,9,1988,0.0
23,2,12,1988,546.86
23,2,15,1988,1375698.97
23,2,21,1988,281397.16
23,2,23,1988,60425.59
23,2,24,1988,64057.53
23,2,25,1988,25397.54
23,2,29,1988,1925.1
23,2,30,1988,315.12
23,2,31,1988,1561.36
23,2,32,1988,6359.99
23,2,33,1988,246658.61
23,2,39,1988,0.0
23,2,41,1988,10730.32
23,2,48,1988,32436.3
23,2,50,1988,5919.6
23,2,75,1988,0.0
23,2,91,1988,0.0
24,2,3,1988,59134.73
24,2,4,1988,3041329.13
24,2,5,1988,4533.83
24,2,11,1988,0.09
24,2,12,1988,10360.53
24,2,13,1988,6796.56
24,2,15,1988,1380472.93
24,2,20,1988,1868.04
24,2,21,1988,375119.97
24,2,23,1988,30289.69
24,2,24,1988,21746.45
24,2,25,1988,6301.21
24,2,29,1988,4681.58
24,2,30,1988,0.0
24,2,31,1988,22618.3
24,2,32,1988,5498.8
24,2,33,1988,97756.37
24,2,41,1988,3496.19
24,2,48,1988,630.57
24,2,49,1988,0.0
24,2,50,1988,2016.57
24,2,75,1988,0.0
24,2,91,1988,0.0
24,4,3,1988,25671.18
24,4,4,1988,1323.87
24,4,5,1988,7011.6
24,4,9,1988,8.99
24,4,11,1988,5969.99
24,4,12,1988,0.0
24,4,15,1988,13070.87
24,4,20,1988,16721.15
24,4,21,1988,80210.44
24,4,23,1988,8439.56
24,4,24,1988,10390.9
24,4,25,1988,31.46
24,4,31,1988,64.0
24,4,32,1988,726.47
24,4,33,1988,10331.57
24,4,41,1988,8721.8
24,4,48,1988,92.28
24,4,49,1988,462.51
24,4,50,1988,15562.12
24,4,91,1988,0.0
25,2,3,1988,68682.86
25,2,4,1988,3508522.32
25,2,11,1988,0.0
25,2,12,1988,1474.55
25,2,13,1988,1553.03
25,2,15,1988,1410720.6
25,2,20,1988,7438.64
25,2,21,1988,151130.43
25,2,24,1988,14718.85
25,2,25,1988,9224.86
25,2,29,1988,4353.49
25,2,30,1988,3.82
25,2,31,1988,0.0
25,2,33,1988,58045.74
25,2,41,1988,5.15
25,2,48,1988,0.0
25,2,75,1988,0.0
25,2,91,1988,0.0
25,4,3,1988,67546.53
25,4,4,1988,19559.61
25,4,5,1988,11191.12
25,4,9,1988,0.0
25,4,11,1988,15280.9
25,4,15,1988,67254.83
25,4,20,1988,57745.68
25,4,21,1988,138375.95
25,4,23,1988,539.97
25,4,24,1988,9598.34
25,4,25,1988,44.28
25,4,30,1988,95.21
25,4,31,1988,56.08
25,4,32,1988,344.01
25,4,33,1988,5267.84
25,4,41,1988,17246.0
25,4,48,1988,0.0
25,4,50,1988,346.14
25,4,75,1988,0.0
25,4,91,1988,0.0
26,2,3,1988,53826.57
26,2,4,1988,6052815.53
26,2,12,1988,25701.67
26,2,13,1988,72436.2
26,2,15,1988,1686793.42
26,2,20,1988,48.57
26,2,21,1988,197967.06
26,2,24,1988,26770.11
26,2,25,1988,18537.14
26,2,29,1988,1137.73
26,2,30,1988,135.08
26,2,31,1988,6.81
26,2,33,1988,112448.27
26,2,41,1988,4079.56
26,2,48,1988,6154.44
26,2,75,1988,0.0
26,2,91,1988,0.0
26,4,3,1988,221721.13
26,4,4,1988,274017.21
26,4,5,1988,13487.78
26,4,9,1988,3.63
26,4,11,1988,6253.81
26,4,15,1988,596364.38
26,4,20,1988,245820.84
26,4,21,1988,144867.33
26,4,23,1988,223.82
26,4,24,1988,23268.05
26,4,25,1988,308.24
26,4,30,1988,221.34
26,4,31,1988,10.63
26,4,32,1988,984.95
26,4,33,1988,17541.06
26,4,41,1988,0.27
26,4,50,1988,5.67
26,4,75,1988,0.0
26,4,91,1988,0.0
27,2,3,1988,7418.51
27,2,4,1988,417889.12
27,2,9,1988,0.0
27,2,11,1988,0.0
27,2,12,1988,100.41
27,2,13,1988,5.21
27,2,15,1988,869765.67
27,2,20,1988,528.88
27,2,21,1988,8182.37
27,2,24,1988,3477.15
27,2,25,1988,715.84
27,2,29,1988,16.34
27,2,30,1988,0.0
27,2,31,1988,0.0
27,2,33,1988,12155.62
27,2,41,1988,7.14
27,2,48,1988,812.4
27,4,3,1988,212505.66
27,4,4,1988,125452.64
27,4,5,1988,3854.23
27,4,9,1988,1.06
27,4,11,1988,14823.18
27,4,12,1988,12.59
27,4,15,1988,635575.49
27,4,20,1988,372693.98
27,4,21,1988,37562.98
27,4,23,1988,3844.2
27,4,24,1988,10690.11
27,4,25,1988,212.74
27,4,29,1988,27.2
27,4,31,1988,35.04
27,4,32,1988,99.27
27,4,33,1988,27944.21
27,4,41,1988,9.43
27,4,49,1988,3059.62
27,4,50,1988,12659.97
28,2,3,1988,26592.06
28,2,4,1988,428341.11
28,2,9,1988,0.0
28,2,12,1988,1169.42
28,2,15,1988,745743.89
28,2,20,1988,17.58
28,2,21,1988,513.58
28,2,24,1988,2051.81
28,2,25,1988,1503.63
28,2,30,1988,31.45
28,2,31,1988,0.0
28,2,33,1988,7738.31
28,2,41,1988,22.34
28,4,3,1988,111977.86
28,4,4,1988,3452.57
28,4,5,1988,19717.0
28,4,9,1988,435.32
28,4,11,1988,19566.35
28,4,12,1988,26361.75
28,4,15,1988,645229.42
28,4,20,1988,8236.92
28,4,21,1988,38187.79
28,4,23,1988,8612.83
28,4,24,1988,10295.6
28,4,25,1988,259.21
28,4,29,1988,48.49
28,4,30,1988,200.45
28,4,31,1988,56.84
28,4,32,1988,2484.93
28,4,33,1988,33878.27
28,4,41,1988,21.5
28,4,49,1988,615.11
28,4,50,1988,49080.28
28,4,91,1988,0.0
29,2,3,1988,1213391.52
29,2,4,1988,22526148.52
29,2,9,1988,493.92
29,2,11,1988,0.0
29,2,12,1988,193639.31
29,2,13,1988,338186.9
29,2,15,1988,8475625.62
29,2,20,1988,8780.38
29,2,21,1988,1647434.0
29,2,23,1988,57194.48
29,2,24,1988,59333.6
29,2,25,1988,63117.57
29,2,29,1988,86115.34
29,2,30,1988,2240.08
29,2,31,1988,1.32
29,2,33,1988,442541.94
29,2,39,1988,0.0
29,2,41,1988,7253.33
29,2,46,1988,4060.11
29,2,48,1988,10155.77
29,2,62,1988,0.0
29,2,75,1988,0.0
29,2,91,1988,0.0
29,3,3,1988,320314.01
29,3,4,1988,8001592.15
29,3,9,1988,1169.91
29,3,11,1988,139845.78
29,3,12,1988,918514.82
29,3,15,1988,251125.98
29,3,21,1988,325473.67
29,3,24,1988,5410.66
29,3,25,1988,5085.49
29,3,29,1988,9449.99
29,3,31,1988,0.0
29,3,33,1988,16546.04
29,3,39,1988,54568.82
29,3,41,1988,259644.47
29,3,46,1988,31159.23
29,3,48,1988,3778.82
29,3,62,1988,0.0
29,3,75,1988,0.0
29,3,91,1988,0.0
29,4,3,1988,3769358.87
29,4,4,1988,958863.22
29,4,5,1988,66915.29
29,4,9,1988,122807.02
29,4,11,1988,115540.67
29,4,12,1988,46263.16
29,4,15,1988,4916618.51
29,4,20,1988,333.74
29,4,21,1988,567260.99
29,4,23,1988,9766.73
29,4,24,1988,63571.53
29,4,25,1988,4949.62
29,4,29,1988,5908.47
29,4,30,1988,232.93
29,4,31,1988,379.89
29,4,32,1988,7053.46
29,4,33,1988,208006.97
29,4,41,1988,501.45
29,4,46,1988,11923.59
29,4,48,1988,176.82
29,4,49,1988,17546.63
29,4,50,1988,98431.47
31,2,3,1988,89017.26
31,2,4,1988,1752200.33
31,2,9,1988,757.14
31,2,11,1988,0.0
31,2,12,1988,595.11
31,2,15,1988,1335941.13
31,2,20,1988,65.02
31,2,21,1988,32499.69
31,2,24,1988,5355.98
31,2,25,1988,3899.02
31,2,29,1988,3100.4
31,2,30,1988,0.0
31,2,33,1988,29291.55
31,2,39,1988,0.0
31,2,41,1988,6754.8
31,2,46,1988,696.86
31,2,48,1988,786.01
31,2,62,1988,0.0
31,2,75,1988,0.0
31,3,0,1988,67.98
31,3,3,1988,4890660.6
31,3,4,1988,10766744.86
31,3,9,1988,511606.13
31,3,11,1988,557166.79
31,3,12,1988,1634532.34
31,3,15,1988,10989156.7
31,3,20,1988,56359.54
31,3,21,1988,546359.36
31,3,24,1988,75835.3
31,3,25,1988,53439.68
31,3,29,1988,668419.2
31,3,30,1988,5036.33
31,3,31,1988,6.94
31,3,33,1988,426117.02
31,3,39,1988,81130.23
31,3,41,1988,483458.39
31,3,46,1988,38845.3
31,3,47,1988,9982.26
31,3,48,1988,2316.87
31,3,62,1988,0.0
31,3,75,1988,0.0
31,4,3,1988,5869105.17
31,4,4,1988,2374123.76
31,4,9,1988,123586.34
31,4,11,1988,10779.67
31,4,12,1988,1030395.11
31,4,15,1988,12681748.19
31,4,20,1988,9238.2
31,4,21,1988,650031.26
31,4,23,1988,22.5
31,4,24,1988,125315.77
31,4,25,1988,15615.36
31,4,29,1988,39759.92
31,4,30,1988,22971.69
31,4,31,1988,0.0
31,4,33,1988,289429.32
31,4,39,1988,36.29
31,4,41,1988,95827.02
31,4,46,1988,252278.77
31,4,47,1988,1588.88
31,4,48,1988,1324.47
32,4,3,1988,1051145.37
32,4,4,1988,7849.13
32,4,5,1988,6590.16
32,4,9,1988,130530.33
32,4,11,1988,108186.42
32,4,12,1988,66684.7
32,4,15,1988,2864711.24
32,4,20,1988,43.75
32,4,21,1988,95496.16
32,4,23,1988,5687.05
32,4,24,1988,38214.48
32,4,25,1988,2421.08
32,4,29,1988,28406.66
32,4,31,1988,2.11
32,4,32,1988,820.77
32,4,33,1988,48577.96
32,4,41,1988,9433.57
32,4,46,1988,94533.97
32,4,48,1988,488.96
32,4,49,1988,17628.2
32,4,50,1988,28491.81
33,4,3,1988,1230464.34
33,4,4,1988,746.22
33,4,5,1988,8241.67
33,4,9,1988,1162.09
33,4,11,1988,95148.51
33,4,12,1988,91991.11
33,4,15,1988,2177567.63
33,4,20,1988,1.66
33,4,21,1988,323591.43
33,4,23,1988,24441.08
33,4,24,1988,128961.61
33,4,25,1988,4897.95
33,4,29,1988,5222.49
33,4,30,1988,433.06
33,4,31,1988,4522.07
33,4,32,1988,1542.91
33,4,33,1988,106617.26
33,4,39,1988,0.0
33,4,41,1988,89679.58
33,4,46,1988,0.08
33,4,48,1988,0.0
33,4,49,1988,25398.73
33,4,50,1988,51425.38
33,4,91,1988,0.0
35,3,3,1988,1114649.98
35,3,4,1988,52618.9
35,3,9,1988,229719.76
35,3,11,1988,172845.36
35,3,12,1988,9625.24
35,3,15,1988,2509264.81
35,3,20,1988,1051235.81
35,3,21,1988,536590.44
35,3,24,1988,54810.37
35,3,25,1988,49879.9
35,3,30,1988,204.39
35,3,31,1988,4.55
35,3,33,1988,132399.13
35,3,39,1988,405155.08
35,3,41,1988,138539.66
35,3,46,1988,7228.41
35,3,47,1988,46167.03
35,3,48,1988,6952.16
35,3,62,1988,0.0
35,4,3,1988,3652326.72
35,4,4,1988,25.97
35,4,5,1988,17551.71
35,4,9,1988,144248.33
35,4,11,1988,190761.51
35,4,12,1988,98958.72
35,4,15,1988,9676359.72
35,4,20,1988,856546.26
35,4,21,1988,1871117.26
35,4,23,1988,1855.48
35,4,24,1988,357155.01
35,4,25,1988,10968.37
35,4,29,1988,141.22
35,4,30,1988,2816.47
35,4,31,1988,48.98
35,4,32,1988,838.8
35,4,33,1988,458399.92
35,4,39,1988,240233.47
35,4,40,1988,0.0
35,4,41,1988,384571.21
35,4,46,1988,26676.57
35,4,47,1988,67472.99
35,4,48,1988,8045.28
35,4,49,1988,228501.82
35,4,50,1988,5249.86
35,4,62,1988,0.0
35,4,75,1988,0.0
41,3,3,1988,79579.35
41,3,4,1988,0.0
41,3,9,1988,38541.39
41,3,11,1988,963.93
41,3,12,1988,92019.34
41,3,15,1988,46384.68
41,3,21,1988,2708.09
41,3,24,1988,1107.49
41,3,25,1988,135.84
41,3,29,1988,4193.3
41,3,33,1988,722.95
41,3,39,1988,40620.01
41,3,41,1988,5431.73
41,3,46,1988,0.0
41,3,47,1988,0.0
41,3,48,1988,1.23
41,4,3,1988,4955670.78
41,4,5,1988,22759.86
41,4,9,1988,598758.56
41,4,11,1988,191474.49
41,4,12,1988,54691.81
41,4,15,1988,6508272.71
41,4,20,1988,49183.18
41,4,21,1988,1923669.29
41,4,23,1988,582.85
41,4,24,1988,163066.54
41,4,25,1988,4383.49
41,4,29,1988,86.83
41,4,30,1988,1493.63
41,4,31,1988,1.06
41,4,32,1988,358.93
41,4,33,1988,386684.22
41,4,39,1988,3228805.86
41,4,40,1988,281.28
41,4,41,1988,1250259.23
41,4,46,1988,132515.14
41,4,47,1988,776.37
41,4,48,1988,6138.18
41,4,49,1988,130187.51
41,4,50,1988,4473.12
41,4,62,1988,0.0
42,4,3,1988,4196119.41
42,4,5,1988,7310.71
42,4,9,1988,394487.4
42,4,11,1988,14708.43
42,4,12,1988,938974.01
42,4,15,1988,1802192.52
42,4,21,1988,844511.13
42,4,23,1988,7688.85
42,4,24,1988,97424.18
42,4,25,1988,2908.55
42,4,29,1988,1.03
42,4,30,1988,839.38
42,4,31,1988,8.03
42,4,32,1988,588.67
42,4,33,1988,127061.09
42,4,39,1988,91594.37
42,4,40,1988,56130.09
42,4,41,1988,814151.83
42,4,48,1988,459.8
42,4,49,1988,116041.67
42,4,50,1988,16629.84
42,4,84,1988,21.5
42,4,91,1988,0.0
43,4,3,1988,2919540.23
43,4,9,1988,68519.45
43,4,11,1988,2343.27
43,4,12,1988,1573931.27
43,4,15,1988,984351.69
43,4,21,1988,683814.43
43,4,23,1988,690.66
43,4,24,1988,63951.83
43,4,25,1988,2481.83
43,4,29,1988,1.34
43,4,30,1988,0.0
43,4,31,1988,0.0
43,4,33,1988,99347.59
43,4,39,1988,763878.1
43,4,40,1988,18318.78
43,4,41,1988,1574520.69
43,4,48,1988,5001.69
43,4,49,1988,3510.25
43,4,50,1988,4869.33
43,4,84,1988,5.63
43,4,91,1988,0.0
43,5,3,1988,2051779.52
43,5,9,1988,168347.35
43,5,11,1988,357399.01
43,5,12,1988,9268794.93
43,5,15,1988,297.25
43,5,21,1988,1091617.1
43,5,23,1988,187783.45
43,5,24,1988,90377.3
43,5,25,1988,58235.98
43,5,29,1988,23838.03
43,5,30,1988,1726.15
43,5,31,1988,16.23
43,5,33,1988,1820506.8
43,5,39,1988,1283080.02
43,5,40,1988,404388.89
43,5,41,1988,2436066.08
43,5,48,1988,7.78
43,5,49,1988,17162.97
43,5,50,1988,124785.68
43,5,84,1988,7305.63
43,5,91,1988,0.0
50,3,3,1988,6088522.95
50,3,4,1988,2753551.41
50,3,7,1988,1.26
50,3,9,1988,114445.56
50,3,11,1988,799034.61
50,3,12,1988,154533.61
50,3,15,1988,10733404.15
50,3,20,1988,7715.09
50,3,21,1988,833413.82
50,3,24,1988,35989.77
50,3,25,1988,19200.7
50,3,29,1988,4053.04
50,3,30,1988,154.79
50,3,31,1988,1.08
50,3,33,1988,92427.98
50,3,39,1988,559725.95
50,3,40,1988,1.85
50,3,41,1988,28509.72
50,3,47,1988,92.6
50,3,62,1988,0.0
50,4,3,1988,483523.55
50,4,4,1988,7.97
50,4,9,1988,1050.23
50,4,11,1988,408670.08
50,4,12,1988,18.76
50,4,15,1988,2283056.18
50,4,20,1988,1586.07
50,4,21,1988,153551.0
50,4,24,1988,10195.62
50,4,25,1988,2174.89
50,4,31,1988,0.0
50,4,33,1988,126839.44
50,4,39,1988,259804.37
50,4,40,1988,0.0
50,4,41,1988,11914.38
50,4,47,1988,5.15
50,4,48,1988,1.24
50,6,0,1988,2.97
50,6,3,1988,1771042.76
50,6,4,1988,1782687.59
50,6,7,1988,552033.11
50,6,9,1988,0.09
50,6,11,1988,1749100.09
50,6,12,1988,875156.34
50,6,13,1988,0.0
50,6,15,1988,236174.78
50,6,21,1988,3844.86
50,6,24,1988,2306.21
50,6,25,1988,126.62
50,6,29,1988,3207.91
50,6,30,1988,112.88
50,6,33,1988,2764093.48
50,6,39,1988,183.36
50,6,40,1988,2107.97
50,6,41,1988,312.03
51,1,0,1988,1001.69
51,1,3,1988,39212980.06
51,1,4,1988,1302320.22
51,1,6,1988,4021078.19
51,1,7,1988,0.09
51,1,9,1988,184.62
51,1,11,1988,987246.85
51,1,12,1988,673155.65
51,1,15,1988,3405569.98
51,1,20,1988,126.31
51,1,21,1988,744130.0
51,1,24,1988,22727.67
51,1,25,1988,54514.19
51,1,29,1988,191070.38
51,1,30,1988,17837.83
51,1,31,1988,0.0
51,1,33,1988,387235.25
51,1,39,1988,12757.43
51,1,41,1988,157445.74
51,1,62,1988,0.0
51,3,0,1988,915.44
51,3,3,1988,7423091.33
51,3,4,1988,16300315.45
51,3,6,1988,167.8
51,3,7,1988,0.26
51,3,9,1988,427.8
51,3,11,1988,2603344.91
51,3,12,1988,1734662.46
51,3,15,1988,3093308.82
51,3,20,1988,16.9
51,3,21,1988,475395.09
51,3,24,1988,40803.45
51,3,25,1988,20377.3
51,3,29,1988,92958.36
51,3,30,1988,10286.47
51,3,31,1988,0.0
51,3,33,1988,193296.6
51,3,39,1988,1316135.18
51,3,41,1988,468051.73
51,3,62,1988,0.0
51,6,0,1988,850.76
51,6,3,1988,816476.79
51,6,4,1988,1370352.06
51,6,7,1988,472921.84
51,6,9,1988,0.0
51,6,11,1988,931077.27
51,6,12,1988,503013.0
51,6,15,1988,107738.38
51,6,20,1988,0.0
51,6,21,1988,20233.83
51,6,24,1988,1870.29
51,6,25,1988,149.47
51,6,29,1988,0.09
51,6,30,1988,15.73
51,6,31,1988,0.0
51,6,33,1988,1126719.14
51,6,39,1988,3.18
51,6,41,1988,45.13
52,3,3,1988,6916414.88
52,3,4,1988,9452005.89
52,3,9,1988,13923.46
52,3,11,1988,637720.29
52,3,12,1988,697526.7
52,3,15,1988,13075587.11
52,3,20,1988,6141.59
52,3,21,1988,666456.72
52,3,24,1988,96158.7
52,3,25,1988,17657.99
52,3,29,1988,151208.62
52,3,30,1988,1672.41
52,3,31,1988,6.35
52,3,33,1988,207237.96
52,3,39,1988,1324025.83
52,3,40,1988,0.0
52,3,41,1988,204092.2
52,3,46,1988,2075.58
52,3,47,1988,2.05
52,3,48,1988,431.78
52,3,62,1988,0.0
52,3,75,1988,0.0
52,4,3,1988,92323.03
52,4,4,1988,18.9
52,4,9,1988,35.69
52,4,11,1988,29.95
52,4,12,1988,0.0
52,4,15,1988,347823.92
52,4,20,1988,162.79
52,4,21,1988,9372.09
52,4,24,1988,291.84
52,4,25,1988,231.87
52,4,31,1988,1.53
52,4,33,1988,79154.83
52,4,39,1988,19023.57
52,4,41,1988,5468.11
53,3,3,1988,72076.5
53,3,4,1988,261949.88
53,3,9,1988,282.17
53,3,11,1988,2319.26
53,3,12,1988,30972.37
53,3,15,1988,94716.47
53,3,21,1988,14344.16
53,3,24,1988,33858.6
53,3,25,1988,4409.75
53,3,30,1988,222.56
53,3,31,1988,0.0
53,3,33,1988,7041.58
53,3,39,1988,52988.91
53,3,41,1988,740.68
53,3,46,1988,139.67
53,3,48,1988,28.5
53,3,62,1988,0.0
11,1,0,1989,1.14
11,1,3,1989,18736957.85
11,1,4,1989,505567.89
11,1,6,1989,808726.67
11,1,9,1989,0.0
11,1,11,1989,660687.93
11,1,12,1989,288009.92
11,1,15,1989,1745509.6
11,1,21,1989,339042.01
11,1,24,1989,31228.89
11,1,25,1989,71412.37
11,1,29,1989,54277.79
11,1,30,1989,9934.52
11,1,31,1989,0.0
11,1,33,1989,245934.79
11,1,39,1989,1.05
11,1,41,1989,2440.41
11,1,75,1989,0.0
11,3,0,1989,28.82
11,3,3,1989,159419.89
11,3,4,1989,75278.91
11,3,9,1989,0.0
11,3,11,1989,1000.75
11,3,12,1989,5747.98
11,3,15,1989,3818.02
11,3,21,1989,1165.88
11,3,24,1989,2895.37
11,3,25,1989,1703.42
11,3,29,1989,0.0
11,3,33,1989,70.82
11,3,39,1989,7278.2
11,3,41,1989,5144.07
12,1,3,1989,15666154.75
12,1,4,1989,2728.48
12,1,6,1989,84303.22
12,1,11,1989,2699.4
12,1,12,1989,2637.52
12,1,15,1989,495592.97
12,1,21,1989,22825.14
12,1,24,1989,19771.48
12,1,25,1989,24443.85
12,1,31,1989,0.0
12,1,33,1989,61849.63
12,1,39,1989,0.0
12,1,41,1989,0.0
13,1,3,1989,125064149.87
13,1,4,1989,227042.8
13,1,6,1989,22484403.13
13,1,11,1989,1512019.0
13,1,12,1989,613976.72
13,1,15,1989,234536.91
13,1,20,1989,0.0
13,1,21,1989,133060.06
13,1,24,1989,44072.03
13,1,25,1989,28051.1
13,1,29,1989,2177.23
13,1,30,1989,8963.26
13,1,31,1989,7.86
13,1,33,1989,5475449.85
13,1,35,1989,59.79
13,1,39,1989,0.0
13,1,41,1989,544.67
14,1,3,1989,14571114.97
14,1,4,1989,264301.15
14,1,6,1989,2602621.81
14,1,9,1989,0.0
14,1,11,1989,1127531.83
14,1,12,1989,2923993.9
14,1,15,1989,83061.55
14,1,21,1989,55055.62
14,1,24,1989,12593.77
14,1,25,1989,7586.98
14,1,29,1989,81892.58
14,1,30,1989,820.85
14,1,31,1989,5.53
14,1,33,1989,583865.17
14,1,35,1989,221.04
14,1,39,1989,0.0
14,1,41,1989,1910.69
15,1,0,1989,26.53
15,1,3,1989,101422291.87
15,1,4,1989,1301218.1
15,1,5,1989,228625.35
15,1,6,1989,7422436.72
15,1,9,1989,15378.81
15,1,11,1989,2363295.08
15,1,12,1989,1026231.84
15,1,15,1989,4288778.24
15,1,20,1989,0.0
15,1,21,1989,740146.04
15,1,23,1989,2496.7
15,1,24,1989,83594.56
15,1,25,1989,70839.5
15,1,29,1989,227536.26
15,1,30,1989,46229.57
15,1,31,1989,11.89
15,1,32,1989,3264.21
15,1,33,1989,4396123.21
15,1,35,1989,31011.93
15,1,39,1989,0.0
15,1,40,1989,0.0
15,1,41,1989,1012.53
15,3,0,1989,217.1
15,3,3,1989,269284.55
15,3,4,1989,317034.25
15,3,6,1989,138.44
15,3,9,1989,0.0
15,3,11,1989,52461.94
15,3,12,1989,146791.77
15,3,15,1989,55075.75
15,3,21,1989,2088.27
15,3,24,1989,1329.69
15,3,25,1989,29.41
15,3,29,1989,1.59
15,3,30,1989,12.4
15,3,31,1989,0.0
15,3,33,1989,26458.79
15,3,39,1989,0.0
15,3,41,1989,78.25
16,1,3,1989,9967325.46
16,1,4,1989,3445.45
16,1,5,1989,89264.17
16,1,6,1989,1597900.08
16,1,9,1989,9800.14
16,1,11,1989,2046020.55
16,1,12,1989,38606.4
16,1,15,1989,1128.24
16,1,21,1989,25923.88
16,1,24,1989,10708.11
16,1,25,1989,2264.02
16,1,30,1989,485.78
16,1,31,1989,7.33
16,1,33,1989,398842.43
16,1,39,1989,0.0
16,1,41,1989,38.7
17,1,0,1989,7.08
17,1,3,1989,857352.68
17,1,4,1989,20083.26
17,1,6,1989,293903.28
17,1,9,1989,4.24
17,1,11,1989,27264.57
17,1,12,1989,63740.84
17,1,15,1989,1033589.79
17,1,21,1989,87902.42
17,1,24,1989,1114.96
17,1,25,1989,4106.79
17,1,29,1989,28767.26
17,1,30,1989,0.0
17,1,31,1989,0.0
17,1,33,1989,43689.43
17,1,39,1989,0.0
17,1,40,1989,0.0
17,1,41,1989,31.13
17,3,0,1989,79.13
17,3,3,1989,6066273.67
17,3,4,1989,12594418.87
17,3,6,1989,20.02
17,3,9,1989,393.4
17,3,11,1989,2164798.49
17,3,12,1989,1642395.55
17,3,15,1989,2325047.71
17,3,20,1989,57.03
17,3,21,1989,161129.44
17,3,23,1989,335.15
17,3,24,1989,29739.57
17,3,25,1989,3529.32
17,3,29,1989,40993.55
17,3,30,1989,86.3
17,3,31,1989,0.0
17,3,33,1989,228290.95
17,3,39,1989,9014.77
17,3,40,1989,3091.83
17,3,41,1989,11101.1
17,3,62,1989,0.0
17,3,75,1989,0.0
21,1,0,1989,2.32
21,1,3,1989,7269182.6
21,1,4,1989,167886.33
21,1,5,1989,411381.91
21,1,6,1989,520400.31
21,1,9,1989,50.76
21,1,11,1989,390443.52
21,1,12,1989,78587.99
21,1,15,1989,1788577.25
21,1,21,1989,184922.11
21,1,23,1989,4450.87
21,1,24,1989,24958.25
21,1,25,1989,9253.45
21,1,29,1989,92.29
21,1,30,1989,4337.09
21,1,31,1989,4.82
21,1,32,1989,31036.64
21,1,33,1989,353858.05
21,1,39,1989,0.0
21,1,41,1989,294.59
21,1,50,1989,1.61
21,3,0,1989,129.34
21,3,3,1989,11929206.41
21,3,4,1989,7411772.78
21,3,5,1989,62307.08
21,3,6,1989,70.2
21,3,9,1989,147.07
21,3,11,1989,121379.78
21,3,12,1989,833097.98
21,3,15,1989,680613.87
21,3,20,1989,12.48
21,3,21,1989,113487.8
21,3,23,1989,107544.57
21,3,24,1989,34159.51
21,3,25,1989,7301.4
21,3,29,1989,6752.32
21,3,30,1989,70.49
21,3,31,1989,868.66
21,3,32,1989,8371.24
21,3,33,1989,152509.24
21,3,39,1989,372.86
21,3,41,1989,792.21
21,3,48,1989,0.0
21,3,50,1989,235136.62
21,3,62,1989,0.0
21,3,91,1989,0.0
22,2,3,1989,1059084.6
22,2,4,1989,9448936.18
22,2,5,1989,5023.55
22,2,9,1989,82.96
22,2,11,1989,0.0
22,2,12,1989,18268.12
22,2,15,1989,1031304.91
22,2,21,1989,204135.64
22,2,23,1989,14508.34
22,2,24,1989,18418.84
22,2,25,1989,20283.67
22,2,29,1989,14331.79
22,2,31,1989,546.22
22,2,32,1989,2134.16
22,2,33,1989,30480.25
22,2,39,1989,0.0
22,2,41,1989,1372.32
22,2,48,1989,581.79
22,2,50,1989,3888.29
22,2,62,1989,0.0
22,2,75,1989,0.0
22,2,91,1989,0.0
22,3,3,1989,2349496.42
22,3,4,1989,10067402.42
22,3,5,1989,4.55
22,3,9,1989,241.6
22,3,11,1989,82501.61
22,3,12,1989,324987.0
22,3,15,1989,258451.73
22,3,20,1989,1337.47
22,3,21,1989,10627.43
22,3,23,1989,0.0
22,3,24,1989,25591.51
22,3,25,1989,34889.67
22,3,29,1989,76036.06
22,3,30,1989,202.92
22,3,31,1989,0.0
22,3,33,1989,69546.43
22,3,39,1989,2.91
22,3,41,1989,299.12
22,3,48,1989,0.0
22,3,62,1989,0.0
22,3,75,1989,0.0
23,2,3,1989,860595.62
23,2,4,1989,11829847.35
23,2,5,1989,15993.06
23,2,9,1989,0.0
23,2,12,1989,515.19
23,2,15,1989,1471908.23
23,2,21,1989,249022.08
23,2,23,1989,60201.17
23,2,24,1989,66212.52
23,2,25,1989,25097.49
23,2,29,1989,1930.8
23,2,30,1989,352.8
23,2,31,1989,1518.06
23,2,32,1989,6243.48
23,2,33,1989,243561.03
23,2,39,1989,0.0
23,2,41,1989,11035.13
23,2,48,1989,36897.38
23,2,50,1989,5933.16
23,2,75,1989,0.0
23,2,91,1989,0.0
24,2,3,1989,57478.98
24,2,4,1989,2994088.57
24,2,5,1989,4619.86
24,2,11,1989,0.0
24,2,12,1989,9596.24
24,2,13,1989,7281.43
24,2,15,1989,1457155.83
24,2,20,1989,1926.42
24,2,21,1989,344324.76
24,2,23,1989,31412.35
24,2,24,1989,22551.4
24,2,25,1989,6240.65
24,2,29,1989,4634.8
24,2,30,1989,0.0
24,2,31,1989,23365.25
24,2,32,1989,5434.49
24,2,33,1989,97556.49
24,2,41,1989,4487.43
24,2,48,1989,690.85
24,2,49,1989,0.09
24,2,50,1989,1805.67
24,2,75,1989,0.0
24,2,91,1989,0.0
24,4,3,1989,25407.23
24,4,4,1989,1140.26
24,4,5,1989,7059.06
24,4,9,1989,8.99
24,4,11,1989,5816.73
24,4,12,1989,0.0
24,4,15,1989,13753.72
24,4,20,1989,17977.76
24,4,21,1989,77786.84
24,4,23,1989,8504.38
24,4,24,1989,10645.58
24,4,25,1989,18.75
24,4,31,1989,52.81
24,4,32,1989,665.85
24,4,33,1989,10407.8
24,4,41,1989,9345.13
24,4,48,1989,85.26
24,4,49,1989,511.42
24,4,50,1989,15623.18
24,4,91,1989,0.0
25,2,3,1989,59134.4
25,2,4,1989,3453907.97
25,2,11,1989,0.0
25,2,12,1989,1431.85
25,2,13,1989,1609.78
25,2,15,1989,1484319.66
25,2,20,1989,7845.85
25,2,21,1989,141431.97
25,2,24,1989,15296.78
25,2,25,1989,9236.88
25,2,29,1989,4344.52
25,2,30,1989,3.82
25,2,31,1989,0.0
25,2,33,1989,57307.29
25,2,41,1989,3.55
25,2,48,1989,0.0
25,2,75,1989,0.0
25,2,91,1989,0.0
25,4,3,1989,66335.4
25,4,4,1989,18269.88
25,4,5,1989,11238.16
25,4,9,1989,0.0
25,4,11,1989,14475.51
25,4,15,1989,73857.42
25,4,20,1989,60742.23
25,4,21,1989,131872.51
25,4,23,1989,556.66
25,4,24,1989,9934.51
25,4,25,1989,17.22
25,4,30,1989,103.01
25,4,31,1989,91.22
25,4,32,1989,339.48
25,4,33,1989,5337.33
25,4,41,1989,16994.56
25,4,48,1989,0.0
25,4,50,1989,327.41
25,4,75,1989,0.0
25,4,91,1989,0.0
26,2,3,1989,52981.75
26,2,4,1989,6017334.68
26,2,12,1989,23939.98
26,2,13,1989,77477.7
26,2,15,1989,1751166.56
26,2,20,1989,270.03
26,2,21,1989,161665.79
26,2,24,1989,28200.06
26,2,25,1989,17829.43
26,2,29,1989,1133.84
26,2,30,1989,142.17
26,2,31,1989,0.0
26,2,33,1989,114450.63
26,2,41,1989,4750.16
26,2,48,1989,7515.41
26,2,75,1989,0.0
26,2,91,1989,0.0
26,4,3,1989,211170.55
26,4,4,1989,261805.28
26,4,5,1989,13521.04
26,4,9,1989,3.72
26,4,11,1989,5082.94
26,4,15,1989,577731.54
26,4,20,1989,298935.93
26,4,21,1989,133711.77
26,4,23,1989,237.82
26,4,24,1989,23995.41
26,4,25,1989,257.08
26,4,30,1989,238.77
26,4,31,1989,117.58
26,4,32,1989,1004.28
26,4,33,1989,17279.44
26,4,41,1989,0.27
26,4,50,1989,6.73
26,4,75,1989,0.0
26,4,91,1989,0.0
27,2,3,1989,7632.36
27,2,4,1989,407414.28
27,2,9,1989,0.0
27,2,11,1989,0.0
27,2,12,1989,57.04
27,2,13,1989,0.0
27,2,15,1989,879882.86
27,2,20,1989,531.26
27,2,21,1989,7700.07
27,2,24,1989,3614.36
27,2,25,1989,767.08
27,2,29,1989,16.34
27,2,30,1989,0.0
27,2,31,1989,0.0
27,2,33,1989,12332.98
27,2,41,1989,0.0
27,2,48,1989,1126.02
27,4,3,1989,205001.25
27,4,4,1989,116238.5
27,4,5,1989,3792.52
27,4,9,1989,0.0
27,4,11,1989,14725.39
27,4,12,1989,15.67
27,4,15,1989,628753.9
27,4,20,1989,398102.08
27,4,21,1989,35061.66
27,4,23,1989,3994.62
27,4,24,1989,11069.79
27,4,25,1989,177.99
27,4,29,1989,29.93
27,4,31,1989,35.92
27,4,32,1989,89.12
27,4,33,1989,28342.13
27,4,41,1989,8.37
27,4,49,1989,2997.34
27,4,50,1989,12627.41
28,2,3,1989,26450.51
28,2,4,1989,421060.82
28,2,9,1989,0.0
28,2,12,1989,1105.1
28,2,15,1989,753418.68
28,2,20,1989,18.02
28,2,21,1989,306.76
28,2,24,1989,2148.87
28,2,25,1989,1503.05
28,2,30,1989,32.33
28,2,31,1989,0.0
28,2,33,1989,7671.37
28,2,41,1989,9.67
28,4,3,1989,105986.03
28,4,4,1989,3090.28
28,4,5,1989,19775.35
28,4,9,1989,436.54
28,4,11,1989,19324.73
28,4,12,1989,26074.76
28,4,15,1989,654495.53
28,4,20,1989,8266.75
28,4,21,1989,35665.25
28,4,23,1989,8626.34
28,4,24,1989,10701.65
28,4,25,1989,253.64
28,4,29,1989,47.43
28,4,30,1989,237.78
28,4,31,1989,111.57
28,4,32,1989,2713.51
28,4,33,1989,33679.72
28,4,41,1989,21.77
28,4,49,1989,582.67
28,4,50,1989,48627.19
28,4,91,1989,0.0
29,2,3,1989,1204626.37
29,2,4,1989,22307519.36
29,2,9,1989,998.85
29,2,11,1989,0.09
29,2,12,1989,192115.08
29,2,13,1989,339892.62
29,2,15,1989,8711487.83
29,2,20,1989,9322.64
29,2,21,1989,1583072.35
29,2,23,1989,56106.37
29,2,24,1989,61766.07
29,2,25,1989,61929.86
29,2,29,1989,87021.14
29,2,30,1989,2440.88
29,2,31,1989,1.32
29,2,33,1989,493591.27
29,2,39,1989,0.0
29,2,41,1989,9580.76
29,2,46,1989,3745.7
29,2,48,1989,10495.15
29,2,62,1989,0.0
29,2,75,1989,0.0
29,2,91,1989,0.0
29,3,3,1989,320116.73
29,3,4,1989,7934282.62
29,3,9,1989,1853.42
29,3,11,1989,137346.69
29,3,12,1989,877362.61
29,3,15,1989,266477.28
29,3,21,1989,310236.66
29,3,24,1989,5826.98
29,3,25,1989,4696.36
29,3,29,1989,9450.42
29,3,31,1989,0.0
29,3,33,1989,15886.46
29,3,39,1989,82582.75
29,3,41,1989,345977.7
29,3,46,1989,28147.06
29,3,48,1989,3436.1
29,3,62,1989,0.0
29,3,75,1989,0.0
29,3,91,1989,0.0
29,4,3,1989,3703674.55
29,4,4,1989,949250.19
29,4,5,1989,67162.27
29,4,9,1989,130231.26
29,4,11,1989,111556.77
29,4,12,1989,43004.06
29,4,15,1989,4985578.28
29,4,20,1989,1102.15
29,4,21,1989,571381.93
29,4,23,1989,9816.52
29,4,24,1989,65716.24
29,4,25,1989,4468.51
29,4,29,1989,5897.1
29,4,30,1989,555.39
29,4,31,1989,699.77
29,4,32,1989,7035.97
29,4,33,1989,208868.3
29,4,41,1989,525.14
29,4,46,1989,10620.89
29,4,48,1989,167.74
29,4,49,1989,17171.66
29,4,50,1989,97926.34
31,2,3,1989,88891.15
31,2,4,1989,1730960.4
31,2,9,1989,539.8
31,2,11,1989,0.0
31,2,12,1989,397.95
31,2,15,1989,1365223.47
31,2,20,1989,65.19
31,2,21,1989,23932.82
31,2,24,1989,5536.87
31,2,25,1989,3947.85
31,2,29,1989,3119.38
31,2,30,1989,0.09
31,2,33,1989,28937.81
31,2,39,1989,0.0
31,2,41,1989,8085.25
31,2,46,1989,634.7
31,2,48,1989,687.57
31,2,62,1989,0.0
31,2,75,1989,0.0
31,3,0,1989,67.72
31,3,3,1989,4805622.39
31,3,4,1989,10617995.99
31,3,9,1989,529837.75
31,3,11,1989,538496.23
31,3,12,1989,1620648.5
31,3,15,1989,11143004.21
31,3,20,1989,58822.82
31,3,21,1989,556107.28
31,3,24,1989,78546.38
31,3,25,1989,46975.81
31,3,29,1989,668523.52
31,3,30,1989,5783.78
31,3,31,1989,7.02
31,3,33,1989,424050.14
31,3,39,1989,108629.98
31,3,41,1989,539920.53
31,3,46,1989,41831.16
31,3,47,1989,10149.2
31,3,48,1989,2221.38
31,3,62,1989,0.0
31,3,75,1989,0.0
31,4,3,1989,5818613.86
31,4,4,1989,2364771.14
31,4,9,1989,132567.38
31,4,11,1989,10202.63
31,4,12,1989,1037227.78
31,4,15,1989,12713717.39
31,4,20,1989,9697.04
31,4,21,1989,639173.62
31,4,23,1989,20.43
31,4,24,1989,128981.67
31,4,25,1989,14036.57
31,4,29,1989,39791.73
31,4,30,1989,25070.94
31,4,31,1989,0.0
31,4,33,1989,289798.55
31,4,39,1989,41.38
31,4,41,1989,107699.47
31,4,46,1989,259055.24
31,4,47,1989,1618.39
31,4,48,1989,1092.48
32,4,3,1989,1041225.99
32,4,4,1989,7206.64
32,4,5,1989,6454.5
32,4,9,1989,136302.28
32,4,11,1989,101769.41
32,4,12,1989,67296.5
32,4,15,1989,2879888.25
32,4,20,1989,220.61
32,4,21,1989,88975.88
32,4,23,1989,5344.46
32,4,24,1989,39263.0
32,4,25,1989,2596.73
32,4,29,1989,28288.43
32,4,31,1989,0.0
32,4,32,1989,815.31
32,4,33,1989,48141.77
32,4,41,1989,11584.5
32,4,46,1989,94666.76
32,4,48,1989,476.41
32,4,49,1989,17206.01
32,4,50,1989,28220.43
33,4,3,1989,1231910.37
33,4,4,1989,711.51
33,4,5,1989,8315.72
33,4,9,1989,1243.58
33,4,11,1989,100978.3
33,4,12,1989,90219.73
33,4,15,1989,2177592.93
33,4,20,1989,0.0
33,4,21,1989,296399.22
33,4,23,1989,24313.22
33,4,24,1989,131343.34
33,4,25,1989,4727.96
33,4,29,1989,5230.75
33,4,30,1989,502.07
33,4,31,1989,4439.31
33,4,32,1989,1531.67
33,4,33,1989,107179.28
33,4,39,1989,0.0
33,4,41,1989,109429.91
33,4,46,1989,0.0
33,4,48,1989,0.0
33,4,49,1989,25438.19
33,4,50,1989,50549.77
33,4,91,1989,0.0
35,3,3,1989,1095577.94
35,3,4,1989,46038.96
35,3,9,1989,243478.57
35,3,11,1989,164069.89
35,3,12,1989,8582.71
35,3,15,1989,2469684.21
35,3,20,1989,1102570.99
35,3,21,1989,509877.33
35,3,24,1989,57841.86
35,3,25,1989,40471.61
35,3,30,1989,230.18
35,3,31,1989,4.63
35,3,33,1989,132574.9
35,3,39,1989,396032.93
35,3,41,1989,187997.93
35,3,46,1989,7311.59
35,3,47,1989,48431.59
35,3,48,1989,7113.14
35,3,62,1989,0.0
35,4,3,1989,3636524.39
35,4,4,1989,18.6
35,4,5,1989,17627.66
35,4,9,1989,147116.59
35,4,11,1989,189677.72
35,4,12,1989,98117.39
35,4,15,1989,9541942.07
35,4,20,1989,922924.7
35,4,21,1989,1884443.94
35,4,23,1989,1804.24
35,4,24,1989,366303.06
35,4,25,1989,10549.98
35,4,29,1989,137.85
35,4,30,1989,3167.67
35,4,31,1989,47.16
35,4,32,1989,729.33
35,4,33,1989,457558.15
35,4,39,1989,197064.97
35,4,40,1989,0.0
35,4,41,1989,486843.49
35,4,46,1989,27253.95
35,4,47,1989,67518.6
35,4,48,1989,8423.89
35,4,49,1989,229816.68
35,4,50,1989,5259.59
35,4,62,1989,0.0
35,4,75,1989,0.0
41,3,3,1989,78984.47
41,3,4,1989,0.0
41,3,9,1989,39874.12
41,3,11,1989,966.28
41,3,12,1989,88588.84
41,3,15,1989,44938.18
41,3,21,1989,2270.7
41,3,24,1989,1145.26
41,3,25,1989,97.63
41,3,29,1989,4192.65
41,3,33,1989,687.99
41,3,39,1989,42864.54
41,3,41,1989,7797.43
41,3,46,1989,0.0
41,3,47,1989,0.0
41,3,48,1989,1.23
41,4,3,1989,4881567.28
41,4,5,1989,22650.36
41,4,9,1989,609372.6
41,4,11,1989,189725.75
41,4,12,1989,54225.27
41,4,15,1989,6426686.7
41,4,20,1989,55072.11
41,4,21,1989,1878227.4
41,4,23,1989,536.45
41,4,24,1989,168332.69
41,4,25,1989,3439.12
41,4,29,1989,75.19
41,4,30,1989,1691.31
41,4,31,1989,5.08
41,4,32,1989,417.66
41,4,33,1989,386650.23
41,4,39,1989,3055509.3
41,4,40,1989,201.78
41,4,41,1989,1614145.12
41,4,46,1989,124612.84
41,4,47,1989,774.1
41,4,48,1989,5907.53
41,4,49,1989,130305.47
41,4,50,1989,4443.58
41,4,62,1989,0.0
42,4,3,1989,4161614.49
42,4,5,1989,7479.01
42,4,9,1989,405482.98
42,4,11,1989,14679.05
42,4,12,1989,945399.2
42,4,15,1989,1743033.27
42,4,21,1989,841433.31
42,4,23,1989,7660.58
42,4,24,1989,101377.06
42,4,25,1989,2119.44
42,4,29,1989,0.0
42,4,30,1989,906.04
42,4,31,1989,11.61
42,4,32,1989,565.61
42,4,33,1989,125828.05
42,4,39,1989,100055.79
42,4,40,1989,60480.41
42,4,41,1989,882861.07
42,4,48,1989,590.66
42,4,49,1989,111891.5
42,4,50,1989,16361.78
42,4,84,1989,21.58
42,4,91,1989,0.0
43,4,3,1989,2903774.51
43,4,9,1989,81339.82
43,4,11,1989,2346.83
43,4,12,1989,1575984.19
43,4,15,1989,949687.03
43,4,21,1989,667651.79
43,4,23,1989,689.25
43,4,24,1989,66419.82
43,4,25,1989,1564.05
43,4,29,1989,1.34
43,4,30,1989,0.0
43,4,31,1989,0.0
43,4,33,1989,99681.19
43,4,39,1989,814076.95
43,4,40,1989,13003.47
43,4,41,1989,1579305.54
43,4,48,1989,5505.98
43,4,49,1989,3217.85
43,4,50,1989,4822.82
43,4,84,1989,5.63
43,4,91,1989,0.0
43,5,3,1989,2049481.81
43,5,9,1989,199358.74
43,5,11,1989,355385.78
43,5,12,1989,9039470.33
43,5,15,1989,319.38
43,5,21,1989,1184584.08
43,5,23,1989,187956.13
43,5,24,1989,92231.73
43,5,25,1989,57651.56
43,5,29,1989,23829.25
43,5,30,1989,1838.63
43,5,31,1989,15.23
43,5,33,1989,1818961.29
43,5,39,1989,1427964.78
43,5,40,1989,327104.2
43,5,41,1989,2481223.77
43,5,48,1989,9.64
43,5,49,1989,17403.45
43,5,50,1989,121435.14
43,5,84,1989,7291.19
43,5,91,1989,0.0
50,3,3,1989,5797901.16
50,3,4,1989,2551376.29
50,3,7,1989,4.04
50,3,9,1989,137503.84
50,3,11,1989,764859.3
50,3,12,1989,153768.94
50,3,15,1989,11233370.19
50,3,20,1989,8392.5
50,3,21,1989,776630.67
50,3,24,1989,37467.71
50,3,25,1989,18877.51
50,3,29,1989,4066.72
50,3,30,1989,233.56
50,3,31,1989,0.0
50,3,33,1989,92055.05
50,3,39,1989,596724.6
50,3,40,1989,15.39
50,3,41,1989,51439.98
50,3,47,1989,92.51
50,3,62,1989,0.0
50,4,3,1989,459612.05
50,4,4,1989,6.82
50,4,9,1989,896.91
50,4,11,1989,407370.41
50,4,12,1989,17.03
50,4,15,1989,2292858.44
50,4,20,1989,2456.29
50,4,21,1989,140718.79
50,4,24,1989,10601.68
50,4,25,1989,1923.51
50,4,31,1989,0.0
50,4,33,1989,126760.4
50,4,39,1989,272507.62
50,4,40,1989,0.0
50,4,41,1989,26662.58
50,4,47,1989,5.15
50,4,48,1989,1.24
50,6,0,1989,3.23
50,6,3,1989,1761146.65
50,6,4,1989,1787150.99
50,6,7,1989,559423.67
50,6,9,1989,3.38
50,6,11,1989,2236894.15
50,6,12,1989,953628.93
50,6,13,1989,0.0
50,6,15,1989,255906.23
50,6,21,1989,3911.58
50,6,24,1989,2397.38
50,6,25,1989,130.77
50,6,29,1989,3207.91
50,6,30,1989,127.59
50,6,33,1989,2175466.44
50,6,39,1989,158.33
50,6,40,1989,2635.87
50,6,41,1989,299.93
51,1,0,1989,979.54
51,1,3,1989,38860890.62
51,1,4,1989,1283974.71
51,1,6,1989,3972104.69
51,1,7,1989,0.0
51,1,9,1989,465.23
51,1,11,1989,987050.77
51,1,12,1989,665523.91
51,1,15,1989,3796064.14
51,1,20,1989,132.1
51,1,21,1989,762923.71
51,1,24,1989,23717.77
51,1,25,1989,50025.91
51,1,29,1989,191200.85
51,1,30,1989,25860.68
51,1,31,1989,0.0
51,1,33,1989,379215.12
51,1,39,1989,19320.82
51,1,41,1989,171931.58
51,1,62,1989,0.0
51,3,0,1989,890.7
51,3,3,1989,7341566.62
51,3,4,1989,15956868.5
51,3,6,1989,167.82
51,3,7,1989,0.0
51,3,9,1989,486.71
51,3,11,1989,2601118.37
51,3,12,1989,1720904.23
51,3,15,1989,3384983.57
51,3,20,1989,30.08
51,3,21,1989,446385.85
51,3,24,1989,41951.6
51,3,25,1989,18445.96
51,3,29,1989,92994.17
51,3,30,1989,9633.25
51,3,31,1989,0.0
51,3,33,1989,194185.63
51,3,39,1989,1375963.19
51,3,41,1989,586979.11
51,3,62,1989,0.0
51,6,0,1989,846.37
51,6,3,1989,811790.01
51,6,4,1989,1298020.29
51,6,7,1989,524447.71
51,6,9,1989,15.83
51,6,11,1989,1131261.48
51,6,12,1989,423928.35
51,6,15,1989,123020.19
51,6,20,1989,0.0
51,6,21,1989,24241.1
51,6,24,1989,1927.82
51,6,25,1989,151.36
51,6,29,1989,0.09
51,6,30,1989,18.74
51,6,31,1989,0.0
51,6,33,1989,1011739.02
51,6,39,1989,12.9
51,6,41,1989,45.73
52,3,3,1989,6761147.0
52,3,4,1989,9215900.51
52,3,9,1989,15299.87
52,3,11,1989,621595.38
52,3,12,1989,688540.94
52,3,15,1989,13307321.36
52,3,20,1989,6585.22
52,3,21,1989,640065.01
52,3,24,1989,99693.94
52,3,25,1989,14441.13
52,3,29,1989,151257.41
52,3,30,1989,1818.58
52,3,31,1989,6.35
52,3,33,1989,207395.72
52,3,39,1989,1503225.38
52,3,40,1989,2.43
52,3,41,1989,233960.95
52,3,46,1989,1687.42
52,3,47,1989,5.74
52,3,48,1989,395.77
52,3,62,1989,0.0
52,3,75,1989,0.0
52,4,3,1989,93600.52
52,4,4,1989,17.28
52,4,9,1989,37.56
52,4,11,1989,27.74
52,4,12,1989,0.0
52,4,15,1989,341608.04
52,4,20,1989,179.1
52,4,21,1989,10367.28
52,4,24,1989,303.61
52,4,25,1989,169.9
52,4,31,1989,1.27
52,4,33,1989,78816.52
52,4,39,1989,21154.5
52,4,41,1989,7654.78
53,3,3,1989,70313.16
53,3,4,1989,257010.85
53,3,9,1989,366.76
53,3,11,1989,2099.14
53,3,12,1989,29831.69
53,3,15,1989,96947.32
53,3,21,1989,10616.41
53,3,24,1989,35625.31
53,3,25,1989,3365.42
53,3,30,1989,242.13
53,3,31,1989,0.0
53,3,33,1989,7055.98
53,3,39,1989,61053.05
53,3,41,1989,1396.01
53,3,46,1989,135.54
53,3,48,1989,32.29
53,3,62,1989,0.0
11,1,0,1990,1.14
11,1,3,1990,18658804.54
11,1,4,1990,504669.17
11,1,6,1990,804500.11
11,1,9,1990,0.0
11,1,11,1990,612105.06
11,1,12,1990,286767.1
11,1,15,1990,1882952.32
11,1,21,1990,285948.16
11,1,24,1990,31966.5
11,1,25,1990,64301.98
11,1,29,1990,54294.86
11,1,30,1990,10804.92
11,1,31,1990,0.0
11,1,33,1990,300062.13
11,1,39,1990,21.12
11,1,41,1990,2533.7
11,1,75,1990,0.0
11,3,0,1990,28.65
11,3,3,1990,157857.45
11,3,4,1990,75199.62
11,3,9,1990,0.0
11,3,11,1990,1383.01
11,3,12,1990,5775.86
11,3,15,1990,4705.98
11,3,21,1990,842.25
11,3,24,1990,2927.56
11,3,25,1990,1154.11
11,3,29,1990,0.0
11,3,33,1990,73.87
11,3,39,1990,3719.54
11,3,41,1990,9884.25
12,1,3,1990,15637298.82
12,1,4,1990,2696.56
12,1,6,1990,83801.06
12,1,11,1990,2641.15
12,1,12,1990,2567.31
12,1,15,1990,530067.38
12,1,21,1990,18509.91
12,1,24,1990,20020.36
12,1,25,1990,23327.55
12,1,31,1990,0.0
12,1,33,1990,62076.32
12,1,39,1990,0.0
12,1,41,1990,0.0
13,1,3,1990,125058510.72
13,1,4,1990,227041.47
13,1,6,1990,22480469.14
13,1,11,1990,1525683.07
13,1,12,1990,614038.89
13,1,15,1990,243848.88
13,1,20,1990,0.0
13,1,21,1990,123087.93
13,1,24,1990,44815.1
13,1,25,1990,26154.83
13,1,29,1990,2177.14
13,1,30,1990,9968.16
13,1,31,1990,7.86
13,1,33,1990,5472119.46
13,1,35,1990,45.67
13,1,39,1990,0.0
13,1,41,1990,545.95
14,1,3,1990,14563903.26
14,1,4,1990,265625.13
14,1,6,1990,2599968.1
14,1,9,1990,0.0
14,1,11,1990,1116354.71
14,1,12,1990,2932341.24
14,1,15,1990,100251.18
14,1,21,1990,47851.27
14,1,24,1990,12865.87
14,1,25,1990,7500.1
14,1,29,1990,81895.7
14,1,30,1990,999.26
14,1,31,1990,3.84
14,1,33,1990,584997.83
14,1,35,1990,94.22
14,1,39,1990,0.0
14,1,41,1990,1925.77
15,1,0,1990,24.94
15,1,3,1990,101139069.83
15,1,4,1990,1303445.58
15,1,5,1990,230049.23
15,1,6,1990,7415862.37
15,1,9,1990,17360.93
15,1,11,1990,2393666.18
15,1,12,1990,1025348.02
15,1,15,1990,4571481.97
15,1,20,1990,0.0
15,1,21,1990,740961.38
15,1,23,1990,2404.09
15,1,24,1990,86095.0
15,1,25,1990,63356.74
15,1,29,1990,227479.17
15,1,30,1990,51948.4
15,1,31,1990,21.27
15,1,32,1990,3242.04
15,1,33,1990,4362836.7
15,1,35,1990,35028.02
15,1,39,1990,0.0
15,1,40,1990,0.0
15,1,41,1990,867.08
15,3,0,1990,203.73
15,3,3,1990,268453.09
15,3,4,1990,314183.76
15,3,6,1990,137.82
15,3,9,1990,0.0
15,3,11,1990,52470.97
15,3,12,1990,144867.73
15,3,15,1990,60839.12
15,3,21,1990,2010.33
15,3,24,1990,1357.67
15,3,25,1990,28.73
15,3,29,1990,1.95
15,3,30,1990,13.11
15,3,31,1990,0.0
15,3,33,1990,26374.28
15,3,39,1990,0.0
15,3,41,1990,59.9
16,1,3,1990,9966994.81
16,1,4,1990,3415.32
16,1,5,1990,90371.11
16,1,6,1990,1598148.97
16,1,9,1990,19252.85
16,1,11,1990,2027819.78
16,1,12,1990,35895.38
16,1,15,1990,1688.05
16,1,21,1990,27154.09
16,1,24,1990,10980.58
16,1,25,1990,2280.84
16,1,30,1990,506.6
16,1,31,1990,14.84
16,1,33,1990,407198.74
16,1,39,1990,0.0
16,1,41,1990,38.79
17,1,0,1990,4.78
17,1,3,1990,811287.96
17,1,4,1990,19431.3
17,1,6,1990,283313.86
17,1,9,1990,4.24
17,1,11,1990,27027.71
17,1,12,1990,63634.82
17,1,15,1990,1096151.67
17,1,21,1990,83344.07
17,1,24,1990,1278.29
17,1,25,1990,3219.52
17,1,29,1990,28756.48
17,1,30,1990,0.0
17,1,31,1990,0.0
17,1,33,1990,44019.58
17,1,39,1990,0.0
17,1,40,1990,0.0
17,1,41,1990,83.46
17,3,0,1990,66.11
17,3,3,1990,6034056.42
17,3,4,1990,12509139.62
17,3,6,1990,19.49
17,3,9,1990,1573.38
17,3,11,1990,2157446.39
17,3,12,1990,1637698.66
17,3,15,1990,2458769.0
17,3,20,1990,295.01
17,3,21,1990,148227.28
17,3,23,1990,304.99
17,3,24,1990,32450.53
17,3,25,1990,3110.03
17,3,29,1990,41012.07
17,3,30,1990,145.45
17,3,31,1990,0.0
17,3,33,1990,227823.35
17,3,39,1990,10331.41
17,3,40,1990,6795.02
17,3,41,1990,11531.64
17,3,62,1990,0.0
17,3,75,1990,0.0
21,1,0,1990,2.68
21,1,3,1990,7129973.77
21,1,4,1990,167076.76
21,1,5,1990,412753.27
21,1,6,1990,517030.54
21,1,9,1990,62.43
21,1,11,1990,404261.98
21,1,12,1990,78353.32
21,1,15,1990,1904882.06
21,1,21,1990,213464.45
21,1,23,1990,4630.03
21,1,24,1990,26290.57
21,1,25,1990,8811.64
21,1,29,1990,92.2
21,1,30,1990,4726.1
21,1,31,1990,4.82
21,1,32,1990,30643.2
21,1,33,1990,336295.88
21,1,39,1990,0.0
21,1,41,1990,365.54
21,1,50,1990,1.52
21,3,0,1990,114.63
21,3,3,1990,11919499.34
21,3,4,1990,7384884.69
21,3,5,1990,62636.32
21,3,6,1990,70.65
21,3,9,1990,404.4
21,3,11,1990,120323.06
21,3,12,1990,825224.77
21,3,15,1990,728504.28
21,3,20,1990,90.04
21,3,21,1990,108649.67
21,3,23,1990,107786.9
21,3,24,1990,35191.62
21,3,25,1990,6410.92
21,3,29,1990,6752.76
21,3,30,1990,78.07
21,3,31,1990,883.21
21,3,32,1990,8168.26
21,3,33,1990,152292.64
21,3,39,1990,1723.75
21,3,41,1990,1288.98
21,3,48,1990,0.0
21,3,50,1990,235124.95
21,3,62,1990,0.0
21,3,91,1990,0.0
22,2,3,1990,1059144.75
22,2,4,1990,9409767.24
22,2,5,1990,5041.41
22,2,9,1990,9.57
22,2,11,1990,0.0
22,2,12,1990,16550.39
22,2,15,1990,1098153.84
22,2,21,1990,177146.08
22,2,23,1990,15036.65
22,2,24,1990,19006.88
22,2,25,1990,19981.06
22,2,29,1990,14362.13
22,2,31,1990,499.26
22,2,32,1990,2070.32
22,2,33,1990,30615.02
22,2,39,1990,0.0
22,2,41,1990,1391.83
22,2,48,1990,581.9
22,2,50,1990,4023.29
22,2,62,1990,0.0
22,2,75,1990,0.0
22,2,91,1990,0.0
22,3,3,1990,2355754.0
22,3,4,1990,10053118.14
22,3,5,1990,4.82
22,3,9,1990,44.61
22,3,11,1990,77432.42
22,3,12,1990,324684.06
22,3,15,1990,263413.58
22,3,20,1990,2572.24
22,3,21,1990,9839.38
22,3,23,1990,0.0
22,3,24,1990,26640.34
22,3,25,1990,41766.93
22,3,29,1990,76059.91
22,3,30,1990,207.2
22,3,31,1990,0.0
22,3,33,1990,69066.78
22,3,39,1990,39.42
22,3,41,1990,975.04
22,3,48,1990,0.0
22,3,62,1990,0.0
22,3,75,1990,0.0
23,2,3,1990,864322.61
23,2,4,1990,11731449.14
23,2,5,1990,16181.17
23,2,9,1990,0.0
23,2,12,1990,384.13
23,2,15,1990,1580700.65
23,2,21,1990,240627.57
23,2,23,1990,60492.5
23,2,24,1990,68384.83
23,2,25,1990,24766.79
23,2,29,1990,1928.75
23,2,30,1990,372.86
23,2,31,1990,1431.73
23,2,32,1990,5790.79
23,2,33,1990,232368.69
23,2,39,1990,0.0
23,2,41,1990,11077.76
23,2,48,1990,40531.89
23,2,50,1990,6052.72
23,2,75,1990,0.0
23,2,91,1990,0.0
24,2,3,1990,58505.53
24,2,4,1990,2950787.48
24,2,5,1990,4602.13
24,2,11,1990,0.0
24,2,12,1990,8248.52
24,2,13,1990,7809.66
24,2,15,1990,1534291.52
24,2,20,1990,1976.8
24,2,21,1990,313660.38
24,2,23,1990,33601.63
24,2,24,1990,23368.74
24,2,25,1990,6226.43
24,2,29,1990,4626.26
24,2,30,1990,0.0
24,2,31,1990,24109.17
24,2,32,1990,5682.15
24,2,33,1990,89261.48
24,2,41,1990,5030.73
24,2,48,1990,1149.75
24,2,49,1990,0.09
24,2,50,1990,1713.13
24,2,75,1990,0.0
24,2,91,1990,0.0
24,4,3,1990,25712.19
24,4,4,1990,1079.03
24,4,5,1990,7170.58
24,4,9,1990,8.99
24,4,11,1990,5737.14
24,4,12,1990,0.0
24,4,15,1990,13901.88
24,4,20,1990,18455.59
24,4,21,1990,77593.74
24,4,23,1990,9077.77
24,4,24,1990,10807.12
24,4,25,1990,15.29
24,4,31,1990,55.12
24,4,32,1990,488.65
24,4,33,1990,9951.25
24,4,41,1990,8548.53
24,4,48,1990,84.91
24,4,49,1990,540.23
24,4,50,1990,15582.74
24,4,91,1990,0.0
25,2,3,1990,56370.56
25,2,4,1990,3406393.54
25,2,11,1990,0.0
25,2,12,1990,1123.53
25,2,13,1990,1686.51
25,2,15,1990,1549645.33
25,2,20,1990,8340.4
25,2,21,1990,128398.88
25,2,24,1990,16090.19
25,2,25,1990,9320.39
25,2,29,1990,4328.45
25,2,30,1990,3.91
25,2,31,1990,0.0
25,2,33,1990,54169.35
25,2,41,1990,3.28
25,2,48,1990,0.0
25,2,75,1990,0.0
25,2,91,1990,0.0
25,4,3,1990,66466.43
25,4,4,1990,17927.57
25,4,5,1990,11246.6
25,4,9,1990,0.0
25,4,11,1990,14271.06
25,4,15,1990,75467.22
25,4,20,1990,63837.27
25,4,21,1990,127381.12
25,4,23,1990,544.42
25,4,24,1990,10361.71
25,4,25,1990,10.2
25,4,30,1990,103.9
25,4,31,1990,106.21
25,4,32,1990,371.07
25,4,33,1990,5472.29
25,4,41,1990,16592.97
25,4,48,1990,0.0
25,4,50,1990,332.47
25,4,75,1990,0.0
25,4,91,1990,0.0
26,2,3,1990,53257.08
26,2,4,1990,5935964.94
26,2,12,1990,18886.16
26,2,13,1990,82805.26
26,2,15,1990,1847609.21
26,2,20,1990,305.05
26,2,21,1990,144010.69
26,2,24,1990,29287.27
26,2,25,1990,17961.41
26,2,29,1990,1132.16
26,2,30,1990,171.49
26,2,31,1990,1.86
26,2,33,1990,114207.38
26,2,41,1990,4948.59
26,2,48,1990,8309.63
26,2,75,1990,0.0
26,2,91,1990,0.0
26,4,3,1990,205361.99
26,4,4,1990,254927.51
26,4,5,1990,13542.24
26,4,9,1990,4.25
26,4,11,1990,4523.63
26,4,15,1990,579084.53
26,4,20,1990,307762.33
26,4,21,1990,135756.58
26,4,23,1990,211.79
26,4,24,1990,24942.59
26,4,25,1990,226.21
26,4,30,1990,265.5
26,4,31,1990,125.29
26,4,32,1990,1028.95
26,4,33,1990,17329.48
26,4,41,1990,0.0
26,4,50,1990,7.25
26,4,75,1990,0.0
26,4,91,1990,0.0
27,2,3,1990,7661.97
27,2,4,1990,399447.8
27,2,9,1990,0.0
27,2,11,1990,0.0
27,2,12,1990,53.68
27,2,13,1990,0.0
27,2,15,1990,887972.92
27,2,20,1990,530.64
27,2,21,1990,7460.86
27,2,24,1990,3708.98
27,2,25,1990,747.0
27,2,29,1990,16.34
27,2,30,1990,0.0
27,2,31,1990,0.0
27,2,33,1990,12486.13
27,2,41,1990,0.0
27,2,48,1990,988.33
27,4,3,1990,200030.26
27,4,4,1990,108863.42
27,4,5,1990,3810.6
27,4,9,1990,0.0
27,4,11,1990,14534.12
27,4,12,1990,12.32
27,4,15,1990,635542.14
27,4,20,1990,404185.45
27,4,21,1990,34374.01
27,4,23,1990,4118.08
27,4,24,1990,11487.21
27,4,25,1990,149.82
27,4,29,1990,26.85
27,4,31,1990,35.04
27,4,32,1990,99.44
27,4,33,1990,28244.03
27,4,41,1990,6.87
27,4,49,1990,3001.41
27,4,50,1990,12542.51
28,2,3,1990,26496.83
28,2,4,1990,415694.47
28,2,9,1990,0.0
28,2,12,1990,1029.66
28,2,15,1990,758749.37
28,2,20,1990,18.02
28,2,21,1990,215.94
28,2,24,1990,2217.89
28,2,25,1990,1422.08
28,2,30,1990,32.77
28,2,31,1990,0.0
28,2,33,1990,7842.45
28,2,41,1990,5.71
28,4,3,1990,102835.75
28,4,4,1990,2947.36
28,4,5,1990,20089.29
28,4,9,1990,469.72
28,4,11,1990,18518.35
28,4,12,1990,25266.99
28,4,15,1990,660321.22
28,4,20,1990,8302.62
28,4,21,1990,34159.38
28,4,23,1990,8931.93
28,4,24,1990,11122.06
28,4,25,1990,236.02
28,4,29,1990,38.9
28,4,30,1990,269.48
28,4,31,1990,129.68
28,4,32,1990,2689.95
28,4,33,1990,33136.27
28,4,41,1990,28.35
28,4,49,1990,594.86
28,4,50,1990,48630.3
28,4,91,1990,0.0
29,2,3,1990,1195867.31
29,2,4,1990,22115052.07
29,2,9,1990,1194.15
29,2,11,1990,0.0
29,2,12,1990,194988.8
29,2,13,1990,334460.79
29,2,15,1990,8920383.42
29,2,20,1990,10034.27
29,2,21,1990,1551420.94
29,2,23,1990,52484.66
29,2,24,1990,64410.26
29,2,25,1990,59773.3
29,2,29,1990,87204.32
29,2,30,1990,2516.59
29,2,31,1990,1.32
29,2,33,1990,520273.29
29,2,39,1990,0.0
29,2,41,1990,11047.76
29,2,46,1990,3271.45
29,2,48,1990,11329.0
29,2,62,1990,0.0
29,2,75,1990,0.0
29,2,91,1990,0.0
29,3,3,1990,324164.74
29,3,4,1990,7885611.0
29,3,9,1990,3618.28
29,3,11,1990,136558.39
29,3,12,1990,859147.36
29,3,15,1990,284140.45
29,3,21,1990,298114.68
29,3,24,1990,6328.4
29,3,25,1990,4654.21
29,3,29,1990,9452.16
29,3,31,1990,0.0
29,3,33,1990,16526.91
29,3,39,1990,92760.76
29,3,41,1990,394673.43
29,3,46,1990,25194.1
29,3,48,1990,2734.97
29,3,62,1990,0.0
29,3,75,1990,0.0
29,3,91,1990,0.0
29,4,3,1990,3654937.96
29,4,4,1990,936870.28
29,4,5,1990,67499.92
29,4,9,1990,143226.56
29,4,11,1990,107669.72
29,4,12,1990,38469.74
29,4,15,1990,5049492.3
29,4,20,1990,1947.78
29,4,21,1990,559947.73
29,4,23,1990,9574.72
29,4,24,1990,67768.16
29,4,25,1990,4272.25
29,4,29,1990,5889.96
29,4,30,1990,640.63
29,4,31,1990,794.98
29,4,32,1990,6915.45
29,4,33,1990,211517.32
29,4,41,1990,555.04
29,4,46,1990,9433.03
29,4,48,1990,110.98
29,4,49,1990,16881.25
29,4,50,1990,97995.3
31,2,3,1990,88234.88
31,2,4,1990,1717849.8
31,2,9,1990,339.26
31,2,11,1990,0.0
31,2,12,1990,422.08
31,2,15,1990,1377659.79
31,2,20,1990,70.38
31,2,21,1990,22211.58
31,2,24,1990,5754.25
31,2,25,1990,3887.34
31,2,29,1990,3242.95
31,2,30,1990,43.34
31,2,33,1990,30142.48
31,2,39,1990,1.21
31,2,41,1990,9459.55
31,2,46,1990,769.87
31,2,48,1990,871.55
31,2,62,1990,0.0
31,2,75,1990,0.0
31,3,0,1990,67.47
31,3,3,1990,4739306.68
31,3,4,1990,10465586.34
31,3,9,1990,571682.48
31,3,11,1990,528122.86
31,3,12,1990,1607933.8
31,3,15,1990,11278445.05
31,3,20,1990,62579.55
31,3,21,1990,542216.97
31,3,24,1990,81545.09
31,3,25,1990,40760.15
31,3,29,1990,668566.21
31,3,30,1990,6574.07
31,3,31,1990,6.94
31,3,33,1990,427896.94
31,3,39,1990,116174.76
31,3,41,1990,606959.5
31,3,46,1990,41342.19
31,3,47,1990,10012.21
31,3,48,1990,1462.56
31,3,62,1990,0.0
31,3,75,1990,0.0
31,4,3,1990,5784627.74
31,4,4,1990,2335272.08
31,4,9,1990,141468.85
31,4,11,1990,9467.69
31,4,12,1990,1039533.09
31,4,15,1990,12760461.4
31,4,20,1990,10840.27
31,4,21,1990,619271.91
31,4,23,1990,20.76
31,4,24,1990,132819.85
31,4,25,1990,13200.6
31,4,29,1990,39748.61
31,4,30,1990,27560.11
31,4,31,1990,0.0
31,4,33,1990,290501.98
31,4,39,1990,54.69
31,4,41,1990,130485.62
31,4,46,1990,255709.15
31,4,47,1990,1600.19
31,4,48,1990,533.12
32,4,3,1990,1038485.16
32,4,4,1990,5849.91
32,4,5,1990,6430.37
32,4,9,1990,136530.34
32,4,11,1990,100858.75
32,4,12,1990,67785.09
32,4,15,1990,2877061.1
32,4,20,1990,432.91
32,4,21,1990,92226.08
32,4,23,1990,5089.77
32,4,24,1990,40135.71
32,4,25,1990,2488.33
32,4,29,1990,28364.69
32,4,31,1990,0.0
32,4,32,1990,788.94
32,4,33,1990,48220.4
32,4,41,1990,15270.83
32,4,46,1990,94076.95
32,4,48,1990,406.4
32,4,49,1990,17060.32
32,4,50,1990,28381.83
33,4,3,1990,1232780.45
33,4,4,1990,710.27
33,4,5,1990,8279.61
33,4,9,1990,1007.83
33,4,11,1990,106307.47
33,4,12,1990,96498.45
33,4,15,1990,2170599.02
33,4,20,1990,0.0
33,4,21,1990,276317.38
33,4,23,1990,24585.62
33,4,24,1990,134337.01
33,4,25,1990,4528.86
33,4,29,1990,5238.21
33,4,30,1990,526.52
33,4,31,1990,4400.12
33,4,32,1990,1496.85
33,4,33,1990,104660.93
33,4,39,1990,0.0
33,4,41,1990,124389.07
33,4,46,1990,0.0
33,4,48,1990,0.0
33,4,49,1990,25282.49
33,4,50,1990,50110.7
33,4,91,1990,0.0
35,3,3,1990,1069983.72
35,3,4,1990,41694.19
35,3,9,1990,258844.92
35,3,11,1990,158568.8
35,3,12,1990,7985.86
35,3,15,1990,2414734.06
35,3,20,1990,1130775.63
35,3,21,1990,476790.33
35,3,24,1990,60264.51
35,3,25,1990,31855.39
35,3,30,1990,347.72
35,3,31,1990,0.0
35,3,33,1990,133306.11
35,3,39,1990,474731.56
35,3,41,1990,191788.97
35,3,46,1990,7055.37
35,3,47,1990,52363.49
35,3,48,1990,6800.35
35,3,62,1990,0.0
35,4,3,1990,3640630.26
35,4,4,1990,17.18
35,4,5,1990,17456.45
35,4,9,1990,145353.29
35,4,11,1990,184787.15
35,4,12,1990,98717.06
35,4,15,1990,9366870.54
35,4,20,1990,1028302.06
35,4,21,1990,1834970.7
35,4,23,1990,1798.57
35,4,24,1990,375862.64
35,4,25,1990,10596.43
35,4,29,1990,143.13
35,4,30,1990,3393.45
35,4,31,1990,49.14
35,4,32,1990,643.66
35,4,33,1990,474236.57
35,4,39,1990,260134.38
35,4,40,1990,0.0
35,4,41,1990,517733.57
35,4,46,1990,26787.73
35,4,47,1990,68334.57
35,4,48,1990,7561.44
35,4,49,1990,231247.97
35,4,50,1990,5243.74
35,4,62,1990,0.0
35,4,75,1990,0.0
41,3,3,1990,78703.8
41,3,4,1990,3.43
41,3,9,1990,40469.03
41,3,11,1990,953.32
41,3,12,1990,84808.41
41,3,15,1990,40973.87
41,3,21,1990,1209.93
41,3,24,1990,1219.16
41,3,25,1990,68.97
41,3,29,1990,4193.05
41,3,33,1990,707.78
41,3,39,1990,49349.7
41,3,41,1990,9748.86
41,3,46,1990,0.0
41,3,47,1990,0.0
41,3,48,1990,0.0
41,4,3,1990,4843070.56
41,4,5,1990,22452.19
41,4,9,1990,594550.05
41,4,11,1990,186662.88
41,4,12,1990,52767.17
41,4,15,1990,6358257.14
41,4,20,1990,57020.66
41,4,21,1990,1742083.65
41,4,23,1990,499.89
41,4,24,1990,173021.0
41,4,25,1990,3383.21
41,4,29,1990,74.62
41,4,30,1990,1806.55
41,4,31,1990,11.14
41,4,32,1990,436.85
41,4,33,1990,392721.43
41,4,39,1990,3062637.42
41,4,40,1990,120.56
41,4,41,1990,1874246.14
41,4,46,1990,110137.96
41,4,47,1990,689.31
41,4,48,1990,3037.44
41,4,49,1990,130463.48
41,4,50,1990,4423.68
41,4,62,1990,0.0
42,4,3,1990,4139822.43
42,4,5,1990,7740.82
42,4,9,1990,410539.47
42,4,11,1990,14537.3
42,4,12,1990,938013.36
42,4,15,1990,1679074.71
42,4,21,1990,818622.03
42,4,23,1990,7524.28
42,4,24,1990,105507.07
42,4,25,1990,1930.9
42,4,29,1990,0.0
42,4,30,1990,939.07
42,4,31,1990,20.96
42,4,32,1990,546.25
42,4,33,1990,126160.0
42,4,39,1990,108173.02
42,4,40,1990,51351.62
42,4,41,1990,992136.15
42,4,48,1990,698.82
42,4,49,1990,110093.87
42,4,50,1990,16398.86
42,4,84,1990,21.5
42,4,91,1990,0.0
43,4,3,1990,2887133.17
43,4,9,1990,94392.9
43,4,11,1990,2344.66
43,4,12,1990,1567186.81
43,4,15,1990,925940.06
43,4,21,1990,641631.95
43,4,23,1990,689.25
43,4,24,1990,68067.17
43,4,25,1990,1512.23
43,4,29,1990,1.34
43,4,30,1990,0.0
43,4,31,1990,0.0
43,4,33,1990,100637.82
43,4,39,1990,822741.72
43,4,40,1990,10038.55
43,4,41,1990,1633352.99
43,4,48,1990,5429.99
43,4,49,1990,3167.07
43,4,50,1990,4804.74
43,4,84,1990,5.63
43,4,91,1990,0.0
43,5,3,1990,2058778.23
43,5,9,1990,218462.73
43,5,11,1990,352025.83
43,5,12,1990,8875278.27
43,5,15,1990,312.65
43,5,21,1990,1254782.03
43,5,23,1990,183674.61
43,5,24,1990,93757.46
43,5,25,1990,56503.47
43,5,29,1990,23828.38
43,5,30,1990,1953.69
43,5,31,1990,2.39
43,5,33,1990,1829593.32
43,5,39,1990,1529305.24
43,5,40,1990,198128.3
43,5,41,1990,2575182.27
43,5,48,1990,9.64
43,5,49,1990,17787.71
43,5,50,1990,116866.83
43,5,84,1990,7283.1
43,5,91,1990,0.0
50,3,3,1990,5598449.9
50,3,4,1990,2372845.94
50,3,7,1990,1.35
50,3,9,1990,146920.1
50,3,11,1990,739249.42
50,3,12,1990,153732.5
50,3,15,1990,11559010.79
50,3,20,1990,8447.95
50,3,21,1990,687833.37
50,3,24,1990,38556.78
50,3,25,1990,11067.82
50,3,29,1990,4058.35
50,3,30,1990,241.46
50,3,31,1990,0.0
50,3,33,1990,92454.73
50,3,39,1990,723384.51
50,3,40,1990,15.81
50,3,41,1990,88416.24
50,3,47,1990,92.93
50,3,62,1990,0.0
50,4,3,1990,448041.33
50,4,4,1990,6.58
50,4,9,1990,1070.79
50,4,11,1990,404091.21
50,4,12,1990,16.36
50,4,15,1990,2281594.13
50,4,20,1990,3870.87
50,4,21,1990,110106.34
50,4,24,1990,10880.11
50,4,25,1990,1661.44
50,4,31,1990,0.0
50,4,33,1990,126788.47
50,4,39,1990,301921.94
50,4,40,1990,0.0
50,4,41,1990,52342.96
50,4,47,1990,5.15
50,4,48,1990,1.24
50,6,0,1990,2.38
50,6,3,1990,1750894.14
50,6,4,1990,2204973.15
50,6,7,1990,234322.4
50,6,9,1990,3.38
50,6,11,1990,1399468.36
50,6,12,1990,2844027.71
50,6,13,1990,0.0
50,6,15,1990,279581.83
50,6,21,1990,3745.29
50,6,24,1990,2441.07
50,6,25,1990,131.19
50,6,29,1990,3207.91
50,6,30,1990,129.2
50,6,33,1990,1016391.82
50,6,39,1990,160.03
50,6,40,1990,2449.87
50,6,41,1990,563.31
51,1,0,1990,971.75
51,1,3,1990,38644856.18
51,1,4,1990,1264825.42
51,1,6,1990,3941596.67
51,1,7,1990,0.0
51,1,9,1990,516.77
51,1,11,1990,980295.28
51,1,12,1990,657713.98
51,1,15,1990,4124129.63
51,1,20,1990,221.37
51,1,21,1990,687067.62
51,1,24,1990,24794.54
51,1,25,1990,45141.03
51,1,29,1990,191356.23
51,1,30,1990,33335.82
51,1,31,1990,0.0
51,1,33,1990,383023.5
51,1,39,1990,21413.77
51,1,41,1990,190122.59
51,1,62,1990,0.0
51,3,0,1990,871.14
51,3,3,1990,7318865.39
51,3,4,1990,15580138.99
51,3,6,1990,166.14
51,3,7,1990,0.09
51,3,9,1990,578.93
51,3,11,1990,2615791.42
51,3,12,1990,1657551.69
51,3,15,1990,3655886.06
51,3,20,1990,41.5
51,3,21,1990,378083.65
51,3,24,1990,43067.2
51,3,25,1990,15413.51
51,3,29,1990,93010.61
51,3,30,1990,10324.98
51,3,31,1990,0.0
51,3,33,1990,196192.54
51,3,39,1990,1510380.91
51,3,41,1990,697190.59
51,3,62,1990,0.0
51,6,0,1990,842.56
51,6,3,1990,807615.67
51,6,4,1990,1562452.89
51,6,7,1990,267452.29
51,6,9,1990,16.26
51,6,11,1990,888435.85
51,6,12,1990,771777.97
51,6,15,1990,138026.55
51,6,20,1990,0.0
51,6,21,1990,23701.1
51,6,24,1990,2047.51
51,6,25,1990,149.12
51,6,29,1990,0.09
51,6,30,1990,20.2
51,6,31,1990,0.0
51,6,33,1990,888817.66
51,6,39,1990,27.18
51,6,41,1990,84.06
52,3,3,1990,6650906.44
52,3,4,1990,8965594.49
52,3,9,1990,17914.86
52,3,11,1990,611991.51
52,3,12,1990,672168.18
52,3,15,1990,13508220.79
52,3,20,1990,7813.24
52,3,21,1990,610707.15
52,3,24,1990,103515.86
52,3,25,1990,11793.52
52,3,29,1990,151321.18
52,3,30,1990,1835.68
52,3,31,1990,6.44
52,3,33,1990,210957.8
52,3,39,1990,1484202.78
52,3,40,1990,2.43
52,3,41,1990,460053.02
52,3,46,1990,1169.59
52,3,47,1990,5.74
52,3,48,1990,165.46
52,3,62,1990,0.0
52,3,75,1990,0.0
52,4,3,1990,92332.23
52,4,4,1990,16.26
52,4,9,1990,45.83
52,4,11,1990,24.52
52,4,12,1990,0.0
52,4,15,1990,336458.55
52,4,20,1990,179.77
52,4,21,1990,10541.77
52,4,24,1990,314.89
52,4,25,1990,166.67
52,4,31,1990,1.27
52,4,33,1990,79179.0
52,4,39,1990,16994.87
52,4,41,1990,17682.49
53,3,3,1990,69895.77
53,3,4,1990,252193.82
53,3,9,1990,584.33
53,3,11,1990,1947.49
53,3,12,1990,29237.9
53,3,15,1990,100437.94
53,3,21,1990,8980.1
53,3,24,1990,37724.12
53,3,25,1990,2579.75
53,3,30,1990,249.11
53,3,31,1990,0.0
53,3,33,1990,7092.4
53,3,39,1990,62558.62
53,3,41,1990,2455.73
53,3,46,1990,133.22
53,3,48,1990,20.75
53,3,62,1990,0.0
11,1,0,1991,1.14
11,1,3,1991,18492997.38
11,1,4,1991,503805.26
11,1,6,1991,802946.52
11,1,9,1991,0.0
11,1,11,1991,592927.59
11,1,12,1991,286768.37
11,1,15,1991,2061330.29
11,1,21,1991,271467.76
11,1,24,1991,32651.73
11,1,25,1991,66295.42
11,1,29,1991,54343.86
11,1,30,1991,11077.37
11,1,31,1991,0.0
11,1,33,1991,320863.84
11,1,39,1991,21.99
11,1,41,1991,2234.3
11,1,75,1991,0.0
11,3,0,1991,27.52
11,3,3,1991,158127.11
11,3,4,1991,74602.1
11,3,9,1991,0.0
11,3,11,1991,1356.99
11,3,12,1991,5620.2
11,3,15,1991,4920.12
11,3,21,1991,713.11
11,3,24,1991,2931.49
11,3,25,1991,805.58
11,3,29,1991,0.0
11,3,33,1991,103.29
11,3,39,1991,3188.87
11,3,41,1991,11155.76
12,1,3,1991,15601204.93
12,1,4,1991,2689.1
12,1,6,1991,83104.32
12,1,11,1991,2575.69
12,1,12,1991,2528.81
12,1,15,1991,566740.03
12,1,21,1991,18909.84
12,1,24,1991,20284.96
12,1,25,1991,23321.16
12,1,31,1991,0.0
12,1,33,1991,61647.59
12,1,39,1991,0.0
12,1,41,1991,0.0
13,1,3,1991,125052496.58
13,1,4,1991,227051.53
13,1,6,1991,22450430.7
13,1,11,1991,1462441.44
13,1,12,1991,614429.35
13,1,15,1991,249558.45
13,1,20,1991,0.0
13,1,21,1991,112978.59
13,1,24,1991,45748.26
13,1,25,1991,26932.6
13,1,29,1991,2188.47
13,1,30,1991,10142.6
13,1,31,1991,11.88
13,1,33,1991,5573492.98
13,1,35,1991,80.25
13,1,39,1991,0.0
13,1,41,1991,530.6
14,1,3,1991,14550113.16
14,1,4,1991,266769.1
14,1,6,1991,2593661.48
14,1,9,1991,0.0
14,1,11,1991,1075077.26
14,1,12,1991,2922076.74
14,1,15,1991,119371.98
14,1,21,1991,43112.86
14,1,24,1991,13294.57
14,1,25,1991,7037.23
14,1,29,1991,81881.36
14,1,30,1991,1070.95
14,1,31,1991,0.0
14,1,33,1991,640886.4
14,1,35,1991,263.22
14,1,39,1991,0.0
14,1,41,1991,1961.16
15,1,0,1991,23.43
15,1,3,1991,100775930.46
15,1,4,1991,1302402.35
15,1,5,1991,231269.4
15,1,6,1991,7406342.4
15,1,9,1991,18636.11
15,1,11,1991,2376454.53
15,1,12,1991,1024635.47
15,1,15,1991,4915438.8
15,1,20,1991,0.0
15,1,21,1991,756315.07
15,1,23,1991,2511.27
15,1,24,1991,90022.11
15,1,25,1991,69549.06
15,1,29,1991,227620.25
15,1,30,1991,55716.11
15,1,31,1991,35.92
15,1,32,1991,3387.29
15,1,33,1991,4378479.23
15,1,35,1991,34290.15
15,1,39,1991,0.0
15,1,40,1991,0.0
15,1,41,1991,1489.52
15,3,0,1991,188.5
15,3,3,1991,258582.61
15,3,4,1991,310461.24
15,3,6,1991,134.72
15,3,9,1991,0.0
15,3,11,1991,53128.37
15,3,12,1991,144232.75
15,3,15,1991,74310.74
15,3,21,1991,2005.63
15,3,24,1991,1390.78
15,3,25,1991,33.17
15,3,29,1991,2.04
15,3,30,1991,20.72
15,3,31,1991,0.0
15,3,33,1991,26484.36
15,3,39,1991,0.0
15,3,41,1991,26.55
16,1,3,1991,9967348.91
16,1,4,1991,3402.18
16,1,5,1991,92142.34
16,1,6,1991,1599197.75
16,1,9,1991,20485.49
16,1,11,1991,2020293.15
16,1,12,1991,34305.62
16,1,15,1991,1900.26
16,1,21,1991,28713.38
16,1,24,1991,11238.49
16,1,25,1991,3304.26
16,1,30,1991,659.37
16,1,31,1991,23.15
16,1,33,1991,408706.45
16,1,39,1991,0.0
16,1,41,1991,39.96
17,1,0,1991,4.07
17,1,3,1991,770130.92
17,1,4,1991,18692.53
17,1,6,1991,272206.48
17,1,9,1991,3.27
17,1,11,1991,26525.6
17,1,12,1991,63446.67
17,1,15,1991,1151013.16
17,1,21,1991,81754.9
17,1,24,1991,1454.91
17,1,25,1991,2893.66
17,1,29,1991,28774.04
17,1,30,1991,0.0
17,1,31,1991,0.0
17,1,33,1991,44578.9
17,1,39,1991,0.0
17,1,40,1991,0.0
17,1,41,1991,78.62
17,3,0,1991,61.76
17,3,3,1991,6000756.09
17,3,4,1991,12411520.85
17,3,6,1991,17.81
17,3,9,1991,1632.78
17,3,11,1991,2156057.4
17,3,12,1991,1630802.75
17,3,15,1991,2594424.87
17,3,20,1991,302.25
17,3,21,1991,144914.16
17,3,23,1991,309.39
17,3,24,1991,35269.69
17,3,25,1991,3239.19
17,3,29,1991,41004.48
17,3,30,1991,155.99
17,3,31,1991,0.0
17,3,33,1991,229664.63
17,3,39,1991,10406.55
17,3,40,1991,7459.63
17,3,41,1991,12795.59
17,3,62,1991,0.0
17,3,75,1991,0.0
21,1,0,1991,2.5
21,1,3,1991,6979276.08
21,1,4,1991,165125.36
21,1,5,1991,412488.48
21,1,6,1991,515260.25
21,1,9,1991,70.71
21,1,11,1991,438310.0
21,1,12,1991,76690.69
21,1,15,1991,2044884.98
21,1,21,1991,226139.12
21,1,23,1991,4741.37
21,1,24,1991,27641.19
21,1,25,1991,14824.74
21,1,29,1991,92.37
21,1,30,1991,2819.28
21,1,31,1991,1.25
21,1,32,1991,31291.18
21,1,33,1991,299762.68
21,1,39,1991,0.0
21,1,41,1991,299.44
21,1,50,1991,1.07
21,3,0,1991,112.05
21,3,3,1991,11941704.55
21,3,4,1991,7323810.47
21,3,5,1991,62655.86
21,3,6,1991,70.11
21,3,9,1991,561.38
21,3,11,1991,119046.14
21,3,12,1991,808000.1
21,3,15,1991,773171.19
21,3,20,1991,194.61
21,3,21,1991,106151.97
21,3,23,1991,108302.57
21,3,24,1991,36596.54
21,3,25,1991,6039.07
21,3,29,1991,6753.2
21,3,30,1991,78.69
21,3,31,1991,921.16
21,3,32,1991,7955.02
21,3,33,1991,152732.84
21,3,39,1991,13840.44
21,3,41,1991,2841.8
21,3,48,1991,0.0
21,3,50,1991,234564.12
21,3,62,1991,0.0
21,3,91,1991,0.0
22,2,3,1991,1059152.26
22,2,4,1991,9383379.47
22,2,5,1991,5038.64
22,2,9,1991,2.31
22,2,11,1991,0.0
22,2,12,1991,17042.84
22,2,15,1991,1138571.02
22,2,21,1991,163064.15
22,2,23,1991,15223.8
22,2,24,1991,19482.71
22,2,25,1991,18429.76
22,2,29,1991,14325.88
22,2,31,1991,427.92
22,2,32,1991,2018.54
22,2,33,1991,30726.39
22,2,39,1991,0.0
22,2,41,1991,1565.52
22,2,48,1991,808.53
22,2,50,1991,4121.86
22,2,62,1991,0.0
22,2,75,1991,0.0
22,2,91,1991,0.0
22,3,3,1991,2371691.97
22,3,4,1991,10022136.6
22,3,5,1991,4.73
22,3,9,1991,15.14
22,3,11,1991,77528.27
22,3,12,1991,320938.96
22,3,15,1991,273393.16
22,3,20,1991,2704.0
22,3,21,1991,10749.59
22,3,23,1991,0.0
22,3,24,1991,27986.02
22,3,25,1991,45637.24
22,3,29,1991,76060.43
22,3,30,1991,213.43
22,3,31,1991,0.0
22,3,33,1991,68424.46
22,3,39,1991,1936.32
22,3,41,1991,2198.53
22,3,48,1991,0.0
22,3,62,1991,0.0
22,3,75,1991,0.0
23,2,3,1991,866500.4
23,2,4,1991,11672946.02
23,2,5,1991,16206.67
23,2,9,1991,0.0
23,2,12,1991,159.36
23,2,15,1991,1642864.7
23,2,21,1991,240973.03
23,2,23,1991,61714.67
23,2,24,1991,72033.35
23,2,25,1991,24377.51
23,2,29,1991,1929.2
23,2,30,1991,386.93
23,2,31,1991,1374.22
23,2,32,1991,5567.92
23,2,33,1991,217187.5
23,2,39,1991,0.0
23,2,41,1991,11088.81
23,2,48,1991,45426.91
23,2,50,1991,6127.41
23,2,75,1991,0.0
23,2,91,1991,0.0
24,2,3,1991,57458.86
24,2,4,1991,2909879.3
24,2,5,1991,4587.59
24,2,11,1991,0.0
24,2,12,1991,7700.36
24,2,13,1991,8420.46
24,2,15,1991,1582226.45
24,2,20,1991,2032.06
24,2,21,1991,308425.67
24,2,23,1991,35035.46
24,2,24,1991,24269.58
24,2,25,1991,5809.79
24,2,29,1991,4627.33
24,2,30,1991,0.0
24,2,31,1991,24542.81
24,2,32,1991,5761.23
24,2,33,1991,84707.71
24,2,41,1991,5478.58
24,2,48,1991,1942.32
24,2,49,1991,0.09
24,2,50,1991,1745.91
24,2,75,1991,0.0
24,2,91,1991,0.0
24,4,3,1991,26586.73
24,4,4,1991,1032.28
24,4,5,1991,7177.08
24,4,9,1991,8.99
24,4,11,1991,5708.2
24,4,12,1991,0.0
24,4,15,1991,13664.93
24,4,20,1991,19125.96
24,4,21,1991,75986.36
24,4,23,1991,9694.2
24,4,24,1991,11014.89
24,4,25,1991,9.51
24,4,31,1991,52.98
24,4,32,1991,472.22
24,4,33,1991,9714.26
24,4,41,1991,8448.99
24,4,48,1991,75.59
24,4,49,1991,575.36
24,4,50,1991,15462.22
24,4,91,1991,0.0
25,2,3,1991,53636.35
25,2,4,1991,3375790.01
25,2,11,1991,0.0
25,2,12,1991,904.05
25,2,13,1991,1685.99
25,2,15,1991,1595452.61
25,2,20,1991,9094.83
25,2,21,1991,117178.01
25,2,24,1991,16991.84
25,2,25,1991,8974.58
25,2,29,1991,4322.94
25,2,30,1991,8.61
25,2,31,1991,0.0
25,2,33,1991,51830.32
25,2,41,1991,4.17
25,2,48,1991,0.0
25,2,75,1991,0.0
25,2,91,1991,0.0
25,4,3,1991,66811.61
25,4,4,1991,17343.75
25,4,5,1991,11312.43
25,4,9,1991,0.0
25,4,11,1991,14198.73
25,4,15,1991,74755.48
25,4,20,1991,69239.26
25,4,21,1991,121894.18
25,4,23,1991,533.16
25,4,24,1991,10798.84
25,4,25,1991,10.91
25,4,30,1991,104.25
25,4,31,1991,107.72
25,4,32,1991,364.06
25,4,33,1991,5627.79
25,4,41,1991,17061.52
25,4,48,1991,0.0
25,4,50,1991,328.82
25,4,75,1991,0.0
25,4,91,1991,0.0
26,2,3,1991,52470.89
26,2,4,1991,5869180.92
26,2,12,1991,18406.11
26,2,13,1991,84599.1
26,2,15,1991,1918047.82
26,2,20,1991,514.63
26,2,21,1991,138723.87
26,2,24,1991,31394.51
26,2,25,1991,18144.81
26,2,29,1991,1129.07
26,2,30,1991,188.66
26,2,31,1991,7.34
26,2,33,1991,111333.34
26,2,41,1991,5301.71
26,2,48,1991,9415.39
26,2,75,1991,0.0
26,2,91,1991,0.0
26,4,3,1991,200789.93
26,4,4,1991,230953.94
26,4,5,1991,13547.74
26,4,9,1991,4.52
26,4,11,1991,4130.49
26,4,15,1991,583032.58
26,4,20,1991,330767.62
26,4,21,1991,136306.16
26,4,23,1991,178.32
26,4,24,1991,26167.64
26,4,25,1991,163.61
26,4,30,1991,287.1
26,4,31,1991,131.94
26,4,32,1991,1049.79
26,4,33,1991,17584.67
26,4,41,1991,0.0
26,4,50,1991,4.07
26,4,75,1991,0.0
26,4,91,1991,0.0
27,2,3,1991,7646.45
27,2,4,1991,388680.02
27,2,9,1991,0.0
27,2,11,1991,0.0
27,2,12,1991,49.8
27,2,13,1991,0.0
27,2,15,1991,898676.83
27,2,20,1991,530.73
27,2,21,1991,7708.84
27,2,24,1991,3869.48
27,2,25,1991,641.91
27,2,29,1991,16.34
27,2,30,1991,0.0
27,2,31,1991,2.91
27,2,33,1991,12432.15
27,2,41,1991,17.72
27,2,48,1991,801.48
27,4,3,1991,191659.06
27,4,4,1991,86216.3
27,4,5,1991,3823.37
27,4,9,1991,0.0
27,4,11,1991,14063.11
27,4,12,1991,6.95
27,4,15,1991,652155.77
27,4,20,1991,418262.26
27,4,21,1991,34385.39
27,4,23,1991,4209.47
27,4,24,1991,11868.69
27,4,25,1991,86.65
27,4,29,1991,23.77
27,4,31,1991,34.34
27,4,32,1991,81.27
27,4,33,1991,28919.2
27,4,41,1991,2.38
27,4,49,1991,2934.78
27,4,50,1991,12330.82
28,2,3,1991,26565.44
28,2,4,1991,407971.03
28,2,9,1991,0.0
28,2,12,1991,854.47
28,2,15,1991,766372.5
28,2,20,1991,17.58
28,2,21,1991,221.64
28,2,24,1991,2323.57
28,2,25,1991,1302.76
28,2,30,1991,38.31
28,2,31,1991,0.0
28,2,33,1991,8051.28
28,2,41,1991,6.59
28,4,3,1991,99153.88
28,4,4,1991,2883.93
28,4,5,1991,19684.69
28,4,9,1991,471.29
28,4,11,1991,17738.49
28,4,12,1991,24931.16
28,4,15,1991,665847.29
28,4,20,1991,8348.08
28,4,21,1991,32432.3
28,4,23,1991,9182.24
28,4,24,1991,11429.71
28,4,25,1991,199.6
28,4,29,1991,28.77
28,4,30,1991,277.47
28,4,31,1991,139.17
28,4,32,1991,2325.45
28,4,33,1991,34621.24
28,4,41,1991,28.26
28,4,49,1991,612.26
28,4,50,1991,48383.2
28,4,91,1991,0.0
29,2,3,1991,1191469.85
29,2,4,1991,21904772.66
29,2,9,1991,1304.71
29,2,11,1991,0.0
29,2,12,1991,196599.71
29,2,13,1991,335929.47
29,2,15,1991,9151474.03
29,2,20,1991,10428.77
29,2,21,1991,1531124.63
29,2,23,1991,49584.23
29,2,24,1991,67266.08
29,2,25,1991,59526.25
29,2,29,1991,87263.68
29,2,30,1991,2676.26
29,2,31,1991,8.12
29,2,33,1991,518397.37
29,2,39,1991,0.0
29,2,41,1991,12547.1
29,2,46,1991,2958.66
29,2,48,1991,12382.14
29,2,62,1991,0.0
29,2,75,1991,0.0
29,2,91,1991,0.0
29,3,3,1991,338332.94
29,3,4,1991,7860734.08
29,3,9,1991,4943.82
29,3,11,1991,135172.08
29,3,12,1991,823124.91
29,3,15,1991,299924.3
29,3,21,1991,260810.62
29,3,24,1991,6523.83
29,3,25,1991,4659.97
29,3,29,1991,9451.11
29,3,31,1991,0.0
29,3,33,1991,16382.61
29,3,39,1991,110056.1
29,3,41,1991,449479.56
29,3,46,1991,22399.19
29,3,48,1991,1684.72
29,3,62,1991,0.0
29,3,75,1991,0.0
29,3,91,1991,0.0
29,4,3,1991,3591389.71
29,4,4,1991,916545.29
29,4,5,1991,67633.47
29,4,9,1991,190401.19
29,4,11,1991,104423.93
29,4,12,1991,35032.86
29,4,15,1991,5106571.6
29,4,20,1991,2447.44
29,4,21,1991,546302.63
29,4,23,1991,9239.27
29,4,24,1991,69782.54
29,4,25,1991,4059.93
29,4,29,1991,5869.75
29,4,30,1991,636.09
29,4,31,1991,764.63
29,4,32,1991,6352.17
29,4,33,1991,210992.54
29,4,41,1991,545.66
29,4,46,1991,8671.34
29,4,48,1991,98.86
29,4,49,1991,16509.01
29,4,50,1991,98141.13
31,2,3,1991,88638.03
31,2,4,1991,1720450.42
31,2,9,1991,339.46
31,2,11,1991,0.0
31,2,12,1991,439.7
31,2,15,1991,1367072.89
31,2,20,1991,86.53
31,2,21,1991,28542.01
31,2,24,1991,6040.4
31,2,25,1991,3826.62
31,2,29,1991,3288.82
31,2,30,1991,44.63
31,2,33,1991,29844.61
31,2,39,1991,1.21
31,2,41,1991,10324.3
31,2,46,1991,844.2
31,2,48,1991,1176.47
31,2,62,1991,0.0
31,2,75,1991,0.0
31,3,0,1991,66.88
31,3,3,1991,4691247.15
31,3,4,1991,10275737.25
31,3,9,1991,674938.35
31,3,11,1991,522913.7
31,3,12,1991,1594626.67
31,3,15,1991,11357321.85
31,3,20,1991,66604.34
31,3,21,1991,493776.09
31,3,24,1991,84692.11
31,3,25,1991,36564.05
31,3,29,1991,668590.59
31,3,30,1991,6883.82
31,3,31,1991,1.02
31,3,33,1991,451491.8
31,3,39,1991,131369.64
31,3,41,1991,687579.34
31,3,46,1991,41420.61
31,3,47,1991,10095.96
31,3,48,1991,1320.57
31,3,62,1991,0.0
31,3,75,1991,0.0
31,4,3,1991,5756502.95
31,4,4,1991,2332134.7
31,4,9,1991,156530.26
31,4,11,1991,8883.39
31,4,12,1991,1043426.88
31,4,15,1991,12759968.26
31,4,20,1991,12243.77
31,4,21,1991,602945.75
31,4,23,1991,20.26
31,4,24,1991,137587.66
31,4,25,1991,11572.0
31,4,29,1991,39731.31
31,4,30,1991,28183.26
31,4,31,1991,1.27
31,4,33,1991,298087.02
31,4,39,1991,66.64
31,4,41,1991,153889.06
31,4,46,1991,249575.3
31,4,47,1991,1512.15
31,4,48,1991,315.79
32,4,3,1991,1041685.47
32,4,4,1991,5026.27
32,4,5,1991,6534.5
32,4,9,1991,144860.98
32,4,11,1991,101369.29
32,4,12,1991,68517.67
32,4,15,1991,2867876.7
32,4,20,1991,723.89
32,4,21,1991,89627.11
32,4,23,1991,4408.85
32,4,24,1991,41072.54
32,4,25,1991,2201.77
32,4,29,1991,28402.98
32,4,31,1991,0.0
32,4,32,1991,707.93
32,4,33,1991,49982.8
32,4,41,1991,16632.06
32,4,46,1991,90005.49
32,4,48,1991,337.5
32,4,49,1991,17056.37
32,4,50,1991,28913.69
33,4,3,1991,1234305.56
33,4,4,1991,703.61
33,4,5,1991,8116.2
33,4,9,1991,818.08
33,4,11,1991,109908.4
33,4,12,1991,95280.83
33,4,15,1991,2180593.35
33,4,20,1991,0.0
33,4,21,1991,260706.57
33,4,23,1991,23682.65
33,4,24,1991,136993.78
33,4,25,1991,4224.27
33,4,29,1991,5263.49
33,4,30,1991,547.53
33,4,31,1991,4384.6
33,4,32,1991,1435.0
33,4,33,1991,107365.18
33,4,39,1991,0.0
33,4,41,1991,121250.88
33,4,46,1991,0.0
33,4,48,1991,0.0
33,4,49,1991,25509.58
33,4,50,1991,50967.32
33,4,91,1991,0.0
35,3,3,1991,1047764.27
35,3,4,1991,37951.64
35,3,9,1991,273427.46
35,3,11,1991,153419.76
35,3,12,1991,7380.43
35,3,15,1991,2360735.4
35,3,20,1991,1178027.49
35,3,21,1991,460722.48
35,3,24,1991,63008.27
35,3,25,1991,29413.21
35,3,30,1991,389.87
35,3,31,1991,0.0
35,3,33,1991,134349.36
35,3,39,1991,463615.37
35,3,41,1991,239166.14
35,3,46,1991,6973.66
35,3,47,1991,55585.01
35,3,48,1991,5961.14
35,3,62,1991,0.0
35,4,3,1991,3633302.86
35,4,4,1991,12.95
35,4,5,1991,17235.74
35,4,9,1991,146768.15
35,4,11,1991,183270.0
35,4,12,1991,99662.68
35,4,15,1991,9185772.17
35,4,20,1991,1088518.65
35,4,21,1991,1798613.87
35,4,23,1991,1762.71
35,4,24,1991,387966.28
35,4,25,1991,10426.17
35,4,29,1991,149.89
35,4,30,1991,3509.3
35,4,31,1991,45.04
35,4,32,1991,691.54
35,4,33,1991,523994.59
35,4,39,1991,242344.85
35,4,40,1991,6.52
35,4,41,1991,635879.93
35,4,46,1991,26638.22
35,4,47,1991,70367.28
35,4,48,1991,6840.0
35,4,49,1991,231850.3
35,4,50,1991,5241.98
35,4,62,1991,0.0
35,4,75,1991,0.0
41,3,3,1991,78508.94
41,3,4,1991,5.47
41,3,9,1991,41100.05
41,3,11,1991,910.03
41,3,12,1991,80696.56
41,3,15,1991,38072.46
41,3,21,1991,908.9
41,3,24,1991,1276.56
41,3,25,1991,57.94
41,3,29,1991,4195.83
41,3,33,1991,726.31
41,3,39,1991,53713.2
41,3,41,1991,12236.5
41,3,46,1991,0.57
41,3,47,1991,0.0
41,3,48,1991,0.0
41,4,3,1991,4806541.34
41,4,5,1991,22075.19
41,4,9,1991,579682.85
41,4,11,1991,182978.88
41,4,12,1991,48721.08
41,4,15,1991,6232187.24
41,4,20,1991,62732.43
41,4,21,1991,1600968.46
41,4,23,1991,538.12
41,4,24,1991,177514.14
41,4,25,1991,3296.05
41,4,29,1991,76.5
41,4,30,1991,1856.1
41,4,31,1991,13.81
41,4,32,1991,454.09
41,4,33,1991,390712.99
41,4,39,1991,2839499.48
41,4,40,1991,113.18
41,4,41,1991,2438218.38
41,4,46,1991,90260.53
41,4,47,1991,487.5
41,4,48,1991,1427.13
41,4,49,1991,129806.81
41,4,50,1991,4412.68
41,4,62,1991,0.0
42,4,3,1991,4121098.76
42,4,5,1991,7834.59
42,4,9,1991,403967.72
42,4,11,1991,14443.41
42,4,12,1991,926146.27
42,4,15,1991,1638839.47
42,4,21,1991,797486.64
42,4,23,1991,7461.05
42,4,24,1991,109942.09
42,4,25,1991,1863.6
42,4,29,1991,0.0
42,4,30,1991,1082.07
42,4,31,1991,20.32
42,4,32,1991,581.51
42,4,33,1991,125705.43
42,4,39,1991,100834.99
42,4,40,1991,40818.63
42,4,41,1991,1105941.9
42,4,48,1991,685.13
42,4,49,1991,108533.13
42,4,50,1991,16544.51
42,4,84,1991,21.27
42,4,91,1991,0.0
43,4,3,1991,2859275.21
43,4,9,1991,120888.09
43,4,11,1991,2238.59
43,4,12,1991,1552466.91
43,4,15,1991,907024.15
43,4,21,1991,604823.78
43,4,23,1991,685.91
43,4,24,1991,70523.76
43,4,25,1991,1514.9
43,4,29,1991,1.34
43,4,30,1991,0.0
43,4,31,1991,0.0
43,4,33,1991,99244.13
43,4,39,1991,856484.36
43,4,40,1991,8965.46
43,4,41,1991,1673016.03
43,4,48,1991,3940.41
43,4,49,1991,3193.25
43,4,50,1991,4786.17
43,4,84,1991,5.63
43,4,91,1991,0.0
43,5,3,1991,2062803.66
43,5,9,1991,231468.45
43,5,11,1991,350641.79
43,5,12,1991,8717211.64
43,5,15,1991,303.4
43,5,21,1991,1336633.4
43,5,23,1991,178849.27
43,5,24,1991,95479.41
43,5,25,1991,54379.79
43,5,29,1991,23841.7
43,5,30,1991,2050.32
43,5,31,1991,3.08
43,5,33,1991,1831482.93
43,5,39,1991,1684177.18
43,5,40,1991,142212.75
43,5,41,1991,2540030.59
43,5,48,1991,9.56
43,5,49,1991,18017.21
43,5,50,1991,116621.49
43,5,84,1991,7298.51
43,5,91,1991,0.0
50,3,3,1991,5404967.51
50,3,4,1991,2231948.59
50,3,7,1991,1.18
50,3,9,1991,160066.25
50,3,11,1991,721744.51
50,3,12,1991,152169.27
50,3,15,1991,11813645.77
50,3,20,1991,8308.18
50,3,21,1991,309448.91
50,3,24,1991,39552.75
50,3,25,1991,6223.26
50,3,29,1991,4057.34
50,3,30,1991,222.71
50,3,31,1991,0.0
50,3,33,1991,94985.33
50,3,39,1991,1103456.7
50,3,40,1991,12.36
50,3,41,1991,173876.82
50,3,47,1991,92.51
50,3,62,1991,0.0
50,4,3,1991,435815.2
50,4,4,1991,5.58
50,4,9,1991,1086.26
50,4,11,1991,397035.84
50,4,12,1991,16.94
50,4,15,1991,2272320.98
50,4,20,1991,5282.6
50,4,21,1991,94033.29
50,4,24,1991,11125.28
50,4,25,1991,1605.68
50,4,31,1991,0.0
50,4,33,1991,129287.19
50,4,39,1991,294255.71
50,4,40,1991,0.0
50,4,41,1991,100520.55
50,4,47,1991,6.57
50,4,48,1991,1.24
50,6,0,1991,5.78
50,6,3,1991,1739499.85
50,6,4,1991,2032541.35
50,6,7,1991,392432.11
50,6,9,1991,3.38
50,6,11,1991,1709281.35
50,6,12,1991,1560491.0
50,6,13,1991,0.08
50,6,15,1991,305397.57
50,6,21,1991,3786.8
50,6,24,1991,2531.91
50,6,25,1991,133.22
50,6,29,1991,3207.91
50,6,30,1991,146.44
50,6,33,1991,1989601.47
50,6,39,1991,156.71
50,6,40,1991,2483.25
50,6,41,1991,792.85
51,1,0,1991,958.4
51,1,3,1991,38380957.03
51,1,4,1991,1238930.19
51,1,6,1991,3900188.24
51,1,7,1991,0.09
51,1,9,1991,529.43
51,1,11,1991,965103.01
51,1,12,1991,650027.5
51,1,15,1991,4435288.94
51,1,20,1991,249.91
51,1,21,1991,680284.61
51,1,24,1991,25892.71
51,1,25,1991,44349.6
51,1,29,1991,191409.35
51,1,30,1991,37494.57
51,1,31,1991,0.0
51,1,33,1991,404165.33
51,1,39,1991,20538.83
51,1,41,1991,215014.4
51,1,62,1991,0.0
51,3,0,1991,844.7
51,3,3,1991,7283547.9
51,3,4,1991,15234072.03
51,3,6,1991,164.03
51,3,7,1991,0.0
51,3,9,1991,662.03
51,3,11,1991,2615635.31
51,3,12,1991,1621093.09
51,3,15,1991,3909000.79
51,3,20,1991,40.5
51,3,21,1991,267101.34
51,3,24,1991,44167.93
51,3,25,1991,12367.37
51,3,29,1991,93018.93
51,3,30,1991,11164.97
51,3,31,1991,0.0
51,3,33,1991,203011.85
51,3,39,1991,1522829.22
51,3,41,1991,954833.37
51,3,62,1991,0.0
51,6,0,1991,823.56
51,6,3,1991,802714.15
51,6,4,1991,1441218.58
51,6,7,1991,388647.87
51,6,9,1991,16.09
51,6,11,1991,876167.15
51,6,12,1991,669633.13
51,6,15,1991,153696.78
51,6,20,1991,0.0
51,6,21,1991,23708.91
51,6,24,1991,2117.85
51,6,25,1991,157.8
51,6,29,1991,0.09
51,6,30,1991,21.32
51,6,31,1991,0.0
51,6,33,1991,992333.6
51,6,39,1991,45.82
51,6,41,1991,164.28
52,3,3,1991,6565467.24
52,3,4,1991,8762836.78
52,3,9,1991,21815.44
52,3,11,1991,606172.44
52,3,12,1991,658753.02
52,3,15,1991,13638336.03
52,3,20,1991,9972.65
52,3,21,1991,545603.56
52,3,24,1991,108138.49
52,3,25,1991,9761.85
52,3,29,1991,151374.18
52,3,30,1991,1965.57
52,3,31,1991,10.91
52,3,33,1991,213341.25
52,3,39,1991,1495858.22
52,3,40,1991,1.3
52,3,41,1991,680125.5
52,3,46,1991,757.95
52,3,47,1991,5.74
52,3,48,1991,48.02
52,3,62,1991,0.0
52,3,75,1991,0.0
52,4,3,1991,89933.21
52,4,4,1991,13.45
52,4,9,1991,45.83
52,4,11,1991,22.91
52,4,12,1991,0.0
52,4,15,1991,333100.56
52,4,20,1991,203.64
52,4,21,1991,9813.16
52,4,24,1991,324.38
52,4,25,1991,163.19
52,4,31,1991,0.0
52,4,33,1991,79294.32
52,4,39,1991,16278.06
52,4,41,1991,24745.41
53,3,3,1991,67741.48
53,3,4,1991,246533.68
53,3,9,1991,736.75
53,3,11,1991,1941.36
53,3,12,1991,29017.02
53,3,15,1991,104269.36
53,3,21,1991,6594.35
53,3,24,1991,40012.4
53,3,25,1991,1992.69
53,3,30,1991,255.66
53,3,31,1991,0.0
53,3,33,1991,7111.12
53,3,39,1991,66083.94
53,3,41,1991,3658.74
53,3,46,1991,125.64
53,3,48,1991,16.88
53,3,62,1991,0.0
11,1,0,1992,1.49
11,1,3,1992,18272550.63
11,1,4,1992,502616.02
11,1,6,1992,801096.41
11,1,9,1992,0.0
11,1,11,1992,594798.85
11,1,12,1992,285771.11
11,1,15,1992,2271812.34
11,1,21,1992,285093.76
11,1,24,1992,33274.17
11,1,25,1992,64866.21
11,1,29,1992,54383.08
11,1,30,1992,11294.25
11,1,31,1992,0.0
11,1,33,1992,319736.93
11,1,39,1992,16.58
11,1,41,1992,2421.0
11,1,75,1992,0.0
11,3,0,1992,29.35
11,3,3,1992,158159.63
11,3,4,1992,73189.26
11,3,9,1992,0.0
11,3,11,1992,1553.91
11,3,12,1992,5748.95
11,3,15,1992,5522.65
11,3,21,1992,604.17
11,3,24,1992,2946.59
11,3,25,1992,994.21
11,3,29,1992,0.0
11,3,33,1992,76.57
11,3,39,1992,3667.32
11,3,41,1992,11059.54
12,1,3,1992,15563054.76
12,1,4,1992,2685.23
12,1,6,1992,82296.36
12,1,11,1992,2508.42
12,1,12,1992,2466.64
12,1,15,1992,607938.64
12,1,21,1992,16815.7
12,1,24,1992,20630.04
12,1,25,1992,23524.38
12,1,31,1992,0.0
12,1,33,1992,61086.23
12,1,39,1992,0.0
12,1,41,1992,0.0
13,1,3,1992,125037916.0
13,1,4,1992,227101.21
13,1,6,1992,22455430.11
13,1,11,1992,1503420.41
13,1,12,1992,613912.44
13,1,15,1992,263926.1
13,1,20,1992,0.0
13,1,21,1992,126701.54
13,1,24,1992,46783.88
13,1,25,1992,26210.62
13,1,29,1992,2179.55
13,1,30,1992,10325.51
13,1,31,1992,9.64
13,1,33,1992,5514013.03
13,1,35,1992,105.82
13,1,39,1992,0.0
13,1,41,1992,478.41
14,1,3,1992,14524714.78
14,1,4,1992,267898.34
14,1,6,1992,2592535.38
14,1,9,1992,0.0
14,1,11,1992,1080987.8
14,1,12,1992,2922025.13
14,1,15,1992,148189.69
14,1,21,1992,43773.72
14,1,24,1992,13592.21
14,1,25,1992,7598.93
14,1,29,1992,81874.41
14,1,30,1992,1287.1
14,1,31,1992,1.34
14,1,33,1992,630015.89
14,1,35,1992,98.41
14,1,39,1992,0.0
14,1,41,1992,1984.34
15,1,0,1992,20.24
15,1,3,1992,100238992.06
15,1,4,1992,1301374.69
15,1,5,1992,231829.46
15,1,6,1992,7384960.79
15,1,9,1992,20303.69
15,1,11,1992,2435923.38
15,1,12,1992,1024159.64
15,1,15,1992,5430263.16
15,1,20,1992,0.0
15,1,21,1992,790507.43
15,1,23,1992,2458.35
15,1,24,1992,93399.49
15,1,25,1992,72907.38
15,1,29,1992,227565.47
15,1,30,1992,60367.1
15,1,31,1992,29.31
15,1,32,1992,3471.76
15,1,33,1992,4313202.98
15,1,35,1992,35212.62
15,1,39,1992,0.0
15,1,40,1992,0.0
15,1,41,1992,3599.92
15,3,0,1992,172.66
15,3,3,1992,254307.9
15,3,4,1992,299547.76
15,3,6,1992,132.16
15,3,9,1992,0.0
15,3,11,1992,53703.83
15,3,12,1992,145553.96
15,3,15,1992,87735.6
15,3,21,1992,1827.84
15,3,24,1992,1432.64
15,3,25,1992,37.51
15,3,29,1992,1.95
15,3,30,1992,21.6
15,3,31,1992,0.0
15,3,33,1992,26523.86
15,3,39,1992,0.0
15,3,41,1992,2.91
16,1,3,1992,9967691.92
16,1,4,1992,3387.71
16,1,5,1992,91981.65
16,1,6,1992,1596568.28
16,1,9,1992,23474.14
16,1,11,1992,2001412.63
16,1,12,1992,32392.96
16,1,15,1992,1400.06
16,1,21,1992,32679.18
16,1,24,1992,11482.09
16,1,25,1992,3565.58
16,1,30,1992,413.18
16,1,31,1992,11.35
16,1,33,1992,425282.24
16,1,39,1992,0.0
16,1,41,1992,17.79
17,1,0,1992,3.72
17,1,3,1992,711369.54
17,1,4,1992,18387.71
17,1,6,1992,251223.93
17,1,9,1992,0.0
17,1,11,1992,26796.96
17,1,12,1992,63343.7
17,1,15,1992,1220508.85
17,1,21,1992,92826.03
17,1,24,1992,1569.9
17,1,25,1992,2728.18
17,1,29,1992,28788.74
17,1,30,1992,0.0
17,1,31,1992,0.0
17,1,33,1992,43910.57
17,1,39,1992,0.0
17,1,40,1992,0.0
17,1,41,1992,99.92
17,3,0,1992,54.61
17,3,3,1992,5975964.97
17,3,4,1992,12283037.59
17,3,6,1992,17.9
17,3,9,1992,1677.71
17,3,11,1992,2155118.06
17,3,12,1992,1626127.12
17,3,15,1992,2753017.38
17,3,20,1992,311.35
17,3,21,1992,142364.66
17,3,23,1992,308.51
17,3,24,1992,36970.85
17,3,25,1992,3602.28
17,3,29,1992,41010.07
17,3,30,1992,158.28
17,3,31,1992,0.0
17,3,33,1992,228968.57
17,3,39,1992,10355.06
17,3,40,1992,7894.63
17,3,41,1992,13836.27
17,3,62,1992,0.0
17,3,75,1992,0.0
21,1,0,1992,2.23
21,1,3,1992,6801278.75
21,1,4,1992,162060.98
21,1,5,1992,412057.31
21,1,6,1992,511564.6
21,1,9,1992,112.35
21,1,11,1992,430360.02
21,1,12,1992,75771.01
21,1,15,1992,2235015.43
21,1,21,1992,218545.52
21,1,23,1992,4651.3
21,1,24,1992,29024.56
21,1,25,1992,16347.37
21,1,29,1992,91.57
21,1,30,1992,2745.01
21,1,31,1992,0.0
21,1,32,1992,31622.54
21,1,33,1992,306131.11
21,1,39,1992,0.0
21,1,41,1992,2339.22
21,1,50,1992,1.88
21,3,0,1992,102.78
21,3,3,1992,11918484.54
21,3,4,1992,7261366.5
21,3,5,1992,62136.9
21,3,6,1992,68.69
21,3,9,1992,666.95
21,3,11,1992,120645.36
21,3,12,1992,798214.26
21,3,15,1992,857266.47
21,3,20,1992,438.59
21,3,21,1992,109363.85
21,3,23,1992,112660.64
21,3,24,1992,37841.9
21,3,25,1992,5471.11
21,3,29,1992,6752.76
21,3,30,1992,83.06
21,3,31,1992,910.09
21,3,32,1992,7901.94
21,3,33,1992,145485.39
21,3,39,1992,22073.94
21,3,41,1992,4406.36
21,3,48,1992,0.0
21,3,50,1992,233761.82
21,3,62,1992,0.0
21,3,91,1992,0.0
22,2,3,1992,1059419.44
22,2,4,1992,9364988.49
22,2,5,1992,5006.41
22,2,9,1992,2.4
22,2,11,1992,0.0
22,2,12,1992,16231.47
22,2,15,1992,1158701.12
22,2,21,1992,161744.8
22,2,23,1992,16451.61
22,2,24,1992,20015.04
22,2,25,1992,17328.76
22,2,29,1992,14287.72
22,2,31,1992,331.23
22,2,32,1992,2116.75
22,2,33,1992,29332.71
22,2,39,1992,1.41
22,2,41,1992,2306.94
22,2,48,1992,870.11
22,2,50,1992,4245.17
22,2,62,1992,0.0
22,2,75,1992,0.0
22,2,91,1992,0.0
22,3,3,1992,2401683.86
22,3,4,1992,9977189.07
22,3,5,1992,4.73
22,3,9,1992,14.78
22,3,11,1992,80541.71
22,3,12,1992,315172.02
22,3,15,1992,283062.16
22,3,20,1992,2723.33
22,3,21,1992,12493.58
22,3,23,1992,0.0
22,3,24,1992,29170.67
22,3,25,1992,48135.03
22,3,29,1992,76079.78
22,3,30,1992,222.78
22,3,31,1992,0.0
22,3,33,1992,65333.27
22,3,39,1992,5096.69
22,3,41,1992,4695.39
22,3,48,1992,0.0
22,3,62,1992,0.0
22,3,75,1992,0.0
23,2,3,1992,870598.94
23,2,4,1992,11576380.14
23,2,5,1992,16236.42
23,2,9,1992,0.0
23,2,12,1992,106.4
23,2,15,1992,1720050.67
23,2,21,1992,262639.03
23,2,23,1992,63749.35
23,2,24,1992,75973.94
23,2,25,1992,24524.88
23,2,29,1992,1925.64
23,2,30,1992,396.73
23,2,31,1992,1478.02
23,2,32,1992,5448.01
23,2,33,1992,201054.79
23,2,39,1992,0.0
23,2,41,1992,11548.35
23,2,48,1992,49114.61
23,2,50,1992,5638.67
23,2,75,1992,0.0
23,2,91,1992,0.0
24,2,3,1992,54809.06
24,2,4,1992,2870522.95
24,2,5,1992,4629.43
24,2,11,1992,0.0
24,2,12,1992,7462.09
24,2,13,1992,8957.25
24,2,15,1992,1613173.61
24,2,20,1992,2214.5
24,2,21,1992,317897.59
24,2,23,1992,35398.76
24,2,24,1992,25088.07
24,2,25,1992,5777.49
24,2,29,1992,4632.3
24,2,30,1992,0.0
24,2,31,1992,24639.25
24,2,32,1992,5450.54
24,2,33,1992,81645.58
24,2,41,1992,7286.8
24,2,48,1992,3300.26
24,2,49,1992,0.09
24,2,50,1992,1765.96
24,2,75,1992,0.0
24,2,91,1992,0.0
24,4,3,1992,27707.78
24,4,4,1992,1011.84
24,4,5,1992,7192.85
24,4,9,1992,9.08
24,4,11,1992,5787.03
24,4,12,1992,0.0
24,4,15,1992,12498.07
24,4,20,1992,21906.25
24,4,21,1992,72768.39
24,4,23,1992,9670.73
24,4,24,1992,11214.21
24,4,25,1992,5.42
24,4,31,1992,87.13
24,4,32,1992,549.14
24,4,33,1992,10062.64
24,4,41,1992,8123.79
24,4,48,1992,65.28
24,4,49,1992,632.65
24,4,50,1992,15518.46
24,4,91,1992,0.0
25,2,3,1992,52685.64
25,2,4,1992,3351421.2
25,2,11,1992,0.0
25,2,12,1992,812.01
25,2,13,1992,1558.04
25,2,15,1992,1624523.86
25,2,20,1992,10234.5
25,2,21,1992,114249.87
25,2,24,1992,17793.19
25,2,25,1992,8634.73
25,2,29,1992,4316.81
25,2,30,1992,8.61
25,2,31,1992,0.0
25,2,33,1992,49631.24
25,2,41,1992,4.62
25,2,48,1992,0.0
25,2,75,1992,0.0
25,2,91,1992,0.0
25,4,3,1992,66706.09
25,4,4,1992,16667.96
25,4,5,1992,11408.07
25,4,9,1992,1.15
25,4,11,1992,14228.35
25,4,15,1992,74590.45
25,4,20,1992,74832.11
25,4,21,1992,116315.81
25,4,23,1992,535.74
25,4,24,1992,11139.96
25,4,25,1992,8.07
25,4,30,1992,104.43
25,4,31,1992,118.55
25,4,32,1992,380.48
25,4,33,1992,5586.98
25,4,41,1992,17536.0
25,4,48,1992,0.0
25,4,50,1992,332.3
25,4,75,1992,0.0
25,4,91,1992,0.0
26,2,3,1992,51350.38
26,2,4,1992,5816711.25
26,2,12,1992,19301.07
26,2,13,1992,84731.0
26,2,15,1992,1980195.55
26,2,20,1992,601.92
26,2,21,1992,124835.01
26,2,24,1992,32528.92
26,2,25,1992,18476.28
26,2,29,1992,1126.77
26,2,30,1992,203.97
26,2,31,1992,16.97
26,2,33,1992,110276.39
26,2,41,1992,5893.03
26,2,48,1992,12609.67
26,2,75,1992,0.0
26,2,91,1992,0.0
26,4,3,1992,197162.47
26,4,4,1992,214556.55
26,4,5,1992,13696.42
26,4,9,1992,3.19
26,4,11,1992,3753.21
26,4,15,1992,588368.42
26,4,20,1992,349278.73
26,4,21,1992,131133.68
26,4,23,1992,180.97
26,4,24,1992,27597.44
26,4,25,1992,147.86
26,4,30,1992,330.92
26,4,31,1992,121.48
26,4,32,1992,1122.29
26,4,33,1992,17644.55
26,4,41,1992,0.0
26,4,50,1992,1.95
26,4,75,1992,0.0
26,4,91,1992,0.0
27,2,3,1992,7611.92
27,2,4,1992,382598.44
27,2,9,1992,0.0
27,2,11,1992,0.0
27,2,12,1992,17.22
27,2,13,1992,0.0
27,2,15,1992,903846.22
27,2,20,1992,531.7
27,2,21,1992,8042.99
27,2,24,1992,3976.09
27,2,25,1992,571.48
27,2,29,1992,16.34
27,2,30,1992,0.0
27,2,31,1992,2.91
27,2,33,1992,13196.63
27,2,41,1992,7.85
27,2,48,1992,654.87
27,4,3,1992,184862.36
27,4,4,1992,74482.73
27,4,5,1992,3885.62
27,4,9,1992,0.0
27,4,11,1992,13758.13
27,4,12,1992,1.23
27,4,15,1992,656569.97
27,4,20,1992,433450.13
27,4,21,1992,33354.87
27,4,23,1992,4264.94
27,4,24,1992,12153.68
27,4,25,1992,76.51
27,4,29,1992,35.3
27,4,31,1992,28.35
27,4,32,1992,77.92
27,4,33,1992,29088.9
27,4,41,1992,1.06
27,4,49,1992,2849.6
27,4,50,1992,12122.3
28,2,3,1992,26425.23
28,2,4,1992,398007.97
28,2,9,1992,0.0
28,2,12,1992,751.32
28,2,15,1992,776106.56
28,2,20,1992,17.58
28,2,21,1992,213.92
28,2,24,1992,2400.66
28,2,25,1992,1289.25
28,2,30,1992,42.18
28,2,31,1992,0.0
28,2,33,1992,8464.79
28,2,41,1992,5.71
28,4,3,1992,96203.99
28,4,4,1992,2863.87
28,4,5,1992,19843.12
28,4,9,1992,470.31
28,4,11,1992,17339.01
28,4,12,1992,24590.32
28,4,15,1992,669965.78
28,4,20,1992,8435.48
28,4,21,1992,32120.53
28,4,23,1992,9317.91
28,4,24,1992,11797.76
28,4,25,1992,250.24
28,4,29,1992,30.97
28,4,30,1992,292.13
28,4,31,1992,141.61
28,4,32,1992,2293.2
28,4,33,1992,34320.92
28,4,41,1992,52.04
28,4,49,1992,605.13
28,4,50,1992,47784.14
28,4,91,1992,0.0
29,2,3,1992,1190335.28
29,2,4,1992,21702500.8
29,2,9,1992,1530.9
29,2,11,1992,0.0
29,2,12,1992,198928.34
29,2,13,1992,343262.77
29,2,15,1992,9316113.21
29,2,20,1992,11676.69
29,2,21,1992,1543052.99
29,2,23,1992,48090.09
29,2,24,1992,69565.6
29,2,25,1992,59635.66
29,2,29,1992,87283.14
29,2,30,1992,2878.58
29,2,31,1992,8.56
29,2,33,1992,529543.76
29,2,39,1992,0.0
29,2,41,1992,13984.45
29,2,46,1992,3103.14
29,2,48,1992,14219.74
29,2,62,1992,0.0
29,2,75,1992,0.0
29,2,91,1992,0.0
29,3,3,1992,342814.25
29,3,4,1992,7846574.86
29,3,9,1992,5238.46
29,3,11,1992,135129.49
29,3,12,1992,776848.07
29,3,15,1992,309484.02
29,3,21,1992,256278.21
29,3,24,1992,6722.92
29,3,25,1992,4334.15
29,3,29,1992,9453.63
29,3,31,1992,0.0
29,3,33,1992,16545.54
29,3,39,1992,124482.67
29,3,41,1992,484632.82
29,3,46,1992,23383.32
29,3,48,1992,1757.41
29,3,62,1992,0.0
29,3,75,1992,0.0
29,3,91,1992,0.0
29,4,3,1992,3536696.84
29,4,4,1992,886062.54
29,4,5,1992,67832.67
29,4,9,1992,203001.1
29,4,11,1992,104113.28
29,4,12,1992,32610.05
29,4,15,1992,5179431.94
29,4,20,1992,2682.16
29,4,21,1992,544508.34
29,4,23,1992,9010.63
29,4,24,1992,71414.88
29,4,25,1992,4037.72
29,4,29,1992,5819.06
29,4,30,1992,655.09
29,4,31,1992,786.6
29,4,32,1992,6346.24
29,4,33,1992,213533.89
29,4,41,1992,472.48
29,4,46,1992,8724.97
29,4,48,1992,97.65
29,4,49,1992,16517.13
29,4,50,1992,98055.76
31,2,3,1992,88774.15
31,2,4,1992,1714212.91
31,2,9,1992,345.76
31,2,11,1992,0.0
31,2,12,1992,370.26
31,2,15,1992,1367741.64
31,2,20,1992,86.61
31,2,21,1992,31993.26
31,2,24,1992,6279.34
31,2,25,1992,3779.1
31,2,29,1992,3316.39
31,2,30,1992,110.76
31,2,33,1992,30694.29
31,2,39,1992,0.0
31,2,41,1992,10990.43
31,2,46,1992,933.01
31,2,48,1992,1332.37
31,2,62,1992,0.0
31,2,75,1992,0.0
31,3,0,1992,63.75
31,3,3,1992,4680557.31
31,3,4,1992,10116398.68
31,3,9,1992,714135.67
31,3,11,1992,520713.81
31,3,12,1992,1574057.73
31,3,15,1992,11473615.94
31,3,20,1992,69112.55
31,3,21,1992,476173.06
31,3,24,1992,88216.9
31,3,25,1992,34320.87
31,3,29,1992,668677.05
31,3,30,1992,7166.35
31,3,31,1992,0.0
31,3,33,1992,453240.87
31,3,39,1992,153678.23
31,3,41,1992,710960.0
31,3,46,1992,44322.48
31,3,47,1992,10434.54
31,3,48,1992,1396.02
31,3,62,1992,0.0
31,3,75,1992,0.0
31,4,3,1992,5743750.14
31,4,4,1992,2327542.06
31,4,9,1992,178582.97
31,4,11,1992,8909.39
31,4,12,1992,1042089.13
31,4,15,1992,12760722.99
31,4,20,1992,13664.17
31,4,21,1992,580636.27
31,4,23,1992,11.79
31,4,24,1992,143211.21
31,4,25,1992,10057.88
31,4,29,1992,39612.09
31,4,30,1992,29147.46
31,4,31,1992,1.27
31,4,33,1992,305173.29
31,4,39,1992,21.02
31,4,41,1992,163299.04
31,4,46,1992,245170.64
31,4,47,1992,1318.0
31,4,48,1992,256.87
32,4,3,1992,1049353.72
32,4,4,1992,4647.42
32,4,5,1992,6699.71
32,4,9,1992,146990.5
32,4,11,1992,102448.33
32,4,12,1992,68589.63
32,4,15,1992,2850803.71
32,4,20,1992,713.53
32,4,21,1992,93413.63
32,4,23,1992,3883.84
32,4,24,1992,42079.74
32,4,25,1992,1936.32
32,4,29,1992,28397.77
32,4,31,1992,2.62
32,4,32,1992,637.81
32,4,33,1992,51377.59
32,4,41,1992,18440.11
32,4,46,1992,88844.67
32,4,48,1992,336.0
32,4,49,1992,17228.86
32,4,50,1992,29118.34
33,4,3,1992,1239892.55
33,4,4,1992,689.81
33,4,5,1992,8180.59
33,4,9,1992,747.3
33,4,11,1992,109455.23
33,4,12,1992,94641.83
33,4,15,1992,2175949.55
33,4,20,1992,0.0
33,4,21,1992,249824.14
33,4,23,1992,22014.18
33,4,24,1992,141513.79
33,4,25,1992,3730.21
33,4,29,1992,5282.55
33,4,30,1992,572.07
33,4,31,1992,4422.64
33,4,32,1992,1375.48
33,4,33,1992,108398.05
33,4,39,1992,0.0
33,4,41,1992,127574.95
33,4,46,1992,0.0
33,4,48,1992,0.0
33,4,49,1992,25497.98
33,4,50,1992,52293.96
33,4,91,1992,0.0
35,3,3,1992,1031594.5
35,3,4,1992,34837.34
35,3,9,1992,282637.66
35,3,11,1992,148333.71
35,3,12,1992,7428.56
35,3,15,1992,2323572.1
35,3,20,1992,1243355.98
35,3,21,1992,469635.65
35,3,24,1992,65862.46
35,3,25,1992,28267.57
35,3,30,1992,399.92
35,3,31,1992,0.0
35,3,33,1992,134191.48
35,3,39,1992,416481.07
35,3,41,1992,257155.97
35,3,46,1992,7230.98
35,3,47,1992,61127.29
35,3,48,1992,5778.73
35,3,62,1992,0.0
35,4,3,1992,3627484.88
35,4,4,1992,11.62
35,4,5,1992,17271.77
35,4,9,1992,149504.26
35,4,11,1992,186266.91
35,4,12,1992,105144.26
35,4,15,1992,9104178.69
35,4,20,1992,1126451.68
35,4,21,1992,1797601.23
35,4,23,1992,1831.59
35,4,24,1992,400027.22
35,4,25,1992,10606.53
35,4,29,1992,165.2
35,4,30,1992,3622.48
35,4,31,1992,58.9
35,4,32,1992,704.16
35,4,33,1992,525341.03
35,4,39,1992,243145.48
35,4,40,1992,7.25
35,4,41,1992,654937.7
35,4,46,1992,27287.41
35,4,47,1992,74628.89
35,4,48,1992,6593.4
35,4,49,1992,232758.62
35,4,50,1992,5240.52
35,4,62,1992,0.0
35,4,75,1992,0.0
41,3,3,1992,78068.25
41,3,4,1992,3.02
41,3,9,1992,41520.58
41,3,11,1992,916.66
41,3,12,1992,79016.58
41,3,15,1992,36016.45
41,3,21,1992,933.93
41,3,24,1992,1375.21
41,3,25,1992,56.46
41,3,29,1992,4195.75
41,3,33,1992,760.29
41,3,39,1992,55230.15
41,3,41,1992,14314.93
41,3,46,1992,1.06
41,3,47,1992,0.0
41,3,48,1992,0.0
41,4,3,1992,4789137.47
41,4,5,1992,21698.16
41,4,9,1992,591500.4
41,4,11,1992,182004.16
41,4,12,1992,47371.21
41,4,15,1992,6213329.1
41,4,20,1992,68339.23
41,4,21,1992,1493320.05
41,4,23,1992,522.74
41,4,24,1992,182359.19
41,4,25,1992,3130.46
41,4,29,1992,77.48
41,4,30,1992,2000.86
41,4,31,1992,23.28
41,4,32,1992,465.91
41,4,33,1992,397604.15
41,4,39,1992,2858677.26
41,4,40,1992,46.31
41,4,41,1992,2554480.19
41,4,46,1992,73542.59
41,4,47,1992,302.04
41,4,48,1992,960.93
41,4,49,1992,129284.56
41,4,50,1992,4397.21
41,4,62,1992,0.0
42,4,3,1992,4101524.21
42,4,5,1992,7665.54
42,4,9,1992,416608.63
42,4,11,1992,14313.83
42,4,12,1992,909042.69
42,4,15,1992,1611981.71
42,4,21,1992,783073.69
42,4,23,1992,7373.32
42,4,24,1992,114303.26
42,4,25,1992,1663.51
42,4,29,1992,0.0
42,4,30,1992,1124.96
42,4,31,1992,4.66
42,4,32,1992,575.58
42,4,33,1992,131141.8
42,4,39,1992,90305.01
42,4,40,1992,44847.71
42,4,41,1992,1172553.33
42,4,48,1992,722.33
42,4,49,1992,103885.49
42,4,50,1992,17119.64
42,4,84,1992,21.58
42,4,91,1992,0.0
43,4,3,1992,2844932.02
43,4,9,1992,125641.37
43,4,11,1992,2148.57
43,4,12,1992,1541677.2
43,4,15,1992,898581.57
43,4,21,1992,606777.93
43,4,23,1992,649.9
43,4,24,1992,72900.14
43,4,25,1992,1432.7
43,4,29,1992,1.34
43,4,30,1992,0.0
43,4,31,1992,0.0
43,4,33,1992,104808.68
43,4,39,1992,933499.15
43,4,40,1992,9065.33
43,4,41,1992,1615619.44
43,4,48,1992,3320.35
43,4,49,1992,3164.83
43,4,50,1992,4852.0
43,4,84,1992,5.55
43,4,91,1992,0.0
43,5,3,1992,2072520.17
43,5,9,1992,247031.13
43,5,11,1992,350068.63
43,5,12,1992,8657574.98
43,5,15,1992,298.47
43,5,21,1992,1362515.85
43,5,23,1992,176452.29
43,5,24,1992,97130.57
43,5,25,1992,49911.32
43,5,29,1992,23838.16
43,5,30,1992,2146.36
43,5,31,1992,15.38
43,5,33,1992,1835958.23
43,5,39,1992,1857191.66
43,5,40,1992,258718.24
43,5,41,1992,2259789.47
43,5,48,1992,12.44
43,5,49,1992,17562.73
43,5,50,1992,117501.57
43,5,84,1992,7278.49
43,5,91,1992,0.0
50,3,3,1992,5238785.88
50,3,4,1992,2035457.16
50,3,7,1992,3.87
50,3,9,1992,161679.16
50,3,11,1992,700738.78
50,3,12,1992,148587.4
50,3,15,1992,12196951.84
50,3,20,1992,11684.82
50,3,21,1992,287075.16
50,3,24,1992,40495.25
50,3,25,1992,6355.85
50,3,29,1992,4059.54
50,3,30,1992,244.51
50,3,31,1992,0.0
50,3,33,1992,97809.88
50,3,39,1992,1034508.26
50,3,40,1992,13.2
50,3,41,1992,260236.96
50,3,47,1992,92.43
50,3,62,1992,0.0
50,4,3,1992,425013.86
50,4,4,1992,6.0
50,4,9,1992,989.43
50,4,11,1992,388880.19
50,4,12,1992,15.28
50,4,15,1992,2282084.17
50,4,20,1992,4578.58
50,4,21,1992,92194.72
50,4,24,1992,11384.67
50,4,25,1992,1497.4
50,4,31,1992,0.0
50,4,33,1992,136752.29
50,4,39,1992,285313.58
50,4,40,1992,0.0
50,4,41,1992,113682.91
50,4,47,1992,4.58
50,4,48,1992,1.24
50,6,0,1992,5.61
50,6,3,1992,1722025.55
50,6,4,1992,1996268.93
50,6,7,1992,428570.05
50,6,9,1992,0.09
50,6,11,1992,1630193.82
50,6,12,1992,1869544.07
50,6,13,1992,0.0
50,6,15,1992,339718.3
50,6,21,1992,4989.97
50,6,24,1992,2565.21
50,6,25,1992,132.88
50,6,29,1992,3207.91
50,6,30,1992,168.51
50,6,33,1992,1740285.36
50,6,39,1992,77.49
50,6,40,1992,3904.89
50,6,41,1992,834.4
51,1,0,1992,927.43
51,1,3,1992,37969680.86
51,1,4,1992,1211464.16
51,1,6,1992,3843641.69
51,1,7,1992,0.0
51,1,9,1992,617.44
51,1,11,1992,960926.38
51,1,12,1992,646790.94
51,1,15,1992,4825126.05
51,1,20,1992,337.7
51,1,21,1992,771050.9
51,1,24,1992,26927.84
51,1,25,1992,42953.82
51,1,29,1992,191441.05
51,1,30,1992,41035.74
51,1,31,1992,0.0
51,1,33,1992,404150.83
51,1,39,1992,19860.94
51,1,41,1992,234448.38
51,1,62,1992,0.0
51,3,0,1992,829.56
51,3,3,1992,7257681.06
51,3,4,1992,14865120.74
51,3,6,1992,163.24
51,3,7,1992,0.0
51,3,9,1992,1050.84
51,3,11,1992,2610590.42
51,3,12,1992,1613639.01
51,3,15,1992,4228791.37
51,3,20,1992,33.7
51,3,21,1992,257424.53
51,3,24,1992,45459.01
51,3,25,1992,11793.81
51,3,29,1992,93057.55
51,3,30,1992,12063.93
51,3,31,1992,0.0
51,3,33,1992,202555.92
51,3,39,1992,1433682.33
51,3,41,1992,1139618.35
51,3,62,1992,0.0
51,6,0,1992,795.6
51,6,3,1992,799241.83
51,6,4,1992,1648813.91
51,6,7,1992,174614.12
51,6,9,1992,10.67
51,6,11,1992,796557.82
51,6,12,1992,835319.65
51,6,15,1992,174246.58
51,6,20,1992,0.0
51,6,21,1992,24060.54
51,6,24,1992,2164.12
51,6,25,1992,165.71
51,6,29,1992,0.09
51,6,30,1992,23.64
51,6,31,1992,0.0
51,6,33,1992,895188.34
51,6,39,1992,44.5
51,6,41,1992,219.84
52,3,3,1992,6487043.61
52,3,4,1992,8530358.71
52,3,9,1992,23819.91
52,3,11,1992,599829.61
52,3,12,1992,650269.16
52,3,15,1992,13882915.09
52,3,20,1992,11269.43
52,3,21,1992,538619.18
52,3,24,1992,113304.73
52,3,25,1992,9183.38
52,3,29,1992,151409.63
52,3,30,1992,2069.79
52,3,31,1992,11.25
52,3,33,1992,214583.05
52,3,39,1992,1501492.23
52,3,40,1992,1.39
52,3,41,1992,753406.25
52,3,46,1992,709.08
52,3,47,1992,4.54
52,3,48,1992,46.11
52,3,62,1992,0.0
52,3,75,1992,0.0
52,4,3,1992,89258.23
52,4,4,1992,12.69
52,4,9,1992,46.93
52,4,11,1992,22.06
52,4,12,1992,0.0
52,4,15,1992,332090.53
52,4,20,1992,290.51
52,4,21,1992,10683.68
52,4,24,1992,341.19
52,4,25,1992,164.83
52,4,31,1992,0.0
52,4,33,1992,79460.95
52,4,39,1992,13606.49
52,4,41,1992,27960.02
53,3,3,1992,67902.47
53,3,4,1992,241744.92
53,3,9,1992,770.7
53,3,11,1992,2017.72
53,3,12,1992,29078.74
53,3,15,1992,106646.74
53,3,21,1992,4842.49
53,3,24,1992,42468.52
53,3,25,1992,1737.21
53,3,30,1992,275.14
53,3,31,1992,0.0
53,3,33,1992,7121.79
53,3,39,1992,66234.87
53,3,41,1992,5107.49
53,3,46,1992,126.67
53,3,48,1992,15.59
53,3,62,1992,0.0
11,1,0,1993,1.49
11,1,3,1993,18039731.77
11,1,4,1993,501672.5
11,1,6,1993,798945.14
11,1,9,1993,0.0
11,1,11,1993,587147.99
11,1,12,1993,283790.96
11,1,15,1993,2520750.04
11,1,21,1993,270898.0
11,1,24,1993,33898.56
11,1,25,1993,66051.14
11,1,29,1993,54373.45
11,1,30,1993,11646.58
11,1,31,1993,0.0
11,1,33,1993,328323.17
11,1,39,1993,6.81
11,1,41,1993,2495.22
11,1,75,1993,0.0
11,3,0,1993,29.52
11,3,3,1993,158962.87
11,3,4,1993,71960.37
11,3,9,1993,0.0
11,3,11,1993,1403.65
11,3,12,1993,5801.03
11,3,15,1993,5793.05
11,3,21,1993,555.54
11,3,24,1993,2989.17
11,3,25,1993,1080.8
11,3,29,1993,0.0
11,3,33,1993,68.62
11,3,39,1993,6650.76
11,3,41,1993,8256.75
12,1,3,1993,15521204.78
12,1,4,1993,2681.99
12,1,6,1993,80536.8
12,1,11,1993,2274.32
12,1,12,1993,2307.98
12,1,15,1993,643073.27
12,1,21,1993,23281.22
12,1,24,1993,20884.27
12,1,25,1993,24142.15
12,1,31,1993,0.0
12,1,33,1993,62619.66
12,1,39,1993,0.0
12,1,41,1993,0.0
13,1,3,1993,125020712.24
13,1,4,1993,227164.3
13,1,6,1993,22434019.78
13,1,11,1993,1347228.05
13,1,12,1993,615047.54
13,1,15,1993,276584.72
13,1,20,1993,0.0
13,1,21,1993,136546.55
13,1,24,1993,47770.56
13,1,25,1993,25411.72
13,1,29,1993,2179.73
13,1,30,1993,10526.56
13,1,31,1993,6.88
13,1,33,1993,5684765.91
13,1,35,1993,70.78
13,1,39,1993,0.0
13,1,41,1993,478.97
14,1,3,1993,14499202.15
14,1,4,1993,267610.46
14,1,6,1993,2591411.77
14,1,9,1993,0.0
14,1,11,1993,1070372.25
14,1,12,1993,2923558.05
14,1,15,1993,175996.46
14,1,21,1993,44986.43
14,1,24,1993,13994.06
14,1,25,1993,6747.6
14,1,29,1993,81879.84
14,1,30,1993,1603.65
14,1,31,1993,1.34
14,1,33,1993,636945.86
14,1,35,1993,96.26
14,1,39,1993,0.0
14,1,41,1993,2171.27
15,1,0,1993,19.62
15,1,3,1993,99748485.14
15,1,4,1993,1300059.43
15,1,5,1993,231119.02
15,1,6,1993,7345598.88
15,1,9,1993,24118.06
15,1,11,1993,2338517.66
15,1,12,1993,1023259.93
15,1,15,1993,5896261.23
15,1,20,1993,0.0
15,1,21,1993,841823.72
15,1,23,1993,2491.79
15,1,24,1993,96989.14
15,1,25,1993,65294.11
15,1,29,1993,227558.01
15,1,30,1993,65627.51
15,1,31,1993,28.4
15,1,32,1993,3475.33
15,1,33,1993,4419415.57
15,1,35,1993,37868.91
15,1,39,1993,0.0
15,1,40,1993,0.0
15,1,41,1993,2537.47
15,3,0,1993,169.57
15,3,3,1993,250291.98
15,3,4,1993,294891.91
15,3,6,1993,129.77
15,3,9,1993,0.0
15,3,11,1993,55412.97
15,3,12,1993,144686.84
15,3,15,1993,95792.56
15,3,21,1993,1707.17
15,3,24,1993,1478.88
15,3,25,1993,30.7
15,3,29,1993,1.95
15,3,30,1993,24.08
15,3,31,1993,0.0
15,3,33,1993,26345.67
15,3,39,1993,0.0
15,3,41,1993,38.15
16,1,3,1993,9967507.23
16,1,4,1993,3376.18
16,1,5,1993,91962.99
16,1,6,1993,1597297.23
16,1,9,1993,29716.27
16,1,11,1993,2027006.5
16,1,12,1993,31725.74
16,1,15,1993,1381.18
16,1,21,1993,33345.14
16,1,24,1993,11651.58
16,1,25,1993,2903.31
16,1,30,1993,408.0
16,1,31,1993,5.99
16,1,33,1993,393457.59
16,1,39,1993,0.0
16,1,41,1993,15.82
17,1,0,1993,2.74
17,1,3,1993,665687.77
17,1,4,1993,18330.63
17,1,6,1993,233830.26
17,1,9,1993,2.3
17,1,11,1993,26701.28
17,1,12,1993,63181.11
17,1,15,1993,1266062.61
17,1,21,1993,110634.51
17,1,24,1993,1662.97
17,1,25,1993,2615.44
17,1,29,1993,28802.26
17,1,30,1993,0.0
17,1,31,1993,0.0
17,1,33,1993,43800.47
17,1,39,1993,0.0
17,1,40,1993,0.0
17,1,41,1993,243.37
17,3,0,1993,44.04
17,3,3,1993,5976265.25
17,3,4,1993,12141689.02
17,3,6,1993,19.41
17,3,9,1993,1734.7
17,3,11,1993,2162921.9
17,3,12,1993,1617221.27
17,3,15,1993,2892924.77
17,3,20,1993,278.95
17,3,21,1993,144056.23
17,3,23,1993,310.71
17,3,24,1993,37924.12
17,3,25,1993,3663.06
17,3,29,1993,41003.07
17,3,30,1993,156.19
17,3,31,1993,0.0
17,3,33,1993,226756.54
17,3,39,1993,11911.62
17,3,40,1993,7823.53
17,3,41,1993,14091.46
17,3,62,1993,0.0
17,3,75,1993,0.0
21,1,0,1993,2.41
21,1,3,1993,6643345.73
21,1,4,1993,158251.0
21,1,5,1993,411982.58
21,1,6,1993,506863.51
21,1,9,1993,439.08
21,1,11,1993,435453.22
21,1,12,1993,76043.81
21,1,15,1993,2405273.45
21,1,21,1993,222001.76
21,1,23,1993,5056.43
21,1,24,1993,30069.94
21,1,25,1993,11496.92
21,1,29,1993,91.75
21,1,30,1993,4407.72
21,1,31,1993,0.0
21,1,32,1993,32809.35
21,1,33,1993,295051.94
21,1,39,1993,0.0
21,1,41,1993,1081.09
21,1,50,1993,1.07
21,3,0,1993,92.53
21,3,3,1993,11901712.41
21,3,4,1993,7191629.07
21,3,5,1993,62057.49
21,3,6,1993,67.62
21,3,9,1993,799.3
21,3,11,1993,122004.45
21,3,12,1993,789729.81
21,3,15,1993,931803.2
21,3,20,1993,674.74
21,3,21,1993,118195.56
21,3,23,1993,113137.39
21,3,24,1993,38859.84
21,3,25,1993,4729.86
21,3,29,1993,6753.12
21,3,30,1993,109.26
21,3,31,1993,523.71
21,3,32,1993,7883.91
21,3,33,1993,142260.42
21,3,39,1993,34929.68
21,3,41,1993,4245.17
21,3,48,1993,0.0
21,3,50,1993,233905.36
21,3,62,1993,0.0
21,3,91,1993,0.0
22,2,3,1993,1059654.52
22,2,4,1993,9359285.6
22,2,5,1993,5018.37
22,2,9,1993,2.4
22,2,11,1993,0.0
22,2,12,1993,16460.67
22,2,15,1993,1167337.67
22,2,21,1993,161013.27
22,2,23,1993,16126.68
22,2,24,1993,20428.76
22,2,25,1993,16975.23
22,2,29,1993,14262.97
22,2,31,1993,315.16
22,2,32,1993,2109.16
22,2,33,1993,26798.58
22,2,39,1993,5.02
22,2,41,1993,2284.79
22,2,48,1993,866.24
22,2,50,1993,4436.51
22,2,62,1993,0.0
22,2,75,1993,0.0
22,2,91,1993,0.0
22,3,3,1993,2414955.23
22,3,4,1993,9935778.89
22,3,5,1993,3.21
22,3,9,1993,6.76
22,3,11,1993,79952.96
22,3,12,1993,310306.89
22,3,15,1993,302426.52
22,3,20,1993,2896.17
22,3,21,1993,20127.5
22,3,23,1993,0.0
22,3,24,1993,29969.13
22,3,25,1993,47425.29
22,3,29,1993,76094.45
22,3,30,1993,229.28
22,3,31,1993,0.0
22,3,33,1993,64813.79
22,3,39,1993,11708.61
22,3,41,1993,4924.17
22,3,48,1993,0.0
22,3,62,1993,0.0
22,3,75,1993,0.0
23,2,3,1993,880910.73
23,2,4,1993,11486263.41
23,2,5,1993,16230.18
23,2,9,1993,0.0
23,2,12,1993,104.86
23,2,15,1993,1778519.3
23,2,21,1993,302227.84
23,2,23,1993,64050.12
23,2,24,1993,80172.52
23,2,25,1993,23692.96
23,2,29,1993,1920.46
23,2,30,1993,448.35
23,2,31,1993,1489.28
23,2,32,1993,5632.94
23,2,33,1993,174235.02
23,2,39,1993,0.0
23,2,41,1993,12016.39
23,2,48,1993,53410.05
23,2,50,1993,5540.16
23,2,75,1993,0.0
23,2,91,1993,0.0
24,2,3,1993,53817.29
24,2,4,1993,2844985.73
24,2,5,1993,4766.84
24,2,11,1993,0.0
24,2,12,1993,8402.65
24,2,13,1993,8177.86
24,2,15,1993,1585866.81
24,2,20,1993,2388.02
24,2,21,1993,376717.59
24,2,23,1993,34980.38
24,2,24,1993,25855.62
24,2,25,1993,5740.45
24,2,29,1993,4630.26
24,2,30,1993,0.0
24,2,31,1993,24547.01
24,2,32,1993,5084.45
24,2,33,1993,70588.91
24,2,41,1993,12398.21
24,2,48,1993,3962.71
24,2,49,1993,0.09
24,2,50,1993,1740.66
24,2,75,1993,0.0
24,2,91,1993,0.0
24,4,3,1993,28679.94
24,4,4,1993,1007.4
24,4,5,1993,7333.2
24,4,9,1993,13.35
24,4,11,1993,5787.3
24,4,12,1993,0.0
24,4,15,1993,8926.38
24,4,20,1993,24139.7
24,4,21,1993,74257.99
24,4,23,1993,9329.68
24,4,24,1993,11512.73
24,4,25,1993,4.45
24,4,31,1993,132.46
24,4,32,1993,757.76
24,4,33,1993,9306.88
24,4,41,1993,7140.24
24,4,48,1993,65.81
24,4,49,1993,683.1
24,4,50,1993,15732.36
24,4,91,1993,0.0
25,2,3,1993,53453.97
25,2,4,1993,3327817.93
25,2,11,1993,0.09
25,2,12,1993,808.93
25,2,13,1993,1410.85
25,2,15,1993,1658371.43
25,2,20,1993,11130.85
25,2,21,1993,109224.54
25,2,24,1993,18473.35
25,2,25,1993,8408.73
25,2,29,1993,4315.99
25,2,30,1993,8.61
25,2,31,1993,0.0
25,2,33,1993,42444.86
25,2,41,1993,4.17
25,2,48,1993,0.0
25,2,75,1993,0.0
25,2,91,1993,0.0
25,4,3,1993,66422.36
25,4,4,1993,16138.79
25,4,5,1993,11398.93
25,4,9,1993,2.93
25,4,11,1993,14142.71
25,4,15,1993,81004.14
25,4,20,1993,82530.03
25,4,21,1993,102687.6
25,4,23,1993,545.77
25,4,24,1993,11853.04
25,4,25,1993,3.9
25,4,30,1993,108.42
25,4,31,1993,142.77
25,4,32,1993,405.86
25,4,33,1993,5402.96
25,4,41,1993,17389.11
25,4,48,1993,0.0
25,4,50,1993,313.22
25,4,75,1993,0.0
25,4,91,1993,0.0
26,2,3,1993,50969.13
26,2,4,1993,5763765.08
26,2,12,1993,18325.3
26,2,13,1993,85280.69
26,2,15,1993,2043387.17
26,2,20,1993,654.63
26,2,21,1993,116117.8
26,2,24,1993,34302.82
26,2,25,1993,18749.34
26,2,29,1993,1125.26
26,2,30,1993,209.01
26,2,31,1993,19.89
26,2,33,1993,102863.52
26,2,41,1993,6128.29
26,2,48,1993,16960.24
26,2,75,1993,0.0
26,2,91,1993,0.0
26,4,3,1993,192576.3
26,4,4,1993,199324.71
26,4,5,1993,13522.97
26,4,9,1993,2.66
26,4,11,1993,3482.56
26,4,15,1993,605821.99
26,4,20,1993,366129.28
26,4,21,1993,115444.85
26,4,23,1993,192.3
26,4,24,1993,29404.66
26,4,25,1993,149.54
26,4,30,1993,357.47
26,4,31,1993,128.3
26,4,32,1993,1199.14
26,4,33,1993,17361.44
26,4,41,1993,0.0
26,4,50,1993,1.95
26,4,75,1993,0.0
26,4,91,1993,0.0
27,2,3,1993,7526.42
27,2,4,1993,377257.22
27,2,9,1993,0.0
27,2,11,1993,0.0
27,2,12,1993,50.25
27,2,13,1993,0.0
27,2,15,1993,909477.03
27,2,20,1993,537.16
27,2,21,1993,7595.67
27,2,24,1993,4289.3
27,2,25,1993,536.03
27,2,29,1993,16.34
27,2,30,1993,0.0
27,2,31,1993,4.76
27,2,33,1993,13131.89
27,2,41,1993,2.55
27,2,48,1993,650.01
27,4,3,1993,181423.2
27,4,4,1993,71051.09
27,4,5,1993,3872.3
27,4,9,1993,0.0
27,4,11,1993,13707.97
27,4,12,1993,1.23
27,4,15,1993,647105.56
27,4,20,1993,451060.74
27,4,21,1993,32098.58
27,4,23,1993,4284.72
27,4,24,1993,12533.47
27,4,25,1993,70.06
27,4,29,1993,31.43
27,4,31,1993,21.84
27,4,32,1993,85.41
27,4,33,1993,28883.34
27,4,41,1993,0.0
27,4,49,1993,2810.04
27,4,50,1993,12022.61
28,2,3,1993,26090.61
28,2,4,1993,385630.03
28,2,9,1993,0.0
28,2,12,1993,629.39
28,2,15,1993,788920.52
28,2,20,1993,17.32
28,2,21,1993,197.44
28,2,24,1993,2532.51
28,2,25,1993,1221.49
28,2,30,1993,42.97
28,2,31,1993,0.0
28,2,33,1993,8435.07
28,2,41,1993,7.82
28,4,3,1993,93450.86
28,4,4,1993,2844.57
28,4,5,1993,19891.95
28,4,9,1993,507.04
28,4,11,1993,17295.69
28,4,12,1993,23261.87
28,4,15,1993,673342.95
28,4,20,1993,8595.64
28,4,21,1993,32417.22
28,4,23,1993,9255.41
28,4,24,1993,12320.4
28,4,25,1993,230.4
28,4,29,1993,34.93
28,4,30,1993,300.3
28,4,31,1993,120.44
28,4,32,1993,2669.54
28,4,33,1993,33992.17
28,4,41,1993,51.78
28,4,49,1993,612.92
28,4,50,1993,47522.41
28,4,91,1993,0.0
29,2,3,1993,1186193.86
29,2,4,1993,21490690.19
29,2,9,1993,1806.92
29,2,11,1993,0.0
29,2,12,1993,198380.32
29,2,13,1993,345861.49
29,2,15,1993,9516520.14
29,2,20,1993,12471.46
29,2,21,1993,1559086.45
29,2,23,1993,48871.49
29,2,24,1993,71697.59
29,2,25,1993,59673.34
29,2,29,1993,87193.59
29,2,30,1993,3054.09
29,2,31,1993,3.62
29,2,33,1993,519079.17
29,2,39,1993,0.0
29,2,41,1993,15549.23
29,2,46,1993,3141.48
29,2,48,1993,16439.28
29,2,62,1993,0.0
29,2,75,1993,0.0
29,2,91,1993,0.0
29,3,3,1993,346033.99
29,3,4,1993,7817784.97
29,3,9,1993,5316.97
29,3,11,1993,137128.95
29,3,12,1993,751217.73
29,3,15,1993,315131.24
29,3,21,1993,243719.36
29,3,24,1993,6853.53
29,3,25,1993,3564.11
29,3,29,1993,9451.89
29,3,31,1993,0.0
29,3,33,1993,15860.64
29,3,39,1993,181539.16
29,3,41,1993,485895.4
29,3,46,1993,22776.2
29,3,48,1993,1405.71
29,3,62,1993,0.0
29,3,75,1993,0.0
29,3,91,1993,0.0
29,4,3,1993,3497490.96
29,4,4,1993,853674.47
29,4,5,1993,68083.97
29,4,9,1993,212117.11
29,4,11,1993,105752.64
29,4,12,1993,32703.27
29,4,15,1993,5236925.64
29,4,20,1993,2691.37
29,4,21,1993,547476.61
29,4,23,1993,9038.39
29,4,24,1993,73029.85
29,4,25,1993,3884.91
29,4,29,1993,5819.98
29,4,30,1993,731.5
29,4,31,1993,822.92
29,4,32,1993,6857.97
29,4,33,1993,211135.12
29,4,41,1993,383.34
29,4,46,1993,9104.79
29,4,48,1993,97.83
29,4,49,1993,16626.35
29,4,50,1993,97962.08
31,2,3,1993,89059.3
31,2,4,1993,1707077.37
31,2,9,1993,334.63
31,2,11,1993,0.0
31,2,12,1993,276.73
31,2,15,1993,1373780.79
31,2,20,1993,84.45
31,2,21,1993,32727.33
31,2,24,1993,6516.54
31,2,25,1993,3745.87
31,2,29,1993,3325.89
31,2,30,1993,114.38
31,2,33,1993,30300.29
31,2,39,1993,0.0
31,2,41,1993,11390.51
31,2,46,1993,883.75
31,2,48,1993,1342.48
31,2,62,1993,0.0
31,2,75,1993,0.0
31,3,0,1993,61.81
31,3,3,1993,4633857.83
31,3,4,1993,9986916.0
31,3,9,1993,738271.71
31,3,11,1993,517943.59
31,3,12,1993,1564296.73
31,3,15,1993,11584657.69
31,3,20,1993,72994.56
31,3,21,1993,478037.9
31,3,24,1993,91816.55
31,3,25,1993,31405.39
31,3,29,1993,668708.51
31,3,30,1993,7703.71
31,3,31,1993,0.0
31,3,33,1993,450111.21
31,3,39,1993,171789.04
31,3,41,1993,735412.02
31,3,46,1993,50081.27
31,3,47,1993,11759.61
31,3,48,1993,1416.67
31,3,62,1993,0.0
31,3,75,1993,0.0
31,4,3,1993,5736222.69
31,4,4,1993,2314334.21
31,4,9,1993,191087.42
31,4,11,1993,9234.21
31,4,12,1993,1044515.04
31,4,15,1993,12775253.84
31,4,20,1993,15287.05
31,4,21,1993,566035.32
31,4,23,1993,10.96
31,4,24,1993,149023.56
31,4,25,1993,8996.9
31,4,29,1993,39582.83
31,4,30,1993,30038.21
31,4,31,1993,0.0
31,4,33,1993,296437.55
31,4,39,1993,5.09
31,4,41,1993,163553.15
31,4,46,1993,251971.73
31,4,47,1993,1319.62
31,4,48,1993,268.32
32,4,3,1993,1055887.42
32,4,4,1993,4551.85
32,4,5,1993,6762.81
32,4,9,1993,145667.36
32,4,11,1993,104482.65
32,4,12,1993,69818.23
32,4,15,1993,2834144.61
32,4,20,1993,594.75
32,4,21,1993,99665.93
32,4,23,1993,3911.08
32,4,24,1993,42974.9
32,4,25,1993,1760.68
32,4,29,1993,28547.84
32,4,31,1993,3.81
32,4,32,1993,610.71
32,4,33,1993,51418.79
32,4,41,1993,19564.21
32,4,46,1993,88743.28
32,4,48,1993,332.97
32,4,49,1993,17484.36
32,4,50,1993,29015.65
33,4,3,1993,1241284.68
33,4,4,1993,683.81
33,4,5,1993,8485.29
33,4,9,1993,749.99
33,4,11,1993,107441.18
33,4,12,1993,100012.44
33,4,15,1993,2160422.82
33,4,20,1993,22.73
33,4,21,1993,257097.15
33,4,23,1993,21739.21
33,4,24,1993,144885.9
33,4,25,1993,3556.46
33,4,29,1993,5300.95
33,4,30,1993,588.69
33,4,31,1993,4405.85
33,4,32,1993,1376.6
33,4,33,1993,107368.66
33,4,39,1993,0.0
33,4,41,1993,129289.62
33,4,46,1993,0.0
33,4,48,1993,0.0
33,4,49,1993,25112.48
33,4,50,1993,52232.34
33,4,91,1993,0.0
35,3,3,1993,1013924.5
35,3,4,1993,32870.66
35,3,9,1993,295036.48
35,3,11,1993,144749.33
35,3,12,1993,7465.61
35,3,15,1993,2277584.81
35,3,20,1993,1353009.03
35,3,21,1993,471576.13
35,3,24,1993,68179.64
35,3,25,1993,25829.52
35,3,30,1993,417.88
35,3,31,1993,0.0
35,3,33,1993,133657.47
35,3,39,1993,302378.33
35,3,41,1993,307105.23
35,3,46,1993,7896.53
35,3,47,1993,70595.34
35,3,48,1993,5614.47
35,3,62,1993,0.0
35,4,3,1993,3624901.0
35,4,4,1993,10.3
35,4,5,1993,17383.04
35,4,9,1993,156102.94
35,4,11,1993,188004.21
35,4,12,1993,107232.14
35,4,15,1993,9029696.83
35,4,20,1993,1214176.26
35,4,21,1993,1776587.51
35,4,23,1993,1773.89
35,4,24,1993,411260.73
35,4,25,1993,10377.88
35,4,29,1993,160.69
35,4,30,1993,3715.31
35,4,31,1993,81.25
35,4,32,1993,648.27
35,4,33,1993,527985.14
35,4,39,1993,173765.4
35,4,40,1993,1.39
35,4,41,1993,700810.71
35,4,46,1993,28427.89
35,4,47,1993,81477.52
35,4,48,1993,6819.81
35,4,49,1993,234238.25
35,4,50,1993,5233.33
35,4,62,1993,0.0
35,4,75,1993,0.0
41,3,3,1993,76244.19
41,3,4,1993,1.96
41,3,9,1993,43053.47
41,3,11,1993,967.16
41,3,12,1993,78582.08
41,3,15,1993,35022.08
41,3,21,1993,969.07
41,3,24,1993,1435.93
41,3,25,1993,66.02
41,3,29,1993,4194.85
41,3,33,1993,746.91
41,3,39,1993,55797.96
41,3,41,1993,15326.55
41,3,46,1993,1.06
41,3,47,1993,0.0
41,3,48,1993,0.0
41,4,3,1993,4778485.84
41,4,5,1993,21495.93
41,4,9,1993,612175.05
41,4,11,1993,179896.03
41,4,12,1993,46576.82
41,4,15,1993,6175572.41
41,4,20,1993,84923.15
41,4,21,1993,1362535.28
41,4,23,1993,475.05
41,4,24,1993,186602.4
41,4,25,1993,3058.73
41,4,29,1993,83.75
41,4,30,1993,2135.66
41,4,31,1993,54.58
41,4,32,1993,432.99
41,4,33,1993,402607.08
41,4,39,1993,2995100.07
41,4,40,1993,82.49
41,4,41,1993,2563750.6
41,4,46,1993,63749.67
41,4,47,1993,265.94
41,4,48,1993,483.71
41,4,49,1993,129615.6
41,4,50,1993,4416.09
41,4,62,1993,0.0
42,4,3,1993,4090192.28
42,4,5,1993,7269.02
42,4,9,1993,427204.19
42,4,11,1993,14462.68
42,4,12,1993,897527.64
42,4,15,1993,1551810.55
42,4,21,1993,756047.38
42,4,23,1993,7214.23
42,4,24,1993,117897.86
42,4,25,1993,1639.46
42,4,29,1993,0.0
42,4,30,1993,1161.1
42,4,31,1993,11.17
42,4,32,1993,606.15
42,4,33,1993,126446.02
42,4,39,1993,79512.58
42,4,40,1993,57545.37
42,4,41,1993,1272143.47
42,4,48,1993,737.09
42,4,49,1993,102807.86
42,4,50,1993,17594.82
42,4,84,1993,21.58
42,4,91,1993,0.0
43,4,3,1993,2829081.65
43,4,9,1993,135119.63
43,4,11,1993,2067.28
43,4,12,1993,1531861.04
43,4,15,1993,900546.89
43,4,21,1993,623415.09
43,4,23,1993,639.83
43,4,24,1993,75085.55
43,4,25,1993,1564.21
43,4,29,1993,1.34
43,4,30,1993,0.0
43,4,31,1993,0.0
43,4,33,1993,102174.71
43,4,39,1993,959135.92
43,4,40,1993,11595.4
43,4,41,1993,1585383.43
43,4,48,1993,3440.84
43,4,49,1993,2934.09
43,4,50,1993,5025.54
43,4,84,1993,5.63
43,4,91,1993,0.0
43,5,3,1993,2063967.05
43,5,9,1993,259685.83
43,5,11,1993,349660.86
43,5,12,1993,8614770.32
43,5,15,1993,298.88
43,5,21,1993,1299822.88
43,5,23,1993,174696.33
43,5,24,1993,98582.18
43,5,25,1993,48557.75
43,5,29,1993,23832.97
43,5,30,1993,2248.91
43,5,31,1993,42.14
43,5,33,1993,1836325.2
43,5,39,1993,1857278.11
43,5,40,1993,403528.91
43,5,41,1993,2217666.21
43,5,48,1993,12.44
43,5,49,1993,17008.86
43,5,50,1993,118164.99
43,5,84,1993,7365.33
43,5,91,1993,0.0
50,3,3,1993,5107800.09
50,3,4,1993,1923170.57
50,3,7,1993,1.01
50,3,9,1993,164582.46
50,3,11,1993,689723.21
50,3,12,1993,145745.14
50,3,15,1993,12459779.57
50,3,20,1993,13201.58
50,3,21,1993,262739.65
50,3,24,1993,41354.33
50,3,25,1993,6046.85
50,3,29,1993,4059.28
50,3,30,1993,252.24
50,3,31,1993,0.0
50,3,33,1993,98316.2
50,3,39,1993,1024359.27
50,3,40,1993,12.44
50,3,41,1993,283543.87
50,3,47,1993,92.18
50,3,62,1993,0.0
50,4,3,1993,415004.06
50,4,4,1993,6.0
50,4,9,1993,946.25
50,4,11,1993,383276.71
50,4,12,1993,14.87
50,4,15,1993,2289096.83
50,4,20,1993,4515.19
50,4,21,1993,87649.11
50,4,24,1993,11724.11
50,4,25,1993,1568.34
50,4,31,1993,0.0
50,4,33,1993,137970.74
50,4,39,1993,274155.12
50,4,40,1993,0.0
50,4,41,1993,136465.19
50,4,47,1993,5.16
50,4,48,1993,1.24
50,6,0,1993,2.98
50,6,3,1993,1706677.86
50,6,4,1993,2128265.19
50,6,7,1993,258634.06
50,6,9,1993,0.09
50,6,11,1993,1518370.2
50,6,12,1993,2273888.78
50,6,13,1993,0.0
50,6,15,1993,381130.18
50,6,21,1993,5077.7
50,6,24,1993,2672.51
50,6,25,1993,133.3
50,6,29,1993,3207.91
50,6,30,1993,198.95
50,6,33,1993,1459161.01
50,6,39,1993,65.74
50,6,40,1993,4308.07
50,6,41,1993,698.52
51,1,0,1993,926.42
51,1,3,1993,37596138.18
51,1,4,1993,1185125.64
51,1,6,1993,3790863.96
51,1,7,1993,0.0
51,1,9,1993,755.76
51,1,11,1993,959412.94
51,1,12,1993,643799.84
51,1,15,1993,5186331.16
51,1,20,1993,2149.47
51,1,21,1993,828822.56
51,1,24,1993,27972.68
51,1,25,1993,41999.67
51,1,29,1993,191322.72
51,1,30,1993,44661.22
51,1,31,1993,0.0
51,1,33,1993,402360.35
51,1,39,1993,40470.2
51,1,41,1993,248269.38
51,1,62,1993,0.0
51,3,0,1993,805.0
51,3,3,1993,7231171.56
51,3,4,1993,14428608.49
51,3,6,1993,160.0
51,3,7,1993,1.12
51,3,9,1993,1419.34
51,3,11,1993,2600402.63
51,3,12,1993,1589007.6
51,3,15,1993,4538612.9
51,3,20,1993,40.66
51,3,21,1993,235265.54
51,3,24,1993,46499.74
51,3,25,1993,13031.86
51,3,29,1993,93066.19
51,3,30,1993,12446.48
51,3,31,1993,0.0
51,3,33,1993,201195.99
51,3,39,1993,1751695.4
51,3,41,1993,1030124.87
51,3,62,1993,0.0
51,6,0,1993,781.84
51,6,3,1993,795240.97
51,6,4,1993,1381156.46
51,6,7,1993,418518.53
51,6,9,1993,8.86
51,6,11,1993,844479.06
51,6,12,1993,633430.55
51,6,15,1993,190112.55
51,6,20,1993,0.0
51,6,21,1993,25162.77
51,6,24,1993,2189.92
51,6,25,1993,174.83
51,6,29,1993,0.09
51,6,30,1993,23.55
51,6,31,1993,0.26
51,6,33,1993,1059922.29
51,6,39,1993,47.25
51,6,41,1993,217.18
52,3,3,1993,6392769.57
52,3,4,1993,8331588.52
52,3,9,1993,26023.75
52,3,11,1993,591365.3
52,3,12,1993,644274.82
52,3,15,1993,14109100.6
52,3,20,1993,14450.17
52,3,21,1993,530194.21
52,3,24,1993,119461.97
52,3,25,1993,8108.2
52,3,29,1993,151415.32
52,3,30,1993,2204.83
52,3,31,1993,11.34
52,3,33,1993,213663.51
52,3,39,1993,1558542.74
52,3,40,1993,1.39
52,3,41,1993,776493.1
52,3,46,1993,637.49
52,3,47,1993,10.97
52,3,48,1993,28.35
52,3,62,1993,0.0
52,3,75,1993,0.0
52,4,3,1993,86992.04
52,4,4,1993,11.49
52,4,9,1993,39.61
52,4,11,1993,21.46
52,4,12,1993,0.0
52,4,15,1993,337219.13
52,4,20,1993,428.71
52,4,21,1993,12391.82
52,4,24,1993,386.01
52,4,25,1993,174.18
52,4,31,1993,0.0
52,4,33,1993,78222.71
52,4,39,1993,10420.12
52,4,41,1993,27630.83
53,3,3,1993,68322.28
53,3,4,1993,238156.41
53,3,9,1993,841.6
53,3,11,1993,2168.86
53,3,12,1993,28674.77
53,3,15,1993,107304.88
53,3,21,1993,3208.23
53,3,24,1993,45134.57
53,3,25,1993,1537.06
53,3,30,1993,289.62
53,3,31,1993,0.0
53,3,33,1993,7040.26
53,3,39,1993,67869.4
53,3,41,1993,5321.29
53,3,46,1993,134.17
53,3,48,1993,87.67
53,3,62,1993,0.0
11,1,0,1994,1.57
11,1,3,1994,17734923.93
11,1,4,1994,500433.86
11,1,6,1994,797699.35
11,1,9,1994,0.0
11,1,11,1994,604516.8
11,1,12,1994,280329.37
11,1,15,1994,2820982.45
11,1,21,1994,280633.76
11,1,24,1994,34647.63
11,1,25,1994,66515.13
11,1,29,1994,54207.33
11,1,30,1994,11951.31
11,1,31,1994,0.0
11,1,33,1994,310384.71
11,1,39,1994,30.04
11,1,41,1994,2475.58
11,1,75,1994,0.0
11,3,0,1994,29.52
11,3,3,1994,158413.35
11,3,4,1994,71786.98
11,3,9,1994,0.0
11,3,11,1994,1081.64
11,3,12,1994,5622.06
11,3,15,1994,6407.8
11,3,21,1994,714.68
11,3,24,1994,3076.69
11,3,25,1994,1686.26
11,3,29,1994,0.0
11,3,33,1994,70.71
11,3,39,1994,5929.93
11,3,41,1994,8732.51
12,1,3,1994,15455468.81
12,1,4,1994,2676.81
12,1,6,1994,79124.17
12,1,11,1994,2081.75
12,1,12,1994,2142.86
12,1,15,1994,706590.31
12,1,21,1994,25877.83
12,1,24,1994,21247.84
12,1,25,1994,25231.66
12,1,31,1994,0.0
12,1,33,1994,62564.41
12,1,39,1994,0.0
12,1,41,1994,0.0
13,1,3,1994,125008278.21
13,1,4,1994,227260.19
13,1,6,1994,22441456.21
13,1,11,1994,1432131.91
13,1,12,1994,612929.98
13,1,15,1994,304155.09
13,1,20,1994,0.0
13,1,21,1994,126478.08
13,1,24,1994,48678.8
13,1,25,1994,26725.72
13,1,29,1994,2178.93
13,1,30,1994,10682.83
13,1,31,1994,6.88
13,1,33,1994,5587032.94
13,1,35,1994,72.12
13,1,39,1994,0.0
13,1,41,1994,446.39
14,1,3,1994,14483387.79
14,1,4,1994,266228.36
14,1,6,1994,2590979.69
14,1,9,1994,0.0
14,1,11,1994,1111092.06
14,1,12,1994,2928070.08
14,1,15,1994,198859.43
14,1,21,1994,41137.57
14,1,24,1994,14594.51
14,1,25,1994,6583.14
14,1,29,1994,81898.91
14,1,30,1994,1830.05
14,1,31,1994,0.0
14,1,33,1994,589666.01
14,1,35,1994,138.8
14,1,39,1994,0.0
14,1,41,1994,2111.04
15,1,0,1994,18.21
15,1,3,1994,99231241.56
15,1,4,1994,1298827.25
15,1,5,1994,231186.25
15,1,6,1994,7328925.63
15,1,9,1994,27783.21
15,1,11,1994,2364863.64
15,1,12,1994,1022367.82
15,1,15,1994,6423586.79
15,1,20,1994,0.0
15,1,21,1994,842835.7
15,1,23,1994,2511.99
15,1,24,1994,100348.83
15,1,25,1994,63120.22
15,1,29,1994,227468.94
15,1,30,1994,67719.87
15,1,31,1994,38.12
15,1,32,1994,3394.98
15,1,33,1994,4389510.3
15,1,35,1994,43799.23
15,1,39,1994,0.0
15,1,40,1994,0.0
15,1,41,1994,1000.38
15,3,0,1994,160.98
15,3,3,1994,247022.01
15,3,4,1994,282340.82
15,3,6,1994,127.82
15,3,9,1994,1.33
15,3,11,1994,58483.87
15,3,12,1994,143570.81
15,3,15,1994,109904.95
15,3,21,1994,1477.86
15,3,24,1994,1515.21
15,3,25,1994,28.41
15,3,29,1994,1.95
15,3,30,1994,22.49
15,3,31,1994,0.0
15,3,33,1994,26305.43
15,3,39,1994,0.0
15,3,41,1994,38.24
16,1,3,1994,9966026.75
16,1,4,1994,3393.26
16,1,5,1994,92562.05
16,1,6,1994,1598000.61
16,1,9,1994,44880.24
16,1,11,1994,2000734.22
16,1,12,1994,30305.93
16,1,15,1994,1548.39
16,1,21,1994,33444.81
16,1,24,1994,11883.54
16,1,25,1994,2426.46
16,1,30,1994,414.26
16,1,31,1994,1.25
16,1,33,1994,406124.69
16,1,39,1994,0.0
16,1,41,1994,14.3
17,1,0,1994,2.92
17,1,3,1994,640221.41
17,1,4,1994,18636.08
17,1,6,1994,226561.04
17,1,9,1994,2.3
17,1,11,1994,27047.66
17,1,12,1994,63149.43
17,1,15,1994,1309454.22
17,1,21,1994,99336.21
17,1,24,1994,1723.64
17,1,25,1994,2553.42
17,1,29,1994,28808.07
17,1,30,1994,0.0
17,1,31,1994,0.0
17,1,33,1994,43901.13
17,1,39,1994,0.0
17,1,40,1994,0.0
17,1,41,1994,160.19
17,3,0,1994,40.7
17,3,3,1994,5926393.37
17,3,4,1994,11936605.56
17,3,6,1994,18.17
17,3,9,1994,1315.72
17,3,11,1994,2171789.71
17,3,12,1994,1609347.26
17,3,15,1994,3129618.61
17,3,20,1994,276.39
17,3,21,1994,159879.91
17,3,23,1994,313.61
17,3,24,1994,38850.6
17,3,25,1994,3206.97
17,3,29,1994,41018.48
17,3,30,1994,153.83
17,3,31,1994,0.0
17,3,33,1994,223601.04
17,3,39,1994,15059.17
17,3,40,1994,10893.33
17,3,41,1994,12413.43
17,3,62,1994,0.0
17,3,75,1994,0.0
21,1,0,1994,2.05
21,1,3,1994,6511768.43
21,1,4,1994,155119.96
21,1,5,1994,411975.16
21,1,6,1994,502359.09
21,1,9,1994,710.22
21,1,11,1994,402500.16
21,1,12,1994,75429.63
21,1,15,1994,2523982.86
21,1,21,1994,240021.99
21,1,23,1994,5624.21
21,1,24,1994,31383.07
21,1,25,1994,9302.27
21,1,29,1994,91.75
21,1,30,1994,4980.05
21,1,31,1994,0.0
21,1,32,1994,33231.81
21,1,33,1994,330545.63
21,1,39,1994,0.0
21,1,41,1994,693.26
21,1,50,1994,1.16
21,3,0,1994,82.81
21,3,3,1994,11806400.76
21,3,4,1994,7107043.97
21,3,5,1994,62919.61
21,3,6,1994,65.92
21,3,9,1994,700.33
21,3,11,1994,121731.71
21,3,12,1994,785105.53
21,3,15,1994,1072094.3
21,3,20,1994,776.66
21,3,21,1994,154925.69
21,3,23,1994,109374.98
21,3,24,1994,39928.0
21,3,25,1994,4563.09
21,3,29,1994,6752.85
21,3,30,1994,126.54
21,3,31,1994,5.63
21,3,32,1994,7984.5
21,3,33,1994,144758.87
21,3,39,1994,41623.99
21,3,41,1994,4891.49
21,3,48,1994,0.0
21,3,50,1994,234246.66
21,3,62,1994,0.0
21,3,91,1994,0.0
22,2,3,1994,1059829.62
22,2,4,1994,9359489.1
22,2,5,1994,5069.44
22,2,9,1994,2.75
22,2,11,1994,0.0
22,2,12,1994,19207.94
22,2,15,1994,1149620.44
22,2,21,1994,173741.32
22,2,23,1994,15367.91
22,2,24,1994,20942.09
22,2,25,1994,16636.04
22,2,29,1994,14262.75
22,2,31,1994,350.7
22,2,32,1994,2058.89
22,2,33,1994,28330.26
22,2,39,1994,3.7
22,2,41,1994,3154.1
22,2,48,1994,940.35
22,2,50,1994,4374.19
22,2,62,1994,0.0
22,2,75,1994,0.0
22,2,91,1994,0.0
22,3,3,1994,2448579.14
22,3,4,1994,9862700.38
22,3,5,1994,3.04
22,3,9,1994,6.59
22,3,11,1994,79742.72
22,3,12,1994,304543.54
22,3,15,1994,320434.64
22,3,20,1994,2902.94
22,3,21,1994,34302.55
22,3,23,1994,0.0
22,3,24,1994,30713.02
22,3,25,1994,46752.11
22,3,29,1994,76098.68
22,3,30,1994,255.9
22,3,31,1994,0.0
22,3,33,1994,68782.72
22,3,39,1994,19912.62
22,3,41,1994,5888.27
22,3,48,1994,0.0
22,3,62,1994,0.0
22,3,75,1994,0.0
23,2,3,1994,886488.57
23,2,4,1994,11199932.45
23,2,5,1994,16277.12
23,2,9,1994,1.52
23,2,12,1994,126.48
23,2,15,1994,1810257.47
23,2,21,1994,522780.22
23,2,23,1994,63103.58
23,2,24,1994,84336.22
23,2,25,1994,21398.6
23,2,29,1994,1923.48
23,2,30,1994,511.92
23,2,31,1994,1500.54
23,2,32,1994,5642.81
23,2,33,1994,183663.23
23,2,39,1994,0.0
23,2,41,1994,19885.18
23,2,48,1994,63583.8
23,2,50,1994,5451.41
23,2,75,1994,0.0
23,2,91,1994,0.0
24,2,3,1994,52811.57
24,2,4,1994,2823325.67
24,2,5,1994,4889.47
24,2,11,1994,0.09
24,2,12,1994,10570.8
24,2,13,1994,7372.12
24,2,15,1994,1496822.02
24,2,20,1994,2586.1
24,2,21,1994,446430.39
24,2,23,1994,35193.58
24,2,24,1994,27139.4
24,2,25,1994,5486.89
24,2,29,1994,4637.72
24,2,30,1994,0.0
24,2,31,1994,24791.85
24,2,32,1994,4955.77
24,2,33,1994,80640.7
24,2,41,1994,37575.57
24,2,48,1994,7589.63
24,2,49,1994,0.18
24,2,50,1994,1832.03
24,2,75,1994,0.0
24,2,91,1994,0.0
24,4,3,1994,32650.75
24,4,4,1994,1104.81
24,4,5,1994,7356.34
24,4,9,1994,13.71
24,4,11,1994,6440.81
24,4,12,1994,0.0
24,4,15,1994,6031.51
24,4,20,1994,25736.18
24,4,21,1994,73655.77
24,4,23,1994,8678.76
24,4,24,1994,11900.31
24,4,25,1994,9.51
24,4,31,1994,238.11
24,4,32,1994,687.2
24,4,33,1994,9148.43
24,4,41,1994,3955.61
24,4,48,1994,68.57
24,4,49,1994,776.57
24,4,50,1994,16357.8
24,4,91,1994,0.0
25,2,3,1994,55628.51
25,2,4,1994,3319778.93
25,2,11,1994,0.09
25,2,12,1994,883.28
25,2,13,1994,1395.82
25,2,15,1994,1660039.22
25,2,20,1994,11918.29
25,2,21,1994,109438.74
25,2,24,1994,19269.14
25,2,25,1994,8280.97
25,2,29,1994,4319.99
25,2,30,1994,8.53
25,2,31,1994,0.0
25,2,33,1994,44910.86
25,2,41,1994,1.95
25,2,48,1994,0.0
25,2,75,1994,0.0
25,2,91,1994,0.0
25,4,3,1994,66227.68
25,4,4,1994,16092.41
25,4,5,1994,11348.7
25,4,9,1994,28.4
25,4,11,1994,14059.37
25,4,15,1994,86641.85
25,4,20,1994,85534.93
25,4,21,1994,97377.78
25,4,23,1994,559.79
25,4,24,1994,12451.41
25,4,25,1994,6.12
25,4,30,1994,110.19
25,4,31,1994,167.0
25,4,32,1994,379.6
25,4,33,1994,5466.09
25,4,41,1994,13753.37
25,4,48,1994,0.0
25,4,50,1994,287.83
25,4,75,1994,0.0
25,4,91,1994,0.0
26,2,3,1994,50432.26
26,2,4,1994,5750379.12
26,2,12,1994,18971.44
26,2,13,1994,87318.38
26,2,15,1994,2051503.29
26,2,20,1994,678.33
26,2,21,1994,116551.07
26,2,24,1994,35412.88
26,2,25,1994,18821.75
26,2,29,1994,1122.34
26,2,30,1994,210.08
26,2,31,1994,24.14
26,2,33,1994,100894.74
26,2,41,1994,6533.0
26,2,48,1994,20005.34
26,2,75,1994,0.0
26,2,91,1994,0.0
26,4,3,1994,191817.21
26,4,4,1994,196063.76
26,4,5,1994,13345.28
26,4,9,1994,7.53
26,4,11,1994,3517.61
26,4,15,1994,610534.74
26,4,20,1994,374051.99
26,4,21,1994,105335.63
26,4,23,1994,203.63
26,4,24,1994,30852.7
26,4,25,1994,138.47
26,4,30,1994,374.02
26,4,31,1994,160.28
26,4,32,1994,1163.98
26,4,33,1994,17531.33
26,4,41,1994,0.0
26,4,50,1994,1.95
26,4,75,1994,0.0
26,4,91,1994,0.0
27,2,3,1994,7388.75
27,2,4,1994,373844.26
27,2,9,1994,0.0
27,2,11,1994,0.0
27,2,12,1994,168.94
27,2,13,1994,0.0
27,2,15,1994,913624.6
27,2,20,1994,541.21
27,2,21,1994,6003.41
27,2,24,1994,4561.85
27,2,25,1994,461.01
27,2,29,1994,16.34
27,2,30,1994,0.0
27,2,31,1994,2.12
27,2,33,1994,14222.81
27,2,41,1994,2.47
27,2,48,1994,236.89
27,4,3,1994,179995.5
27,4,4,1994,70369.76
27,4,5,1994,3840.61
27,4,9,1994,0.0
27,4,11,1994,14205.13
27,4,12,1994,3.96
27,4,15,1994,644385.51
27,4,20,1994,456741.39
27,4,21,1994,31137.13
27,4,23,1994,4295.34
27,4,24,1994,12958.76
27,4,25,1994,56.05
27,4,29,1994,27.11
27,4,31,1994,6.87
27,4,32,1994,103.3
27,4,33,1994,28153.26
27,4,41,1994,0.0
27,4,49,1994,2796.84
27,4,50,1994,11987.07
28,2,3,1994,25792.83
28,2,4,1994,372306.77
28,2,9,1994,0.0
28,2,12,1994,581.15
28,2,15,1994,800990.59
28,2,20,1994,17.32
28,2,21,1994,145.33
28,2,24,1994,2646.18
28,2,25,1994,1116.21
28,2,30,1994,42.89
28,2,31,1994,0.0
28,2,33,1994,10064.67
28,2,41,1994,21.26
28,4,3,1994,91309.66
28,4,4,1994,2828.57
28,4,5,1994,19703.55
28,4,9,1994,460.9
28,4,11,1994,17723.71
28,4,12,1994,23047.36
28,4,15,1994,676453.94
28,4,20,1994,8819.79
28,4,21,1994,31143.13
28,4,23,1994,9182.89
28,4,24,1994,12826.69
28,4,25,1994,241.89
28,4,29,1994,35.29
28,4,30,1994,305.21
28,4,31,1994,119.92
28,4,32,1994,3016.53
28,4,33,1994,33322.34
28,4,41,1994,52.31
28,4,49,1994,652.54
28,4,50,1994,47472.27
28,4,91,1994,0.0
29,2,3,1994,1189054.76
29,2,4,1994,21390642.48
29,2,9,1994,1924.18
29,2,11,1994,0.0
29,2,12,1994,194655.85
29,2,13,1994,346955.1
29,2,15,1994,9601821.49
29,2,20,1994,13847.74
29,2,21,1994,1572424.99
29,2,23,1994,51954.63
29,2,24,1994,73966.77
29,2,25,1994,59022.08
29,2,29,1994,86627.74
29,2,30,1994,3173.61
29,2,31,1994,3.71
29,2,33,1994,511109.59
29,2,39,1994,0.0
29,2,41,1994,17190.87
29,2,46,1994,3153.32
29,2,48,1994,18184.81
29,2,62,1994,0.0
29,2,75,1994,0.0
29,2,91,1994,0.0
29,3,3,1994,343100.28
29,3,4,1994,7785907.2
29,3,9,1994,8664.22
29,3,11,1994,139110.1
29,3,12,1994,713913.83
29,3,15,1994,327145.74
29,3,21,1994,267415.06
29,3,24,1994,7024.19
29,3,25,1994,3511.53
29,3,29,1994,9453.29
29,3,31,1994,0.0
29,3,33,1994,13761.17
29,3,39,1994,226683.14
29,3,41,1994,474156.46
29,3,46,1994,22479.78
29,3,48,1994,1353.85
29,3,62,1994,0.0
29,3,75,1994,0.0
29,3,91,1994,0.0
29,4,3,1994,3458527.21
29,4,4,1994,837463.58
29,4,5,1994,68335.48
29,4,9,1994,216976.36
29,4,11,1994,108165.46
29,4,12,1994,33659.8
29,4,15,1994,5281588.14
29,4,20,1994,3047.52
29,4,21,1994,548403.64
29,4,23,1994,9056.38
29,4,24,1994,74756.23
29,4,25,1994,3984.3
29,4,29,1994,5839.35
29,4,30,1994,809.74
29,4,31,1994,844.67
29,4,32,1994,7003.66
29,4,33,1994,209849.13
29,4,41,1994,412.47
29,4,46,1994,9159.37
29,4,48,1994,96.79
29,4,49,1994,16806.22
29,4,50,1994,97625.55
31,2,3,1994,89662.23
31,2,4,1994,1698193.85
31,2,9,1994,180.58
31,2,11,1994,0.0
31,2,12,1994,218.56
31,2,15,1994,1380944.74
31,2,20,1994,77.2
31,2,21,1994,34427.44
31,2,24,1994,6742.23
31,2,25,1994,3770.69
31,2,29,1994,3322.79
31,2,30,1994,123.66
31,2,33,1994,29512.4
31,2,39,1994,0.0
31,2,41,1994,11649.43
31,2,46,1994,866.59
31,2,48,1994,1267.89
31,2,62,1994,0.0
31,2,75,1994,0.0
31,3,0,1994,59.87
31,3,3,1994,4572595.69
31,3,4,1994,9846814.52
31,3,9,1994,762174.99
31,3,11,1994,517857.85
31,3,12,1994,1547842.02
31,3,15,1994,11664877.22
31,3,20,1994,76931.15
31,3,21,1994,496019.97
31,3,24,1994,95013.8
31,3,25,1994,29719.59
31,3,29,1994,668760.29
31,3,30,1994,8317.52
31,3,31,1994,2.79
31,3,33,1994,467802.34
31,3,39,1994,188761.14
31,3,41,1994,779956.13
31,3,46,1994,58884.88
31,3,47,1994,13117.71
31,3,48,1994,1732.34
31,3,62,1994,0.0
31,3,75,1994,0.0
31,4,3,1994,5736510.02
31,4,4,1994,2305287.62
31,4,9,1994,199008.33
31,4,11,1994,9352.96
31,4,12,1994,1052748.97
31,4,15,1994,12751984.7
31,4,20,1994,16119.1
31,4,21,1994,566156.61
31,4,23,1994,11.87
31,4,24,1994,154209.18
31,4,25,1994,7847.26
31,4,29,1994,39586.57
31,4,30,1994,31489.8
31,4,31,1994,0.0
31,4,33,1994,296868.55
31,4,39,1994,0.0
31,4,41,1994,165345.15
31,4,46,1994,259066.16
31,4,47,1994,1327.63
31,4,48,1994,257.2
32,4,3,1994,1052707.54
32,4,4,1994,4490.78
32,4,5,1994,6860.07
32,4,9,1994,143832.36
32,4,11,1994,107658.74
32,4,12,1994,72906.56
32,4,15,1994,2818962.36
32,4,20,1994,670.42
32,4,21,1994,111000.71
32,4,23,1994,4608.42
32,4,24,1994,44245.56
32,4,25,1994,1703.28
32,4,29,1994,28663.41
32,4,31,1994,4.15
32,4,32,1994,579.69
32,4,33,1994,51063.15
32,4,41,1994,20773.15
32,4,46,1994,88774.5
32,4,48,1994,331.03
32,4,49,1994,17719.37
32,4,50,1994,28388.61
33,4,3,1994,1238931.97
33,4,4,1994,683.97
33,4,5,1994,8804.11
33,4,9,1994,918.28
33,4,11,1994,105949.96
33,4,12,1994,106739.68
33,4,15,1994,2143289.23
33,4,20,1994,39.05
33,4,21,1994,264859.16
33,4,23,1994,23575.65
33,4,24,1994,149003.24
33,4,25,1994,3549.51
33,4,29,1994,5311.77
33,4,30,1994,611.03
33,4,31,1994,4370.66
33,4,32,1994,1383.46
33,4,33,1994,105644.99
33,4,39,1994,0.0
33,4,41,1994,133454.43
33,4,46,1994,0.17
33,4,48,1994,0.0
33,4,49,1994,24706.06
33,4,50,1994,50230.51
33,4,91,1994,0.0
35,3,3,1994,993425.66
35,3,4,1994,31164.66
35,3,9,1994,306925.9
35,3,11,1994,140592.74
35,3,12,1994,6522.08
35,3,15,1994,2226856.64
35,3,20,1994,1404445.14
35,3,21,1994,485412.22
35,3,24,1994,70213.85
35,3,25,1994,27094.61
35,3,30,1994,452.34
35,3,31,1994,0.0
35,3,33,1994,132643.58
35,3,39,1994,348897.85
35,3,41,1994,245964.07
35,3,46,1994,8723.89
35,3,47,1994,82719.92
35,3,48,1994,5835.82
35,3,62,1994,0.0
35,4,3,1994,3612808.06
35,4,4,1994,9.38
35,4,5,1994,17453.42
35,4,9,1994,174136.74
35,4,11,1994,186009.54
35,4,12,1994,106167.23
35,4,15,1994,8960089.17
35,4,20,1994,1298588.89
35,4,21,1994,1773479.9
35,4,23,1994,1715.05
35,4,24,1994,419667.07
35,4,25,1994,9764.25
35,4,29,1994,156.49
35,4,30,1994,3842.99
35,4,31,1994,131.86
35,4,32,1994,586.38
35,4,33,1994,525215.58
35,4,39,1994,252322.85
35,4,40,1994,0.0
35,4,41,1994,594202.22
35,4,46,1994,28953.72
35,4,47,1994,89215.9
35,4,48,1994,7517.99
35,4,49,1994,233649.28
35,4,50,1994,5187.73
35,4,62,1994,0.0
35,4,75,1994,0.0
41,3,3,1994,75564.35
41,3,4,1994,4.5
41,3,9,1994,45021.87
41,3,11,1994,1011.58
41,3,12,1994,77318.65
41,3,15,1994,32794.54
41,3,21,1994,864.14
41,3,24,1994,1496.57
41,3,25,1994,83.35
41,3,29,1994,4194.2
41,3,33,1994,702.09
41,3,39,1994,60954.16
41,3,41,1994,12399.33
41,3,46,1994,0.0
41,3,47,1994,0.0
41,3,48,1994,0.0
41,4,3,1994,4769835.85
41,4,5,1994,21375.05
41,4,9,1994,647817.49
41,4,11,1994,177353.89
41,4,12,1994,46033.87
41,4,15,1994,6175563.51
41,4,20,1994,91869.56
41,4,21,1994,1276221.32
41,4,23,1994,472.46
41,4,24,1994,190757.14
41,4,25,1994,2735.24
41,4,29,1994,83.99
41,4,30,1994,2254.51
41,4,31,1994,73.28
41,4,32,1994,373.6
41,4,33,1994,403268.37
41,4,39,1994,3246625.93
41,4,40,1994,95.78
41,4,41,1994,2377081.11
41,4,46,1994,50019.46
41,4,47,1994,251.7
41,4,48,1994,300.66
41,4,49,1994,129678.5
41,4,50,1994,4432.69
41,4,62,1994,0.0
42,4,3,1994,4077391.62
42,4,5,1994,7137.55
42,4,9,1994,427193.07
42,4,11,1994,14359.7
42,4,12,1994,891237.97
42,4,15,1994,1552639.47
42,4,21,1994,750247.46
42,4,23,1994,7152.5
42,4,24,1994,121882.43
42,4,25,1994,1678.03
42,4,29,1994,0.0
42,4,30,1994,1203.91
42,4,31,1994,12.93
42,4,32,1994,661.15
42,4,33,1994,128862.4
42,4,39,1994,71687.92
42,4,40,1994,64340.15
42,4,41,1994,1292244.09
42,4,48,1994,714.38
42,4,49,1994,101329.81
42,4,50,1994,17854.52
42,4,84,1994,21.42
42,4,91,1994,0.0
43,4,3,1994,2814316.2
43,4,9,1994,145369.47
43,4,11,1994,1891.84
43,4,12,1994,1520600.71
43,4,15,1994,911629.54
43,4,21,1994,645425.69
43,4,23,1994,607.41
43,4,24,1994,76995.49
43,4,25,1994,1612.53
43,4,29,1994,7.24
43,4,30,1994,0.0
43,4,31,1994,0.0
43,4,33,1994,101320.24
43,4,39,1994,997257.18
43,4,40,1994,7695.43
43,4,41,1994,1533522.74
43,4,48,1994,3280.08
43,4,49,1994,2311.07
43,4,50,1994,5229.57
43,4,84,1994,5.63
43,4,91,1994,0.0
43,5,3,1994,2087978.62
43,5,9,1994,267627.93
43,5,11,1994,348847.93
43,5,12,1994,8520956.44
43,5,15,1994,308.43
43,5,21,1994,1285315.91
43,5,23,1994,171743.17
43,5,24,1994,100295.72
43,5,25,1994,48869.95
43,5,29,1994,23829.98
43,5,30,1994,2389.42
43,5,31,1994,42.56
43,5,33,1994,1837137.42
43,5,39,1994,1858402.83
43,5,40,1994,148926.28
43,5,41,1994,2547067.07
43,5,48,1994,17.48
43,5,49,1994,17166.02
43,5,50,1994,119294.64
43,5,84,1994,7298.33
43,5,91,1994,0.0
50,3,3,1994,4969465.79
50,3,4,1994,1771632.27
50,3,7,1994,1.35
50,3,9,1994,163725.45
50,3,11,1994,687552.17
50,3,12,1994,139478.37
50,3,15,1994,12747363.42
50,3,20,1994,13395.45
50,3,21,1994,266914.74
50,3,24,1994,42027.34
50,3,25,1994,5329.51
50,3,29,1994,4052.96
50,3,30,1994,355.43
50,3,31,1994,0.0
50,3,33,1994,96424.02
50,3,39,1994,961946.55
50,3,40,1994,1016.5
50,3,41,1994,354006.46
50,3,47,1994,92.18
50,3,62,1994,0.0
50,4,3,1994,411575.71
50,4,4,1994,4.24
50,4,9,1994,945.75
50,4,11,1994,381500.78
50,4,12,1994,13.79
50,4,15,1994,2287815.66
50,4,20,1994,4788.63
50,4,21,1994,86117.7
50,4,24,1994,11897.6
50,4,25,1994,1590.92
50,4,31,1994,0.0
50,4,33,1994,138382.83
50,4,39,1994,256832.56
50,4,40,1994,0.0
50,4,41,1994,160926.35
50,4,47,1994,5.16
50,4,48,1994,1.24
50,6,0,1994,3.74
50,6,3,1994,1691962.7
50,6,4,1994,2219424.62
50,6,7,1994,178080.22
50,6,9,1994,0.09
50,6,11,1994,1159549.53
50,6,12,1994,3380571.46
50,6,13,1994,0.0
50,6,15,1994,415422.89
50,6,21,1994,5091.19
50,6,24,1994,2690.59
50,6,25,1994,137.19
50,6,29,1994,3207.91
50,6,30,1994,212.99
50,6,33,1994,680205.54
50,6,39,1994,43.38
50,6,40,1994,5254.78
50,6,41,1994,634.23
51,1,0,1994,870.16
51,1,3,1994,37019868.62
51,1,4,1994,1157451.56
51,1,6,1994,3715503.18
51,1,7,1994,0.0
51,1,9,1994,1355.85
51,1,11,1994,965868.12
51,1,12,1994,638603.56
51,1,15,1994,5767966.77
51,1,20,1994,2786.5
51,1,21,1994,884704.91
51,1,24,1994,29216.71
51,1,25,1994,43448.76
51,1,29,1994,191236.46
51,1,30,1994,47106.97
51,1,31,1994,6.24
51,1,33,1994,388079.99
51,1,39,1994,47848.34
51,1,41,1994,289459.44
51,1,62,1994,0.0
51,3,0,1994,764.61
51,3,3,1994,7161203.84
51,3,4,1994,13812101.82
51,3,6,1994,156.22
51,3,7,1994,0.26
51,3,9,1994,1702.25
51,3,11,1994,2598620.18
51,3,12,1994,1583294.84
51,3,15,1994,4975181.52
51,3,20,1994,78.6
51,3,21,1994,286465.56
51,3,24,1994,47859.9
51,3,25,1994,15660.43
51,3,29,1994,93094.16
51,3,30,1994,13135.11
51,3,31,1994,0.0
51,3,33,1994,196628.38
51,3,39,1994,1884174.73
51,3,41,1994,1103432.96
51,3,62,1994,0.0
51,6,0,1994,738.07
51,6,3,1994,790638.36
51,6,4,1994,1581961.56
51,6,7,1994,236632.7
51,6,9,1994,7.92
51,6,11,1994,717203.12
51,6,12,1994,1200955.0
51,6,15,1994,208446.42
51,6,20,1994,0.0
51,6,21,1994,28760.68
51,6,24,1994,2217.78
51,6,25,1994,182.22
51,6,29,1994,0.09
51,6,30,1994,35.16
51,6,31,1994,0.26
51,6,33,1994,583395.63
51,6,39,1994,98.21
51,6,41,1994,193.81
52,3,3,1994,6276696.67
52,3,4,1994,8074230.84
52,3,9,1994,27087.7
52,3,11,1994,585117.96
52,3,12,1994,636383.78
52,3,15,1994,14356666.06
52,3,20,1994,18885.81
52,3,21,1994,533848.68
52,3,24,1994,127064.4
52,3,25,1994,8297.13
52,3,29,1994,151441.05
52,3,30,1994,2382.65
52,3,31,1994,17.44
52,3,33,1994,210861.92
52,3,39,1994,1679008.32
52,3,40,1994,0.0
52,3,41,1994,781718.94
52,3,46,1994,599.56
52,3,47,1994,17.67
52,3,48,1994,19.58
52,3,62,1994,0.0
52,3,75,1994,0.0
52,4,3,1994,84857.49
52,4,4,1994,10.81
52,4,9,1994,34.24
52,4,11,1994,21.38
52,4,12,1994,0.0
52,4,15,1994,341876.72
52,4,20,1994,783.92
52,4,21,1994,13932.35
52,4,24,1994,427.92
52,4,25,1994,164.69
52,4,31,1994,0.0
52,4,33,1994,77293.36
52,4,39,1994,9766.01
52,4,41,1994,24769.22
53,3,3,1994,68783.44
53,3,4,1994,230941.11
53,3,9,1994,228.16
53,3,11,1994,2414.04
53,3,12,1994,29211.71
53,3,15,1994,110688.24
53,3,21,1994,2743.69
53,3,24,1994,47702.46
53,3,25,1994,1864.81
53,3,30,1994,305.49
53,3,31,1994,0.0
53,3,33,1994,7071.77
53,3,39,1994,69772.8
53,3,41,1994,4094.04
53,3,46,1994,130.82
53,3,48,1994,138.48
53,3,62,1994,0.0
11,1,0,1995,1.57
11,1,3,1995,17328285.93
11,1,4,1995,498011.03
11,1,6,1995,796003.3
11,1,9,1995,0.0
11,1,11,1995,628728.91
11,1,12,1995,277085.98
11,1,15,1995,3218847.99
11,1,21,1995,292619.2
11,1,24,1995,35507.07
11,1,25,1995,71210.37
11,1,29,1995,54283.81
11,1,30,1995,12048.24
11,1,31,1995,0.0
11,1,33,1995,284439.53
11,1,39,1995,34.66
11,1,41,1995,2625.22
11,1,75,1995,0.0
11,3,0,1995,29.44
11,3,3,1995,158349.98
11,3,4,1995,71159.58
11,3,9,1995,0.0
11,3,11,1995,700.36
11,3,12,1995,5867.14
11,3,15,1995,6930.13
11,3,21,1995,899.73
11,3,24,1995,3165.26
11,3,25,1995,1766.48
11,3,29,1995,0.0
11,3,33,1995,90.33
11,3,39,1995,5624.31
11,3,41,1995,8969.42
12,1,3,1995,15393411.93
12,1,4,1995,2684.08
12,1,6,1995,77655.36
12,1,11,1995,2028.98
12,1,12,1995,2043.46
12,1,15,1995,779752.21
12,1,21,1995,16429.11
12,1,24,1995,21526.79
12,1,25,1995,24877.41
12,1,31,1995,2.2
12,1,33,1995,62594.89
12,1,39,1995,0.0
12,1,41,1995,0.0
13,1,3,1995,124988105.39
13,1,4,1995,227071.38
13,1,6,1995,22466494.24
13,1,11,1995,1463368.18
13,1,12,1995,612378.96
13,1,15,1995,345614.32
13,1,20,1995,0.0
13,1,21,1995,105542.71
13,1,24,1995,49439.91
13,1,25,1995,27617.77
13,1,29,1995,2176.33
13,1,30,1995,10860.39
13,1,31,1995,6.88
13,1,33,1995,5529296.28
13,1,35,1995,83.29
13,1,39,1995,0.0
13,1,41,1995,458.25
14,1,3,1995,14467022.84
14,1,4,1995,267501.3
14,1,6,1995,2586662.08
14,1,9,1995,0.0
14,1,11,1995,1102995.57
14,1,12,1995,2932420.6
14,1,15,1995,221830.28
14,1,21,1995,38168.78
14,1,24,1995,15156.64
14,1,25,1995,6950.07
14,1,29,1995,81907.64
14,1,30,1995,1888.53
14,1,31,1995,0.0
14,1,33,1995,591804.13
14,1,35,1995,171.24
14,1,39,1995,0.0
14,1,41,1995,2097.76
15,1,0,1995,17.68
15,1,3,1995,98461901.19
15,1,4,1995,1296100.45
15,1,5,1995,231928.34
15,1,6,1995,7287976.56
15,1,9,1995,30200.77
15,1,11,1995,2444405.79
15,1,12,1995,1021403.02
15,1,15,1995,7127778.28
15,1,20,1995,0.0
15,1,21,1995,929542.22
15,1,23,1995,2752.88
15,1,24,1995,105468.08
15,1,25,1995,70145.85
15,1,29,1995,227421.8
15,1,30,1995,69692.2
15,1,31,1995,45.66
15,1,32,1995,3442.8
15,1,33,1995,4307441.34
15,1,35,1995,51882.0
15,1,39,1995,0.0
15,1,40,1995,0.0
15,1,41,1995,1002.01
15,3,0,1995,155.67
15,3,3,1995,238867.38
15,3,4,1995,275711.41
15,3,6,1995,122.95
15,3,9,1995,1.33
15,3,11,1995,58908.92
15,3,12,1995,146576.08
15,3,15,1995,121611.84
15,3,21,1995,1128.43
15,3,24,1995,1533.99
15,3,25,1995,30.37
15,3,29,1995,1.95
15,3,30,1995,21.07
15,3,31,1995,0.0
15,3,33,1995,26293.81
15,3,39,1995,0.0
15,3,41,1995,37.0
16,1,3,1995,9963577.94
16,1,4,1995,3391.2
16,1,5,1995,92687.11
16,1,6,1995,1595050.28
16,1,9,1995,61139.11
16,1,11,1995,1960784.66
16,1,12,1995,28707.96
16,1,15,1995,1868.22
16,1,21,1995,31314.23
16,1,24,1995,12088.15
16,1,25,1995,2321.26
16,1,30,1995,432.14
16,1,31,1995,1.25
16,1,33,1995,438383.21
16,1,39,1995,0.0
16,1,41,1995,14.03
17,1,0,1995,1.86
17,1,3,1995,587567.71
17,1,4,1995,19765.46
17,1,6,1995,211282.66
17,1,9,1995,1.06
17,1,11,1995,26199.62
17,1,12,1995,62948.68
17,1,15,1995,1374350.17
17,1,21,1995,101386.54
17,1,24,1995,1808.5
17,1,25,1995,2628.47
17,1,29,1995,28824.41
17,1,30,1995,0.0
17,1,31,1995,0.0
17,1,33,1995,44639.59
17,1,39,1995,0.0
17,1,40,1995,0.0
17,1,41,1995,153.01
17,3,0,1995,34.94
17,3,3,1995,5926981.86
17,3,4,1995,11723148.19
17,3,6,1995,16.84
17,3,9,1995,1315.26
17,3,11,1995,2179701.92
17,3,12,1995,1603274.15
17,3,15,1995,3338123.18
17,3,20,1995,275.07
17,3,21,1995,160410.73
17,3,23,1995,321.88
17,3,24,1995,39687.38
17,3,25,1995,3254.39
17,3,29,1995,41024.49
17,3,30,1995,151.82
17,3,31,1995,0.0
17,3,33,1995,220988.3
17,3,39,1995,17527.76
17,3,40,1995,12380.25
17,3,41,1995,12177.45
17,3,62,1995,0.0
17,3,75,1995,0.0
21,1,0,1995,1.78
21,1,3,1995,6419246.77
21,1,4,1995,152903.87
21,1,5,1995,412916.09
21,1,6,1995,502163.52
21,1,9,1995,1048.54
21,1,11,1995,446576.05
21,1,12,1995,74582.98
21,1,15,1995,2628439.95
21,1,21,1995,224225.03
21,1,23,1995,5956.87
21,1,24,1995,33467.77
21,1,25,1995,12555.43
21,1,29,1995,91.93
21,1,30,1995,5087.01
21,1,31,1995,0.0
21,1,32,1995,32874.63
21,1,33,1995,285493.57
21,1,39,1995,0.0
21,1,41,1995,2090.25
21,1,50,1995,0.71
21,3,0,1995,79.87
21,3,3,1995,11694908.04
21,3,4,1995,7076264.4
21,3,5,1995,63344.7
21,3,6,1995,63.69
21,3,9,1995,633.61
21,3,11,1995,122664.14
21,3,12,1995,781380.49
21,3,15,1995,1191553.72
21,3,20,1995,802.19
21,3,21,1995,168856.73
21,3,23,1995,109529.23
21,3,24,1995,40957.33
21,3,25,1995,4924.59
21,3,29,1995,6750.01
21,3,30,1995,136.35
21,3,31,1995,5.98
21,3,32,1995,8251.85
21,3,33,1995,143692.98
21,3,39,1995,50028.05
21,3,41,1995,7141.24
21,3,48,1995,0.0
21,3,50,1995,234134.73
21,3,62,1995,0.0
21,3,91,1995,0.0
22,2,3,1995,1059971.12
22,2,4,1995,9374402.42
22,2,5,1995,5057.03
22,2,9,1995,0.0
22,2,11,1995,0.0
22,2,12,1995,19058.7
22,2,15,1995,1134775.97
22,2,21,1995,173220.05
22,2,23,1995,15715.0
22,2,24,1995,21388.15
22,2,25,1995,16992.64
22,2,29,1995,14274.11
22,2,31,1995,372.66
22,2,32,1995,1955.41
22,2,33,1995,27488.26
22,2,39,1995,5.28
22,2,41,1995,3377.88
22,2,48,1995,880.58
22,2,50,1995,4446.34
22,2,62,1995,0.0
22,2,75,1995,0.0
22,2,91,1995,0.0
22,3,3,1995,2450755.89
22,3,4,1995,9830431.19
22,3,5,1995,3.48
22,3,9,1995,1.25
22,3,11,1995,77172.11
22,3,12,1995,301316.69
22,3,15,1995,339638.03
22,3,20,1995,2891.27
22,3,21,1995,44968.69
22,3,23,1995,0.09
22,3,24,1995,31273.99
22,3,25,1995,44381.47
22,3,29,1995,76103.72
22,3,30,1995,253.77
22,3,31,1995,0.0
22,3,33,1995,68999.04
22,3,39,1995,21288.1
22,3,41,1995,12140.09
22,3,48,1995,0.0
22,3,62,1995,0.0
22,3,75,1995,0.0
23,2,3,1995,874782.54
23,2,4,1995,11061603.56
23,2,5,1995,16734.8
23,2,9,1995,1.52
23,2,12,1995,344.77
23,2,15,1995,1820429.35
23,2,21,1995,633243.8
23,2,23,1995,64475.46
23,2,24,1995,88842.21
23,2,25,1995,22075.42
23,2,29,1995,1930.15
23,2,30,1995,557.76
23,2,31,1995,1488.58
23,2,32,1995,5641.8
23,2,33,1995,191848.11
23,2,39,1995,0.0
23,2,41,1995,21112.76
23,2,48,1995,76754.61
23,2,50,1995,4997.39
23,2,75,1995,0.0
23,2,91,1995,0.0
24,2,3,1995,49145.11
24,2,4,1995,2825259.22
24,2,5,1995,5013.57
24,2,11,1995,0.09
24,2,12,1995,12252.35
24,2,13,1995,6840.5
24,2,15,1995,1431323.61
24,2,20,1995,2697.24
24,2,21,1995,480579.78
24,2,23,1995,34315.0
24,2,24,1995,28613.05
24,2,25,1995,5424.22
24,2,29,1995,4632.03
24,2,30,1995,0.0
24,2,31,1995,25181.26
24,2,32,1995,4959.78
24,2,33,1995,83819.77
24,2,41,1995,62322.12
24,2,48,1995,10404.4
24,2,49,1995,0.18
24,2,50,1995,1868.28
24,2,75,1995,0.0
24,2,91,1995,0.0
24,4,3,1995,33101.7
24,4,4,1995,1135.65
24,4,5,1995,7639.33
24,4,9,1995,13.44
24,4,11,1995,7427.9
24,4,12,1995,0.0
24,4,15,1995,5449.53
24,4,20,1995,26166.87
24,4,21,1995,74918.72
24,4,23,1995,8634.17
24,4,24,1995,12388.93
24,4,25,1995,9.96
24,4,31,1995,250.02
24,4,32,1995,557.76
24,4,33,1995,6807.66
24,4,41,1995,2923.63
24,4,48,1995,72.31
24,4,49,1995,803.43
24,4,50,1995,16509.73
24,4,91,1995,0.0
25,2,3,1995,55944.24
25,2,4,1995,3292903.78
25,2,11,1995,0.0
25,2,12,1995,1368.38
25,2,13,1995,1398.58
25,2,15,1995,1684109.89
25,2,20,1995,12086.96
25,2,21,1995,108254.9
25,2,24,1995,19882.74
25,2,25,1995,8427.41
25,2,29,1995,4307.84
25,2,30,1995,8.53
25,2,31,1995,0.0
25,2,33,1995,47174.68
25,2,41,1995,1.78
25,2,48,1995,4.62
25,2,75,1995,0.0
25,2,91,1995,0.0
25,4,3,1995,64767.51
25,4,4,1995,15832.03
25,4,5,1995,11394.48
25,4,9,1995,62.31
25,4,11,1995,13575.34
25,4,15,1995,94368.75
25,4,20,1995,87008.7
25,4,21,1995,91947.61
25,4,23,1995,589.96
25,4,24,1995,12980.86
25,4,25,1995,35.31
25,4,30,1995,110.81
25,4,31,1995,171.88
25,4,32,1995,339.75
25,4,33,1995,5420.24
25,4,41,1995,11642.36
25,4,48,1995,0.0
25,4,50,1995,244.6
25,4,75,1995,0.0
25,4,91,1995,0.0
26,2,3,1995,50482.18
26,2,4,1995,5742573.84
26,2,12,1995,19543.79
26,2,13,1995,88147.71
26,2,15,1995,2043456.32
26,2,20,1995,684.97
26,2,21,1995,126329.05
26,2,24,1995,36447.42
26,2,25,1995,19145.66
26,2,29,1995,1125.44
26,2,30,1995,205.29
26,2,31,1995,22.19
26,2,33,1995,101007.33
26,2,41,1995,7181.11
26,2,48,1995,22505.88
26,2,75,1995,0.0
26,2,91,1995,0.0
26,4,3,1995,192204.87
26,4,4,1995,192947.19
26,4,5,1995,13659.43
26,4,9,1995,13.03
26,4,11,1995,3417.69
26,4,15,1995,623183.94
26,4,20,1995,376500.87
26,4,21,1995,92292.18
26,4,23,1995,204.25
26,4,24,1995,31796.55
26,4,25,1995,124.21
26,4,30,1995,366.14
26,4,31,1995,164.18
26,4,32,1995,1152.5
26,4,33,1995,17071.15
26,4,41,1995,0.0
26,4,50,1995,1.95
26,4,75,1995,0.0
26,4,91,1995,0.0
27,2,3,1995,7241.76
27,2,4,1995,374407.06
27,2,9,1995,0.0
27,2,11,1995,0.0
27,2,12,1995,170.97
27,2,13,1995,0.0
27,2,15,1995,915049.02
27,2,20,1995,542.97
27,2,21,1995,4283.6
27,2,24,1995,4915.01
27,2,25,1995,507.0
27,2,29,1995,16.34
27,2,30,1995,0.0
27,2,31,1995,2.12
27,2,33,1995,13686.14
27,2,41,1995,2.91
27,2,48,1995,249.77
27,4,3,1995,179147.41
27,4,4,1995,71158.26
27,4,5,1995,3939.7
27,4,9,1995,0.0
27,4,11,1995,14215.59
27,4,12,1995,8.45
27,4,15,1995,644286.72
27,4,20,1995,458786.06
27,4,21,1995,30013.79
27,4,23,1995,4224.46
27,4,24,1995,13459.33
27,4,25,1995,68.19
27,4,29,1995,27.9
27,4,31,1995,6.25
27,4,32,1995,103.05
27,4,33,1995,27195.68
27,4,41,1995,0.0
27,4,49,1995,2677.98
27,4,50,1995,11744.75
28,2,3,1995,25566.87
28,2,4,1995,365766.41
28,2,9,1995,0.0
28,2,12,1995,648.76
28,2,15,1995,807612.91
28,2,20,1995,17.32
28,2,21,1995,88.91
28,2,24,1995,2766.34
28,2,25,1995,1000.67
28,2,30,1995,38.76
28,2,31,1995,0.0
28,2,33,1995,10197.77
28,2,41,1995,20.47
28,4,3,1995,89524.59
28,4,4,1995,2817.42
28,4,5,1995,19554.83
28,4,9,1995,465.11
28,4,11,1995,17797.23
28,4,12,1995,21796.22
28,4,15,1995,682444.67
28,4,20,1995,8918.19
28,4,21,1995,29174.08
28,4,23,1995,9094.86
28,4,24,1995,13267.59
28,4,25,1995,232.14
28,4,29,1995,27.72
28,4,30,1995,307.57
28,4,31,1995,154.65
28,4,32,1995,3111.5
28,4,33,1995,32663.46
28,4,41,1995,23.08
28,4,49,1995,660.81
28,4,50,1995,46682.75
28,4,91,1995,0.0
29,2,3,1995,1190060.04
29,2,4,1995,21297127.95
29,2,9,1995,2730.15
29,2,11,1995,0.0
29,2,12,1995,192190.13
29,2,13,1995,350586.29
29,2,15,1995,9724193.29
29,2,20,1995,14627.62
29,2,21,1995,1595102.54
29,2,23,1995,58593.62
29,2,24,1995,76200.78
29,2,25,1995,60750.98
29,2,29,1995,85477.14
29,2,30,1995,3262.33
29,2,31,1995,2.21
29,2,33,1995,444080.75
29,2,39,1995,0.0
29,2,41,1995,19539.79
29,2,46,1995,2837.52
29,2,48,1995,18350.59
29,2,62,1995,0.0
29,2,75,1995,0.0
29,2,91,1995,0.0
29,3,3,1995,334639.15
29,3,4,1995,7784167.39
29,3,9,1995,13718.2
29,3,11,1995,141566.48
29,3,12,1995,679955.6
29,3,15,1995,326589.28
29,3,21,1995,267853.18
29,3,24,1995,7358.16
29,3,25,1995,3653.6
29,3,29,1995,9455.74
29,3,31,1995,0.0
29,3,33,1995,12731.49
29,3,39,1995,253926.99
29,3,41,1995,487318.91
29,3,46,1995,19631.53
29,3,48,1995,1114.13
29,3,62,1995,0.0
29,3,75,1995,0.0
29,3,91,1995,0.0
29,4,3,1995,3418441.64
29,4,4,1995,820573.87
29,4,5,1995,68213.39
29,4,9,1995,220531.65
29,4,11,1995,111030.39
29,4,12,1995,34986.43
29,4,15,1995,5347771.43
29,4,20,1995,2932.28
29,4,21,1995,529681.94
29,4,23,1995,9194.58
29,4,24,1995,76844.17
29,4,25,1995,3869.96
29,4,29,1995,5887.95
29,4,30,1995,812.76
29,4,31,1995,861.68
29,4,32,1995,7108.75
29,4,33,1995,209377.74
29,4,41,1995,512.49
29,4,46,1995,9178.89
29,4,48,1995,97.48
29,4,49,1995,17084.37
29,4,50,1995,97417.21
31,2,3,1995,90536.29
31,2,4,1995,1686346.14
31,2,9,1995,186.38
31,2,11,1995,0.0
31,2,12,1995,158.68
31,2,15,1995,1401418.16
31,2,20,1995,77.11
31,2,21,1995,24636.08
31,2,24,1995,7042.35
31,2,25,1995,3869.79
31,2,29,1995,3289.21
31,2,30,1995,123.15
31,2,33,1995,28242.01
31,2,39,1995,0.0
31,2,41,1995,12682.18
31,2,46,1995,722.39
31,2,48,1995,1630.36
31,2,62,1995,0.0
31,2,75,1995,0.0
31,3,0,1995,59.7
31,3,3,1995,4496999.29
31,3,4,1995,9728175.47
31,3,9,1995,778620.42
31,3,11,1995,513574.91
31,3,12,1995,1540123.8
31,3,15,1995,11774864.89
31,3,20,1995,79729.86
31,3,21,1995,524190.74
31,3,24,1995,98181.3
31,3,25,1995,32468.35
31,3,29,1995,668858.33
31,3,30,1995,8590.65
31,3,31,1995,3.98
31,3,33,1995,468020.7
31,3,39,1995,199036.63
31,3,41,1995,803008.39
31,3,46,1995,65041.37
31,3,47,1995,15749.49
31,3,48,1995,1943.53
31,3,62,1995,0.0
31,3,75,1995,0.0
31,4,3,1995,5730326.59
31,4,4,1995,2302421.96
31,4,9,1995,198487.94
31,4,11,1995,9218.2
31,4,12,1995,1049272.98
31,4,15,1995,12726829.25
31,4,20,1995,16577.26
31,4,21,1995,585101.04
31,4,23,1995,10.96
31,4,24,1995,159349.04
31,4,25,1995,7802.49
31,4,29,1995,39660.53
31,4,30,1995,31858.94
31,4,31,1995,0.0
31,4,33,1995,291575.83
31,4,39,1995,34.43
31,4,41,1995,168816.19
31,4,46,1995,274133.21
31,4,47,1995,1442.12
31,4,48,1995,258.73
32,4,3,1995,1045752.73
32,4,4,1995,4407.54
32,4,5,1995,6948.03
32,4,9,1995,143692.42
32,4,11,1995,109027.64
32,4,12,1995,75043.18
32,4,15,1995,2819987.15
32,4,20,1995,657.61
32,4,21,1995,112640.07
32,4,23,1995,5114.15
32,4,24,1995,45720.37
32,4,25,1995,1530.0
32,4,29,1995,28782.57
32,4,31,1995,8.04
32,4,32,1995,582.36
32,4,33,1995,48752.1
32,4,41,1995,20509.43
32,4,46,1995,90768.22
32,4,48,1995,327.58
32,4,49,1995,17767.44
32,4,50,1995,27925.23
33,4,3,1995,1240531.15
33,4,4,1995,695.29
33,4,5,1995,9048.58
33,4,9,1995,1018.99
33,4,11,1995,104389.02
33,4,12,1995,112010.6
33,4,15,1995,2127626.3
33,4,20,1995,17.9
33,4,21,1995,267623.55
33,4,23,1995,25090.21
33,4,24,1995,152815.77
33,4,25,1995,3407.86
33,4,29,1995,5354.92
33,4,30,1995,618.64
33,4,31,1995,4237.18
33,4,32,1995,1388.1
33,4,33,1995,105021.87
33,4,39,1995,0.0
33,4,41,1995,138262.57
33,4,46,1995,0.25
33,4,48,1995,0.99
33,4,49,1995,24426.12
33,4,50,1995,48471.0
33,4,91,1995,0.0
35,3,3,1995,978334.47
35,3,4,1995,29523.73
35,3,9,1995,310660.36
35,3,11,1995,137218.12
35,3,12,1995,6336.96
35,3,15,1995,2174984.42
35,3,20,1995,1466747.61
35,3,21,1995,513209.81
35,3,24,1995,72858.37
35,3,25,1995,24263.02
35,3,30,1995,468.73
35,3,31,1995,0.0
35,3,33,1995,132197.92
35,3,39,1995,370607.4
35,3,41,1995,194460.28
35,3,46,1995,9753.56
35,3,47,1995,90520.03
35,3,48,1995,5746.18
35,3,62,1995,0.0
35,4,3,1995,3606930.29
35,4,4,1995,8.14
35,4,5,1995,17596.11
35,4,9,1995,183869.29
35,4,11,1995,185784.16
35,4,12,1995,105518.87
35,4,15,1995,8866373.68
35,4,20,1995,1359761.05
35,4,21,1995,1820673.98
35,4,23,1995,1771.04
35,4,24,1995,430211.8
35,4,25,1995,9138.12
35,4,29,1995,147.75
35,4,30,1995,4022.6
35,4,31,1995,158.96
35,4,32,1995,550.69
35,4,33,1995,527001.03
35,4,39,1995,258922.71
35,4,40,1995,0.0
35,4,41,1995,552340.96
35,4,46,1995,30434.16
35,4,47,1995,94530.57
35,4,48,1995,7256.59
35,4,49,1995,232709.09
35,4,50,1995,5160.03
35,4,62,1995,0.0
35,4,75,1995,0.0
41,3,3,1995,74709.09
41,3,4,1995,36.91
41,3,9,1995,47004.36
41,3,11,1995,1026.2
41,3,12,1995,75434.48
41,3,15,1995,30449.53
41,3,21,1995,879.79
41,3,24,1995,1534.58
41,3,25,1995,97.08
41,3,29,1995,4196.56
41,3,33,1995,715.19
41,3,39,1995,68709.33
41,3,41,1995,7616.21
41,3,46,1995,0.0
41,3,47,1995,0.0
41,3,48,1995,0.0
41,4,3,1995,4759061.36
41,4,5,1995,21368.06
41,4,9,1995,666260.53
41,4,11,1995,170666.97
41,4,12,1995,45199.84
41,4,15,1995,6071607.37
41,4,20,1995,110328.63
41,4,21,1995,1263864.63
41,4,23,1995,509.28
41,4,24,1995,195332.88
41,4,25,1995,2375.51
41,4,29,1995,87.57
41,4,30,1995,2300.23
41,4,31,1995,71.71
41,4,32,1995,338.42
41,4,33,1995,400234.4
41,4,39,1995,3397509.52
41,4,40,1995,148.86
41,4,41,1995,2326050.13
41,4,46,1995,47004.65
41,4,47,1995,266.25
41,4,48,1995,293.58
41,4,49,1995,129265.31
41,4,50,1995,4429.25
41,4,62,1995,0.0
42,4,3,1995,4061051.03
42,4,5,1995,7573.5
42,4,9,1995,431213.38
42,4,11,1995,14057.59
42,4,12,1995,884664.56
42,4,15,1995,1542090.85
42,4,21,1995,764312.37
42,4,23,1995,7109.55
42,4,24,1995,125390.27
42,4,25,1995,1637.84
42,4,29,1995,0.0
42,4,30,1995,1228.37
42,4,31,1995,12.37
42,4,32,1995,599.25
42,4,33,1995,125203.66
42,4,39,1995,62815.38
42,4,40,1995,59297.97
42,4,41,1995,1323122.53
42,4,48,1995,838.96
42,4,49,1995,99824.38
42,4,50,1995,17787.26
42,4,84,1995,21.42
42,4,91,1995,0.0
43,4,3,1995,2802639.98
43,4,9,1995,148242.76
43,4,11,1995,1795.52
43,4,12,1995,1509702.09
43,4,15,1995,914164.17
43,4,21,1995,685112.02
43,4,23,1995,587.99
43,4,24,1995,79238.24
43,4,25,1995,1636.49
43,4,29,1995,7.4
43,4,30,1995,0.96
43,4,31,1995,0.0
43,4,33,1995,101287.26
43,4,39,1995,1061538.81
43,4,40,1995,12659.55
43,4,41,1995,1439250.38
43,4,48,1995,3870.69
43,4,49,1995,2073.3
43,4,50,1995,5264.82
43,4,84,1995,5.63
43,4,91,1995,0.0
43,5,3,1995,2090985.33
43,5,9,1995,274119.97
43,5,11,1995,347865.73
43,5,12,1995,8460050.52
43,5,15,1995,303.47
43,5,21,1995,1260642.31
43,5,23,1995,169940.43
43,5,24,1995,102160.15
43,5,25,1995,48522.29
43,5,29,1995,23823.83
43,5,30,1995,2445.9
43,5,31,1995,40.89
43,5,33,1995,1836973.73
43,5,39,1995,1783672.83
43,5,40,1995,175153.53
43,5,41,1995,2673943.84
43,5,48,1995,19.09
43,5,49,1995,17461.4
43,5,50,1995,118219.15
43,5,84,1995,7171.75
43,5,91,1995,0.0
50,3,3,1995,4825096.59
50,3,4,1995,1625897.03
50,3,7,1995,0.42
50,3,9,1995,160938.53
50,3,11,1995,682382.12
50,3,12,1995,135861.51
50,3,15,1995,13035102.67
50,3,20,1995,12587.06
50,3,21,1995,270271.57
50,3,24,1995,42799.35
50,3,25,1995,5246.22
50,3,29,1995,4048.56
50,3,30,1995,325.21
50,3,31,1995,0.0
50,3,33,1995,95056.84
50,3,39,1995,933722.5
50,3,40,1995,1128.82
50,3,41,1995,394222.69
50,3,47,1995,92.26
50,3,62,1995,0.0
50,4,3,1995,405906.01
50,4,4,1995,3.99
50,4,9,1995,938.03
50,4,11,1995,376459.89
50,4,12,1995,14.2
50,4,15,1995,2287887.12
50,4,20,1995,6681.86
50,4,21,1995,97008.87
50,4,24,1995,12082.35
50,4,25,1995,1488.2
50,4,31,1995,0.0
50,4,33,1995,139900.4
50,4,39,1995,211221.68
50,4,40,1995,0.0
50,4,41,1995,202799.74
50,4,47,1995,5.33
50,4,48,1995,1.24
50,6,0,1995,6.97
50,6,3,1995,1673389.94
50,6,4,1995,1857737.0
50,6,7,1995,461999.11
50,6,9,1995,0.09
50,6,11,1995,1875929.01
50,6,12,1995,1749300.68
50,6,13,1995,0.09
50,6,15,1995,461193.71
50,6,21,1995,6715.86
50,6,24,1995,2717.34
50,6,25,1995,140.07
50,6,29,1995,3207.91
50,6,30,1995,233.45
50,6,33,1995,1643808.36
50,6,39,1995,110.85
50,6,40,1995,5388.34
50,6,41,1995,614.28
51,1,0,1995,814.95
51,1,3,1995,36284549.46
51,1,4,1995,1112882.89
51,1,6,1995,3609895.04
51,1,7,1995,0.0
51,1,9,1995,2952.7
51,1,11,1995,944326.35
51,1,12,1995,635428.54
51,1,15,1995,6482040.55
51,1,20,1995,4478.54
51,1,21,1995,1013704.34
51,1,24,1995,30550.05
51,1,25,1995,46332.68
51,1,29,1995,191003.16
51,1,30,1995,47882.36
51,1,31,1995,4.83
51,1,33,1995,411632.47
51,1,39,1995,51285.0
51,1,41,1995,321618.26
51,1,62,1995,0.0
51,3,0,1995,710.6
51,3,3,1995,7080857.81
51,3,4,1995,13379485.45
51,3,6,1995,154.22
51,3,7,1995,0.69
51,3,9,1995,2411.95
51,3,11,1995,2582367.91
51,3,12,1995,1570569.92
51,3,15,1995,5312436.74
51,3,20,1995,70.5
51,3,21,1995,334645.56
51,3,24,1995,48864.23
51,3,25,1995,21042.22
51,3,29,1995,93106.73
51,3,30,1995,13348.84
51,3,31,1995,0.0
51,3,33,1995,196495.29
51,3,39,1995,1987996.24
51,3,41,1995,1148990.46
51,3,62,1995,0.0
51,6,0,1995,686.91
51,6,3,1995,783523.59
51,6,4,1995,1444932.06
51,6,7,1995,342937.51
51,6,9,1995,7.92
51,6,11,1995,899968.03
51,6,12,1995,779684.19
51,6,15,1995,229462.86
51,6,20,1995,0.0
51,6,21,1995,32704.86
51,6,24,1995,2307.81
51,6,25,1995,194.18
51,6,29,1995,0.09
51,6,30,1995,34.9
51,6,31,1995,0.0
51,6,33,1995,834684.6
51,6,39,1995,166.82
51,6,41,1995,170.66
52,3,3,1995,6172030.13
52,3,4,1995,7838484.68
52,3,9,1995,28282.41
52,3,11,1995,578492.95
52,3,12,1995,631468.36
52,3,15,1995,14597594.87
52,3,20,1995,26573.19
52,3,21,1995,528643.92
52,3,24,1995,133799.45
52,3,25,1995,8786.43
52,3,29,1995,151456.65
52,3,30,1995,2454.26
52,3,31,1995,16.58
52,3,33,1995,205932.99
52,3,39,1995,1735695.32
52,3,40,1995,0.0
52,3,41,1995,829924.91
52,3,46,1995,673.89
52,3,47,1995,22.56
52,3,48,1995,12.58
52,3,62,1995,0.0
52,3,75,1995,0.0
52,4,3,1995,82719.17
52,4,4,1995,10.56
52,4,9,1995,33.56
52,4,11,1995,21.63
52,4,12,1995,0.0
52,4,15,1995,341796.2
52,4,20,1995,1063.74
52,4,21,1995,14412.15
52,4,24,1995,456.15
52,4,25,1995,194.46
52,4,31,1995,0.0
52,4,33,1995,75628.53
52,4,39,1995,8723.42
52,4,41,1995,28878.52
53,3,3,1995,69431.33
53,3,4,1995,228467.29
53,3,9,1995,189.74
53,3,11,1995,2654.72
53,3,12,1995,29420.48
53,3,15,1995,109494.17
53,3,21,1995,2270.95
53,3,24,1995,49712.95
53,3,25,1995,2048.84
53,3,30,1995,316.52
53,3,31,1995,0.0
53,3,33,1995,7009.9
53,3,39,1995,69429.61
53,3,41,1995,5376.61
53,3,46,1995,129.8
53,3,48,1995,138.14
53,3,62,1995,0.0
11,1,0,1996,1.14
11,1,3,1996,16970411.98
11,1,4,1996,494852.62
11,1,6,1996,790147.7
11,1,9,1996,0.0
11,1,11,1996,605306.05
11,1,12,1996,275302.23
11,1,15,1996,3589721.0
11,1,21,1996,286562.67
11,1,24,1996,36332.11
11,1,25,1996,74661.17
11,1,29,1996,54308.64
11,1,30,1996,12137.37
11,1,31,1996,1.15
11,1,33,1996,307467.54
11,1,39,1996,36.14
11,1,41,1996,2483.32
11,1,75,1996,0.0
11,3,0,1996,28.65
11,3,3,1996,156973.67
11,3,4,1996,71750.55
11,3,9,1996,0.0
11,3,11,1996,937.28
11,3,12,1996,5374.42
11,3,15,1996,7002.07
11,3,21,1996,826.96
11,3,24,1996,3258.01
11,3,25,1996,3044.48
11,3,29,1996,0.0
11,3,33,1996,87.1
11,3,39,1996,809.85
11,3,41,1996,13459.1
12,1,3,1996,15331626.63
12,1,4,1996,2685.66
12,1,6,1996,76062.08
12,1,11,1996,1907.75
12,1,12,1996,1938.41
12,1,15,1996,843995.61
12,1,21,1996,16607.5
12,1,24,1996,21832.97
12,1,25,1996,24353.6
12,1,31,1996,2.11
12,1,33,1996,61994.1
12,1,39,1996,0.0
12,1,41,1996,0.0
13,1,3,1996,124950278.26
13,1,4,1996,227005.16
13,1,6,1996,22451059.01
13,1,11,1996,1365375.82
13,1,12,1996,611296.08
13,1,15,1996,387907.68
13,1,20,1996,0.0
13,1,21,1996,111709.03
13,1,24,1996,50269.7
13,1,25,1996,28504.23
13,1,29,1996,2176.33
13,1,30,1996,11268.16
13,1,31,1996,6.88
13,1,33,1996,5631130.97
13,1,35,1996,79.63
13,1,39,1996,0.0
13,1,41,1996,447.34
14,1,3,1996,14444687.06
14,1,4,1996,267169.48
14,1,6,1996,2577472.57
14,1,9,1996,0.0
14,1,11,1996,1059962.76
14,1,12,1996,2930468.94
14,1,15,1996,247605.12
14,1,21,1996,36699.77
14,1,24,1996,15613.34
14,1,25,1996,7017.59
14,1,29,1996,81905.32
14,1,30,1996,1926.93
14,1,31,1996,2.86
14,1,33,1996,643919.0
14,1,35,1996,130.04
14,1,39,1996,0.0
14,1,41,1996,1996.68
15,1,0,1996,16.17
15,1,3,1996,97822635.23
15,1,4,1996,1294179.0
15,1,5,1996,232253.43
15,1,6,1996,7239880.25
15,1,9,1996,35020.94
15,1,11,1996,2357700.86
15,1,12,1996,1017518.64
15,1,15,1996,7769286.49
15,1,20,1996,0.0
15,1,21,1996,953606.08
15,1,23,1996,2698.62
15,1,24,1996,108648.79
15,1,25,1996,74143.04
15,1,29,1996,227558.97
15,1,30,1996,72528.6
15,1,31,1996,61.4
15,1,32,1996,3378.62
15,1,33,1996,4408991.56
15,1,35,1996,49346.88
15,1,39,1996,0.0
15,1,40,1996,0.0
15,1,41,1996,1095.34
15,3,0,1996,148.86
15,3,3,1996,233759.91
15,3,4,1996,273651.97
15,3,6,1996,119.41
15,3,9,1996,1.33
15,3,11,1996,59640.32
15,3,12,1996,146000.47
15,3,15,1996,128776.29
15,3,21,1996,1004.45
15,3,24,1996,1549.41
15,3,25,1996,27.18
15,3,29,1996,2.04
15,3,30,1996,23.02
15,3,31,1996,0.0
15,3,33,1996,26295.59
15,3,39,1996,0.0
15,3,41,1996,1.95
16,1,3,1996,9964213.3
16,1,4,1996,3389.5
16,1,5,1996,92855.94
16,1,6,1996,1590780.17
16,1,9,1996,72443.08
16,1,11,1996,1900328.29
16,1,12,1996,28244.98
16,1,15,1996,2736.62
16,1,21,1996,29426.52
16,1,24,1996,12291.49
16,1,25,1996,2689.62
16,1,30,1996,480.4
16,1,31,1996,0.0
16,1,33,1996,491866.34
16,1,39,1996,0.0
16,1,41,1996,14.48
17,1,0,1996,2.04
17,1,3,1996,550754.99
17,1,4,1996,19533.21
17,1,6,1996,195391.41
17,1,9,1996,0.0
17,1,11,1996,25618.67
17,1,12,1996,62692.04
17,1,15,1996,1411435.37
17,1,21,1996,118011.8
17,1,24,1996,1862.74
17,1,25,1996,2608.33
17,1,29,1996,28858.17
17,1,30,1996,0.0
17,1,31,1996,0.0
17,1,33,1996,44690.12
17,1,39,1996,0.0
17,1,40,1996,0.0
17,1,41,1996,98.84
17,3,0,1996,37.17
17,3,3,1996,5909638.55
17,3,4,1996,11601946.87
17,3,6,1996,14.09
17,3,9,1996,1329.97
17,3,11,1996,2174074.24
17,3,12,1996,1593962.83
17,3,15,1996,3492358.15
17,3,20,1996,192.79
17,3,21,1996,155225.84
17,3,23,1996,327.68
17,3,24,1996,40907.96
17,3,25,1996,3535.09
17,3,29,1996,41021.53
17,3,30,1996,155.49
17,3,31,1996,0.0
17,3,33,1996,221114.24
17,3,39,1996,20001.47
17,3,40,1996,10313.57
17,3,41,1996,14638.3
17,3,62,1996,0.0
17,3,75,1996,0.0
21,1,0,1996,1.78
21,1,3,1996,6308455.02
21,1,4,1996,149950.17
21,1,5,1996,413481.42
21,1,6,1996,496111.3
21,1,9,1996,1583.93
21,1,11,1996,432811.14
21,1,12,1996,72425.26
21,1,15,1996,2751009.02
21,1,21,1996,218561.14
21,1,23,1996,6165.79
21,1,24,1996,36115.0
21,1,25,1996,12644.64
21,1,29,1996,91.66
21,1,30,1996,5151.56
21,1,31,1996,0.0
21,1,32,1996,32127.85
21,1,33,1996,301658.97
21,1,39,1996,0.0
21,1,41,1996,1376.56
21,1,50,1996,0.54
21,3,0,1996,85.4
21,3,3,1996,11592849.89
21,3,4,1996,7038707.8
21,3,5,1996,64131.84
21,3,6,1996,62.89
21,3,9,1996,670.69
21,3,11,1996,122921.99
21,3,12,1996,780818.65
21,3,15,1996,1273422.83
21,3,20,1996,815.92
21,3,21,1996,180496.56
21,3,23,1996,113358.05
21,3,24,1996,42140.5
21,3,25,1996,5091.22
21,3,29,1996,6751.25
21,3,30,1996,151.76
21,3,31,1996,8.22
21,3,32,1996,8024.46
21,3,33,1996,139495.01
21,3,39,1996,85269.39
21,3,41,1996,17141.11
21,3,48,1996,0.0
21,3,50,1996,233688.46
21,3,62,1996,0.0
21,3,91,1996,0.0
22,2,3,1996,1059952.34
22,2,4,1996,9387292.58
22,2,5,1996,5113.81
22,2,9,1996,0.0
22,2,11,1996,0.0
22,2,12,1996,19679.76
22,2,15,1996,1126972.44
22,2,21,1996,164614.93
22,2,23,1996,15739.34
22,2,24,1996,21835.27
22,2,25,1996,17152.53
22,2,29,1996,14283.14
22,2,31,1996,349.0
22,2,32,1996,1754.09
22,2,33,1996,27461.73
22,2,39,1996,7.76
22,2,41,1996,5918.03
22,2,48,1996,759.12
22,2,50,1996,4495.72
22,2,62,1996,0.0
22,2,75,1996,0.0
22,2,91,1996,0.0
22,3,3,1996,2441757.79
22,3,4,1996,9820097.13
22,3,5,1996,4.02
22,3,9,1996,0.09
22,3,11,1996,76660.03
22,3,12,1996,299197.39
22,3,15,1996,348863.92
22,3,20,1996,2893.14
22,3,21,1996,48081.83
22,3,23,1996,0.09
22,3,24,1996,31933.53
22,3,25,1996,42864.03
22,3,29,1996,76093.38
22,3,30,1996,262.41
22,3,31,1996,0.0
22,3,33,1996,68727.53
22,3,39,1996,30399.04
22,3,41,1996,13783.5
22,3,48,1996,0.0
22,3,62,1996,0.0
22,3,75,1996,0.0
23,2,3,1996,874013.12
23,2,4,1996,11036181.38
23,2,5,1996,17121.72
23,2,9,1996,1.52
23,2,12,1996,462.7
23,2,15,1996,1844344.43
23,2,21,1996,608211.93
23,2,23,1996,67072.71
23,2,24,1996,91585.12
23,2,25,1996,21500.46
23,2,29,1996,1917.33
23,2,30,1996,574.94
23,2,31,1996,1472.44
23,2,32,1996,5501.99
23,2,33,1996,200954.46
23,2,39,1996,0.0
23,2,41,1996,19575.5
23,2,48,1996,91764.39
23,2,50,1996,4608.47
23,2,75,1996,0.0
23,2,91,1996,0.0
24,2,3,1996,48061.23
24,2,4,1996,2793519.12
24,2,5,1996,5042.42
24,2,11,1996,0.09
24,2,12,1996,13088.15
24,2,13,1996,6478.21
24,2,15,1996,1434204.47
24,2,20,1996,2708.61
24,2,21,1996,490412.04
24,2,23,1996,35864.06
24,2,24,1996,29861.51
24,2,25,1996,5374.61
24,2,29,1996,4655.86
24,2,30,1996,0.0
24,2,31,1996,24786.23
24,2,32,1996,4992.63
24,2,33,1996,85847.13
24,2,41,1996,75694.5
24,2,48,1996,12274.64
24,2,49,1996,0.27
24,2,50,1996,1785.8
24,2,75,1996,0.0
24,2,91,1996,0.0
24,4,3,1996,32968.42
24,4,4,1996,1140.45
24,4,5,1996,7641.2
24,4,9,1996,13.44
24,4,11,1996,7304.0
24,4,12,1996,0.0
24,4,15,1996,5763.97
24,4,20,1996,26516.67
24,4,21,1996,73551.4
24,4,23,1996,10269.66
24,4,24,1996,12594.6
24,4,25,1996,9.96
24,4,31,1996,250.02
24,4,32,1996,557.76
24,4,33,1996,6709.65
24,4,41,1996,2883.89
24,4,48,1996,72.75
24,4,49,1996,802.72
24,4,50,1996,15760.16
24,4,91,1996,0.0
25,2,3,1996,54776.65
25,2,4,1996,3268372.12
25,2,11,1996,0.0
25,2,12,1996,1863.77
25,2,13,1996,1603.35
25,2,15,1996,1713076.99
25,2,20,1996,12660.12
25,2,21,1996,102737.94
25,2,24,1996,20487.57
25,2,25,1996,8801.95
25,2,29,1996,4303.66
25,2,30,1996,8.53
25,2,31,1996,0.0
25,2,33,1996,47172.16
25,2,41,1996,1.86
25,2,48,1996,7.64
25,2,75,1996,0.0
25,2,91,1996,0.0
25,4,3,1996,63519.59
25,4,4,1996,15738.24
25,4,5,1996,11439.64
25,4,9,1996,272.22
25,4,11,1996,12910.16
25,4,15,1996,99114.87
25,4,20,1996,89251.79
25,4,21,1996,84436.13
25,4,23,1996,596.18
25,4,24,1996,13284.05
25,4,25,1996,41.7
25,4,30,1996,108.68
25,4,31,1996,207.01
25,4,32,1996,359.01
25,4,33,1996,5468.18
25,4,41,1996,13535.62
25,4,48,1996,0.0
25,4,50,1996,209.44
25,4,75,1996,0.0
25,4,91,1996,0.0
26,2,3,1996,50128.96
26,2,4,1996,5706548.95
26,2,12,1996,17206.08
26,2,13,1996,89793.55
26,2,15,1996,2079059.0
26,2,20,1996,695.49
26,2,21,1996,124431.71
26,2,24,1996,37541.33
26,2,25,1996,19228.23
26,2,29,1996,1126.68
26,2,30,1996,211.13
26,2,31,1996,23.34
26,2,33,1996,100755.86
26,2,41,1996,7354.84
26,2,48,1996,24753.02
26,2,75,1996,0.0
26,2,91,1996,0.0
26,4,3,1996,191484.73
26,4,4,1996,185432.36
26,4,5,1996,13891.39
26,4,9,1996,31.46
26,4,11,1996,3094.75
26,4,15,1996,632872.66
26,4,20,1996,381467.46
26,4,21,1996,84663.63
26,4,23,1996,199.04
26,4,24,1996,32446.24
26,4,25,1996,140.7
26,4,30,1996,363.83
26,4,31,1996,227.39
26,4,32,1996,1215.85
26,4,33,1996,17566.85
26,4,41,1996,0.0
26,4,50,1996,1.77
26,4,75,1996,0.0
26,4,91,1996,0.0
27,2,3,1996,7026.93
27,2,4,1996,377336.33
27,2,9,1996,0.0
27,2,11,1996,0.0
27,2,12,1996,124.17
27,2,13,1996,0.0
27,2,15,1996,912802.1
27,2,20,1996,542.18
27,2,21,1996,3520.82
27,2,24,1996,5114.62
27,2,25,1996,481.01
27,2,29,1996,16.34
27,2,30,1996,0.0
27,2,31,1996,2.12
27,2,33,1996,13874.79
27,2,41,1996,4.58
27,2,48,1996,228.68
27,4,3,1996,177782.64
27,4,4,1996,69947.28
27,4,5,1996,3985.25
27,4,9,1996,0.0
27,4,11,1996,13498.09
27,4,12,1996,9.15
27,4,15,1996,646316.48
27,4,20,1996,461472.16
27,4,21,1996,27650.32
27,4,23,1996,4091.78
27,4,24,1996,13870.11
27,4,25,1996,90.76
27,4,29,1996,25.09
27,4,31,1996,0.0
27,4,32,1996,106.23
27,4,33,1996,28199.08
27,4,41,1996,0.0
27,4,49,1996,2519.07
27,4,50,1996,11500.07
28,2,3,1996,25068.87
28,2,4,1996,361989.75
28,2,9,1996,0.0
28,2,12,1996,678.96
28,2,15,1996,812047.15
28,2,20,1996,17.32
28,2,21,1996,51.82
28,2,24,1996,2857.65
28,2,25,1996,925.32
28,2,30,1996,37.88
28,2,31,1996,0.0
28,2,33,1996,10032.2
28,2,41,1996,18.27
28,4,3,1996,90995.2
28,4,4,1996,2840.76
28,4,5,1996,19765.57
28,4,9,1996,453.55
28,4,11,1996,17363.68
28,4,12,1996,21041.87
28,4,15,1996,683625.07
28,4,20,1996,9019.33
28,4,21,1996,27877.85
28,4,23,1996,8841.12
28,4,24,1996,13569.85
28,4,25,1996,226.34
28,4,29,1996,31.41
28,4,30,1996,305.99
28,4,31,1996,165.62
28,4,32,1996,3140.66
28,4,33,1996,33028.69
28,4,41,1996,19.48
28,4,49,1996,645.86
28,4,50,1996,45760.57
28,4,91,1996,0.0
29,2,3,1996,1184574.12
29,2,4,1996,21219363.43
29,2,9,1996,2924.28
29,2,11,1996,0.0
29,2,12,1996,194687.47
29,2,13,1996,352747.46
29,2,15,1996,9821417.97
29,2,20,1996,14984.49
29,2,21,1996,1590706.62
29,2,23,1996,58600.6
29,2,24,1996,77922.19
29,2,25,1996,60223.97
29,2,29,1996,85349.57
29,2,30,1996,3270.85
29,2,31,1996,3.09
29,2,33,1996,425428.24
29,2,39,1996,0.0
29,2,41,1996,21763.59
29,2,46,1996,2640.25
29,2,48,1996,19105.53
29,2,62,1996,0.0
29,2,75,1996,0.0
29,2,91,1996,0.0
29,3,3,1996,330109.59
29,3,4,1996,7767222.24
29,3,9,1996,14509.16
29,3,11,1996,140793.3
29,3,12,1996,641224.45
29,3,15,1996,333576.13
29,3,21,1996,252417.76
29,3,24,1996,7747.76
29,3,25,1996,4582.8
29,3,29,1996,9456.26
29,3,31,1996,0.0
29,3,33,1996,12307.4
29,3,39,1996,263675.76
29,3,41,1996,548327.87
29,3,46,1996,16740.79
29,3,48,1996,988.56
29,3,62,1996,0.0
29,3,75,1996,0.0
29,3,91,1996,0.0
29,4,3,1996,3374973.39
29,4,4,1996,803130.33
29,4,5,1996,67936.39
29,4,9,1996,230839.98
29,4,11,1996,111993.48
29,4,12,1996,35117.71
29,4,15,1996,5426989.81
29,4,20,1996,2606.86
29,4,21,1996,497468.52
29,4,23,1996,9177.27
29,4,24,1996,78748.83
29,4,25,1996,4238.25
29,4,29,1996,5898.64
29,4,30,1996,831.54
29,4,31,1996,962.13
29,4,32,1996,7216.81
29,4,33,1996,209904.98
29,4,41,1996,524.25
29,4,46,1996,9373.05
29,4,48,1996,98.09
29,4,49,1996,17235.59
29,4,50,1996,97145.14
31,2,3,1996,91123.15
31,2,4,1996,1682862.29
31,2,9,1996,186.62
31,2,11,1996,0.0
31,2,12,1996,142.65
31,2,15,1996,1409326.56
31,2,20,1996,77.29
31,2,21,1996,18768.41
31,2,24,1996,7247.78
31,2,25,1996,3942.34
31,2,29,1996,3269.98
31,2,30,1996,116.87
31,2,33,1996,27847.01
31,2,39,1996,0.0
31,2,41,1996,13067.91
31,2,46,1996,797.18
31,2,48,1996,2184.23
31,2,62,1996,0.0
31,2,75,1996,0.0
31,3,0,1996,58.69
31,3,3,1996,4446802.19
31,3,4,1996,9660489.77
31,3,9,1996,774316.66
31,3,11,1996,504571.78
31,3,12,1996,1534781.89
31,3,15,1996,11824062.3
31,3,20,1996,90049.05
31,3,21,1996,538557.92
31,3,24,1996,101109.58
31,3,25,1996,34317.25
31,3,29,1996,668920.8
31,3,30,1996,8851.67
31,3,31,1996,1.1
31,3,33,1996,460868.35
31,3,39,1996,206604.54
31,3,41,1996,852414.58
31,3,46,1996,70677.42
31,3,47,1996,17750.5
31,3,48,1996,2035.76
31,3,62,1996,0.0
31,3,75,1996,0.0
31,4,3,1996,5716974.85
31,4,4,1996,2305383.17
31,4,9,1996,186627.14
31,4,11,1996,8993.11
31,4,12,1996,1049117.49
31,4,15,1996,12726600.69
31,4,20,1996,17696.63
31,4,21,1996,602408.73
31,4,23,1996,9.71
31,4,24,1996,163446.79
31,4,25,1996,7979.12
31,4,29,1996,39700.94
31,4,30,1996,31877.61
31,4,31,1996,0.0
31,4,33,1996,283762.97
31,4,39,1996,51.04
31,4,41,1996,164854.43
31,4,46,1996,286018.8
31,4,47,1996,1500.55
31,4,48,1996,173.9
32,4,3,1996,1042132.79
32,4,4,1996,4505.02
32,4,5,1996,6998.15
32,4,9,1996,142878.72
32,4,11,1996,111352.55
32,4,12,1996,77637.82
32,4,15,1996,2819542.85
32,4,20,1996,593.0
32,4,21,1996,108592.81
32,4,23,1996,5383.6
32,4,24,1996,47053.42
32,4,25,1996,1472.33
32,4,29,1996,28815.92
32,4,31,1996,8.8
32,4,32,1996,602.32
32,4,33,1996,49004.04
32,4,41,1996,20528.89
32,4,46,1996,92771.76
32,4,48,1996,330.36
32,4,49,1996,17776.48
32,4,50,1996,27962.25
33,4,3,1996,1240487.88
33,4,4,1996,705.6
33,4,5,1996,9111.38
33,4,9,1996,973.56
33,4,11,1996,99567.55
33,4,12,1996,113327.5
33,4,15,1996,2118760.6
33,4,20,1996,6.41
33,4,21,1996,273082.61
33,4,23,1996,24389.04
33,4,24,1996,156213.23
33,4,25,1996,3483.74
33,4,29,1996,5362.34
33,4,30,1996,630.31
33,4,31,1996,4127.27
33,4,32,1996,1447.71
33,4,33,1996,104749.23
33,4,39,1996,0.0
33,4,41,1996,142497.34
33,4,46,1996,0.25
33,4,48,1996,0.99
33,4,49,1996,24441.25
33,4,50,1996,48691.06
33,4,91,1996,0.0
35,3,3,1996,968694.31
35,3,4,1996,27777.92
35,3,9,1996,314465.66
35,3,11,1996,132939.44
35,3,12,1996,5905.28
35,3,15,1996,2112222.7
35,3,20,1996,1570939.86
35,3,21,1996,498905.58
35,3,24,1996,75340.6
35,3,25,1996,21723.54
35,3,30,1996,470.59
35,3,31,1996,0.0
35,3,33,1996,131219.25
35,3,39,1996,354735.32
35,3,41,1996,186482.71
35,3,46,1996,10438.64
35,3,47,1996,99791.97
35,3,48,1996,5837.59
35,3,62,1996,0.0
35,4,3,1996,3597650.36
35,4,4,1996,6.49
35,4,5,1996,17406.53
35,4,9,1996,192959.98
35,4,11,1996,187702.78
35,4,12,1996,105467.04
35,4,15,1996,8762580.33
35,4,20,1996,1449866.75
35,4,21,1996,1852478.61
35,4,23,1996,1886.41
35,4,24,1996,439256.36
35,4,25,1996,8927.47
35,4,29,1996,139.54
35,4,30,1996,4220.0
35,4,31,1996,196.84
35,4,32,1996,556.63
35,4,33,1996,526048.23
35,4,39,1996,294985.45
35,4,40,1996,0.0
35,4,41,1996,484531.08
35,4,46,1996,31493.36
35,4,47,1996,98164.63
35,4,48,1996,7532.5
35,4,49,1996,231681.16
35,4,50,1996,5133.16
35,4,62,1996,0.0
35,4,75,1996,0.0
41,3,3,1996,74579.21
41,3,4,1996,35.61
41,3,9,1996,48330.05
41,3,11,1996,915.52
41,3,12,1996,73627.87
41,3,15,1996,28377.46
41,3,21,1996,971.79
41,3,24,1996,1589.27
41,3,25,1996,101.33
41,3,29,1996,4196.4
41,3,33,1996,669.01
41,3,39,1996,69628.94
41,3,41,1996,9386.85
41,3,46,1996,0.0
41,3,47,1996,0.0
41,3,48,1996,0.0
41,4,3,1996,4742270.09
41,4,5,1996,21286.21
41,4,9,1996,685204.05
41,4,11,1996,164712.85
41,4,12,1996,44959.63
41,4,15,1996,5996428.93
41,4,20,1996,121100.16
41,4,21,1996,1265322.3
41,4,23,1996,552.02
41,4,24,1996,199726.51
41,4,25,1996,2336.89
41,4,29,1996,89.2
41,4,30,1996,2380.34
41,4,31,1996,56.27
41,4,32,1996,311.8
41,4,33,1996,401556.31
41,4,39,1996,3139783.19
41,4,40,1996,156.61
41,4,41,1996,2647509.42
41,4,46,1996,44400.0
41,4,47,1996,337.11
41,4,48,1996,581.99
41,4,49,1996,129068.39
41,4,50,1996,4444.7
41,4,62,1996,0.0
42,4,3,1996,4044070.71
42,4,5,1996,7648.04
42,4,9,1996,428957.26
42,4,11,1996,13762.45
42,4,12,1996,880707.26
42,4,15,1996,1532789.99
42,4,21,1996,791626.25
42,4,23,1996,6998.99
42,4,24,1996,128513.13
42,4,25,1996,1742.78
42,4,29,1996,1.41
42,4,30,1996,1250.73
42,4,31,1996,7.47
42,4,32,1996,550.53
42,4,33,1996,126208.65
42,4,39,1996,82727.69
42,4,40,1996,62799.99
42,4,41,1996,1302398.07
42,4,48,1996,1054.15
42,4,49,1996,98241.43
42,4,50,1996,17773.92
42,4,84,1996,21.58
42,4,91,1996,0.0
43,4,3,1996,2787843.09
43,4,9,1996,155034.25
43,4,11,1996,1782.2
43,4,12,1996,1492961.67
43,4,15,1996,911861.42
43,4,21,1996,729756.85
43,4,23,1996,579.17
43,4,24,1996,80930.19
43,4,25,1996,1780.26
43,4,29,1996,7.48
43,4,30,1996,1.04
43,4,31,1996,0.0
43,4,33,1996,100412.85
43,4,39,1996,1045898.77
43,4,40,1996,10533.2
43,4,41,1996,1436576.47
43,4,48,1996,5828.06
43,4,49,1996,2002.99
43,4,50,1996,5282.49
43,4,84,1996,5.63
43,4,91,1996,0.0
43,5,3,1996,2114754.22
43,5,9,1996,281497.14
43,5,11,1996,346671.44
43,5,12,1996,8395220.71
43,5,15,1996,325.96
43,5,21,1996,1235430.17
43,5,23,1996,167138.46
43,5,24,1996,103570.67
43,5,25,1996,47962.16
43,5,29,1996,23821.67
43,5,30,1996,2443.97
43,5,31,1996,30.51
43,5,33,1996,1836433.73
43,5,39,1996,1737637.21
43,5,40,1996,218854.29
43,5,41,1996,2737057.15
43,5,48,1996,19.71
43,5,49,1996,17263.71
43,5,50,1996,120061.55
43,5,84,1996,7321.73
43,5,91,1996,0.0
50,3,3,1996,4720164.4
50,3,4,1996,1537138.75
50,3,7,1996,0.34
50,3,9,1996,161203.94
50,3,11,1996,672892.47
50,3,12,1996,134042.36
50,3,15,1996,13208849.31
50,3,20,1996,12516.03
50,3,21,1996,267827.82
50,3,24,1996,43593.81
50,3,25,1996,6033.16
50,3,29,1996,4040.79
50,3,30,1996,314.8
50,3,31,1996,0.0
50,3,33,1996,96944.83
50,3,39,1996,916656.37
50,3,40,1996,1216.88
50,3,41,1996,441251.71
50,3,47,1996,92.18
50,3,62,1996,0.0
50,4,3,1996,395481.43
50,4,4,1996,3.91
50,4,9,1996,983.65
50,4,11,1996,351657.62
50,4,12,1996,14.12
50,4,15,1996,2284983.89
50,4,20,1996,7061.89
50,4,21,1996,102575.94
50,4,24,1996,12232.47
50,4,25,1996,1405.53
50,4,31,1996,0.0
50,4,33,1996,158330.38
50,4,39,1996,246620.15
50,4,40,1996,0.0
50,4,41,1996,181040.2
50,4,47,1996,6.49
50,4,48,1996,1.24
50,6,0,1996,3.66
50,6,3,1996,1659101.58
50,6,4,1996,2034380.25
50,6,7,1996,289464.93
50,6,9,1996,7.49
50,6,11,1996,1676496.34
50,6,12,1996,2646646.27
50,6,13,1996,0.08
50,6,15,1996,498785.89
50,6,21,1996,5897.98
50,6,24,1996,2740.78
50,6,25,1996,143.28
50,6,29,1996,3207.91
50,6,30,1996,256.53
50,6,33,1996,918884.85
50,6,39,1996,299.77
50,6,40,1996,5634.29
50,6,41,1996,541.15
51,1,0,1996,795.85
51,1,3,1996,35707478.77
51,1,4,1996,1083050.29
51,1,6,1996,3525431.9
51,1,7,1996,0.0
51,1,9,1996,3721.7
51,1,11,1996,949462.71
51,1,12,1996,631649.52
51,1,15,1996,7094932.51
51,1,20,1996,8541.12
51,1,21,1996,1010901.14
51,1,24,1996,32145.11
51,1,25,1996,47283.72
51,1,29,1996,190659.12
51,1,30,1996,48342.73
51,1,31,1996,5.63
51,1,33,1996,400760.29
51,1,39,1996,62472.59
51,1,41,1996,393747.47
51,1,62,1996,0.0
51,3,0,1996,688.34
51,3,3,1996,6991047.57
51,3,4,1996,13020202.82
51,3,6,1996,151.84
51,3,7,1996,0.52
51,3,9,1996,2759.34
51,3,11,1996,2576722.32
51,3,12,1996,1556483.84
51,3,15,1996,5612931.54
51,3,20,1996,116.43
51,3,21,1996,329627.65
51,3,24,1996,50051.39
51,3,25,1996,19744.02
51,3,29,1996,93140.24
51,3,30,1996,13277.78
51,3,31,1996,13.53
51,3,33,1996,194273.79
51,3,39,1996,2311021.73
51,3,41,1996,1001300.68
51,3,62,1996,0.0
51,6,0,1996,665.93
51,6,3,1996,778396.92
51,6,4,1996,1343043.93
51,6,7,1996,391516.68
51,6,9,1996,7.92
51,6,11,1996,1070692.63
51,6,12,1996,695415.3
51,6,15,1996,257984.3
51,6,20,1996,0.0
51,6,21,1996,40259.48
51,6,24,1996,2364.48
51,6,25,1996,208.36
51,6,29,1996,0.09
51,6,30,1996,31.98
51,6,31,1996,0.0
51,6,33,1996,770424.15
51,6,39,1996,242.42
51,6,41,1996,212.4
52,3,3,1996,6090973.05
52,3,4,1996,7691252.63
52,3,9,1996,31036.94
52,3,11,1996,566327.67
52,3,12,1996,624991.86
52,3,15,1996,14767232.5
52,3,20,1996,32108.42
52,3,21,1996,498581.59
52,3,24,1996,139381.34
52,3,25,1996,7815.41
52,3,29,1996,151477.8
52,3,30,1996,2503.13
52,3,31,1996,16.49
52,3,33,1996,203654.3
52,3,39,1996,1877853.35
52,3,40,1996,0.0
52,3,41,1996,784452.01
52,3,46,1996,655.99
52,3,47,1996,23.68
52,3,48,1996,7.99
52,3,62,1996,0.0
52,3,75,1996,0.0
52,4,3,1996,80698.47
52,4,4,1996,9.96
52,4,9,1996,39.27
52,4,11,1996,23.76
52,4,12,1996,0.0
52,4,15,1996,346056.69
52,4,20,1996,1406.59
52,4,21,1996,18997.57
52,4,24,1996,515.42
52,4,25,1996,210.95
52,4,31,1996,0.0
52,4,33,1996,71037.33
52,4,39,1996,16998.13
52,4,41,1996,17943.98
53,3,3,1996,69669.76
53,3,4,1996,225046.13
53,3,9,1996,150.98
53,3,11,1996,2612.0
53,3,12,1996,30807.94
53,3,15,1996,108987.08
53,3,21,1996,2016.9
53,3,24,1996,51476.72
53,3,25,1996,1813.29
53,3,30,1996,324.02
53,3,31,1996,6.37
53,3,33,1996,6849.69
53,3,39,1996,68580.89
53,3,41,1996,7481.52
53,3,46,1996,132.12
53,3,48,1996,135.64
53,3,62,1996,0.0
11,1,0,1997,0.44
11,1,3,1997,16722440.04
11,1,4,1997,490421.35
11,1,6,1997,786056.86
11,1,9,1997,0.0
11,1,11,1997,601527.38
11,1,12,1997,272776.56
11,1,15,1997,3861304.56
11,1,21,1997,271364.69
11,1,24,1997,37141.87
11,1,25,1997,75771.95
11,1,29,1997,54215.23
11,1,30,1997,12220.77
11,1,31,1997,6.4
11,1,33,1997,312110.87
11,1,39,1997,35.36
11,1,41,1997,2338.5
11,1,75,1997,0.0
11,3,0,1997,25.94
11,3,3,1997,157010.29
11,3,4,1997,70491.46
11,3,9,1997,0.0
11,3,11,1997,1174.77
11,3,12,1997,5385.7
11,3,15,1997,7543.05
11,3,21,1997,1083.35
11,3,24,1997,3264.12
11,3,25,1997,3194.71
11,3,29,1997,0.0
11,3,33,1997,105.42
11,3,39,1997,681.82
11,3,41,1997,13591.52
12,1,3,1997,15274378.98
12,1,4,1997,2670.69
12,1,6,1997,74637.7
12,1,11,1997,1854.56
12,1,12,1997,1790.59
12,1,15,1997,903727.21
12,1,21,1997,15580.63
12,1,24,1997,21997.88
12,1,25,1997,24851.92
12,1,31,1997,0.0
12,1,33,1997,61516.28
12,1,39,1997,0.0
12,1,41,1997,0.0
13,1,3,1997,124901221.57
13,1,4,1997,226960.52
13,1,6,1997,22474200.01
13,1,11,1997,1456494.26
13,1,12,1997,610508.57
13,1,15,1997,435426.54
13,1,20,1997,0.0
13,1,21,1997,144213.35
13,1,24,1997,51112.35
13,1,25,1997,29739.44
13,1,29,1997,2182.65
13,1,30,1997,11769.16
13,1,31,1997,0.0
13,1,33,1997,5484013.02
13,1,35,1997,164.0
13,1,39,1997,0.0
13,1,41,1997,508.85
14,1,3,1997,14429201.37
14,1,4,1997,266866.69
14,1,6,1997,2587203.48
14,1,9,1997,0.0
14,1,11,1997,1143113.33
14,1,12,1997,2932254.76
14,1,15,1997,265439.69
14,1,21,1997,36462.33
14,1,24,1997,15918.77
14,1,25,1997,7223.96
14,1,29,1997,81902.56
14,1,30,1997,1926.48
14,1,31,1997,3.21
14,1,33,1997,546831.21
14,1,35,1997,162.75
14,1,39,1997,0.0
14,1,41,1997,2066.85
15,1,0,1997,16.0
15,1,3,1997,97107222.67
15,1,4,1997,1292572.06
15,1,5,1997,232532.04
15,1,6,1997,7195830.69
15,1,9,1997,35647.5
15,1,11,1997,2321340.99
15,1,12,1997,1012250.04
15,1,15,1997,8432201.62
15,1,20,1997,0.0
15,1,21,1997,1044428.62
15,1,23,1997,2593.13
15,1,24,1997,111757.97
15,1,25,1997,78229.11
15,1,29,1997,227566.14
15,1,30,1997,75162.58
15,1,31,1997,38.45
15,1,32,1997,3284.67
15,1,33,1997,4446355.08
15,1,35,1997,49763.3
15,1,39,1997,0.0
15,1,40,1997,0.0
15,1,41,1997,1756.25
15,3,0,1997,138.41
15,3,3,1997,220302.48
15,3,4,1997,272381.62
15,3,6,1997,119.85
15,3,9,1997,1.15
15,3,11,1997,59535.35
15,3,12,1997,147937.66
15,3,15,1997,141957.79
15,3,21,1997,799.9
15,3,24,1997,1580.39
15,3,25,1997,20.8
15,3,29,1997,1.68
15,3,30,1997,24.97
15,3,31,1997,0.0
15,3,33,1997,26200.13
15,3,39,1997,0.0
15,3,41,1997,0.0
16,1,3,1997,9965910.69
16,1,4,1997,3263.55
16,1,5,1997,92886.88
16,1,6,1997,1585809.87
16,1,9,1997,74952.84
16,1,11,1997,1914488.03
16,1,12,1997,28448.39
16,1,15,1997,4262.95
16,1,21,1997,26926.12
16,1,24,1997,12449.35
16,1,25,1997,2458.84
16,1,30,1997,1575.04
16,1,31,1997,0.0
16,1,33,1997,478313.72
16,1,39,1997,0.0
16,1,41,1997,14.48
17,1,0,1997,2.04
17,1,3,1997,526246.26
17,1,4,1997,19285.41
17,1,6,1997,187822.71
17,1,9,1997,0.0
17,1,11,1997,25550.33
17,1,12,1997,62825.99
17,1,15,1997,1448254.01
17,1,21,1997,113741.95
17,1,24,1997,1952.18
17,1,25,1997,2721.74
17,1,29,1997,28868.98
17,1,30,1997,0.0
17,1,31,1997,0.0
17,1,33,1997,44179.05
17,1,39,1997,0.0
17,1,40,1997,0.0
17,1,41,1997,107.09
17,3,0,1997,34.43
17,3,3,1997,5848175.87
17,3,4,1997,11540324.03
17,3,6,1997,12.41
17,3,9,1997,1238.37
17,3,11,1997,2173278.9
17,3,12,1997,1590379.5
17,3,15,1997,3623483.88
17,3,20,1997,196.68
17,3,21,1997,142819.76
17,3,23,1997,326.1
17,3,24,1997,41886.75
17,3,25,1997,5968.84
17,3,29,1997,41028.46
17,3,30,1997,192.63
17,3,31,1997,0.0
17,3,33,1997,223395.4
17,3,39,1997,22467.63
17,3,40,1997,7108.02
17,3,41,1997,18478.21
17,3,62,1997,0.0
17,3,75,1997,0.0
21,1,0,1997,1.34
21,1,3,1997,6211996.04
21,1,4,1997,145915.86
21,1,5,1997,412991.14
21,1,6,1997,491657.27
21,1,9,1997,5861.55
21,1,11,1997,424198.53
21,1,12,1997,70734.56
21,1,15,1997,2845473.96
21,1,21,1997,223525.53
21,1,23,1997,6299.61
21,1,24,1997,37823.62
21,1,25,1997,11546.52
21,1,29,1997,91.48
21,1,30,1997,5170.66
21,1,31,1997,0.0
21,1,32,1997,32313.84
21,1,33,1997,312827.95
21,1,39,1997,0.0
21,1,41,1997,1292.56
21,1,50,1997,0.71
21,3,0,1997,90.66
21,3,3,1997,11490931.92
21,3,4,1997,7041495.51
21,3,5,1997,64372.92
21,3,6,1997,62.44
21,3,9,1997,721.25
21,3,11,1997,122558.02
21,3,12,1997,779413.48
21,3,15,1997,1345018.04
21,3,20,1997,839.98
21,3,21,1997,187599.18
21,3,23,1997,114812.26
21,3,24,1997,43257.34
21,3,25,1997,5008.1
21,3,29,1997,6753.29
21,3,30,1997,169.05
21,3,31,1997,8.84
21,3,32,1997,8108.76
21,3,33,1997,135947.95
21,3,39,1997,109848.49
21,3,41,1997,15849.27
21,3,48,1997,0.0
21,3,50,1997,233237.13
21,3,62,1997,0.0
21,3,91,1997,0.0
22,2,3,1997,1059701.16
22,2,4,1997,9392024.24
22,2,5,1997,5164.44
22,2,9,1997,0.0
22,2,11,1997,0.0
22,2,12,1997,18909.62
22,2,15,1997,1138581.32
22,2,21,1997,146246.45
22,2,23,1997,15662.94
22,2,24,1997,22209.13
22,2,25,1997,17425.19
22,2,29,1997,14325.8
22,2,31,1997,398.02
22,2,32,1997,1719.98
22,2,33,1997,28479.74
22,2,39,1997,17.81
22,2,41,1997,7535.15
22,2,48,1997,485.69
22,2,50,1997,4494.92
22,2,62,1997,0.0
22,2,75,1997,0.0
22,2,91,1997,0.0
22,3,3,1997,2425917.53
22,3,4,1997,9810268.81
22,3,5,1997,4.11
22,3,9,1997,0.0
22,3,11,1997,76248.8
22,3,12,1997,298662.24
22,3,15,1997,361787.91
22,3,20,1997,2874.43
22,3,21,1997,52435.91
22,3,23,1997,0.0
22,3,24,1997,32774.92
22,3,25,1997,41476.43
22,3,29,1997,76078.53
22,3,30,1997,266.68
22,3,31,1997,0.0
22,3,33,1997,68787.97
22,3,39,1997,34027.06
22,3,41,1997,20007.53
22,3,48,1997,0.0
22,3,62,1997,0.0
22,3,75,1997,0.0
23,2,3,1997,869217.06
23,2,4,1997,11031421.55
23,2,5,1997,16526.5
23,2,9,1997,1.52
23,2,12,1997,245.88
23,2,15,1997,1900885.53
23,2,21,1997,562418.29
23,2,23,1997,67263.69
23,2,24,1997,95014.12
23,2,25,1997,21221.85
23,2,29,1997,1909.94
23,2,30,1997,600.96
23,2,31,1997,1366.94
23,2,32,1997,5412.63
23,2,33,1997,193692.95
23,2,39,1997,0.0
23,2,41,1997,19833.37
23,2,48,1997,95358.69
23,2,50,1997,4473.11
23,2,75,1997,0.0
23,2,91,1997,0.0
24,2,3,1997,47708.45
24,2,4,1997,2784101.49
24,2,5,1997,5028.02
24,2,11,1997,0.09
24,2,12,1997,14343.58
24,2,13,1997,6100.26
24,2,15,1997,1462593.78
24,2,20,1997,2713.24
24,2,21,1997,455841.67
24,2,23,1997,37764.41
24,2,24,1997,30856.65
24,2,25,1997,5362.86
24,2,29,1997,4688.21
24,2,30,1997,0.0
24,2,31,1997,24773.77
24,2,32,1997,5167.52
24,2,33,1997,79763.85
24,2,41,1997,92819.4
24,2,48,1997,13509.07
24,2,49,1997,0.27
24,2,50,1997,1514.97
24,2,75,1997,0.0
24,2,91,1997,0.0
24,4,3,1997,30995.22
24,4,4,1997,1030.34
24,4,5,1997,7287.98
24,4,9,1997,11.04
24,4,11,1997,5968.53
24,4,12,1997,0.0
24,4,15,1997,7354.3
24,4,20,1997,26430.46
24,4,21,1997,70258.57
24,4,23,1997,10145.81
24,4,24,1997,12717.04
24,4,25,1997,15.47
24,4,31,1997,366.38
24,4,32,1997,527.35
24,4,33,1997,9175.13
24,4,41,1997,6258.7
24,4,48,1997,73.02
24,4,49,1997,733.54
24,4,50,1997,15461.89
24,4,91,1997,0.0
25,2,3,1997,54932.83
25,2,4,1997,3252670.75
25,2,11,1997,0.0
25,2,12,1997,2553.96
25,2,13,1997,1555.42
25,2,15,1997,1740248.31
25,2,20,1997,12727.75
25,2,21,1997,91454.08
25,2,24,1997,21163.01
25,2,25,1997,9350.59
25,2,29,1997,4329.49
25,2,30,1997,8.53
25,2,31,1997,0.0
25,2,33,1997,44844.42
25,2,41,1997,18.99
25,2,48,1997,16.17
25,2,75,1997,0.0
25,2,91,1997,0.0
25,4,3,1997,63276.68
25,4,4,1997,16020.15
25,4,5,1997,11514.1
25,4,9,1997,400.21
25,4,11,1997,12968.21
25,4,15,1997,97742.19
25,4,20,1997,89630.38
25,4,21,1997,84663.57
25,4,23,1997,587.4
25,4,24,1997,13703.53
25,4,25,1997,41.52
25,4,30,1997,111.16
25,4,31,1997,255.55
25,4,32,1997,349.07
25,4,33,1997,5233.49
25,4,41,1997,13797.38
25,4,48,1997,0.0
25,4,50,1997,197.9
25,4,75,1997,0.0
25,4,91,1997,0.0
26,2,3,1997,50046.22
26,2,4,1997,5675112.75
26,2,12,1997,17214.0
26,2,13,1997,89647.25
26,2,15,1997,2107729.99
26,2,20,1997,688.95
26,2,21,1997,124050.24
26,2,24,1997,38601.34
26,2,25,1997,19201.01
26,2,29,1997,1127.04
26,2,30,1997,223.53
26,2,31,1997,33.95
26,2,33,1997,101124.21
26,2,41,1997,7035.97
26,2,48,1997,27021.74
26,2,75,1997,0.0
26,2,91,1997,0.0
26,4,3,1997,191995.23
26,4,4,1997,178751.7
26,4,5,1997,14083.19
26,4,9,1997,35.0
26,4,11,1997,3066.06
26,4,15,1997,639409.87
26,4,20,1997,381793.86
26,4,21,1997,83137.71
26,4,23,1997,193.83
26,4,24,1997,33099.27
26,4,25,1997,142.82
26,4,30,1997,378.61
26,4,31,1997,312.93
26,4,32,1997,1177.55
26,4,33,1997,17520.73
26,4,41,1997,0.0
26,4,50,1997,1.77
26,4,75,1997,0.0
26,4,91,1997,0.0
27,2,3,1997,6866.18
27,2,4,1997,379138.96
27,2,9,1997,0.0
27,2,11,1997,0.0
27,2,12,1997,202.71
27,2,13,1997,0.0
27,2,15,1997,911515.25
27,2,20,1997,543.67
27,2,21,1997,3238.37
27,2,24,1997,5237.36
27,2,25,1997,468.77
27,2,29,1997,16.34
27,2,30,1997,0.0
27,2,31,1997,2.12
27,2,33,1997,13731.46
27,2,41,1997,6.61
27,2,48,1997,106.84
27,4,3,1997,176458.3
27,4,4,1997,67011.8
27,4,5,1997,4049.71
27,4,9,1997,0.0
27,4,11,1997,13304.38
27,4,12,1997,11.27
27,4,15,1997,652557.53
27,4,20,1997,461875.48
27,4,21,1997,25674.02
27,4,23,1997,4052.46
27,4,24,1997,14396.11
27,4,25,1997,94.37
27,4,29,1997,23.15
27,4,31,1997,0.0
27,4,32,1997,100.59
27,4,33,1997,27663.39
27,4,41,1997,0.0
27,4,49,1997,2394.36
27,4,50,1997,11396.67
28,2,3,1997,24894.37
28,2,4,1997,356724.34
28,2,9,1997,0.0
28,2,12,1997,684.8
28,2,15,1997,816971.31
28,2,20,1997,17.32
28,2,21,1997,50.29
28,2,24,1997,2957.44
28,2,25,1997,880.68
28,2,30,1997,33.66
28,2,31,1997,0.0
28,2,33,1997,10199.22
28,2,41,1997,311.76
28,4,3,1997,91757.95
28,4,4,1997,2890.46
28,4,5,1997,19917.12
28,4,9,1997,442.49
28,4,11,1997,17478.32
28,4,12,1997,20759.47
28,4,15,1997,684867.52
28,4,20,1997,9028.3
28,4,21,1997,26656.46
28,4,23,1997,8395.69
28,4,24,1997,13919.28
28,4,25,1997,224.51
28,4,29,1997,27.89
28,4,30,1997,315.91
28,4,31,1997,250.38
28,4,32,1997,3015.07
28,4,33,1997,32643.64
28,4,41,1997,19.66
28,4,49,1997,626.07
28,4,50,1997,45482.29
28,4,91,1997,0.0
29,2,3,1997,1179095.62
29,2,4,1997,21171988.27
29,2,9,1997,3104.78
29,2,11,1997,0.0
29,2,12,1997,200809.24
29,2,13,1997,359897.78
29,2,15,1997,9861678.0
29,2,20,1997,15343.63
29,2,21,1997,1518867.78
29,2,23,1997,54679.06
29,2,24,1997,79646.37
29,2,25,1997,59784.83
29,2,29,1997,85532.63
29,2,30,1997,3402.93
29,2,31,1997,3.89
29,2,33,1997,496269.05
29,2,39,1997,0.0
29,2,41,1997,22961.04
29,2,46,1997,2644.86
29,2,48,1997,20003.95
29,2,62,1997,0.0
29,2,75,1997,0.0
29,2,91,1997,0.0
29,3,3,1997,324690.07
29,3,4,1997,7756961.8
29,3,9,1997,15893.5
29,3,11,1997,140086.83
29,3,12,1997,624569.48
29,3,15,1997,336431.67
29,3,21,1997,235960.87
29,3,24,1997,8005.29
29,3,25,1997,4483.73
29,3,29,1997,9455.04
29,3,31,1997,0.0
29,3,33,1997,13056.89
29,3,39,1997,261654.17
29,3,41,1997,595419.39
29,3,46,1997,15859.1
29,3,48,1997,1152.01
29,3,62,1997,0.0
29,3,75,1997,0.0
29,3,91,1997,0.0
29,4,3,1997,3340181.47
29,4,4,1997,800363.5
29,4,5,1997,67914.11
29,4,9,1997,244953.6
29,4,11,1997,113284.21
29,4,12,1997,34378.95
29,4,15,1997,5483577.84
29,4,20,1997,2437.26
29,4,21,1997,461550.77
29,4,23,1997,8775.03
29,4,24,1997,80595.78
29,4,25,1997,4428.46
29,4,29,1997,5901.42
29,4,30,1997,880.2
29,4,31,1997,1203.52
29,4,32,1997,7029.33
29,4,33,1997,210557.55
29,4,41,1997,549.71
29,4,46,1997,9333.16
29,4,48,1997,96.18
29,4,49,1997,17340.49
29,4,50,1997,97078.51
31,2,3,1997,92095.66
31,2,4,1997,1688694.55
31,2,9,1997,238.01
31,2,11,1997,0.0
31,2,12,1997,188.83
31,2,15,1997,1406180.58
31,2,20,1997,77.29
31,2,21,1997,14005.18
31,2,24,1997,7483.6
31,2,25,1997,4083.51
31,2,29,1997,3262.32
31,2,30,1997,115.41
31,2,33,1997,27607.69
31,2,39,1997,0.0
31,2,41,1997,13278.23
31,2,46,1997,829.8
31,2,48,1997,2819.65
31,2,62,1997,0.0
31,2,75,1997,0.0
31,3,0,1997,57.5
31,3,3,1997,4397246.66
31,3,4,1997,9596095.56
31,3,9,1997,782333.73
31,3,11,1997,494651.59
31,3,12,1997,1529019.22
31,3,15,1997,11844426.15
31,3,20,1997,99482.89
31,3,21,1997,550130.85
31,3,24,1997,104354.48
31,3,25,1997,34334.17
31,3,29,1997,669024.06
31,3,30,1997,9248.53
31,3,31,1997,2.79
31,3,33,1997,465621.34
31,3,39,1997,224112.95
31,3,41,1997,901232.48
31,3,46,1997,74419.89
31,3,47,1997,19319.0
31,3,48,1997,2127.98
31,3,62,1997,0.0
31,3,75,1997,0.0
31,4,3,1997,5703859.98
31,4,4,1997,2280177.61
31,4,9,1997,187384.5
31,4,11,1997,8705.35
31,4,12,1997,1053458.12
31,4,15,1997,12727679.79
31,4,20,1997,18245.04
31,4,21,1997,608463.67
31,4,23,1997,9.71
31,4,24,1997,168150.97
31,4,25,1997,8128.33
31,4,29,1997,39605.4
31,4,30,1997,32156.14
31,4,31,1997,0.0
31,4,33,1997,290196.03
31,4,39,1997,32.89
31,4,41,1997,169935.16
31,4,46,1997,295237.41
31,4,47,1997,1581.44
31,4,48,1997,170.15
32,4,3,1997,1037051.79
32,4,4,1997,4581.43
32,4,5,1997,6990.05
32,4,9,1997,143012.0
32,4,11,1997,110993.02
32,4,12,1997,79968.04
32,4,15,1997,2815046.67
32,4,20,1997,582.96
32,4,21,1997,112337.22
32,4,23,1997,5292.18
32,4,24,1997,48486.52
32,4,25,1997,1465.02
32,4,29,1997,28692.37
32,4,31,1997,8.97
32,4,32,1997,600.36
32,4,33,1997,49352.96
32,4,41,1997,20798.09
32,4,46,1997,94618.12
32,4,48,1997,330.11
32,4,49,1997,17686.5
32,4,50,1997,28049.5
33,4,3,1997,1243397.43
33,4,4,1997,717.74
33,4,5,1997,9095.92
33,4,9,1997,899.73
33,4,11,1997,96892.92
33,4,12,1997,113025.56
33,4,15,1997,2113324.32
33,4,20,1997,3.99
33,4,21,1997,272139.2
33,4,23,1997,22609.94
33,4,24,1997,159675.81
33,4,25,1997,3362.19
33,4,29,1997,5341.96
33,4,30,1997,644.96
33,4,31,1997,3952.09
33,4,32,1997,1485.96
33,4,33,1997,106066.14
33,4,39,1997,0.0
33,4,41,1997,145200.54
33,4,46,1997,0.17
33,4,48,1997,0.99
33,4,49,1997,24523.8
33,4,50,1997,49695.5
33,4,91,1997,0.0
35,3,3,1997,959889.87
35,3,4,1997,26540.12
35,3,9,1997,324141.74
35,3,11,1997,129120.61
35,3,12,1997,5495.24
35,3,15,1997,2060301.36
35,3,20,1997,1637070.6
35,3,21,1997,500132.2
35,3,24,1997,77982.02
35,3,25,1997,18525.88
35,3,30,1997,472.45
35,3,31,1997,10.95
35,3,33,1997,132490.42
35,3,39,1997,321027.26
35,3,41,1997,199064.56
35,3,46,1997,11618.59
35,3,47,1997,108081.16
35,3,48,1997,5925.91
35,3,62,1997,0.0
35,4,3,1997,3590273.69
35,4,4,1997,4.17
35,4,5,1997,17227.38
35,4,9,1997,201469.49
35,4,11,1997,190550.53
35,4,12,1997,105069.33
35,4,15,1997,8697566.88
35,4,20,1997,1496550.63
35,4,21,1997,1885732.11
35,4,23,1997,1842.72
35,4,24,1997,449011.71
35,4,25,1997,8431.54
35,4,29,1997,137.39
35,4,30,1997,4364.68
35,4,31,1997,262.9
35,4,32,1997,538.51
35,4,33,1997,528944.87
35,4,39,1997,232464.07
35,4,40,1997,0.0
35,4,41,1997,513122.03
35,4,46,1997,32551.06
35,4,47,1997,101009.2
35,4,48,1997,7657.97
35,4,49,1997,231009.32
35,4,50,1997,5079.46
35,4,62,1997,0.0
35,4,75,1997,0.0
41,3,3,1997,73444.41
41,3,4,1997,2.29
41,3,9,1997,49656.01
41,3,11,1997,966.73
41,3,12,1997,70131.07
41,3,15,1997,27312.29
41,3,21,1997,1546.67
41,3,24,1997,1611.99
41,3,25,1997,96.28
41,3,29,1997,4196.4
41,3,33,1997,705.69
41,3,39,1997,72494.27
41,3,41,1997,10243.26
41,3,46,1997,0.98
41,3,47,1997,0.98
41,3,48,1997,0.0
41,4,3,1997,4719301.95
41,4,5,1997,21456.23
41,4,9,1997,703528.5
41,4,11,1997,159475.19
41,4,12,1997,43852.8
41,4,15,1997,5921491.49
41,4,20,1997,128098.36
41,4,21,1997,1312768.68
41,4,23,1997,550.54
41,4,24,1997,205186.22
41,4,25,1997,2170.62
41,4,29,1997,80.89
41,4,30,1997,2541.63
41,4,31,1997,57.26
41,4,32,1997,320.43
41,4,33,1997,404621.44
41,4,39,1997,3071182.37
41,4,40,1997,93.45
41,4,41,1997,2740514.61
41,4,46,1997,42972.26
41,4,47,1997,443.97
41,4,48,1997,758.67
41,4,49,1997,128634.81
41,4,50,1997,4472.58
41,4,62,1997,0.0
42,4,3,1997,4023773.08
42,4,5,1997,7701.01
42,4,9,1997,452990.27
42,4,11,1997,13704.62
42,4,12,1997,879370.74
42,4,15,1997,1513012.45
42,4,21,1997,810397.85
42,4,23,1997,6843.93
42,4,24,1997,132517.28
42,4,25,1997,1695.97
42,4,29,1997,1.41
42,4,30,1997,1300.81
42,4,31,1997,7.95
42,4,32,1997,615.36
42,4,33,1997,125175.07
42,4,39,1997,103342.68
42,4,40,1997,98750.02
42,4,41,1997,1243452.15
42,4,48,1997,1147.83
42,4,49,1997,96138.22
42,4,50,1997,17892.14
42,4,84,1997,21.66
42,4,91,1997,0.0
43,4,3,1997,2775097.95
43,4,9,1997,161401.33
43,4,11,1997,1734.86
43,4,12,1997,1478635.68
43,4,15,1997,908519.86
43,4,21,1997,769586.61
43,4,23,1997,569.57
43,4,24,1997,83402.19
43,4,25,1997,1843.53
43,4,29,1997,7.24
43,4,30,1997,1.27
43,4,31,1997,0.0
43,4,33,1997,100271.88
43,4,39,1997,1169660.16
43,4,40,1997,16161.58
43,4,41,1997,1287602.27
43,4,48,1997,7244.83
43,4,49,1997,1962.91
43,4,50,1997,5368.67
43,4,84,1997,5.63
43,4,91,1997,0.0
43,5,3,1997,2134859.77
43,5,9,1997,289606.38
43,5,11,1997,346108.4
43,5,12,1997,8299391.23
43,5,15,1997,331.68
43,5,21,1997,1273831.13
43,5,23,1997,161572.87
43,5,24,1997,105584.74
43,5,25,1997,47702.96
43,5,29,1997,23827.25
43,5,30,1997,2473.63
43,5,31,1997,47.19
43,5,33,1997,1840685.06
43,5,39,1997,1800491.2
43,5,40,1997,403232.4
43,5,41,1997,2518824.71
43,5,48,1997,25.21
43,5,49,1997,16998.26
43,5,50,1997,120621.44
43,5,84,1997,7300.63
43,5,91,1997,0.0
50,3,3,1997,4597898.56
50,3,4,1997,1490237.41
50,3,7,1997,1.34
50,3,9,1997,173667.37
50,3,11,1997,654110.75
50,3,12,1997,136777.7
50,3,15,1997,13346449.72
50,3,20,1997,13292.34
50,3,21,1997,284977.73
50,3,24,1997,44549.22
50,3,25,1997,6284.43
50,3,29,1997,4041.55
50,3,30,1997,326.67
50,3,31,1997,3.57
50,3,33,1997,98950.1
50,3,39,1997,925193.41
50,3,40,1997,1175.74
50,3,41,1997,446689.35
50,3,47,1997,152.98
50,3,62,1997,0.0
50,4,3,1997,392347.29
50,4,4,1997,2.66
50,4,9,1997,1231.21
50,4,11,1997,340439.76
50,4,12,1997,13.2
50,4,15,1997,2274295.64
50,4,20,1997,7310.61
50,4,21,1997,106440.91
50,4,24,1997,12410.9
50,4,25,1997,1290.81
50,4,31,1997,2.05
50,4,33,1997,166578.6
50,4,39,1997,245563.11
50,4,40,1997,0.0
50,4,41,1997,194453.73
50,4,47,1997,17.1
50,4,48,1997,1.32
50,6,0,1997,2.3
50,6,3,1997,1640183.26
50,6,4,1997,1775760.55
50,6,7,1997,458109.3
50,6,9,1997,7.49
50,6,11,1997,2290101.66
50,6,12,1997,1655130.35
50,6,13,1997,0.0
50,6,15,1997,533966.03
50,6,21,1997,8874.37
50,6,24,1997,2750.09
50,6,25,1997,148.53
50,6,29,1997,3207.91
50,6,30,1997,259.07
50,6,33,1997,1367261.01
50,6,39,1997,401.06
50,6,40,1997,5531.32
50,6,41,1997,798.74
51,1,0,1997,777.88
51,1,3,1997,35140780.4
51,1,4,1997,1044257.74
51,1,6,1997,3441757.43
51,1,7,1997,0.0
51,1,9,1997,4748.6
51,1,11,1997,962881.93
51,1,12,1997,628761.03
51,1,15,1997,7670677.36
51,1,20,1997,12944.49
51,1,21,1997,1075162.53
51,1,24,1997,33268.97
51,1,25,1997,47351.04
51,1,29,1997,190938.27
51,1,30,1997,49050.77
51,1,31,1997,5.55
51,1,33,1997,377359.05
51,1,39,1997,75627.37
51,1,41,1997,435031.76
51,1,62,1997,0.0
51,3,0,1997,661.25
51,3,3,1997,6903108.82
51,3,4,1997,12764619.5
51,3,6,1997,148.59
51,3,7,1997,0.0
51,3,9,1997,2900.19
51,3,11,1997,2563332.07
51,3,12,1997,1543984.18
51,3,15,1997,5863286.49
51,3,20,1997,184.14
51,3,21,1997,354701.18
51,3,24,1997,51230.61
51,3,25,1997,18072.6
51,3,29,1997,93186.27
51,3,30,1997,13132.03
51,3,31,1997,21.38
51,3,33,1997,193404.83
51,3,39,1997,2343508.22
51,3,41,1997,1064073.01
51,3,62,1997,0.0
51,6,0,1997,654.43
51,6,3,1997,773974.58
51,6,4,1997,1384648.19
51,6,7,1997,307992.18
51,6,9,1997,7.92
51,6,11,1997,877549.19
51,6,12,1997,893384.36
51,6,15,1997,284737.98
51,6,20,1997,0.0
51,6,21,1997,45125.96
51,6,24,1997,2410.22
51,6,25,1997,215.59
51,6,29,1997,0.09
51,6,30,1997,30.52
51,6,31,1997,0.0
51,6,33,1997,780284.61
51,6,39,1997,212.96
51,6,41,1997,238.18
52,3,3,1997,5963705.72
52,3,4,1997,7529597.39
52,3,9,1997,32682.02
52,3,11,1997,554166.76
52,3,12,1997,626591.81
52,3,15,1997,14901207.22
52,3,20,1997,33140.93
52,3,21,1997,500212.65
52,3,24,1997,144209.42
52,3,25,1997,8370.61
52,3,29,1997,151538.29
52,3,30,1997,2633.79
52,3,31,1997,30.87
52,3,33,1997,284982.19
52,3,39,1997,1881981.25
52,3,40,1997,0.0
52,3,41,1997,854706.28
52,3,46,1997,564.21
52,3,47,1997,15.1
52,3,48,1997,9.64
52,3,62,1997,0.0
52,3,75,1997,0.0
52,4,3,1997,77917.41
52,4,4,1997,10.13
52,4,9,1997,39.86
52,4,11,1997,23.5
52,4,12,1997,0.0
52,4,15,1997,349225.22
52,4,20,1997,1405.52
52,4,21,1997,13901.78
52,4,24,1997,572.07
52,4,25,1997,182.39
52,4,31,1997,0.0
52,4,33,1997,75092.74
52,4,39,1997,19419.92
52,4,41,1997,16147.57
53,3,3,1997,69790.82
53,3,4,1997,220043.93
53,3,9,1997,79.11
53,3,11,1997,2786.14
53,3,12,1997,31975.09
53,3,15,1997,110694.94
53,3,21,1997,2001.06
53,3,24,1997,53258.61
53,3,25,1997,1561.79
53,3,30,1997,341.35
53,3,31,1997,6.89
53,3,33,1997,6855.95
53,3,39,1997,63011.29
53,3,41,1997,13407.02
53,3,46,1997,142.82
53,3,48,1997,134.26
53,3,62,1997,0.0
11,1,0,1998,0.44
11,1,3,1998,16483287.27
11,1,4,1998,487304.49
11,1,6,1998,784206.59
11,1,9,1998,0.0
11,1,11,1998,605577.32
11,1,12,1998,270992.46
11,1,15,1998,4130548.23
11,1,21,1998,242825.79
11,1,24,1998,37915.35
11,1,25,1998,81228.25
11,1,29,1998,54305.7
11,1,30,1998,12290.13
11,1,31,1998,31.57
11,1,33,1998,307017.62
11,1,39,1998,5.94
11,1,41,1998,2195.66
11,1,75,1998,0.0
11,3,0,1998,25.94
11,3,3,1998,156349.67
11,3,4,1998,70919.13
11,3,9,1998,0.0
11,3,11,1998,1020.23
11,3,12,1998,5477.3
11,3,15,1998,7656.22
11,3,21,1998,1128.82
11,3,24,1998,3275.81
11,3,25,1998,3338.48
11,3,29,1998,0.0
11,3,33,1998,68.08
11,3,39,1998,1375.77
11,3,41,1998,12916.68
12,1,3,1998,15218648.53
12,1,4,1998,2648.86
12,1,6,1998,73399.1
12,1,11,1998,1813.85
12,1,12,1998,1626.62
12,1,15,1998,957707.7
12,1,21,1998,16765.73
12,1,24,1998,22093.54
12,1,25,1998,25970.87
12,1,31,1998,0.0
12,1,33,1998,62331.64
12,1,39,1998,0.0
12,1,41,1998,0.0
13,1,3,1998,124839962.37
13,1,4,1998,226962.82
13,1,6,1998,22457285.23
13,1,11,1998,1568281.73
13,1,12,1998,606126.13
13,1,15,1998,488450.28
13,1,20,1998,0.0
13,1,21,1998,194683.23
13,1,24,1998,51915.63
13,1,25,1998,31548.1
13,1,29,1998,2179.28
13,1,30,1998,12176.59
13,1,31,1998,0.0
13,1,33,1998,5348284.62
13,1,35,1998,140.76
13,1,39,1998,0.0
13,1,41,1998,517.52
14,1,3,1998,14398765.41
14,1,4,1998,265669.21
14,1,6,1998,2585540.54
14,1,9,1998,0.0
14,1,11,1998,1149569.5
14,1,12,1998,2933839.92
14,1,15,1998,294544.15
14,1,21,1998,39881.02
14,1,24,1998,16214.64
14,1,25,1998,7245.41
14,1,29,1998,81905.5
14,1,30,1998,1926.03
14,1,31,1998,3.04
14,1,33,1998,539371.81
14,1,35,1998,187.78
14,1,39,1998,0.0
14,1,41,1998,1913.48
15,1,0,1998,13.87
15,1,3,1998,96496771.05
15,1,4,1998,1290443.2
15,1,5,1998,231975.14
15,1,6,1998,7176146.92
15,1,9,1998,36228.81
15,1,11,1998,2316265.74
15,1,12,1998,1006993.91
15,1,15,1998,9126462.99
15,1,20,1998,0.0
15,1,21,1998,986111.37
15,1,23,1998,2623.62
15,1,24,1998,113942.45
15,1,25,1998,80423.72
15,1,29,1998,227590.29
15,1,30,1998,76607.08
15,1,31,1998,23.43
15,1,32,1998,3347.07
15,1,33,1998,4446070.26
15,1,35,1998,49455.78
15,1,39,1998,0.0
15,1,40,1998,0.0
15,1,41,1998,3052.23
15,3,0,1998,127.09
15,3,3,1998,216338.09
15,3,4,1998,278428.94
15,3,6,1998,118.35
15,3,9,1998,1.15
15,3,11,1998,59688.41
15,3,12,1998,145869.66
15,3,15,1998,142319.31
15,3,21,1998,644.77
15,3,24,1998,1602.35
15,3,25,1998,34.11
15,3,29,1998,1.68
15,3,30,1998,25.85
15,3,31,1998,0.0
15,3,33,1998,25802.43
15,3,39,1998,0.0
15,3,41,1998,0.0
16,1,3,1998,9964406.38
16,1,4,1998,3265.61
16,1,5,1998,92660.99
16,1,6,1998,1585091.59
16,1,9,1998,77897.31
16,1,11,1998,1944149.21
16,1,12,1998,28833.84
16,1,15,1998,7032.05
16,1,21,1998,25859.79
16,1,24,1998,12693.29
16,1,25,1998,2568.37
16,1,30,1998,2653.81
16,1,31,1998,0.0
16,1,33,1998,444634.04
16,1,39,1998,0.0
16,1,41,1998,14.48
17,1,0,1998,2.04
17,1,3,1998,505080.3
17,1,4,1998,18872.93
17,1,6,1998,177359.97
17,1,9,1998,0.0
17,1,11,1998,25308.67
17,1,12,1998,62758.63
17,1,15,1998,1470913.44
17,1,21,1998,124277.15
17,1,24,1998,2058.26
17,1,25,1998,2596.32
17,1,29,1998,28877.76
17,1,30,1998,0.0
17,1,31,1998,0.0
17,1,33,1998,43353.41
17,1,39,1998,0.0
17,1,40,1998,0.0
17,1,41,1998,98.85
17,3,0,1998,31.94
17,3,3,1998,5794054.75
17,3,4,1998,11514703.13
17,3,6,1998,12.06
17,3,9,1998,1184.99
17,3,11,1998,2164142.2
17,3,12,1998,1590982.85
17,3,15,1998,3721199.25
17,3,20,1998,608.85
17,3,21,1998,131641.73
17,3,23,1998,344.82
17,3,24,1998,42842.64
17,3,25,1998,6339.2
17,3,29,1998,41027.27
17,3,30,1998,233.2
17,3,31,1998,0.0
17,3,33,1998,217530.87
17,3,39,1998,29415.64
17,3,40,1998,5913.01
17,3,41,1998,18587.45
17,3,62,1998,0.0
17,3,75,1998,0.0
21,1,0,1998,1.16
21,1,3,1998,6041712.3
21,1,4,1998,142493.2
21,1,5,1998,407603.27
21,1,6,1998,479755.93
21,1,9,1998,10350.86
21,1,11,1998,430984.25
21,1,12,1998,68955.39
21,1,15,1998,3029242.39
21,1,21,1998,214342.52
21,1,23,1998,6262.26
21,1,24,1998,39683.66
21,1,25,1998,11333.5
21,1,29,1998,91.57
21,1,30,1998,5416.16
21,1,31,1998,0.0
21,1,32,1998,32873.65
21,1,33,1998,316796.11
21,1,39,1998,0.0
21,1,41,1998,1823.5
21,1,50,1998,1.07
21,3,0,1998,86.38
21,3,3,1998,11425743.24
21,3,4,1998,7021156.07
21,3,5,1998,64758.89
21,3,6,1998,62.44
21,3,9,1998,946.12
21,3,11,1998,124149.03
21,3,12,1998,776286.96
21,3,15,1998,1403409.41
21,3,20,1998,870.18
21,3,21,1998,190919.61
21,3,23,1998,113087.79
21,3,24,1998,44334.93
21,3,25,1998,4419.72
21,3,29,1998,6755.07
21,3,30,1998,184.91
21,3,31,1998,9.11
21,3,32,1998,8796.1
21,3,33,1998,134207.08
21,3,39,1998,121292.91
21,3,41,1998,31113.19
21,3,48,1998,0.0
21,3,50,1998,233514.78
21,3,62,1998,0.0
21,3,91,1998,0.0
22,2,3,1998,1059549.91
22,2,4,1998,9370529.87
22,2,5,1998,5137.66
22,2,9,1998,0.0
22,2,11,1998,0.0
22,2,12,1998,15344.31
22,2,15,1998,1165500.9
22,2,21,1998,143145.37
22,2,23,1998,15529.4
22,2,24,1998,22611.84
22,2,25,1998,17453.36
22,2,29,1998,14335.44
22,2,31,1998,478.82
22,2,32,1998,1950.33
22,2,33,1998,26451.64
22,2,39,1998,22.19
22,2,41,1998,10469.17
22,2,48,1998,338.36
22,2,50,1998,4533.05
22,2,62,1998,0.0
22,2,75,1998,0.0
22,2,91,1998,0.0
22,3,3,1998,2390985.31
22,3,4,1998,9822584.6
22,3,5,1998,3.57
22,3,9,1998,0.0
22,3,11,1998,77622.76
22,3,12,1998,299193.88
22,3,15,1998,372977.01
22,3,20,1998,2867.13
22,3,21,1998,45514.3
22,3,23,1998,0.09
22,3,24,1998,33899.29
22,3,25,1998,40677.18
22,3,29,1998,76087.1
22,3,30,1998,271.4
22,3,31,1998,0.0
22,3,33,1998,66231.54
22,3,39,1998,37654.23
22,3,41,1998,35049.48
22,3,48,1998,0.0
22,3,62,1998,0.0
22,3,75,1998,0.0
23,2,3,1998,861320.36
23,2,4,1998,11003213.85
23,2,5,1998,16701.36
23,2,9,1998,1.52
23,2,12,1998,124.03
23,2,15,1998,2037694.06
23,2,21,1998,469263.92
23,2,23,1998,67314.98
23,2,24,1998,98410.37
23,2,25,1998,22179.98
23,2,29,1998,1920.2
23,2,30,1998,736.27
23,2,31,1998,1390.13
23,2,32,1998,5458.76
23,2,33,1998,174009.53
23,2,39,1998,0.0
23,2,41,1998,21783.37
23,2,48,1998,100860.97
23,2,50,1998,4480.93
23,2,75,1998,0.0
23,2,91,1998,0.0
24,2,3,1998,48699.43
24,2,4,1998,2783526.07
24,2,5,1998,5168.19
24,2,11,1998,0.0
24,2,12,1998,16143.93
24,2,13,1998,5724.68
24,2,15,1998,1534461.6
24,2,20,1998,2736.19
24,2,21,1998,375602.06
24,2,23,1998,40478.63
24,2,24,1998,31926.49
24,2,25,1998,5464.85
24,2,29,1998,4680.39
24,2,30,1998,0.0
24,2,31,1998,24615.16
24,2,32,1998,5205.55
24,2,33,1998,62549.17
24,2,41,1998,110110.76
24,2,48,1998,16255.78
24,2,49,1998,0.18
24,2,50,1998,1302.46
24,2,75,1998,0.0
24,2,91,1998,0.0
24,4,3,1998,28406.41
24,4,4,1998,931.16
24,4,5,1998,7290.51
24,4,9,1998,10.15
24,4,11,1998,5553.04
24,4,12,1998,0.0
24,4,15,1998,12026.38
24,4,20,1998,26199.33
24,4,21,1998,66650.62
24,4,23,1998,9541.81
24,4,24,1998,12856.57
24,4,25,1998,9.87
24,4,31,1998,631.53
24,4,32,1998,604.36
24,4,33,1998,9001.92
24,4,41,1998,8584.67
24,4,48,1998,75.24
24,4,49,1998,716.28
24,4,50,1998,15720.88
24,4,91,1998,0.0
25,2,3,1998,54602.84
25,2,4,1998,3235441.78
25,2,11,1998,0.0
25,2,12,1998,3294.15
25,2,13,1998,1530.14
25,2,15,1998,1762507.78
25,2,20,1998,12751.72
25,2,21,1998,93492.46
25,2,24,1998,21875.92
25,2,25,1998,9692.54
25,2,29,1998,4430.34
25,2,30,1998,8.53
25,2,31,1998,0.0
25,2,33,1998,36203.41
25,2,41,1998,25.12
25,2,48,1998,17.59
25,2,75,1998,0.0
25,2,91,1998,0.0
25,4,3,1998,62919.09
25,4,4,1998,16530.24
25,4,5,1998,11518.44
25,4,9,1998,409.18
25,4,11,1998,12828.16
25,4,15,1998,87125.31
25,4,20,1998,88802.06
25,4,21,1998,95134.43
25,4,23,1998,581.8
25,4,24,1998,14119.98
25,4,25,1998,39.57
25,4,30,1998,117.46
25,4,31,1998,267.09
25,4,32,1998,366.82
25,4,33,1998,4865.65
25,4,41,1998,14664.18
25,4,48,1998,0.0
25,4,50,1998,203.06
25,4,75,1998,0.0
25,4,91,1998,0.0
26,2,3,1998,50001.15
26,2,4,1998,5630902.45
26,2,12,1998,16260.43
26,2,13,1998,91125.89
26,2,15,1998,2160165.96
26,2,20,1998,688.77
26,2,21,1998,116598.84
26,2,24,1998,39769.32
26,2,25,1998,19236.66
26,2,29,1998,1126.86
26,2,30,1998,258.34
26,2,31,1998,33.69
26,2,33,1998,96406.43
26,2,41,1998,7017.91
26,2,48,1998,29265.46
26,2,75,1998,0.0
26,2,91,1998,0.0
26,4,3,1998,193376.31
26,4,4,1998,164656.54
26,4,5,1998,13982.3
26,4,9,1998,34.2
26,4,11,1998,3189.13
26,4,15,1998,646884.26
26,4,20,1998,381732.74
26,4,21,1998,88215.63
26,4,23,1998,253.81
26,4,24,1998,34033.4
26,4,25,1998,152.37
26,4,30,1998,406.59
26,4,31,1998,487.45
26,4,32,1998,1146.22
26,4,33,1998,16545.72
26,4,41,1998,1.68
26,4,50,1998,1.77
26,4,75,1998,0.0
26,4,91,1998,0.0
27,2,3,1998,6753.36
27,2,4,1998,377963.59
27,2,9,1998,0.0
27,2,11,1998,0.0
27,2,12,1998,806.8
27,2,13,1998,0.0
27,2,15,1998,913217.73
27,2,20,1998,544.29
27,2,21,1998,2890.24
27,2,24,1998,5364.27
27,2,25,1998,523.27
27,2,29,1998,16.34
27,2,30,1998,0.0
27,2,31,1998,2.29
27,2,33,1998,12961.15
27,2,41,1998,10.5
27,2,48,1998,20.82
27,4,3,1998,174145.31
27,4,4,1998,60817.02
27,4,5,1998,4061.35
27,4,9,1998,0.0
27,4,11,1998,13749.86
27,4,12,1998,9.86
27,4,15,1998,662413.34
27,4,20,1998,462180.84
27,4,21,1998,23461.46
27,4,23,1998,4079.21
27,4,24,1998,14935.03
27,4,25,1998,87.05
27,4,29,1998,22.36
27,4,31,1998,0.0
27,4,32,1998,97.41
27,4,33,1998,27196.05
27,4,41,1998,0.0
27,4,49,1998,2406.92
27,4,50,1998,11400.53
28,2,3,1998,24799.27
28,2,4,1998,351331.26
28,2,9,1998,1.76
28,2,12,1998,678.43
28,2,15,1998,822607.18
28,2,20,1998,17.32
28,2,21,1998,99.16
28,2,24,1998,3082.44
28,2,25,1998,885.06
28,2,30,1998,34.01
28,2,31,1998,0.0
28,2,33,1998,9877.98
28,2,41,1998,311.32
28,4,3,1998,91126.82
28,4,4,1998,2953.44
28,4,5,1998,20364.66
28,4,9,1998,476.43
28,4,11,1998,17959.86
28,4,12,1998,20346.95
28,4,15,1998,687157.32
28,4,20,1998,9031.99
28,4,21,1998,24534.24
28,4,23,1998,7815.52
28,4,24,1998,14353.35
28,4,25,1998,225.9
28,4,29,1998,36.61
28,4,30,1998,336.64
28,4,31,1998,310.47
28,4,32,1998,3096.57
28,4,33,1998,31803.45
28,4,41,1998,77.19
28,4,49,1998,638.41
28,4,50,1998,46072.65
28,4,91,1998,0.0
29,2,3,1998,1174328.12
29,2,4,1998,21012944.42
29,2,9,1998,3232.68
29,2,11,1998,0.0
29,2,12,1998,204668.0
29,2,13,1998,365957.37
29,2,15,1998,10046180.86
29,2,20,1998,15714.05
29,2,21,1998,1531782.99
29,2,23,1998,53682.05
29,2,24,1998,81723.59
29,2,25,1998,61975.67
29,2,29,1998,85811.47
29,2,30,1998,3746.46
29,2,31,1998,10.59
29,2,33,1998,446090.53
29,2,39,1998,0.0
29,2,41,1998,23090.67
29,2,46,1998,2950.85
29,2,48,1998,21823.34
29,2,62,1998,0.0
29,2,75,1998,0.0
29,2,91,1998,0.0
29,3,3,1998,324129.13
29,3,4,1998,7710827.89
29,3,9,1998,15510.42
29,3,11,1998,140897.06
29,3,12,1998,623209.77
29,3,15,1998,345002.79
29,3,21,1998,198062.84
29,3,24,1998,8154.53
29,3,25,1998,4023.48
29,3,29,1998,9458.17
29,3,31,1998,0.0
29,3,33,1998,11541.97
29,3,39,1998,225146.76
29,3,41,1998,710858.62
29,3,46,1998,15735.59
29,3,48,1998,1120.81
29,3,62,1998,0.0
29,3,75,1998,0.0
29,3,91,1998,0.0
29,4,3,1998,3319336.55
29,4,4,1998,802679.42
29,4,5,1998,67846.61
29,4,9,1998,252672.43
29,4,11,1998,113246.19
29,4,12,1998,34138.33
29,4,15,1998,5528550.05
29,4,20,1998,2216.52
29,4,21,1998,426718.89
29,4,23,1998,8362.1
29,4,24,1998,82819.59
29,4,25,1998,4466.7
29,4,29,1998,5951.25
29,4,30,1998,896.34
29,4,31,1998,1308.76
29,4,32,1998,6946.96
29,4,33,1998,209134.54
29,4,41,1998,712.95
29,4,46,1998,9860.61
29,4,48,1998,96.88
29,4,49,1998,17331.04
29,4,50,1998,97118.35
31,2,3,1998,92966.64
31,2,4,1998,1684571.14
31,2,9,1998,405.03
31,2,11,1998,0.0
31,2,12,1998,213.31
31,2,15,1998,1411078.47
31,2,20,1998,77.72
31,2,21,1998,13266.14
31,2,24,1998,7755.33
31,2,25,1998,4188.91
31,2,29,1998,3211.07
31,2,30,1998,113.95
31,2,33,1998,26201.82
31,2,39,1998,0.0
31,2,41,1998,13073.62
31,2,46,1998,853.57
31,2,48,1998,2983.57
31,2,62,1998,0.0
31,2,75,1998,0.0
31,3,0,1998,58.1
31,3,3,1998,4358279.76
31,3,4,1998,9554137.94
31,3,9,1998,777696.3
31,3,11,1998,487039.58
31,3,12,1998,1525792.63
31,3,15,1998,11862718.43
31,3,20,1998,104584.69
31,3,21,1998,579143.89
31,3,24,1998,107430.53
31,3,25,1998,34464.92
31,3,29,1998,669076.01
31,3,30,1998,9616.42
31,3,31,1998,12.14
31,3,33,1998,451785.22
31,3,39,1998,213202.98
31,3,41,1998,953956.32
31,3,46,1998,85121.13
31,3,47,1998,20853.8
31,3,48,1998,2271.03
31,3,62,1998,0.0
31,3,75,1998,0.0
31,4,3,1998,5688902.69
31,4,4,1998,2238940.17
31,4,9,1998,187070.2
31,4,11,1998,8531.01
31,4,12,1998,1042462.89
31,4,15,1998,12742352.98
31,4,20,1998,19243.31
31,4,21,1998,629690.93
31,4,23,1998,7.64
31,4,24,1998,172702.5
31,4,25,1998,7908.72
31,4,29,1998,39306.69
31,4,30,1998,33243.86
31,4,31,1998,0.0
31,4,33,1998,287831.54
31,4,39,1998,45.02
31,4,41,1998,183587.06
31,4,46,1998,309461.09
31,4,47,1998,1717.89
31,4,48,1998,171.5
32,4,3,1998,1027246.11
32,4,4,1998,4570.03
32,4,5,1998,6927.33
32,4,9,1998,143286.85
32,4,11,1998,107563.37
32,4,12,1998,81889.81
32,4,15,1998,2816061.95
32,4,20,1998,582.1
32,4,21,1998,120268.25
32,4,23,1998,5211.91
32,4,24,1998,49715.06
32,4,25,1998,1511.73
32,4,29,1998,28723.16
32,4,31,1998,7.53
32,4,32,1998,631.96
32,4,33,1998,48883.41
32,4,41,1998,21361.16
32,4,46,1998,95558.58
32,4,48,1998,329.77
32,4,49,1998,17573.73
32,4,50,1998,28040.05
33,4,3,1998,1248461.81
33,4,4,1998,716.08
33,4,5,1998,9072.21
33,4,9,1998,903.09
33,4,11,1998,94869.4
33,4,12,1998,107701.28
33,4,15,1998,2121005.58
33,4,20,1998,2.66
33,4,21,1998,262283.85
33,4,23,1998,22174.5
33,4,24,1998,163963.4
33,4,25,1998,3668.57
33,4,29,1998,5324.04
33,4,30,1998,677.95
33,4,31,1998,3910.98
33,4,32,1998,1546.8
33,4,33,1998,103966.78
33,4,39,1998,0.0
33,4,41,1998,146907.69
33,4,46,1998,0.17
33,4,48,1998,0.99
33,4,49,1998,24788.56
33,4,50,1998,50110.47
33,4,91,1998,0.0
35,3,3,1998,954024.79
35,3,4,1998,26557.93
35,3,9,1998,326445.69
35,3,11,1998,125980.21
35,3,12,1998,5430.79
35,3,15,1998,2024946.04
35,3,20,1998,1668860.2
35,3,21,1998,516549.02
35,3,24,1998,80708.07
35,3,25,1998,17122.59
35,3,30,1998,458.04
35,3,31,1998,15.76
35,3,33,1998,131880.85
35,3,39,1998,287757.27
35,3,41,1998,216450.84
35,3,46,1998,12946.79
35,3,47,1998,115441.96
35,3,48,1998,6314.12
35,3,62,1998,0.0
35,4,3,1998,3581753.19
35,4,4,1998,3.51
35,4,5,1998,16872.67
35,4,9,1998,205806.95
35,4,11,1998,194522.93
35,4,12,1998,101910.13
35,4,15,1998,8620734.75
35,4,20,1998,1529174.74
35,4,21,1998,1942365.52
35,4,23,1998,1762.1
35,4,24,1998,458282.14
35,4,25,1998,8708.19
35,4,29,1998,135.17
35,4,30,1998,4460.99
35,4,31,1998,318.05
35,4,32,1998,536.57
35,4,33,1998,530406.49
35,4,39,1998,209178.35
35,4,40,1998,0.0
35,4,41,1998,514978.64
35,4,46,1998,34614.19
35,4,47,1998,101957.26
35,4,48,1998,6985.29
35,4,49,1998,230354.04
35,4,50,1998,5049.8
35,4,62,1998,0.0
35,4,75,1998,0.0
41,3,3,1998,72206.51
41,3,4,1998,2.29
41,3,9,1998,51324.55
41,3,11,1998,986.55
41,3,12,1998,68197.36
41,3,15,1998,26387.66
41,3,21,1998,1884.31
41,3,24,1998,1632.83
41,3,25,1998,114.58
41,3,29,1998,4198.03
41,3,33,1998,672.93
41,3,39,1998,71889.66
41,3,41,1998,12909.6
41,3,46,1998,0.98
41,3,47,1998,1.47
41,3,48,1998,0.0
41,4,3,1998,4684072.96
41,4,5,1998,20979.78
41,4,9,1998,711078.78
41,4,11,1998,159026.19
41,4,12,1998,43036.63
41,4,15,1998,5832855.42
41,4,20,1998,132196.48
41,4,21,1998,1411423.48
41,4,23,1998,566.47
41,4,24,1998,210328.08
41,4,25,1998,2212.9
41,4,29,1998,75.93
41,4,30,1998,2695.91
41,4,31,1998,80.02
41,4,32,1998,332.14
41,4,33,1998,410584.3
41,4,39,1998,2871657.45
41,4,40,1998,225.44
41,4,41,1998,2944008.72
41,4,46,1998,42395.23
41,4,47,1998,663.65
41,4,48,1998,1045.82
41,4,49,1998,128539.84
41,4,50,1998,4493.31
41,4,62,1998,0.0
42,4,3,1998,4007191.56
42,4,5,1998,7603.64
42,4,9,1998,466115.98
42,4,11,1998,13806.18
42,4,12,1998,873716.03
42,4,15,1998,1500737.69
42,4,21,1998,825965.43
42,4,23,1998,6529.17
42,4,24,1998,136447.36
42,4,25,1998,1688.07
42,4,29,1998,1.41
42,4,30,1998,1340.68
42,4,31,1998,26.65
42,4,32,1998,655.57
42,4,33,1998,126568.04
42,4,39,1998,109336.0
42,4,40,1998,101592.66
42,4,41,1998,1236588.0
42,4,48,1998,1120.35
42,4,49,1998,94546.13
42,4,50,1998,18254.16
42,4,84,1998,21.74
42,4,91,1998,0.0
43,4,3,1998,2765454.56
43,4,9,1998,165326.51
43,4,11,1998,1757.02
43,4,12,1998,1470621.28
43,4,15,1998,907360.41
43,4,21,1998,799921.11
43,4,23,1998,510.28
43,4,24,1998,86091.8
43,4,25,1998,1936.68
43,4,29,1998,6.38
43,4,30,1998,6.45
43,4,31,1998,0.0
43,4,33,1998,102623.33
43,4,39,1998,1311533.18
43,4,40,1998,12038.94
43,4,41,1998,1129218.65
43,4,48,1998,7241.39
43,4,49,1998,1907.79
43,4,50,1998,5516.69
43,4,84,1998,5.63
43,4,91,1998,0.0
43,5,3,1998,2149984.01
43,5,9,1998,296900.31
43,5,11,1998,343725.37
43,5,12,1998,8184267.72
43,5,15,1998,339.28
43,5,21,1998,1341060.64
43,5,23,1998,158063.84
43,5,24,1998,108020.57
43,5,25,1998,46706.92
43,5,29,1998,23833.59
43,5,30,1998,2625.85
43,5,31,1998,75.95
43,5,33,1998,1857488.58
43,5,39,1998,1874508.88
43,5,40,1998,199860.56
43,5,41,1998,2662611.09
43,5,48,1998,33.1
43,5,49,1998,16727.02
43,5,50,1998,119271.09
43,5,84,1998,7411.78
43,5,91,1998,0.0
50,3,3,1998,4527577.2
50,3,4,1998,1417051.2
50,3,7,1998,2.52
50,3,9,1998,178825.81
50,3,11,1998,645565.65
50,3,12,1998,136566.09
50,3,15,1998,13458911.52
50,3,20,1998,14091.61
50,3,21,1998,311563.21
50,3,24,1998,45396.23
50,3,25,1998,5628.1
50,3,29,1998,4054.58
50,3,30,1998,329.27
50,3,31,1998,3.65
50,3,33,1998,101228.03
50,3,39,1998,940565.08
50,3,40,1998,1117.41
50,3,41,1998,436147.55
50,3,47,1998,155.25
50,3,62,1998,0.0
50,4,3,1998,386182.16
50,4,4,1998,1.83
50,4,9,1998,1343.35
50,4,11,1998,328872.63
50,4,12,1998,13.29
50,4,15,1998,2257008.95
50,4,20,1998,6434.99
50,4,21,1998,136244.5
50,4,24,1998,12564.81
50,4,25,1998,1214.95
50,4,31,1998,36.61
50,4,33,1998,171234.26
50,4,39,1998,256423.62
50,4,40,1998,0.0
50,4,41,1998,184803.8
50,4,47,1998,17.34
50,4,48,1998,1.82
50,6,0,1998,2.72
50,6,3,1998,1627478.49
50,6,4,1998,2043291.63
50,6,7,1998,193873.64
50,6,9,1998,7.49
50,6,11,1998,1023951.7
50,6,12,1998,3233308.94
50,6,13,1998,0.08
50,6,15,1998,571731.63
50,6,21,1998,8490.43
50,6,24,1998,2767.96
50,6,25,1998,154.53
50,6,29,1998,3207.91
50,6,30,1998,274.96
50,6,33,1998,1027062.53
50,6,39,1998,497.23
50,6,40,1998,5333.36
50,6,41,1998,1057.82
51,1,0,1998,744.8
51,1,3,1998,34562279.17
51,1,4,1998,992446.53
51,1,6,1998,3359965.17
51,1,7,1998,0.0
51,1,9,1998,5520.37
51,1,11,1998,965404.47
51,1,12,1998,625274.32
51,1,15,1998,8289736.59
51,1,20,1998,14509.23
51,1,21,1998,1085273.57
51,1,24,1998,34108.7
51,1,25,1998,50319.32
51,1,29,1998,191329.31
51,1,30,1998,49323.72
51,1,31,1998,5.46
51,1,33,1998,367366.82
51,1,39,1998,105598.41
51,1,41,1998,492176.19
51,1,62,1998,0.0
51,3,0,1998,611.19
51,3,3,1998,6840071.31
51,3,4,1998,12446210.12
51,3,6,1998,144.99
51,3,7,1998,0.17
51,3,9,1998,3162.63
51,3,11,1998,2550381.46
51,3,12,1998,1533968.1
51,3,15,1998,6067955.78
51,3,20,1998,185.51
51,3,21,1998,358179.14
51,3,24,1998,52787.63
51,3,25,1998,15482.29
51,3,29,1998,93221.54
51,3,30,1998,13307.84
51,3,31,1998,42.77
51,3,33,1998,188745.24
51,3,39,1998,2842910.98
51,3,41,1998,766186.67
51,3,62,1998,0.0
51,6,0,1998,631.11
51,6,3,1998,769989.65
51,6,4,1998,1550627.69
51,6,7,1998,122734.96
51,6,9,1998,8.0
51,6,11,1998,455485.59
51,6,12,1998,1485221.82
51,6,15,1998,325464.24
51,6,20,1998,0.0
51,6,21,1998,49918.1
51,6,24,1998,2446.6
51,6,25,1998,220.41
51,6,29,1998,0.09
51,6,30,1998,29.14
51,6,31,1998,0.0
51,6,33,1998,588120.9
51,6,39,1998,298.99
51,6,41,1998,269.69
52,3,3,1998,5920110.96
52,3,4,1998,7346534.41
52,3,9,1998,33500.43
52,3,11,1998,544369.03
52,3,12,1998,626134.46
52,3,15,1998,15055309.15
52,3,20,1998,30574.68
52,3,21,1998,517383.33
52,3,24,1998,148806.61
52,3,25,1998,9218.55
52,3,29,1998,151578.01
52,3,30,1998,2862.62
52,3,31,1998,34.56
52,3,33,1998,311812.15
52,3,39,1998,1760144.04
52,3,40,1998,2112.29
52,3,41,1998,1009379.9
52,3,46,1998,424.44
52,3,47,1998,45.91
52,3,48,1998,10.6
52,3,62,1998,0.0
52,3,75,1998,0.0
52,4,3,1998,76344.66
52,4,4,1998,9.2
52,4,9,1998,39.78
52,4,11,1998,23.67
52,4,12,1998,0.0
52,4,15,1998,353911.56
52,4,20,1998,1383.82
52,4,21,1998,14792.82
52,4,24,1998,623.21
52,4,25,1998,215.82
52,4,31,1998,0.0
52,4,33,1998,73321.32
52,4,39,1998,17093.51
52,4,41,1998,16178.75
53,3,3,1998,69586.05
53,3,4,1998,215948.95
53,3,9,1998,85.48
53,3,11,1998,2828.53
53,3,12,1998,33223.91
53,3,15,1998,112678.06
53,3,21,1998,2172.24
53,3,24,1998,54806.55
53,3,25,1998,1321.41
53,3,30,1998,361.0
53,3,31,1998,39.69
53,3,33,1998,6896.35
53,3,39,1998,62544.98
53,3,41,1998,13319.06
53,3,46,1998,153.17
53,3,48,1998,125.65
53,3,62,1998,0.0
11,1,0,1999,0.96
11,1,3,1999,16201630.36
11,1,4,1999,485346.76
11,1,6,1999,782231.61
11,1,9,1999,0.0
11,1,11,1999,606116.93
11,1,12,1999,269883.95
11,1,15,1999,4394156.01
11,1,21,1999,265300.87
11,1,24,1999,38532.62
11,1,25,1999,80485.57
11,1,29,1999,54393.46
11,1,30,1999,12364.69
11,1,31,1999,46.88
11,1,33,1999,306111.43
11,1,39,1999,62.17
11,1,41,1999,3068.53
11,1,75,1999,0.0
11,3,0,1999,24.98
11,3,3,1999,157385.4
11,3,4,1999,69901.5
11,3,9,1999,0.0
11,3,11,1999,1123.03
11,3,12,1999,5530.54
11,3,15,1999,7620.48
11,3,21,1999,1267.05
11,3,24,1999,3284.01
11,3,25,1999,2908.44
11,3,29,1999,0.0
11,3,33,1999,71.65
11,3,39,1999,5423.33
11,3,41,1999,9011.72
12,1,3,1999,15154635.47
12,1,4,1999,2644.1
12,1,6,1999,71676.63
12,1,11,1999,1590.94
12,1,12,1999,1459.04
12,1,15,1999,1016292.54
12,1,21,1999,20270.2
12,1,24,1999,22227.7
12,1,25,1999,26342.97
12,1,31,1999,6.69
12,1,33,1999,65860.17
12,1,39,1999,0.0
12,1,41,1999,0.0
13,1,3,1999,124799969.63
13,1,4,1999,226929.68
13,1,6,1999,22410231.81
13,1,11,1999,1391732.84
13,1,12,1999,602925.44
13,1,15,1999,528777.56
13,1,20,1999,0.0
13,1,21,1999,201273.42
13,1,24,1999,52184.62
13,1,25,1999,32598.13
13,1,29,1999,2180.88
13,1,30,1999,12490.56
13,1,31,1999,0.0
13,1,33,1999,5566601.75
13,1,35,1999,152.83
13,1,39,1999,0.0
13,1,41,1999,465.13
14,1,3,1999,14364716.76
14,1,4,1999,265383.96
14,1,6,1999,2577663.48
14,1,9,1999,0.0
14,1,11,1999,1060865.61
14,1,12,1999,2930174.19
14,1,15,1999,327792.59
14,1,21,1999,44028.28
14,1,24,1999,16453.25
14,1,25,1999,7093.1
14,1,29,1999,81904.61
14,1,30,1999,1957.21
14,1,31,1999,37.59
14,1,33,1999,636485.16
14,1,35,1999,233.09
14,1,39,1999,0.0
14,1,41,1999,1788.57
15,1,0,1999,12.55
15,1,3,1999,95975736.65
15,1,4,1999,1289236.77
15,1,5,1999,230136.15
15,1,6,1999,7139524.91
15,1,9,1999,36574.71
15,1,11,1999,2218607.03
15,1,12,1999,1004866.81
15,1,15,1999,9739992.52
15,1,20,1999,0.0
15,1,21,1999,895852.92
15,1,23,1999,2717.66
15,1,24,1999,115694.8
15,1,25,1999,89463.04
15,1,29,1999,227639.01
15,1,30,1999,77336.9
15,1,31,1999,7.93
15,1,32,1999,3462.55
15,1,33,1999,4564709.91
15,1,35,1999,55524.45
15,1,39,1999,0.0
15,1,40,1999,0.0
15,1,41,1999,3451.65
15,3,0,1999,117.72
15,3,3,1999,210064.8
15,3,4,1999,281725.87
15,3,6,1999,116.49
15,3,9,1999,1.15
15,3,11,1999,60669.26
15,3,12,1999,145584.57
15,3,15,1999,144516.18
15,3,21,1999,548.82
15,3,24,1999,1623.16
15,3,25,1999,26.5
15,3,29,1999,1.68
15,3,30,1999,30.19
15,3,31,1999,0.0
15,3,33,1999,25975.81
15,3,39,1999,0.0
15,3,41,1999,0.0
16,1,3,1999,9963782.48
16,1,4,1999,3266.59
16,1,5,1999,92486.17
16,1,6,1999,1579961.2
16,1,9,1999,81333.95
16,1,11,1999,1882380.42
16,1,12,1999,28453.82
16,1,15,1999,9092.92
16,1,21,1999,23826.38
16,1,24,1999,12901.17
16,1,25,1999,3156.22
16,1,30,1999,2824.99
16,1,31,1999,0.0
16,1,33,1999,508280.41
16,1,39,1999,0.0
16,1,41,1999,14.03
17,1,0,1999,2.04
17,1,3,1999,469150.8
17,1,4,1999,17710.36
17,1,6,1999,162220.93
17,1,9,1999,0.0
17,1,11,1999,24236.29
17,1,12,1999,62197.96
17,1,15,1999,1499909.22
17,1,21,1999,148800.98
17,1,24,1999,2101.55
17,1,25,1999,1996.88
17,1,29,1999,28876.51
17,1,30,1999,0.0
17,1,31,1999,0.0
17,1,33,1999,44217.97
17,1,39,1999,0.0
17,1,40,1999,0.0
17,1,41,1999,136.22
17,3,0,1999,32.02
17,3,3,1999,5765350.9
17,3,4,1999,11460112.75
17,3,6,1999,11.08
17,3,9,1999,1432.4
17,3,11,1999,2154512.01
17,3,12,1999,1588732.97
17,3,15,1999,3802287.91
17,3,20,1999,726.79
17,3,21,1999,129655.98
17,3,23,1999,333.04
17,3,24,1999,43649.05
17,3,25,1999,4782.7
17,3,29,1999,41033.59
17,3,30,1999,241.61
17,3,31,1999,0.0
17,3,33,1999,215355.04
17,3,39,1999,35226.36
17,3,40,1999,15683.08
17,3,41,1999,21636.56
17,3,62,1999,0.0
17,3,75,1999,0.0
21,1,0,1999,1.16
21,1,3,1999,5852567.85
21,1,4,1999,136914.92
21,1,5,1999,405506.13
21,1,6,1999,456746.86
21,1,9,1999,17269.92
21,1,11,1999,421217.98
21,1,12,1999,69153.82
21,1,15,1999,3310922.3
21,1,21,1999,133298.25
21,1,23,1999,6031.67
21,1,24,1999,41014.32
21,1,25,1999,14392.54
21,1,29,1999,91.31
21,1,30,1999,5579.58
21,1,31,1999,0.0
21,1,32,1999,32629.46
21,1,33,1999,334853.06
21,1,39,1999,0.0
21,1,41,1999,1530.28
21,1,50,1999,1.34
21,3,0,1999,85.4
21,3,3,1999,11346867.52
21,3,4,1999,6983836.15
21,3,5,1999,64884.81
21,3,6,1999,61.19
21,3,9,1999,1632.12
21,3,11,1999,123508.01
21,3,12,1999,775513.86
21,3,15,1999,1472815.85
21,3,20,1999,872.83
21,3,21,1999,207313.75
21,3,23,1999,110167.44
21,3,24,1999,45465.58
21,3,25,1999,3784.11
21,3,29,1999,6756.93
21,3,30,1999,201.04
21,3,31,1999,11.34
21,3,32,1999,8963.97
21,3,33,1999,138634.86
21,3,39,1999,138235.14
21,3,41,1999,42334.63
21,3,48,1999,0.0
21,3,50,1999,234157.37
21,3,62,1999,0.0
21,3,91,1999,0.0
22,2,3,1999,1059428.46
22,2,4,1999,9340557.05
22,2,5,1999,5121.95
22,2,9,1999,0.0
22,2,11,1999,0.0
22,2,12,1999,16777.36
22,2,15,1999,1183619.99
22,2,21,1999,148566.31
22,2,23,1999,15752.51
22,2,24,1999,23036.23
22,2,25,1999,17686.27
22,2,29,1999,14350.88
22,2,31,1999,567.83
22,2,32,1999,2195.13
22,2,33,1999,28382.82
22,2,39,1999,42.02
22,2,41,1999,12548.45
22,2,48,1999,358.15
22,2,50,1999,4390.2
22,2,62,1999,0.0
22,2,75,1999,0.0
22,2,91,1999,0.0
22,3,3,1999,2361465.33
22,3,4,1999,9802305.62
22,3,5,1999,3.04
22,3,9,1999,0.0
22,3,11,1999,80678.68
22,3,12,1999,299400.66
22,3,15,1999,388654.44
22,3,20,1999,2855.19
22,3,21,1999,45678.71
22,3,23,1999,0.27
22,3,24,1999,35272.21
22,3,25,1999,41431.45
22,3,29,1999,76085.94
22,3,30,1999,271.49
22,3,31,1999,0.0
22,3,33,1999,67996.81
22,3,39,1999,44421.33
22,3,41,1999,55097.7
22,3,48,1999,0.0
22,3,62,1999,0.0
22,3,75,1999,0.0
23,2,3,1999,847566.91
23,2,4,1999,11147420.2
23,2,5,1999,16700.68
23,2,9,1999,1.52
23,2,12,1999,106.3
23,2,15,1999,2000313.91
23,2,21,1999,298953.51
23,2,23,1999,65904.72
23,2,24,1999,101367.5
23,2,25,1999,22072.31
23,2,29,1999,1919.58
23,2,30,1999,756.76
23,2,31,1999,1428.2
23,2,32,1999,5756.25
23,2,33,1999,183612.47
23,2,39,1999,0.0
23,2,41,1999,53959.22
23,2,48,1999,134228.26
23,2,50,1999,4796.28
23,2,75,1999,0.0
23,2,91,1999,0.0
24,2,3,1999,55003.66
24,2,4,1999,2812325.23
24,2,5,1999,5197.12
24,2,11,1999,0.27
24,2,12,1999,15510.22
24,2,13,1999,5895.04
24,2,15,1999,1561651.39
24,2,20,1999,2763.21
24,2,21,1999,283418.99
24,2,23,1999,40729.14
24,2,24,1999,32975.96
24,2,25,1999,5106.72
24,2,29,1999,4943.2
24,2,30,1999,0.0
24,2,31,1999,24679.36
24,2,32,1999,5170.47
24,2,33,1999,65611.06
24,2,41,1999,135794.41
24,2,48,1999,15393.06
24,2,49,1999,0.18
24,2,50,1999,2482.86
24,2,75,1999,0.0
24,2,91,1999,0.0
24,4,3,1999,26325.97
24,4,4,1999,906.54
24,4,5,1999,7220.99
24,4,9,1999,9.7
24,4,11,1999,5292.91
24,4,12,1999,0.0
24,4,15,1999,15557.32
24,4,20,1999,25774.14
24,4,21,1999,60189.71
24,4,23,1999,9061.84
24,4,24,1999,12963.39
24,4,25,1999,9.51
24,4,31,1999,922.84
24,4,32,1999,762.12
24,4,33,1999,8746.47
24,4,41,1999,14354.49
24,4,48,1999,76.4
24,4,49,1999,715.13
24,4,50,1999,15921.25
24,4,91,1999,0.0
25,2,3,1999,57846.37
25,2,4,1999,3256881.09
25,2,11,1999,0.0
25,2,12,1999,3361.23
25,2,13,1999,1579.39
25,2,15,1999,1732814.42
25,2,20,1999,13010.95
25,2,21,1999,93350.51
25,2,24,1999,22576.19
25,2,25,1999,9719.87
25,2,29,1999,4655.43
25,2,30,1999,8.53
25,2,31,1999,0.0
25,2,33,1999,39983.49
25,2,41,1999,58.51
25,2,48,1999,28.34
25,2,75,1999,0.0
25,2,91,1999,0.0
25,4,3,1999,62762.25
25,4,4,1999,16594.02
25,4,5,1999,11597.26
25,4,9,1999,452.14
25,4,11,1999,12784.54
25,4,15,1999,81734.04
25,4,20,1999,88300.7
25,4,21,1999,97156.31
25,4,23,1999,593.69
25,4,24,1999,14678.82
25,4,25,1999,53.86
25,4,30,1999,129.16
25,4,31,1999,275.88
25,4,32,1999,378.35
25,4,33,1999,4565.99
25,4,41,1999,18220.81
25,4,48,1999,0.0
25,4,50,1999,214.69
25,4,75,1999,0.0
25,4,91,1999,0.0
26,2,3,1999,49905.94
26,2,4,1999,5611529.4
26,2,12,1999,14392.56
26,2,13,1999,91032.26
26,2,15,1999,2190576.9
26,2,20,1999,688.42
26,2,21,1999,101058.88
26,2,24,1999,40868.89
26,2,25,1999,19680.85
26,2,29,1999,1129.95
26,2,30,1999,263.65
26,2,31,1999,28.12
26,2,33,1999,98037.21
26,2,41,1999,7374.95
26,2,48,1999,32290.16
26,2,75,1999,0.0
26,2,91,1999,0.0
26,4,3,1999,194693.13
26,4,4,1999,157676.5
26,4,5,1999,13975.63
26,4,9,1999,26.05
26,4,11,1999,3200.95
26,4,15,1999,649563.1
26,4,20,1999,381997.68
26,4,21,1999,89770.15
26,4,23,1999,298.52
26,4,24,1999,35645.53
26,4,25,1999,227.5
26,4,30,1999,430.49
26,4,31,1999,756.24
26,4,32,1999,1133.13
26,4,33,1999,15695.1
26,4,41,1999,10.44
26,4,50,1999,0.0
26,4,75,1999,0.0
26,4,91,1999,0.0
27,2,3,1999,6590.35
27,2,4,1999,376834.72
27,2,9,1999,0.0
27,2,11,1999,0.0
27,2,12,1999,670.13
27,2,13,1999,0.0
27,2,15,1999,913595.89
27,2,20,1999,544.47
27,2,21,1999,3548.84
27,2,24,1999,5565.54
27,2,25,1999,505.95
27,2,29,1999,16.34
27,2,30,1999,0.0
27,2,31,1999,3.44
27,2,33,1999,13187.96
27,2,41,1999,4.06
27,2,48,1999,6.97
27,4,3,1999,172661.33
27,4,4,1999,58801.77
27,4,5,1999,4067.07
27,4,9,1999,0.0
27,4,11,1999,14097.84
27,4,12,1999,6.51
27,4,15,1999,664261.36
27,4,20,1999,463470.11
27,4,21,1999,22792.22
27,4,23,1999,4148.65
27,4,24,1999,15735.31
27,4,25,1999,102.39
27,4,29,1999,22.8
27,4,31,1999,0.0
27,4,32,1999,88.33
27,4,33,1999,26937.34
27,4,41,1999,7.67
27,4,49,1999,2448.36
27,4,50,1999,11414.52
28,2,3,1999,24899.96
28,2,4,1999,355705.7
28,2,9,1999,1.93
28,2,12,1999,662.56
28,2,15,1999,817942.42
28,2,20,1999,17.32
28,2,21,1999,89.72
28,2,24,1999,3203.3
28,2,25,1999,846.15
28,2,30,1999,36.82
28,2,31,1999,0.0
28,2,33,1999,10154.68
28,2,41,1999,164.61
28,4,3,1999,89335.91
28,4,4,1999,3020.73
28,4,5,1999,20591.51
28,4,9,1999,538.15
28,4,11,1999,17990.73
28,4,12,1999,20303.16
28,4,15,1999,687362.52
28,4,20,1999,9028.3
28,4,21,1999,24112.29
28,4,23,1999,7778.07
28,4,24,1999,14930.79
28,4,25,1999,296.85
28,4,29,1999,39.6
28,4,30,1999,361.41
28,4,31,1999,374.8
28,4,32,1999,3110.27
28,4,33,1999,32122.22
28,4,41,1999,96.33
28,4,49,1999,675.4
28,4,50,1999,46649.45
28,4,91,1999,0.0
29,2,3,1999,1168072.42
29,2,4,1999,20896177.26
29,2,9,1999,3280.31
29,2,11,1999,0.0
29,2,12,1999,215693.13
29,2,13,1999,359059.08
29,2,15,1999,10137624.82
29,2,20,1999,16202.95
29,2,21,1999,1542223.08
29,2,23,1999,55785.24
29,2,24,1999,83739.0
29,2,25,1999,62699.72
29,2,29,1999,86118.52
29,2,30,1999,3762.99
29,2,31,1999,10.77
29,2,33,1999,430612.16
29,2,39,1999,0.0
29,2,41,1999,45254.15
29,2,46,1999,3833.11
29,2,48,1999,25565.02
29,2,62,1999,0.0
29,2,75,1999,0.0
29,2,91,1999,0.0
29,3,3,1999,322063.36
29,3,4,1999,7659314.2
29,3,9,1999,14778.82
29,3,11,1999,142314.2
29,3,12,1999,624739.46
29,3,15,1999,352921.93
29,3,21,1999,169684.47
29,3,24,1999,8294.17
29,3,25,1999,3954.17
29,3,29,1999,9456.17
29,3,31,1999,0.0
29,3,33,1999,12156.63
29,3,39,1999,303996.94
29,3,41,1999,702081.06
29,3,46,1999,16555.8
29,3,48,1999,1368.46
29,3,62,1999,0.0
29,3,75,1999,0.0
29,3,91,1999,0.0
29,4,3,1999,3296255.91
29,4,4,1999,805385.65
29,4,5,1999,67804.37
29,4,9,1999,279742.99
29,4,11,1999,112901.36
29,4,12,1999,33649.93
29,4,15,1999,5537686.07
29,4,20,1999,2217.54
29,4,21,1999,405794.62
29,4,23,1999,8392.95
29,4,24,1999,84919.61
29,4,25,1999,4478.57
29,4,29,1999,5923.05
29,4,30,1999,921.49
29,4,31,1999,1359.76
29,4,32,1999,6953.11
29,4,33,1999,212112.85
29,4,41,1999,1143.11
29,4,46,1999,10546.02
29,4,48,1999,125.35
29,4,49,1999,17125.96
29,4,50,1999,96970.75
31,2,3,1999,93063.42
31,2,4,1999,1678065.88
31,2,9,1999,536.34
31,2,11,1999,0.0
31,2,12,1999,351.64
31,2,15,1999,1413008.4
31,2,20,1999,77.8
31,2,21,1999,16677.75
31,2,24,1999,7951.7
31,2,25,1999,4235.3
31,2,29,1999,3212.65
31,2,30,1999,111.21
31,2,33,1999,26244.74
31,2,39,1999,0.0
31,2,41,1999,13131.14
31,2,46,1999,1015.38
31,2,48,1999,3276.95
31,2,62,1999,0.0
31,2,75,1999,0.0
31,3,0,1999,57.76
31,3,3,1999,4312023.62
31,3,4,1999,9521718.86
31,3,9,1999,774647.86
31,3,11,1999,481619.16
31,3,12,1999,1529832.55
31,3,15,1999,11831829.18
31,3,20,1999,113245.01
31,3,21,1999,602153.1
31,3,24,1999,110638.6
31,3,25,1999,33792.82
31,3,29,1999,669091.65
31,3,30,1999,10031.3
31,3,31,1999,16.54
31,3,33,1999,440747.31
31,3,39,1999,219799.78
31,3,41,1999,1010570.78
31,3,46,1999,110154.76
31,3,47,1999,22547.39
31,3,48,1999,2723.78
31,3,62,1999,0.0
31,3,75,1999,0.0
31,4,3,1999,5664743.01
31,4,4,1999,2209420.4
31,4,9,1999,188860.74
31,4,11,1999,8729.51
31,4,12,1999,1027831.19
31,4,15,1999,12733339.6
31,4,20,1999,20677.97
31,4,21,1999,640556.2
31,4,23,1999,7.56
31,4,24,1999,178485.85
31,4,25,1999,8472.16
31,4,29,1999,39120.46
31,4,30,1999,34278.98
31,4,31,1999,0.0
31,4,33,1999,281587.87
31,4,39,1999,53.16
31,4,41,1999,209002.65
31,4,46,1999,345636.71
31,4,47,1999,2169.09
31,4,48,1999,204.59
32,4,3,1999,1021278.85
32,4,4,1999,4817.57
32,4,5,1999,6968.3
32,4,9,1999,143844.93
32,4,11,1999,104132.45
32,4,12,1999,82132.08
32,4,15,1999,2809045.4
32,4,20,1999,583.62
32,4,21,1999,128346.53
32,4,23,1999,4990.37
32,4,24,1999,51209.05
32,4,25,1999,1781.22
32,4,29,1999,28733.52
32,4,31,1999,7.61
32,4,32,1999,643.9
32,4,33,1999,49557.15
32,4,41,1999,21680.08
32,4,46,1999,99883.16
32,4,48,1999,328.85
32,4,49,1999,17642.44
32,4,50,1999,28336.79
33,4,3,1999,1249239.47
33,4,4,1999,711.4
33,4,5,1999,9079.92
33,4,9,1999,963.33
33,4,11,1999,95432.59
33,4,12,1999,100097.27
33,4,15,1999,2127096.47
33,4,20,1999,1.0
33,4,21,1999,252011.43
33,4,23,1999,22959.8
33,4,24,1999,169872.18
33,4,25,1999,4016.35
33,4,29,1999,5270.44
33,4,30,1999,695.91
33,4,31,1999,3885.93
33,4,32,1999,1536.7
33,4,33,1999,105146.73
33,4,39,1999,0.0
33,4,41,1999,148656.03
33,4,46,1999,0.25
33,4,48,1999,0.0
33,4,49,1999,24957.96
33,4,50,1999,50425.71
33,4,91,1999,0.0
35,3,3,1999,947486.4
35,3,4,1999,26628.16
35,3,9,1999,331805.54
35,3,11,1999,125215.54
35,3,12,1999,5381.5
35,3,15,1999,1976076.7
35,3,20,1999,1673604.99
35,3,21,1999,510783.77
35,3,24,1999,83903.24
35,3,25,1999,15057.49
35,3,30,1999,458.39
35,3,31,1999,15.09
35,3,33,1999,131327.89
35,3,39,1999,370061.75
35,3,41,1999,172211.93
35,3,46,1999,15662.39
35,3,47,1999,125423.05
35,3,48,1999,6787.14
35,3,62,1999,0.0
35,4,3,1999,3573056.47
35,4,4,1999,3.24
35,4,5,1999,16996.23
35,4,9,1999,212187.07
35,4,11,1999,205092.76
35,4,12,1999,100528.84
35,4,15,1999,8580706.19
35,4,20,1999,1602923.61
35,4,21,1999,1893354.9
35,4,23,1999,1774.93
35,4,24,1999,471033.14
35,4,25,1999,9927.34
35,4,29,1999,131.46
35,4,30,1999,4533.93
35,4,31,1999,321.62
35,4,32,1999,570.82
35,4,33,1999,544784.56
35,4,39,1999,237538.21
35,4,40,1999,0.0
35,4,41,1999,459904.88
35,4,46,1999,38021.81
35,4,47,1999,104764.31
35,4,48,1999,7137.61
35,4,49,1999,230585.96
35,4,50,1999,4991.75
35,4,62,1999,0.0
35,4,75,1999,0.0
41,3,3,1999,71759.05
41,3,4,1999,7.03
41,3,9,1999,52151.55
41,3,11,1999,1005.99
41,3,12,1999,65470.06
41,3,15,1999,22818.57
41,3,21,1999,1449.43
41,3,24,1999,1659.23
41,3,25,1999,119.49
41,3,29,1999,4199.9
41,3,33,1999,534.27
41,3,39,1999,81544.53
41,3,41,1999,9683.58
41,3,46,1999,1.06
41,3,47,1999,5.55
41,3,48,1999,0.0
41,4,3,1999,4679391.66
41,4,5,1999,20248.17
41,4,9,1999,704692.72
41,4,11,1999,161435.0
41,4,12,1999,40758.43
41,4,15,1999,5793723.27
41,4,20,1999,148787.44
41,4,21,1999,1434128.06
41,4,23,1999,597.43
41,4,24,1999,215708.07
41,4,25,1999,3035.65
41,4,29,1999,75.03
41,4,30,1999,2806.25
41,4,31,1999,116.69
41,4,32,1999,343.87
41,4,33,1999,414609.42
41,4,39,1999,3298732.71
41,4,40,1999,1049.68
41,4,41,1999,2516496.42
41,4,46,1999,42277.12
41,4,47,1999,941.34
41,4,48,1999,1051.13
41,4,49,1999,129042.49
41,4,50,1999,4526.9
41,4,62,1999,0.0
42,4,3,1999,3983700.07
42,4,5,1999,7563.92
42,4,9,1999,478841.61
42,4,11,1999,14332.26
42,4,12,1999,865202.37
42,4,15,1999,1462106.12
42,4,21,1999,826990.89
42,4,23,1999,6503.42
42,4,24,1999,141046.63
42,4,25,1999,1884.54
42,4,29,1999,1.41
42,4,30,1999,1440.29
42,4,31,1999,38.97
42,4,32,1999,679.12
42,4,33,1999,129402.29
42,4,39,1999,126453.23
42,4,40,1999,108820.29
42,4,41,1999,1262851.49
42,4,48,1999,1068.1
42,4,49,1999,92592.33
42,4,50,1999,18311.41
42,4,84,1999,21.74
42,4,91,1999,0.0
43,4,3,1999,2756425.57
43,4,9,1999,168827.42
43,4,11,1999,1860.52
43,4,12,1999,1462457.1
43,4,15,1999,920516.34
43,4,21,1999,828415.46
43,4,23,1999,496.85
43,4,24,1999,89595.07
43,4,25,1999,2474.53
43,4,29,1999,5.98
43,4,30,1999,7.8
43,4,31,1999,0.0
43,4,33,1999,104739.46
43,4,39,1999,1343710.4
43,4,40,1999,29373.25
43,4,41,1999,1045064.68
43,4,48,1999,7419.35
43,4,49,1999,2063.45
43,4,50,1999,5619.2
43,4,84,1999,5.63
43,4,91,1999,0.0
43,5,3,1999,2169399.2
43,5,9,1999,303382.65
43,5,11,1999,345909.56
43,5,12,1999,8076825.83
43,5,15,1999,349.44
43,5,21,1999,1390073.71
43,5,23,1999,158691.07
43,5,24,1999,111014.86
43,5,25,1999,50089.71
43,5,29,1999,23844.32
43,5,30,1999,2719.19
43,5,31,1999,90.25
43,5,33,1999,1857545.66
43,5,39,1999,1877436.67
43,5,40,1999,445578.82
43,5,41,1999,2437630.28
43,5,48,1999,36.51
43,5,49,1999,16751.36
43,5,50,1999,118687.6
43,5,84,1999,7459.48
43,5,91,1999,0.0
50,3,3,1999,4455769.14
50,3,4,1999,1374518.18
50,3,7,1999,0.08
50,3,9,1999,180259.57
50,3,11,1999,628618.46
50,3,12,1999,136474.04
50,3,15,1999,13554906.65
50,3,20,1999,14927.62
50,3,21,1999,328234.73
50,3,24,1999,46278.55
50,3,25,1999,4899.69
50,3,29,1999,4063.71
50,3,30,1999,333.12
50,3,31,1999,3.65
50,3,33,1999,100981.11
50,3,39,1999,957578.85
50,3,40,1999,1081.98
50,3,41,1999,435686.34
50,3,47,1999,164.48
50,3,62,1999,0.0
50,4,3,1999,375045.99
50,4,4,1999,2.33
50,4,9,1999,1264.53
50,4,11,1999,286061.03
50,4,12,1999,13.62
50,4,15,1999,2233560.23
50,4,20,1999,6227.44
50,4,21,1999,151253.17
50,4,24,1999,12704.31
50,4,25,1999,1359.13
50,4,31,1999,48.94
50,4,33,1999,233753.7
50,4,39,1999,229659.5
50,4,40,1999,0.0
50,4,41,1999,211412.08
50,4,47,1999,31.09
50,4,48,1999,1.82
50,6,0,1999,3.23
50,6,3,1999,1613650.19
50,6,4,1999,1983906.43
50,6,7,1999,226768.22
50,6,9,1999,4.6
50,6,11,1999,1494456.03
50,6,12,1999,2736757.03
50,6,13,1999,0.0
50,6,15,1999,617045.36
50,6,21,1999,9463.19
50,6,24,1999,2814.65
50,6,25,1999,153.18
50,6,29,1999,3207.91
50,6,30,1999,326.71
50,6,33,1999,1047158.88
50,6,39,1999,376.52
50,6,40,1999,5241.06
50,6,41,1999,1159.85
51,1,0,1999,726.44
51,1,3,1999,33894850.35
51,1,4,1999,947140.09
51,1,6,1999,3271913.02
51,1,7,1999,0.09
51,1,9,1999,6630.34
51,1,11,1999,962077.24
51,1,12,1999,622354.57
51,1,15,1999,8833495.8
51,1,20,1999,17254.77
51,1,21,1999,1267668.45
51,1,24,1999,35151.93
51,1,25,1999,55020.49
51,1,29,1999,191534.38
51,1,30,1999,49666.52
51,1,31,1999,12.27
51,1,33,1999,363840.1
51,1,39,1999,131027.33
51,1,41,1999,541017.96
51,1,62,1999,0.0
51,3,0,1999,569.4
51,3,3,1999,6771366.49
51,3,4,1999,12179211.05
51,3,6,1999,142.28
51,3,7,1999,0.43
51,3,9,1999,3656.72
51,3,11,1999,2551532.28
51,3,12,1999,1520869.32
51,3,15,1999,6259048.35
51,3,20,1999,336.84
51,3,21,1999,353845.81
51,3,24,1999,53991.88
51,3,25,1999,15262.66
51,3,29,1999,93272.46
51,3,30,1999,13330.2
51,3,31,1999,189.24
51,3,33,1999,184919.85
51,3,39,1999,3138290.02
51,3,41,1999,633720.1
51,3,62,1999,0.0
51,6,0,1999,614.08
51,6,3,1999,762598.58
51,6,4,1999,1414959.44
51,6,7,1999,205611.45
51,6,9,1999,7.66
51,6,11,1999,835843.33
51,6,12,1999,1029286.0
51,6,15,1999,371533.48
51,6,20,1999,0.0
51,6,21,1999,52464.58
51,6,24,1999,2467.41
51,6,25,1999,232.18
51,6,29,1999,0.09
51,6,30,1999,27.59
51,6,31,1999,0.0
51,6,33,1999,675193.12
51,6,39,1999,299.82
51,6,41,1999,328.16
52,3,3,1999,5864760.65
52,3,4,1999,7209374.68
52,3,9,1999,35576.08
52,3,11,1999,537906.59
52,3,12,1999,630754.6
52,3,15,1999,15141308.48
52,3,20,1999,31408.48
52,3,21,1999,536487.23
52,3,24,1999,152630.01
52,3,25,1999,8827.36
52,3,29,1999,151615.05
52,3,30,1999,3101.32
52,3,31,1999,57.75
52,3,33,1999,311554.1
52,3,39,1999,1862150.55
52,3,40,1999,2175.36
52,3,41,1999,989999.45
52,3,46,1999,576.76
52,3,47,1999,71.04
52,3,48,1999,10.6
52,3,62,1999,0.0
52,3,75,1999,0.0
52,4,3,1999,76175.12
52,4,4,1999,10.22
52,4,9,1999,34.16
52,4,11,1999,23.84
52,4,12,1999,0.0
52,4,15,1999,359987.25
52,4,20,1999,1351.43
52,4,21,1999,16245.2
52,4,24,1999,639.82
52,4,25,1999,317.99
52,4,31,1999,0.0
52,4,33,1999,70202.18
52,4,39,1999,15177.53
52,4,41,1999,13773.38
53,3,3,1999,69150.53
53,3,4,1999,212445.33
53,3,9,1999,89.61
53,3,11,1999,2983.29
53,3,12,1999,34363.07
53,3,15,1999,114155.16
53,3,21,1999,2176.82
53,3,24,1999,56131.59
53,3,25,1999,1276.28
53,3,30,1999,372.04
53,3,31,1999,44.51
53,3,33,1999,6876.6
53,3,39,1999,62387.58
53,3,41,1999,13341.38
53,3,46,1999,174.55
53,3,48,1999,122.72
53,3,62,1999,0.0
11,1,0,2000,1.49
11,1,3,2000,15951534.4
11,1,4,2000,483930.07
11,1,6,2000,787759.61
11,1,9,2000,5.76
11,1,11,2000,671673.06
11,1,12,2000,268569.15
11,1,15,2000,4681880.32
11,1,21,2000,231709.95
11,1,24,2000,39342.99
11,1,25,2000,78876.33
11,1,29,2000,54354.88
11,1,30,2000,12535.81
11,1,31,2000,41.27
11,1,33,2000,229962.66
11,1,39,2000,2491.33
11,1,41,2000,5063.75
11,1,75,2000,0.0
11,3,0,2000,24.29
11,3,3,2000,157015.19
11,3,4,2000,69098.12
11,3,9,2000,5.41
11,3,11,2000,984.08
11,3,12,2000,6742.36
11,3,15,2000,7789.51
11,3,21,2000,1736.3
11,3,24,2000,3289.68
11,3,25,2000,2104.92
11,3,29,2000,0.0
11,3,33,2000,60.31
11,3,39,2000,6969.9
11,3,41,2000,7732.08
12,1,3,2000,15094464.56
12,1,4,2000,2642.71
12,1,6,2000,73161.38
12,1,11,2000,1766.89
12,1,12,2000,1501.22
12,1,15,2000,1082537.59
12,1,21,2000,19526.85
12,1,24,2000,22309.73
12,1,25,2000,26633.0
12,1,31,2000,9.5
12,1,33,2000,58354.09
12,1,39,2000,0.0
12,1,41,2000,98.9
13,1,3,2000,124800584.46
13,1,4,2000,227330.74
13,1,6,2000,22593867.69
13,1,11,2000,1679038.03
13,1,12,2000,602988.02
13,1,15,2000,565143.88
13,1,20,2000,0.0
13,1,21,2000,162832.95
13,1,24,2000,52630.27
13,1,25,2000,34380.28
13,1,29,2000,2179.73
13,1,30,2000,13086.59
13,1,31,2000,4.29
13,1,33,2000,5093538.19
13,1,35,2000,485.16
13,1,39,2000,0.0
13,1,41,2000,424.01
14,1,3,2000,14339763.95
14,1,4,2000,272909.38
14,1,6,2000,2591883.02
14,1,9,2000,0.0
14,1,11,2000,1249120.14
14,1,12,2000,2929048.67
14,1,15,2000,361971.73
14,1,21,2000,50661.0
14,1,24,2000,16633.48
14,1,25,2000,7114.85
14,1,29,2000,81900.42
14,1,30,2000,1997.1
14,1,31,2000,46.34
14,1,33,2000,410118.58
14,1,35,2000,201.9
14,1,39,2000,80.35
14,1,41,2000,3126.56
15,1,0,2000,12.63
15,1,3,2000,95438983.42
15,1,4,2000,1288337.18
15,1,5,2000,230627.54
15,1,6,2000,7174504.13
15,1,9,2000,37614.08
15,1,11,2000,2357954.65
15,1,12,2000,1004221.73
15,1,15,2000,10332967.85
15,1,20,2000,0.0
15,1,21,2000,830707.54
15,1,23,2000,2690.4
15,1,24,2000,117314.78
15,1,25,2000,92826.89
15,1,29,2000,227662.99
15,1,30,2000,79649.54
15,1,31,2000,9.62
15,1,32,2000,2911.58
15,1,33,2000,4373453.71
15,1,35,2000,58903.21
15,1,39,2000,1508.15
15,1,40,2000,0.0
15,1,41,2000,17687.33
15,3,0,2000,114.18
15,3,3,2000,203712.31
15,3,4,2000,279884.94
15,3,6,2000,117.37
15,3,9,2000,0.0
15,3,11,2000,61274.02
15,3,12,2000,146898.09
15,3,15,2000,151154.11
15,3,21,2000,571.39
15,3,24,2000,1636.88
15,3,25,2000,17.59
15,3,29,2000,1.77
15,3,30,2000,31.52
15,3,31,2000,0.0
15,3,33,2000,25280.21
15,3,39,2000,306.94
15,3,41,2000,0.88
16,1,3,2000,9961666.57
16,1,4,2000,3306.0
16,1,5,2000,94330.88
16,1,6,2000,1582144.28
16,1,9,2000,82400.37
16,1,11,2000,1959800.55
16,1,12,2000,28151.14
16,1,15,2000,11535.54
16,1,21,2000,18020.59
16,1,24,2000,13068.3
16,1,25,2000,3704.01
16,1,30,2000,2911.31
16,1,31,2000,0.0
16,1,33,2000,430705.22
16,1,39,2000,4.82
16,1,41,2000,11.17
17,1,0,2000,1.86
17,1,3,2000,439892.86
17,1,4,2000,16606.31
17,1,6,2000,150448.75
17,1,9,2000,0.0
17,1,11,2000,23036.53
17,1,12,2000,61605.71
17,1,15,2000,1521445.65
17,1,21,2000,171203.34
17,1,24,2000,2154.79
17,1,25,2000,1719.15
17,1,29,2000,28860.11
17,1,30,2000,0.0
17,1,31,2000,0.0
17,1,33,2000,44077.01
17,1,39,2000,2.13
17,1,40,2000,0.0
17,1,41,2000,503.56
17,3,0,2000,30.42
17,3,3,2000,5734972.9
17,3,4,2000,11343183.36
17,3,6,2000,12.06
17,3,9,2000,1952.49
17,3,11,2000,2168552.68
17,3,12,2000,1595270.0
17,3,15,2000,3914389.19
17,3,20,2000,283.8
17,3,21,2000,134114.64
17,3,23,2000,326.62
17,3,24,2000,44369.93
17,3,25,2000,4350.36
17,3,29,2000,41035.67
17,3,30,2000,229.08
17,3,31,2000,0.0
17,3,33,2000,202919.44
17,3,39,2000,52141.4
17,3,40,2000,21899.99
17,3,41,2000,20761.81
17,3,62,2000,0.0
17,3,75,2000,0.0
21,1,0,2000,1.16
21,1,3,2000,5721026.58
21,1,4,2000,132440.86
21,1,5,2000,407911.77
21,1,6,2000,445755.85
21,1,9,2000,27853.25
21,1,11,2000,445814.19
21,1,12,2000,70787.41
21,1,15,2000,3493144.45
21,1,21,2000,91111.21
21,1,23,2000,6031.05
21,1,24,2000,42243.79
21,1,25,2000,15409.27
21,1,29,2000,91.22
21,1,30,2000,5642.45
21,1,31,2000,4.55
21,1,32,2000,34049.66
21,1,33,2000,298865.44
21,1,39,2000,6.5
21,1,41,2000,1530.56
21,1,50,2000,1.52
21,3,0,2000,81.2
21,3,3,2000,11290266.78
21,3,4,2000,6937450.78
21,3,5,2000,65519.16
21,3,6,2000,59.23
21,3,9,2000,4922.53
21,3,11,2000,128462.31
21,3,12,2000,776583.82
21,3,15,2000,1539574.02
21,3,20,2000,9903.82
21,3,21,2000,210365.18
21,3,23,2000,108937.05
21,3,24,2000,46339.63
21,3,25,2000,3836.04
21,3,29,2000,6757.2
21,3,30,2000,211.29
21,3,31,2000,26.52
21,3,32,2000,9071.12
21,3,33,2000,130687.18
21,3,39,2000,162154.99
21,3,41,2000,40634.89
21,3,48,2000,0.0
21,3,50,2000,234259.15
21,3,62,2000,0.0
21,3,91,2000,0.0
22,2,3,2000,1059471.14
22,2,4,2000,9305646.64
22,2,5,2000,5144.0
22,2,9,2000,4.16
22,2,11,2000,0.0
22,2,12,2000,18405.08
22,2,15,2000,1196680.7
22,2,21,2000,162201.05
22,2,23,2000,15644.62
22,2,24,2000,23378.65
22,2,25,2000,18719.35
22,2,29,2000,14404.62
22,2,31,2000,631.49
22,2,32,2000,2240.48
22,2,33,2000,26665.98
22,2,39,2000,91.5
22,2,41,2000,19286.01
22,2,48,2000,404.78
22,2,50,2000,4361.36
22,2,62,2000,0.0
22,2,75,2000,0.0
22,2,91,2000,0.0
22,3,3,2000,2351016.64
22,3,4,2000,9785795.24
22,3,5,2000,3.3
22,3,9,2000,0.0
22,3,11,2000,85659.91
22,3,12,2000,301262.97
22,3,15,2000,390249.19
22,3,20,2000,2866.15
22,3,21,2000,51029.76
22,3,23,2000,0.36
22,3,24,2000,36511.39
22,3,25,2000,41454.95
22,3,29,2000,76089.47
22,3,30,2000,274.16
22,3,31,2000,0.0
22,3,33,2000,63989.35
22,3,39,2000,61789.04
22,3,41,2000,53616.12
22,3,48,2000,0.0
22,3,62,2000,10.85
22,3,75,2000,0.0
23,2,3,2000,844415.02
23,2,4,2000,11129098.76
23,2,5,2000,16951.32
23,2,9,2000,1.52
23,2,12,2000,140.77
23,2,15,2000,2019087.49
23,2,21,2000,270283.89
23,2,23,2000,65362.4
23,2,24,2000,103704.58
23,2,25,2000,22897.03
23,2,29,2000,1912.45
23,2,30,2000,766.55
23,2,31,2000,1874.56
23,2,32,2000,6009.55
23,2,33,2000,175508.49
23,2,39,2000,0.0
23,2,41,2000,73325.5
23,2,48,2000,150545.14
23,2,50,2000,4979.57
23,2,75,2000,0.0
23,2,91,2000,0.0
24,2,3,2000,56431.03
24,2,4,2000,2836041.17
24,2,5,2000,5288.29
24,2,11,2000,0.27
24,2,12,2000,15540.6
24,2,13,2000,5809.08
24,2,15,2000,1535838.25
24,2,20,2000,2778.77
24,2,21,2000,251652.8
24,2,23,2000,40114.3
24,2,24,2000,34234.31
24,2,25,2000,4955.08
24,2,29,2000,5013.88
24,2,30,2000,0.0
24,2,31,2000,25852.72
24,2,32,2000,5349.9
24,2,33,2000,66313.83
24,2,41,2000,166340.16
24,2,48,2000,14443.36
24,2,49,2000,0.18
24,2,50,2000,2653.57
24,2,75,2000,0.0
24,2,91,2000,0.0
24,4,3,2000,25807.16
24,4,4,2000,892.85
24,4,5,2000,7270.53
24,4,9,2000,7.74
24,4,11,2000,5224.79
24,4,12,2000,0.0
24,4,15,2000,15130.32
24,4,20,2000,25317.93
24,4,21,2000,56904.64
24,4,23,2000,8464.26
24,4,24,2000,13119.47
24,4,25,2000,11.38
24,4,31,2000,1240.18
24,4,32,2000,868.96
24,4,33,2000,8521.84
24,4,41,2000,19129.89
24,4,48,2000,78.89
24,4,49,2000,698.32
24,4,50,2000,16121.59
24,4,91,2000,0.0
25,2,3,2000,58648.76
25,2,4,2000,3311920.05
25,2,11,2000,0.0
25,2,12,2000,3143.09
25,2,13,2000,1496.3
25,2,15,2000,1673920.9
25,2,20,2000,13109.67
25,2,21,2000,95547.49
25,2,24,2000,23463.43
25,2,25,2000,9392.05
25,2,29,2000,4757.43
25,2,30,2000,8.53
25,2,31,2000,0.0
25,2,33,2000,40199.55
25,2,41,2000,239.1
25,2,48,2000,27.98
25,2,75,2000,0.0
25,2,91,2000,0.0
25,4,3,2000,62543.81
25,4,4,2000,16436.61
25,4,5,2000,11730.02
25,4,9,2000,496.88
25,4,11,2000,12742.83
25,4,15,2000,79020.21
25,4,20,2000,87920.08
25,4,21,2000,96333.26
25,4,23,2000,620.59
25,4,24,2000,15332.66
25,4,25,2000,95.56
25,4,30,2000,132.17
25,4,31,2000,321.41
25,4,32,2000,371.16
25,4,33,2000,4987.7
25,4,41,2000,21172.45
25,4,48,2000,0.0
25,4,50,2000,235.11
25,4,75,2000,0.0
25,4,91,2000,0.0
26,2,3,2000,49928.23
26,2,4,2000,5592300.76
26,2,12,2000,14485.46
26,2,13,2000,88189.3
26,2,15,2000,2219830.99
26,2,20,2000,691.52
26,2,21,2000,88094.24
26,2,24,2000,41864.2
26,2,25,2000,20340.41
26,2,29,2000,1127.12
26,2,30,2000,272.07
26,2,31,2000,26.79
26,2,33,2000,97339.41
26,2,41,2000,8648.58
26,2,48,2000,35719.09
26,2,75,2000,0.0
26,2,91,2000,0.0
26,4,3,2000,196382.35
26,4,4,2000,153995.94
26,4,5,2000,14255.01
26,4,9,2000,16.31
26,4,11,2000,3444.3
26,4,15,2000,644831.58
26,4,20,2000,382224.85
26,4,21,2000,93122.95
26,4,23,2000,306.38
26,4,24,2000,37082.17
26,4,25,2000,271.78
26,4,30,2000,477.58
26,4,31,2000,870.6
26,4,32,2000,1096.71
26,4,33,2000,16708.43
26,4,41,2000,13.18
26,4,50,2000,0.0
26,4,75,2000,0.0
26,4,91,2000,0.0
27,2,3,2000,6529.32
27,2,4,2000,378854.83
27,2,9,2000,0.0
27,2,11,2000,0.0
27,2,12,2000,248.39
27,2,13,2000,0.0
27,2,15,2000,912156.85
27,2,20,2000,544.02
27,2,21,2000,4095.13
27,2,24,2000,5741.32
27,2,25,2000,593.99
27,2,29,2000,16.34
27,2,30,2000,0.0
27,2,31,2000,6.79
27,2,33,2000,12247.88
27,2,41,2000,39.78
27,2,48,2000,0.0
27,4,3,2000,172603.39
27,4,4,2000,59173.95
27,4,5,2000,4131.28
27,4,9,2000,2.38
27,4,11,2000,15194.7
27,4,12,2000,9.07
27,4,15,2000,660254.29
27,4,20,2000,464585.81
27,4,21,2000,25415.68
27,4,23,2000,4066.92
27,4,24,2000,16358.84
27,4,25,2000,175.5
27,4,29,2000,24.47
27,4,31,2000,0.0
27,4,32,2000,82.06
27,4,33,2000,25000.17
27,4,41,2000,10.67
27,4,49,2000,2537.89
27,4,50,2000,11436.52
28,2,3,2000,24637.68
28,2,4,2000,350560.6
28,2,9,2000,2.99
28,2,12,2000,660.47
28,2,15,2000,823230.74
28,2,20,2000,17.32
28,2,21,2000,157.7
28,2,24,2000,3355.99
28,2,25,2000,876.21
28,2,30,2000,39.37
28,2,31,2000,8.91
28,2,33,2000,9760.14
28,2,41,2000,417.08
28,4,3,2000,88460.79
28,4,4,2000,3186.81
28,4,5,2000,21103.8
28,4,9,2000,927.68
28,4,11,2000,19638.54
28,4,12,2000,20546.68
28,4,15,2000,684400.87
28,4,20,2000,9054.86
28,4,21,2000,27313.56
28,4,23,2000,7598.32
28,4,24,2000,15486.76
28,4,25,2000,449.4
28,4,29,2000,59.66
28,4,30,2000,368.62
28,4,31,2000,403.99
28,4,32,2000,2879.16
28,4,33,2000,28847.21
28,4,41,2000,101.43
28,4,49,2000,702.48
28,4,50,2000,47187.86
28,4,91,2000,0.0
29,2,3,2000,1162616.27
29,2,4,2000,20815372.91
29,2,9,2000,3398.64
29,2,11,2000,0.0
29,2,12,2000,230640.72
29,2,13,2000,358671.62
29,2,15,2000,10226843.28
29,2,20,2000,16355.29
29,2,21,2000,1514261.67
29,2,23,2000,56838.13
29,2,24,2000,85702.95
29,2,25,2000,63835.33
29,2,29,2000,86392.04
29,2,30,2000,3677.86
29,2,31,2000,9.09
29,2,33,2000,419038.82
29,2,39,2000,314.73
29,2,41,2000,59124.88
29,2,46,2000,4853.87
29,2,48,2000,27765.61
29,2,62,2000,0.0
29,2,75,2000,0.0
29,2,91,2000,0.0
29,3,3,2000,322462.23
29,3,4,2000,7586289.16
29,3,9,2000,14406.46
29,3,11,2000,144135.35
29,3,12,2000,637474.12
29,3,15,2000,367408.83
29,3,21,2000,161191.12
29,3,24,2000,8531.39
29,3,25,2000,4277.78
29,3,29,2000,9453.64
29,3,31,2000,0.0
29,3,33,2000,9695.85
29,3,39,2000,402085.02
29,3,41,2000,656880.56
29,3,46,2000,17614.11
29,3,48,2000,1715.31
29,3,62,2000,58.88
29,3,75,2000,0.0
29,3,91,2000,0.0
29,4,3,2000,3266005.57
29,4,4,2000,801500.44
29,4,5,2000,69446.84
29,4,9,2000,312544.22
29,4,11,2000,117396.9
29,4,12,2000,32542.71
29,4,15,2000,5526322.07
29,4,20,2000,2220.7
29,4,21,2000,417480.6
29,4,23,2000,8775.56
29,4,24,2000,86729.0
29,4,25,2000,4948.67
29,4,29,2000,5906.12
29,4,30,2000,937.46
29,4,31,2000,1414.38
29,4,32,2000,6885.05
29,4,33,2000,204422.53
29,4,41,2000,1318.45
29,4,46,2000,11549.94
29,4,48,2000,125.52
29,4,49,2000,16922.48
29,4,50,2000,97015.85
31,2,3,2000,93746.79
31,2,4,2000,1675501.68
31,2,9,2000,584.57
31,2,11,2000,0.0
31,2,12,2000,1059.83
31,2,15,2000,1408654.94
31,2,20,2000,79.1
31,2,21,2000,22523.32
31,2,24,2000,8110.03
31,2,25,2000,4562.04
31,2,29,2000,3220.27
31,2,30,2000,101.49
31,2,33,2000,24884.59
31,2,39,2000,44.86
31,2,41,2000,12979.18
31,2,46,2000,1426.59
31,2,48,2000,3481.01
31,2,62,2000,0.0
31,2,75,2000,0.0
31,3,0,2000,58.94
31,3,3,2000,4279573.63
31,3,4,2000,9466825.34
31,3,9,2000,771384.98
31,3,11,2000,491279.02
31,3,12,2000,1541288.77
31,3,15,2000,11806532.29
31,3,20,2000,117221.62
31,3,21,2000,634195.43
31,3,24,2000,113630.99
31,3,25,2000,31756.8
31,3,29,2000,669196.89
31,3,30,2000,10265.05
31,3,31,2000,17.72
31,3,33,2000,404679.14
31,3,39,2000,325734.65
31,3,41,2000,973413.81
31,3,46,2000,132479.76
31,3,47,2000,24732.6
31,3,48,2000,2974.37
31,3,62,2000,0.0
31,3,75,2000,0.0
31,4,3,2000,5654325.42
31,4,4,2000,2197793.73
31,4,9,2000,195270.48
31,4,11,2000,10407.75
31,4,12,2000,1023821.27
31,4,15,2000,12695645.18
31,4,20,2000,22148.87
31,4,21,2000,646914.82
31,4,23,2000,17.93
31,4,24,2000,183691.35
31,4,25,2000,9201.45
31,4,29,2000,39001.27
31,4,30,2000,34044.26
31,4,31,2000,0.0
31,4,33,2000,262509.57
31,4,39,2000,2604.55
31,4,41,2000,236111.58
31,4,46,2000,377050.95
31,4,47,2000,2343.75
31,4,48,2000,273.5
32,4,3,2000,1016677.62
32,4,4,2000,5273.55
32,4,5,2000,7109.28
32,4,9,2000,144448.26
32,4,11,2000,110800.19
32,4,12,2000,80849.67
32,4,15,2000,2775392.25
32,4,20,2000,586.68
32,4,21,2000,153527.44
32,4,23,2000,4826.01
32,4,24,2000,52484.57
32,4,25,2000,1952.45
32,4,29,2000,28783.08
32,4,31,2000,19.45
32,4,32,2000,594.32
32,4,33,2000,46894.08
32,4,41,2000,23260.39
32,4,46,2000,105881.11
32,4,48,2000,326.74
32,4,49,2000,17762.63
32,4,50,2000,28494.1
33,4,3,2000,1249123.24
33,4,4,2000,714.15
33,4,5,2000,9229.92
33,4,9,2000,986.97
33,4,11,2000,103966.73
33,4,12,2000,96377.03
33,4,15,2000,2115961.93
33,4,20,2000,1.0
33,4,21,2000,249064.3
33,4,23,2000,23913.95
33,4,24,2000,175395.78
33,4,25,2000,4477.92
33,4,29,2000,5241.93
33,4,30,2000,711.13
33,4,31,2000,3822.05
33,4,32,2000,1496.38
33,4,33,2000,96286.83
33,4,39,2000,56.08
33,4,41,2000,159262.3
33,4,46,2000,0.17
33,4,48,2000,0.0
33,4,49,2000,25386.14
33,4,50,2000,50580.94
33,4,91,2000,0.0
35,3,3,2000,936314.2
35,3,4,2000,28026.32
35,3,9,2000,333739.69
35,3,11,2000,127688.4
35,3,12,2000,5410.94
35,3,15,2000,1939915.11
35,3,20,2000,1659848.81
35,3,21,2000,516736.2
35,3,24,2000,86345.14
35,3,25,2000,14174.17
35,3,30,2000,470.27
35,3,31,2000,15.68
35,3,33,2000,121198.53
35,3,39,2000,455460.82
35,3,41,2000,132146.32
35,3,46,2000,19489.56
35,3,47,2000,133758.32
35,3,48,2000,7152.49
35,3,62,2000,0.0
35,4,3,2000,3575633.59
35,4,4,2000,5.39
35,4,5,2000,17674.47
35,4,9,2000,215807.28
35,4,11,2000,234449.25
35,4,12,2000,104164.66
35,4,15,2000,8537963.75
35,4,20,2000,1618943.14
35,4,21,2000,1881700.91
35,4,23,2000,1937.35
35,4,24,2000,484319.55
35,4,25,2000,11794.6
35,4,29,2000,129.16
35,4,30,2000,4519.07
35,4,31,2000,330.77
35,4,32,2000,559.01
35,4,33,2000,504925.0
35,4,39,2000,333154.71
35,4,40,2000,0.98
35,4,41,2000,379846.74
35,4,46,2000,41239.42
35,4,47,2000,108116.25
35,4,48,2000,7245.06
35,4,49,2000,231459.45
35,4,50,2000,4952.1
35,4,62,2000,0.0
35,4,75,2000,0.0
41,3,3,2000,70599.64
41,3,4,2000,6.7
41,3,9,2000,53146.71
41,3,11,2000,1122.36
41,3,12,2000,64387.41
41,3,15,2000,21592.79
41,3,21,2000,1178.96
41,3,24,2000,1690.95
41,3,25,2000,145.82
41,3,29,2000,4201.37
41,3,33,2000,417.87
41,3,39,2000,84523.52
41,3,41,2000,9388.44
41,3,46,2000,0.98
41,3,47,2000,5.8
41,3,48,2000,0.0
41,4,3,2000,4676015.71
41,4,5,2000,20770.97
41,4,9,2000,689871.17
41,4,11,2000,170922.7
41,4,12,2000,41050.64
41,4,15,2000,5768863.8
41,4,20,2000,165816.79
41,4,21,2000,1454064.8
41,4,23,2000,662.26
41,4,24,2000,220380.61
41,4,25,2000,4486.04
41,4,29,2000,72.27
41,4,30,2000,2870.21
41,4,31,2000,133.3
41,4,32,2000,342.26
41,4,33,2000,394461.61
41,4,39,2000,3610936.71
41,4,40,2000,1788.86
41,4,41,2000,2210555.32
41,4,46,2000,44390.68
41,4,47,2000,1145.81
41,4,48,2000,1061.99
41,4,49,2000,129342.14
41,4,50,2000,4568.31
41,4,62,2000,0.0
42,4,3,2000,3967028.14
42,4,5,2000,7882.16
42,4,9,2000,493841.6
42,4,11,2000,15542.96
42,4,12,2000,861080.83
42,4,15,2000,1455636.96
42,4,21,2000,838043.22
42,4,23,2000,6533.31
42,4,24,2000,145142.55
42,4,25,2000,2203.91
42,4,29,2000,1.26
42,4,30,2000,1583.87
42,4,31,2000,58.07
42,4,32,2000,659.04
42,4,33,2000,123297.16
42,4,39,2000,172755.05
42,4,40,2000,136842.95
42,4,41,2000,1190888.41
42,4,48,2000,1129.61
42,4,49,2000,91257.92
42,4,50,2000,18420.7
42,4,84,2000,22.83
42,4,91,2000,0.0
43,4,3,2000,2753850.29
43,4,9,2000,177674.12
43,4,11,2000,1993.86
43,4,12,2000,1443156.98
43,4,15,2000,932624.82
43,4,21,2000,830540.44
43,4,23,2000,496.62
43,4,24,2000,92419.98
43,4,25,2000,3065.02
43,4,29,2000,5.67
43,4,30,2000,7.8
43,4,31,2000,0.0
43,4,33,2000,101977.58
43,4,39,2000,1412219.32
43,4,40,2000,29977.97
43,4,41,2000,971190.31
43,4,48,2000,10011.74
43,4,49,2000,2120.96
43,4,50,2000,5738.95
43,4,84,2000,5.63
43,4,91,2000,0.0
43,5,3,2000,2172336.97
43,5,9,2000,312763.34
43,5,11,2000,355839.83
43,5,12,2000,8026747.18
43,5,15,2000,345.58
43,5,21,2000,1435941.77
43,5,23,2000,157998.57
43,5,24,2000,113127.75
43,5,25,2000,52247.06
43,5,29,2000,23851.0
43,5,30,2000,2797.43
43,5,31,2000,96.79
43,5,33,2000,1834501.72
43,5,39,2000,1948352.49
43,5,40,2000,516390.11
43,5,41,2000,2295843.4
43,5,48,2000,78.91
43,5,49,2000,16382.75
43,5,50,2000,120098.64
43,5,84,2000,7774.88
43,5,91,2000,0.0
50,3,3,2000,4386195.55
50,3,4,2000,1350484.69
50,3,7,2000,0.5
50,3,9,2000,182269.91
50,3,11,2000,632726.71
50,3,12,2000,135167.87
50,3,15,2000,13599181.69
50,3,20,2000,15816.6
50,3,21,2000,318208.86
50,3,24,2000,46967.44
50,3,25,2000,3916.98
50,3,29,2000,4063.95
50,3,30,2000,328.37
50,3,31,2000,3.49
50,3,33,2000,80064.58
50,3,39,2000,1044718.93
50,3,40,2000,1169.95
50,3,41,2000,420074.54
50,3,47,2000,153.66
50,3,62,2000,3265.67
50,4,3,2000,377154.79
50,4,4,2000,2.41
50,4,9,2000,1168.62
50,4,11,2000,307663.1
50,4,12,2000,14.28
50,4,15,2000,2188570.41
50,4,20,2000,5987.35
50,4,21,2000,118909.77
50,4,24,2000,12854.43
50,4,25,2000,2129.43
50,4,31,2000,57.16
50,4,33,2000,219141.93
50,4,39,2000,284329.6
50,4,40,2000,0.0
50,4,41,2000,224380.06
50,4,47,2000,33.76
50,4,48,2000,1.82
50,6,0,2000,0.43
50,6,3,2000,1601344.81
50,6,4,2000,1974918.77
50,6,7,2000,232495.76
50,6,9,2000,3.15
50,6,11,2000,1690270.28
50,6,12,2000,2474480.52
50,6,13,2000,0.0
50,6,15,2000,645415.09
50,6,21,2000,9348.12
50,6,24,2000,2825.19
50,6,25,2000,156.65
50,6,29,2000,3207.91
50,6,30,2000,328.32
50,6,33,2000,1100485.55
50,6,39,2000,343.37
50,6,40,2000,5703.68
50,6,41,2000,1165.44
51,1,0,2000,714.18
51,1,3,2000,33422595.86
51,1,4,2000,928442.37
51,1,6,2000,3258934.23
51,1,7,2000,0.0
51,1,9,2000,9860.94
51,1,11,2000,990968.54
51,1,12,2000,618127.5
51,1,15,2000,9282300.64
51,1,20,2000,21782.63
51,1,21,2000,1245455.47
51,1,24,2000,36160.68
51,1,25,2000,54863.56
51,1,29,2000,191529.11
51,1,30,2000,50003.79
51,1,31,2000,13.86
51,1,33,2000,307992.96
51,1,39,2000,237497.75
51,1,41,2000,533855.67
51,1,62,2000,282.4
51,3,0,2000,544.92
51,3,3,2000,6727981.31
51,3,4,2000,11897297.34
51,3,6,2000,142.26
51,3,7,2000,0.09
51,3,9,2000,5520.56
51,3,11,2000,2588339.87
51,3,12,2000,1509820.45
51,3,15,2000,6424343.43
51,3,20,2000,229.45
51,3,21,2000,334037.44
51,3,24,2000,55027.66
51,3,25,2000,16765.59
51,3,29,2000,93333.31
51,3,30,2000,12931.74
51,3,31,2000,272.0
51,3,33,2000,173331.06
51,3,39,2000,3430994.0
51,3,41,2000,497967.12
51,3,62,2000,4675.77
51,6,0,2000,610.19
51,6,3,2000,758981.1
51,6,4,2000,1439907.34
51,6,7,2000,147553.3
51,6,9,2000,17.63
51,6,11,2000,784794.18
51,6,12,2000,1126485.97
51,6,15,2000,403529.62
51,6,20,2000,0.0
51,6,21,2000,51254.85
51,6,24,2000,2506.96
51,6,25,2000,235.54
51,6,29,2000,0.09
51,6,30,2000,23.3
51,6,31,2000,0.0
51,6,33,2000,634916.87
51,6,39,2000,265.98
51,6,41,2000,384.06
52,3,3,2000,5840043.85
52,3,4,2000,7026373.0
52,3,9,2000,40126.01
52,3,11,2000,554540.12
52,3,12,2000,640568.01
52,3,15,2000,15248478.98
52,3,20,2000,31463.86
52,3,21,2000,543068.44
52,3,24,2000,156156.93
52,3,25,2000,8439.06
52,3,29,2000,151668.79
52,3,30,2000,3149.1
52,3,31,2000,59.07
52,3,33,2000,279293.13
52,3,39,2000,2132804.19
52,3,40,2000,1846.29
52,3,41,2000,811430.68
52,3,46,2000,720.94
52,3,47,2000,79.9
52,3,48,2000,10.6
52,3,62,2000,25.17
52,3,75,2000,0.0
52,4,3,2000,75811.14
52,4,4,2000,10.9
52,4,9,2000,48.38
52,4,11,2000,29.35
52,4,12,2000,0.0
52,4,15,2000,358436.55
52,4,20,2000,1363.59
52,4,21,2000,19026.29
52,4,24,2000,659.99
52,4,25,2000,445.13
52,4,31,2000,0.0
52,4,33,2000,70294.35
52,4,39,2000,16924.61
52,4,41,2000,10887.83
53,3,3,2000,68637.69
53,3,4,2000,207921.51
53,3,9,2000,52.47
53,3,11,2000,3348.25
53,3,12,2000,34513.2
53,3,15,2000,114586.36
53,3,21,2000,2378.65
53,3,24,2000,57570.88
53,3,25,2000,1445.57
53,3,30,2000,392.81
53,3,31,2000,46.49
53,3,33,2000,6696.5
53,3,39,2000,67038.1
53,3,41,2000,11116.94
53,3,46,2000,220.68
53,3,48,2000,124.96
53,3,62,2000,0.0
11,1,0,2001,1.4
11,1,3,2001,15687178.17
11,1,4,2001,482622.54
11,1,6,2001,788480.66
11,1,9,2001,8.99
11,1,11,2001,671189.39
11,1,12,2001,266340.81
11,1,15,2001,4940130.51
11,1,21,2001,241971.4
11,1,24,2001,40365.74
11,1,25,2001,73345.99
11,1,29,2001,54359.33
11,1,30,2001,12648.57
11,1,31,2001,41.38
11,1,33,2001,229703.61
11,1,39,2001,4043.91
11,1,41,2001,7300.42
11,1,75,2001,0.0
11,3,0,2001,24.2
11,3,3,2001,156798.56
11,3,4,2001,67690.73
11,3,9,2001,11.52
11,3,11,2001,589.3
11,3,12,2001,6992.43
11,3,15,2001,8029.46
11,3,21,2001,2217.91
11,3,24,2001,3302.33
11,3,25,2001,2604.08
11,3,29,2001,0.0
11,3,33,2001,60.65
11,3,39,2001,4736.59
11,3,41,2001,10494.38
12,1,3,2001,15046263.52
12,1,4,2001,2640.96
12,1,6,2001,73864.12
12,1,11,2001,1945.6
12,1,12,2001,1508.35
12,1,15,2001,1132684.13
12,1,21,2001,17487.98
12,1,24,2001,22420.18
12,1,25,2001,27255.63
12,1,31,2001,2.81
12,1,33,2001,56658.7
12,1,39,2001,0.0
12,1,41,2001,274.44
13,1,3,2001,124786816.82
13,1,4,2001,227473.99
13,1,6,2001,22624165.27
13,1,11,2001,1725772.72
13,1,12,2001,603067.31
13,1,15,2001,598609.21
13,1,20,2001,0.0
13,1,21,2001,133855.55
13,1,24,2001,52977.03
13,1,25,2001,36423.25
13,1,29,2001,2179.73
13,1,30,2001,13302.14
13,1,31,2001,19.29
13,1,33,2001,5022642.61
13,1,35,2001,767.87
13,1,39,2001,0.0
13,1,41,2001,441.5
14,1,3,2001,14309137.62
14,1,4,2001,278725.69
14,1,6,2001,2593206.03
14,1,9,2001,0.0
14,1,11,2001,1324356.7
14,1,12,2001,2919561.89
14,1,15,2001,392147.29
14,1,21,2001,56106.17
14,1,24,2001,16853.26
14,1,25,2001,7132.99
14,1,29,2001,81899.08
14,1,30,2001,2015.67
14,1,31,2001,46.08
14,1,33,2001,319684.97
14,1,35,2001,1990.86
14,1,39,2001,1734.72
14,1,41,2001,11978.45
15,1,0,2001,11.4
15,1,3,2001,94657296.14
15,1,4,2001,1287512.95
15,1,5,2001,230195.01
15,1,6,2001,7169012.77
15,1,9,2001,38782.97
15,1,11,2001,2373585.12
15,1,12,2001,1003086.16
15,1,15,2001,11007077.52
15,1,20,2001,0.0
15,1,21,2001,921697.07
15,1,23,2001,2735.1
15,1,24,2001,119402.52
15,1,25,2001,91205.33
15,1,29,2001,227654.81
15,1,30,2001,81138.53
15,1,31,2001,11.76
15,1,32,2001,2889.78
15,1,33,2001,4349728.54
15,1,35,2001,62917.33
15,1,39,2001,2419.77
15,1,40,2001,0.0
15,1,41,2001,42188.37
15,3,0,2001,105.96
15,3,3,2001,201340.59
15,3,4,2001,278208.16
15,3,6,2001,114.63
15,3,9,2001,0.0
15,3,11,2001,61989.37
15,3,12,2001,145905.95
15,3,15,2001,155541.49
15,3,21,2001,555.44
15,3,24,2001,1647.25
15,3,25,2001,12.12
15,3,29,2001,1.77
15,3,30,2001,32.32
15,3,31,2001,0.0
15,3,33,2001,25163.25
15,3,39,2001,382.93
15,3,41,2001,0.97
16,1,3,2001,9961080.72
16,1,4,2001,3299.59
16,1,5,2001,94402.28
16,1,6,2001,1582905.96
16,1,9,2001,82638.68
16,1,11,2001,1968391.29
16,1,12,2001,27913.73
16,1,15,2001,12774.29
16,1,21,2001,14443.79
16,1,24,2001,13210.41
16,1,25,2001,3947.71
16,1,30,2001,2959.57
16,1,31,2001,0.0
16,1,33,2001,423627.74
16,1,39,2001,7.06
16,1,41,2001,157.94
17,1,0,2001,1.06
17,1,3,2001,406758.16
17,1,4,2001,15687.83
17,1,6,2001,139676.69
17,1,9,2001,0.0
17,1,11,2001,22880.29
17,1,12,2001,61198.8
17,1,15,2001,1555644.21
17,1,21,2001,182607.53
17,1,24,2001,2200.64
17,1,25,2001,1829.38
17,1,29,2001,28835.09
17,1,30,2001,2.92
17,1,31,2001,0.0
17,1,33,2001,43626.73
17,1,39,2001,5.68
17,1,40,2001,0.0
17,1,41,2001,602.74
17,3,0,2001,21.55
17,3,3,2001,5693383.61
17,3,4,2001,11229178.41
17,3,6,2001,10.99
17,3,9,2001,2423.06
17,3,11,2001,2170448.37
17,3,12,2001,1598355.41
17,3,15,2001,4039896.26
17,3,20,2001,34.61
17,3,21,2001,137905.63
17,3,23,2001,326.1
17,3,24,2001,44830.29
17,3,25,2001,4260.28
17,3,29,2001,41034.77
17,3,30,2001,217.78
17,3,31,2001,0.0
17,3,33,2001,203014.81
17,3,39,2001,74651.62
17,3,40,2001,16134.58
17,3,41,2001,24667.74
17,3,62,2001,0.0
17,3,75,2001,0.0
21,1,0,2001,1.52
21,1,3,2001,5641047.77
21,1,4,2001,131331.92
21,1,5,2001,408332.94
21,1,6,2001,441319.59
21,1,9,2001,31507.3
21,1,11,2001,439143.29
21,1,12,2001,71644.88
21,1,15,2001,3591011.46
21,1,21,2001,74424.12
21,1,23,2001,6092.43
21,1,24,2001,43148.92
21,1,25,2001,15561.68
21,1,29,2001,91.22
21,1,30,2001,5691.74
21,1,31,2001,28.91
21,1,32,2001,34733.39
21,1,33,2001,302604.39
21,1,39,2001,11.67
21,1,41,2001,1991.74
21,1,50,2001,1.88
21,3,0,2001,73.8
21,3,3,2001,11195380.09
21,3,4,2001,6872627.13
21,3,5,2001,65580.69
21,3,6,2001,59.86
21,3,9,2001,5261.05
21,3,11,2001,129701.51
21,3,12,2001,777049.09
21,3,15,2001,1658743.99
21,3,20,2001,10558.36
21,3,21,2001,207370.51
21,3,23,2001,109441.51
21,3,24,2001,47301.6
21,3,25,2001,3641.57
21,3,29,2001,6757.11
21,3,30,2001,218.51
21,3,31,2001,35.72
21,3,32,2001,9031.19
21,3,33,2001,127835.48
21,3,39,2001,196828.14
21,3,41,2001,48305.37
21,3,48,2001,0.0
21,3,50,2001,234301.64
21,3,62,2001,0.0
21,3,91,2001,0.0
22,2,3,2001,1059380.29
22,2,4,2001,9291651.65
22,2,5,2001,5152.3
22,2,9,2001,4.16
22,2,11,2001,0.0
22,2,12,2001,18021.55
22,2,15,2001,1188733.02
22,2,21,2001,164752.18
22,2,23,2001,16093.83
22,2,24,2001,23701.08
22,2,25,2001,19407.92
22,2,29,2001,14426.1
22,2,31,2001,747.46
22,2,32,2001,2175.58
22,2,33,2001,26287.92
22,2,39,2001,1641.77
22,2,41,2001,36439.01
22,2,48,2001,484.51
22,2,50,2001,4281.27
22,2,62,2001,0.0
22,2,75,2001,0.0
22,2,91,2001,0.0
22,3,3,2001,2346393.61
22,3,4,2001,9729657.92
22,3,5,2001,3.39
22,3,9,2001,84.34
22,3,11,2001,89217.9
22,3,12,2001,301299.39
22,3,15,2001,403680.59
22,3,20,2001,2846.1
22,3,21,2001,49072.33
22,3,23,2001,0.54
22,3,24,2001,37295.21
22,3,25,2001,39651.15
22,3,29,2001,76097.35
22,3,30,2001,276.65
22,3,31,2001,0.0
22,3,33,2001,63681.61
22,3,39,2001,66966.59
22,3,41,2001,95392.6
22,3,48,2001,0.0
22,3,62,2001,1.59
22,3,75,2001,0.0
23,2,3,2001,844154.17
23,2,4,2001,11064700.08
23,2,5,2001,17052.18
23,2,9,2001,1.52
23,2,12,2001,137.2
23,2,15,2001,2060590.37
23,2,21,2001,276164.96
23,2,23,2001,64999.83
23,2,24,2001,105773.92
23,2,25,2001,22506.61
23,2,29,2001,1910.31
23,2,30,2001,763.93
23,2,31,2001,2509.35
23,2,32,2001,5923.54
23,2,33,2001,171862.82
23,2,39,2001,0.0
23,2,41,2001,75414.87
23,2,48,2001,167253.38
23,2,50,2001,5145.54
23,2,75,2001,0.0
23,2,91,2001,0.0
24,2,3,2001,57896.02
24,2,4,2001,2844390.24
24,2,5,2001,5396.65
24,2,11,2001,0.09
24,2,12,2001,14795.22
24,2,13,2001,6319.83
24,2,15,2001,1526326.51
24,2,20,2001,2785.08
24,2,21,2001,248874.97
24,2,23,2001,38378.12
24,2,24,2001,35275.24
24,2,25,2001,4760.58
24,2,29,2001,5027.04
24,2,30,2001,0.0
24,2,31,2001,27874.22
24,2,32,2001,5303.41
24,2,33,2001,62302.37
24,2,41,2001,168708.29
24,2,48,2001,17520.34
24,2,49,2001,0.09
24,2,50,2001,2717.24
24,2,75,2001,0.0
24,2,91,2001,0.0
24,4,3,2001,25508.93
24,4,4,2001,921.39
24,4,5,2001,7294.27
24,4,9,2001,7.74
24,4,11,2001,5120.27
24,4,12,2001,0.0
24,4,15,2001,12742.31
24,4,20,2001,24568.61
24,4,21,2001,54016.61
24,4,23,2001,7936.02
24,4,24,2001,13239.62
24,4,25,2001,7.29
24,4,31,2001,1686.9
24,4,32,2001,836.86
24,4,33,2001,8182.52
24,4,41,2001,25638.9
24,4,48,2001,80.14
24,4,49,2001,692.8
24,4,50,2001,16329.57
24,4,91,2001,0.0
25,2,3,2001,59858.01
25,2,4,2001,3334257.15
25,2,11,2001,0.0
25,2,12,2001,2861.38
25,2,13,2001,1638.24
25,2,15,2001,1651591.61
25,2,20,2001,13114.01
25,2,21,2001,95007.27
25,2,24,2001,24149.17
25,2,25,2001,9023.72
25,2,29,2001,4800.1
25,2,30,2001,8.61
25,2,31,2001,0.0
25,2,33,2001,38707.98
25,2,41,2001,823.49
25,2,48,2001,33.58
25,2,75,2001,0.0
25,2,91,2001,0.0
25,4,3,2001,62367.76
25,4,4,2001,16434.3
25,4,5,2001,11757.26
25,4,9,2001,518.53
25,4,11,2001,12671.53
25,4,15,2001,76512.87
25,4,20,2001,87318.34
25,4,21,2001,89734.85
25,4,23,2001,631.87
25,4,24,2001,15864.34
25,4,25,2001,106.65
25,4,30,2001,135.72
25,4,31,2001,377.4
25,4,32,2001,355.81
25,4,33,2001,4946.09
25,4,41,2001,30526.82
25,4,48,2001,0.0
25,4,50,2001,232.36
25,4,75,2001,0.0
25,4,91,2001,0.0
26,2,3,2001,49900.98
26,2,4,2001,5568315.88
26,2,12,2001,15668.92
26,2,13,2001,88063.19
26,2,15,2001,2230923.37
26,2,20,2001,690.46
26,2,21,2001,93030.06
26,2,24,2001,43059.52
26,2,25,2001,20379.39
26,2,29,2001,1123.85
26,2,30,2001,277.3
26,2,31,2001,25.73
26,2,33,2001,95987.89
26,2,41,2001,12030.6
26,2,48,2001,39381.02
26,2,75,2001,0.0
26,2,91,2001,0.0
26,4,3,2001,199068.4
26,4,4,2001,151158.7
26,4,5,2001,14453.52
26,4,9,2001,17.19
26,4,11,2001,3666.92
26,4,15,2001,643417.52
26,4,20,2001,382619.02
26,4,21,2001,92003.15
26,4,23,2001,296.11
26,4,24,2001,38577.02
26,4,25,2001,303.67
26,4,30,2001,504.13
26,4,31,2001,952.96
26,4,32,2001,1056.97
26,4,33,2001,16996.19
26,4,41,2001,8.67
26,4,50,2001,0.0
26,4,75,2001,0.0
26,4,91,2001,0.0
27,2,3,2001,6534.16
27,2,4,2001,380792.7
27,2,9,2001,0.0
27,2,11,2001,0.0
27,2,12,2001,106.64
27,2,13,2001,0.0
27,2,15,2001,909925.2
27,2,20,2001,544.02
27,2,21,2001,4579.36
27,2,24,2001,5933.14
27,2,25,2001,581.46
27,2,29,2001,16.34
27,2,30,2001,0.0
27,2,31,2001,6.97
27,2,33,2001,11951.29
27,2,41,2001,103.38
27,2,48,2001,0.0
27,4,3,2001,172541.15
27,4,4,2001,60331.23
27,4,5,2001,4200.15
27,4,9,2001,2.47
27,4,11,2001,15478.81
27,4,12,2001,18.05
27,4,15,2001,657601.08
27,4,20,2001,465853.03
27,4,21,2001,25073.8
27,4,23,2001,3983.17
27,4,24,2001,16997.53
27,4,25,2001,191.35
27,4,29,2001,23.94
27,4,31,2001,0.0
27,4,32,2001,73.32
27,4,33,2001,24701.94
27,4,41,2001,11.11
27,4,49,2001,2598.58
27,4,50,2001,11382.88
28,2,3,2001,24483.2
28,2,4,2001,346058.39
28,2,9,2001,4.56
28,2,12,2001,604.96
28,2,15,2001,827668.56
28,2,20,2001,17.32
28,2,21,2001,228.29
28,2,24,2001,3500.22
28,2,25,2001,900.65
28,2,30,2001,40.08
28,2,31,2001,8.91
28,2,33,2001,9657.42
28,2,41,2001,552.61
28,4,3,2001,87865.09
28,4,4,2001,3281.81
28,4,5,2001,21141.16
28,4,9,2001,952.96
28,4,11,2001,20026.04
28,4,12,2001,20464.12
28,4,15,2001,683015.28
28,4,20,2001,9078.17
28,4,21,2001,28413.96
28,4,23,2001,7566.24
28,4,24,2001,16134.5
28,4,25,2001,491.53
28,4,29,2001,60.27
28,4,30,2001,374.15
28,4,31,2001,432.01
28,4,32,2001,2719.99
28,4,33,2001,28351.86
28,4,41,2001,115.23
28,4,49,2001,735.2
28,4,50,2001,47498.92
28,4,91,2001,0.0
29,2,3,2001,1158513.58
29,2,4,2001,20665096.85
29,2,9,2001,3528.96
29,2,11,2001,0.09
29,2,12,2001,238743.06
29,2,13,2001,365219.74
29,2,15,2001,10363889.51
29,2,20,2001,16958.67
29,2,21,2001,1536567.44
29,2,23,2001,57124.97
29,2,24,2001,87538.94
29,2,25,2001,62860.43
29,2,29,2001,86632.47
29,2,30,2001,3723.89
29,2,31,2001,2.03
29,2,33,2001,379259.08
29,2,39,2001,1472.02
29,2,41,2001,73625.15
29,2,46,2001,5153.8
29,2,48,2001,29802.99
29,2,62,2001,0.0
29,2,75,2001,0.0
29,2,91,2001,0.0
29,3,3,2001,319495.41
29,3,4,2001,7501765.22
29,3,9,2001,14049.16
29,3,11,2001,144532.19
29,3,12,2001,642550.83
29,3,15,2001,379116.32
29,3,21,2001,152021.4
29,3,24,2001,8718.73
29,3,25,2001,4855.8
29,3,29,2001,9453.39
29,3,31,2001,0.0
29,3,33,2001,8899.04
29,3,39,2001,487970.87
29,3,41,2001,646325.47
29,3,46,2001,18123.1
29,3,48,2001,2657.08
29,3,62,2001,3145.84
29,3,75,2001,0.0
29,3,91,2001,0.0
29,4,3,2001,3260906.32
29,4,4,2001,800864.23
29,4,5,2001,69682.83
29,4,9,2001,321028.76
29,4,11,2001,119916.11
29,4,12,2001,32597.19
29,4,15,2001,5511606.74
29,4,20,2001,2220.53
29,4,21,2001,424969.94
29,4,23,2001,8988.99
29,4,24,2001,89437.68
29,4,25,2001,4857.67
29,4,29,2001,5876.27
29,4,30,2001,957.72
29,4,31,2001,1488.95
29,4,32,2001,6766.21
29,4,33,2001,201933.6
29,4,41,2001,1457.67
29,4,46,2001,12758.78
29,4,48,2001,126.56
29,4,49,2001,16732.23
29,4,50,2001,97236.07
31,2,3,2001,93938.05
31,2,4,2001,1675115.09
31,2,9,2001,643.58
31,2,11,2001,0.0
31,2,12,2001,1175.81
31,2,15,2001,1401705.89
31,2,20,2001,79.27
31,2,21,2001,29222.59
31,2,24,2001,8213.43
31,2,25,2001,4647.53
31,2,29,2001,3207.48
31,2,30,2001,101.06
31,2,33,2001,24282.95
31,2,39,2001,121.09
31,2,41,2001,13362.25
31,2,46,2001,1512.44
31,2,48,2001,3631.78
31,2,62,2001,0.0
31,2,75,2001,0.0
31,3,0,2001,59.62
31,3,3,2001,4248407.93
31,3,4,2001,9400040.66
31,3,9,2001,769821.91
31,3,11,2001,493902.73
31,3,12,2001,1547970.8
31,3,15,2001,11767169.3
31,3,20,2001,125985.06
31,3,21,2001,666785.54
31,3,24,2001,116195.23
31,3,25,2001,29476.72
31,3,29,2001,669179.33
31,3,30,2001,10318.79
31,3,31,2001,13.59
31,3,33,2001,396291.92
31,3,39,2001,431319.58
31,3,41,2001,953311.54
31,3,46,2001,142626.18
31,3,47,2001,25427.21
31,3,48,2001,2920.13
31,3,62,2001,18.04
31,3,75,2001,0.0
31,4,3,2001,5641110.83
31,4,4,2001,2187352.39
31,4,9,2001,200089.76
31,4,11,2001,11202.93
31,4,12,2001,1018227.31
31,4,15,2001,12658567.24
31,4,20,2001,23970.95
31,4,21,2001,682255.98
31,4,23,2001,20.51
31,4,24,2001,189048.33
31,4,25,2001,9795.72
31,4,29,2001,38947.29
31,4,30,2001,33462.51
31,4,31,2001,0.0
31,4,33,2001,254187.24
31,4,39,2001,4264.78
31,4,41,2001,247352.49
31,4,46,2001,390533.47
31,4,47,2001,2491.33
31,4,48,2001,296.62
32,4,3,2001,1015701.98
32,4,4,2001,5738.56
32,4,5,2001,7169.46
32,4,9,2001,144529.33
32,4,11,2001,115525.96
32,4,12,2001,79480.08
32,4,15,2001,2749282.66
32,4,20,2001,587.78
32,4,21,2001,173545.13
32,4,23,2001,4769.66
32,4,24,2001,53698.32
32,4,25,2001,2173.48
32,4,29,2001,28902.47
32,4,31,2001,19.68
32,4,32,2001,526.52
32,4,33,2001,46800.94
32,4,41,2001,24006.12
32,4,46,2001,106750.22
32,4,48,2001,325.31
32,4,49,2001,17819.32
32,4,50,2001,28590.88
33,4,3,2001,1250500.75
33,4,4,2001,713.23
33,4,5,2001,9387.46
33,4,9,2001,1074.05
33,4,11,2001,108484.34
33,4,12,2001,93824.41
33,4,15,2001,2112559.11
33,4,20,2001,1.0
33,4,21,2001,246619.5
33,4,23,2001,24398.5
33,4,24,2001,180997.96
33,4,25,2001,4736.69
33,4,29,2001,5222.6
33,4,30,2001,726.21
33,4,31,2001,3758.04
33,4,32,2001,1503.58
33,4,33,2001,94340.95
33,4,39,2001,126.61
33,4,41,2001,156633.38
33,4,46,2001,0.08
33,4,48,2001,0.0
33,4,49,2001,25402.91
33,4,50,2001,51045.48
33,4,91,2001,0.0
35,3,3,2001,929026.88
35,3,4,2001,29514.85
35,3,9,2001,333752.18
35,3,11,2001,127851.91
35,3,12,2001,5572.57
35,3,15,2001,1895639.03
35,3,20,2001,1640983.13
35,3,21,2001,518377.68
35,3,24,2001,88920.37
35,3,25,2001,13662.71
35,3,30,2001,474.73
35,3,31,2001,14.43
35,3,33,2001,118726.58
35,3,39,2001,503278.38
35,3,41,2001,144057.87
35,3,46,2001,22243.45
35,3,47,2001,138116.09
35,3,48,2001,7678.13
35,3,62,2001,0.0
35,4,3,2001,3583094.97
35,4,4,2001,4.97
35,4,5,2001,18185.51
35,4,9,2001,219792.95
35,4,11,2001,252595.14
35,4,12,2001,108766.81
35,4,15,2001,8417668.08
35,4,20,2001,1639624.37
35,4,21,2001,1893857.36
35,4,23,2001,2004.02
35,4,24,2001,499095.72
35,4,25,2001,12809.07
35,4,29,2001,127.59
35,4,30,2001,4555.27
35,4,31,2001,320.66
35,4,32,2001,512.57
35,4,33,2001,503230.45
35,4,39,2001,374017.61
35,4,40,2001,3.83
35,4,41,2001,373956.71
35,4,46,2001,43626.13
35,4,47,2001,109308.12
35,4,48,2001,7533.68
35,4,49,2001,231225.97
35,4,50,2001,4954.11
35,4,62,2001,0.0
35,4,75,2001,0.0
41,3,3,2001,69893.25
41,3,4,2001,3.92
41,3,9,2001,54464.19
41,3,11,2001,1098.11
41,3,12,2001,61932.52
41,3,15,2001,19907.28
41,3,21,2001,1126.33
41,3,24,2001,1750.21
41,3,25,2001,171.15
41,3,29,2001,4205.37
41,3,33,2001,398.92
41,3,39,2001,83583.95
41,3,41,2001,13867.33
41,3,46,2001,0.98
41,3,47,2001,5.8
41,3,48,2001,0.0
41,4,3,2001,4690212.5
41,4,5,2001,20689.63
41,4,9,2001,681292.07
41,4,11,2001,177981.82
41,4,12,2001,40909.69
41,4,15,2001,5662181.68
41,4,20,2001,181404.09
41,4,21,2001,1423458.76
41,4,23,2001,675.69
41,4,24,2001,223897.28
41,4,25,2001,5216.26
41,4,29,2001,71.29
41,4,30,2001,3028.44
41,4,31,2001,138.17
41,4,32,2001,311.43
41,4,33,2001,399059.33
41,4,39,2001,3417258.62
41,4,40,2001,2013.19
41,4,41,2001,2505328.37
41,4,46,2001,42911.32
41,4,47,2001,1246.18
41,4,48,2001,1250.0
41,4,49,2001,129398.28
41,4,50,2001,4640.87
41,4,62,2001,0.0
42,4,3,2001,3954629.87
42,4,5,2001,8031.77
42,4,9,2001,512644.53
42,4,11,2001,16113.1
42,4,12,2001,858373.08
42,4,15,2001,1444423.51
42,4,21,2001,872704.07
42,4,23,2001,6359.66
42,4,24,2001,148610.12
42,4,25,2001,2465.76
42,4,29,2001,1.26
42,4,30,2001,1664.41
42,4,31,2001,66.17
42,4,32,2001,592.8
42,4,33,2001,121972.49
42,4,39,2001,225363.69
42,4,40,2001,140737.71
42,4,41,2001,1104266.65
42,4,48,2001,1276.16
42,4,49,2001,90836.2
42,4,50,2001,18696.66
42,4,84,2001,22.83
42,4,91,2001,0.0
43,4,3,2001,2753378.91
43,4,9,2001,182713.76
43,4,11,2001,2021.68
43,4,12,2001,1424468.21
43,4,15,2001,916778.42
43,4,21,2001,820339.16
43,4,23,2001,478.98
43,4,24,2001,94878.8
43,4,25,2001,3344.79
43,4,29,2001,5.43
43,4,30,2001,7.88
43,4,31,2001,0.0
43,4,33,2001,104351.99
43,4,39,2001,1419978.58
43,4,40,2001,29990.14
43,4,41,2001,994259.94
43,4,48,2001,14156.09
43,4,49,2001,2128.68
43,4,50,2001,5791.06
43,4,84,2001,5.55
43,4,91,2001,0.0
43,5,3,2001,2179524.85
43,5,9,2001,319800.53
43,5,11,2001,358601.56
43,5,12,2001,7982315.88
43,5,15,2001,324.79
43,5,21,2001,1451077.25
43,5,23,2001,156868.11
43,5,24,2001,114753.26
43,5,25,2001,53175.5
43,5,29,2001,23835.35
43,5,30,2001,2861.75
43,5,31,2001,100.8
43,5,33,2001,1835526.65
43,5,39,2001,2006932.18
43,5,40,2001,372057.75
43,5,41,2001,2390732.47
43,5,48,2001,96.86
43,5,49,2001,16110.66
43,5,50,2001,121280.54
43,5,84,2001,7539.42
43,5,91,2001,0.0
50,3,3,2001,4311350.22
50,3,4,2001,1318166.18
50,3,7,2001,0.42
50,3,9,2001,182755.36
50,3,11,2001,622636.01
50,3,12,2001,134563.22
50,3,15,2001,13667750.67
50,3,20,2001,18713.65
50,3,21,2001,328186.9
50,3,24,2001,47533.38
50,3,25,2001,3560.65
50,3,29,2001,4070.28
50,3,30,2001,329.47
50,3,31,2001,4.73
50,3,33,2001,78393.21
50,3,39,2001,970358.96
50,3,40,2001,1186.97
50,3,41,2001,525138.2
50,3,47,2001,154.49
50,3,62,2001,9926.98
50,4,3,2001,375070.26
50,4,4,2001,2.33
50,4,9,2001,1081.8
50,4,11,2001,315461.56
50,4,12,2001,14.61
50,4,15,2001,2149852.64
50,4,20,2001,6375.21
50,4,21,2001,101003.87
50,4,24,2001,13006.73
50,4,25,2001,2386.41
50,4,31,2001,67.46
50,4,33,2001,246425.45
50,4,39,2001,266918.75
50,4,40,2001,0.0
50,4,41,2001,264690.48
50,4,47,2001,39.12
50,4,48,2001,2.23
50,6,0,2001,0.26
50,6,3,2001,1588606.92
50,6,4,2001,2098954.96
50,6,7,2001,82650.34
50,6,9,2001,1.02
50,6,11,2001,752241.57
50,6,12,2001,3750513.92
50,6,13,2001,0.0
50,6,15,2001,677766.15
50,6,21,2001,10160.24
50,6,24,2001,2852.73
50,6,25,2001,160.71
50,6,29,2001,3207.99
50,6,30,2001,342.36
50,6,33,2001,767645.25
50,6,39,2001,244.52
50,6,40,2001,6048.05
50,6,41,2001,1096.06
51,1,0,2001,665.64
51,1,3,2001,32910654.11
51,1,4,2001,915708.47
51,1,6,2001,3230935.17
51,1,7,2001,0.0
51,1,9,2001,10097.94
51,1,11,2001,988600.65
51,1,12,2001,614269.08
51,1,15,2001,9699453.22
51,1,20,2001,24488.75
51,1,21,2001,1232688.52
51,1,24,2001,37197.39
51,1,25,2001,53100.36
51,1,29,2001,191496.9
51,1,30,2001,50399.56
51,1,31,2001,6.43
51,1,33,2001,300628.79
51,1,39,2001,381431.73
51,1,41,2001,549460.27
51,1,62,2001,99.15
51,3,0,2001,514.79
51,3,3,2001,6685344.18
51,3,4,2001,11603359.21
51,3,6,2001,140.6
51,3,7,2001,0.17
51,3,9,2001,5985.11
51,3,11,2001,2601710.34
51,3,12,2001,1503034.91
51,3,15,2001,6581161.26
51,3,20,2001,184.6
51,3,21,2001,370880.73
51,3,24,2001,56191.48
51,3,25,2001,17255.9
51,3,29,2001,93412.86
51,3,30,2001,12580.7
51,3,31,2001,365.72
51,3,33,2001,176123.55
51,3,39,2001,3301565.37
51,3,41,2001,750735.72
51,3,62,2001,13008.2
51,6,0,2001,567.97
51,6,3,2001,756273.39
51,6,4,2001,1499189.4
51,6,7,2001,61767.09
51,6,9,2001,22.78
51,6,11,2001,531330.45
51,6,12,2001,1492540.51
51,6,15,2001,430103.52
51,6,20,2001,0.0
51,6,21,2001,47411.79
51,6,24,2001,2530.61
51,6,25,2001,242.59
51,6,29,2001,0.09
51,6,30,2001,25.79
51,6,31,2001,0.0
51,6,33,2001,529083.95
51,6,39,2001,99.17
51,6,41,2001,277.87
52,3,3,2001,5798642.5
52,3,4,2001,6849563.91
52,3,9,2001,40934.64
52,3,11,2001,555811.9
52,3,12,2001,642705.8
52,3,15,2001,15303792.39
52,3,20,2001,35216.7
52,3,21,2001,553757.69
52,3,24,2001,158818.48
52,3,25,2001,8822.91
52,3,29,2001,151682.56
52,3,30,2001,3130.6
52,3,31,2001,49.11
52,3,33,2001,270203.22
52,3,39,2001,1990341.9
52,3,40,2001,2160.89
52,3,41,2001,1103322.75
52,3,46,2001,749.06
52,3,47,2001,101.0
52,3,48,2001,9.73
52,3,62,2001,528.4
52,3,75,2001,0.0
52,4,3,2001,74571.55
52,4,4,2001,11.58
52,4,9,2001,48.8
52,4,11,2001,30.12
52,4,12,2001,0.0
52,4,15,2001,356696.25
52,4,20,2001,1386.67
52,4,21,2001,22495.06
52,4,24,2001,679.9
52,4,25,2001,461.36
52,4,31,2001,0.0
52,4,33,2001,67482.13
52,4,39,2001,11143.13
52,4,41,2001,18931.56
53,3,3,2001,68621.29
53,3,4,2001,203905.93
53,3,9,2001,49.29
53,3,11,2001,3533.41
53,3,12,2001,34296.49
53,3,15,2001,113910.11
53,3,21,2001,2800.8
53,3,24,2001,58851.68
53,3,25,2001,1458.11
53,3,30,2001,382.12
53,3,31,2001,26.01
53,3,33,2001,6660.85
53,3,39,2001,66917.5
53,3,41,2001,14321.14
53,3,46,2001,231.1
53,3,48,2001,125.22
53,3,62,2001,0.0
11,1,0,2002,0.87
11,1,3,2002,15365680.02
11,1,4,2002,481007.51
11,1,6,2002,788472.33
11,1,9,2002,13.36
11,1,11,2002,662939.73
11,1,12,2002,264538.57
11,1,15,2002,5221256.85
11,1,21,2002,274828.4
11,1,24,2002,41786.19
11,1,25,2002,79045.04
11,1,29,2002,54371.07
11,1,30,2002,12693.4
11,1,31,2002,44.82
11,1,33,2002,238578.24
11,1,39,2002,7043.46
11,1,41,2002,7432.94
11,1,75,2002,0.0
11,3,0,2002,21.32
11,3,3,2002,156814.08
11,3,4,2002,66951.73
11,3,9,2002,11.52
11,3,11,2002,720.64
11,3,12,2002,6789.68
11,3,15,2002,8188.01
11,3,21,2002,2214.78
11,3,24,2002,3361.49
11,3,25,2002,2377.04
11,3,29,2002,0.0
11,3,33,2002,58.3
11,3,39,2002,7661.44
11,3,41,2002,8382.13
12,1,3,2002,14969001.81
12,1,4,2002,2645.82
12,1,6,2002,73640.48
12,1,11,2002,1937.3
12,1,12,2002,1465.15
12,1,15,2002,1203662.19
12,1,21,2002,20522.09
12,1,24,2002,22518.9
12,1,25,2002,30182.05
12,1,31,2002,2.73
12,1,33,2002,57134.89
12,1,39,2002,0.0
12,1,41,2002,293.03
13,1,3,2002,124745049.8
13,1,4,2002,227836.08
13,1,6,2002,22622266.63
13,1,11,2002,1714017.83
13,1,12,2002,601755.86
13,1,15,2002,639960.55
13,1,20,2002,4028.91
13,1,21,2002,121732.62
13,1,24,2002,53609.18
13,1,25,2002,36924.04
13,1,29,2002,2179.73
13,1,30,2002,13315.75
13,1,31,2002,30.27
13,1,33,2002,5045132.1
13,1,35,2002,240.05
13,1,39,2002,0.0
13,1,41,2002,434.88
14,1,3,2002,14278839.12
14,1,4,2002,279717.19
14,1,6,2002,2594714.02
14,1,9,2002,0.0
14,1,11,2002,1340771.45
14,1,12,2002,2911503.59
14,1,15,2002,419756.39
14,1,21,2002,68020.05
14,1,24,2002,17030.08
14,1,25,2002,7458.04
14,1,29,2002,81898.45
14,1,30,2002,2018.97
14,1,31,2002,33.04
14,1,33,2002,298567.83
14,1,35,2002,503.11
14,1,39,2002,1920.48
14,1,41,2002,13825.64
15,1,0,2002,11.4
15,1,3,2002,93949569.05
15,1,4,2002,1287353.16
15,1,5,2002,230378.18
15,1,6,2002,7156438.41
15,1,9,2002,41336.34
15,1,11,2002,2316772.92
15,1,12,2002,1001033.02
15,1,15,2002,11802209.44
15,1,20,2002,0.0
15,1,21,2002,825398.84
15,1,23,2002,2643.92
15,1,24,2002,121067.29
15,1,25,2002,93533.61
15,1,29,2002,227649.24
15,1,30,2002,83194.61
15,1,31,2002,11.4
15,1,32,2002,2822.3
15,1,33,2002,4412483.28
15,1,35,2002,64507.53
15,1,39,2002,3613.02
15,1,40,2002,0.0
15,1,41,2002,48521.98
15,3,0,2002,107.21
15,3,3,2002,196676.03
15,3,4,2002,272260.71
15,3,6,2002,113.75
15,3,9,2002,0.0
15,3,11,2002,62727.46
15,3,12,2002,144878.69
15,3,15,2002,166195.51
15,3,21,2002,537.72
15,3,24,2002,1657.97
15,3,25,2002,6.64
15,3,29,2002,1.68
15,3,30,2002,32.94
15,3,31,2002,0.0
15,3,33,2002,25084.31
15,3,39,2002,677.23
15,3,41,2002,44.35
16,1,3,2002,9959675.3
16,1,4,2002,3277.38
16,1,5,2002,94933.65
16,1,6,2002,1582844.01
16,1,9,2002,82883.51
16,1,11,2002,1983152.3
16,1,12,2002,28019.9
16,1,15,2002,14992.68
16,1,21,2002,14767.33
16,1,24,2002,13393.98
16,1,25,2002,3867.64
16,1,30,2002,2960.01
16,1,31,2002,0.0
16,1,33,2002,406692.57
16,1,39,2002,2.23
16,1,41,2002,298.28
17,1,0,2002,1.15
17,1,3,2002,397228.17
17,1,4,2002,14765.07
17,1,6,2002,141699.91
17,1,9,2002,0.0
17,1,11,2002,23378.37
17,1,12,2002,61104.27
17,1,15,2002,1574190.66
17,1,21,2002,172922.43
17,1,24,2002,2246.47
17,1,25,2002,1799.61
17,1,29,2002,28815.83
17,1,30,2002,6.82
17,1,31,2002,0.0
17,1,33,2002,42765.86
17,1,39,2002,3.99
17,1,40,2002,0.0
17,1,41,2002,629.11
17,3,0,2002,21.21
17,3,3,2002,5639035.91
17,3,4,2002,11096694.44
17,3,6,2002,10.9
17,3,9,2002,2740.09
17,3,11,2002,2180422.02
17,3,12,2002,1603289.5
17,3,15,2002,4140250.96
17,3,20,2002,34.78
17,3,21,2002,144755.9
17,3,23,2002,326.1
17,3,24,2002,45505.85
17,3,25,2002,4719.59
17,3,29,2002,41032.29
17,3,30,2002,209.72
17,3,31,2002,4.04
17,3,33,2002,256734.07
17,3,39,2002,95244.15
17,3,40,2002,4459.6
17,3,41,2002,25301.05
17,3,62,2002,3.68
17,3,75,2002,0.0
21,1,0,2002,1.25
21,1,3,2002,5565397.14
21,1,4,2002,130794.48
21,1,5,2002,408204.47
21,1,6,2002,440341.39
21,1,9,2002,33895.36
21,1,11,2002,434131.78
21,1,12,2002,71305.83
21,1,15,2002,3663117.77
21,1,21,2002,76472.6
21,1,23,2002,6001.47
21,1,24,2002,43767.66
21,1,25,2002,15281.77
21,1,29,2002,91.22
21,1,30,2002,5751.02
21,1,31,2002,46.13
21,1,32,2002,34890.5
21,1,33,2002,308082.93
21,1,39,2002,9.54
21,1,41,2002,2136.31
21,1,50,2002,2.14
21,3,0,2002,69.44
21,3,3,2002,11130454.48
21,3,4,2002,6813671.05
21,3,5,2002,65622.03
21,3,6,2002,61.19
21,3,9,2002,5833.47
21,3,11,2002,130396.89
21,3,12,2002,775820.85
21,3,15,2002,1746517.32
21,3,20,2002,7587.17
21,3,21,2002,212021.85
21,3,23,2002,110622.11
21,3,24,2002,48165.3
21,3,25,2002,3736.35
21,3,29,2002,6756.84
21,3,30,2002,225.73
21,3,31,2002,43.48
21,3,32,2002,8763.46
21,3,33,2002,127800.92
21,3,39,2002,254091.75
21,3,41,2002,23427.82
21,3,48,2002,0.0
21,3,50,2002,234414.39
21,3,62,2002,0.0
21,3,91,2002,0.0
22,2,3,2002,1059391.83
22,2,4,2002,9252155.09
22,2,5,2002,5145.79
22,2,9,2002,3.98
22,2,11,2002,0.0
22,2,12,2002,17829.72
22,2,15,2002,1215903.18
22,2,21,2002,172312.26
22,2,23,2002,15838.72
22,2,24,2002,24076.15
22,2,25,2002,19301.52
22,2,29,2002,14496.58
22,2,31,2002,772.46
22,2,32,2002,2141.92
22,2,33,2002,29976.57
22,2,39,2002,1299.63
22,2,41,2002,37801.82
22,2,48,2002,646.68
22,2,50,2002,4287.7
22,2,62,2002,0.0
22,2,75,2002,0.0
22,2,91,2002,0.0
22,3,3,2002,2339823.38
22,3,4,2002,9705774.35
22,3,5,2002,3.04
22,3,9,2002,210.86
22,3,11,2002,89668.06
22,3,12,2002,302092.1
22,3,15,2002,413459.03
22,3,20,2002,2912.03
22,3,21,2002,59077.83
22,3,23,2002,0.45
22,3,24,2002,38132.42
22,3,25,2002,36626.4
22,3,29,2002,76099.74
22,3,30,2002,294.63
22,3,31,2002,0.0
22,3,33,2002,64776.18
22,3,39,2002,94107.25
22,3,41,2002,78559.86
22,3,48,2002,1.25
22,3,62,2002,0.0
22,3,75,2002,0.0
23,2,3,2002,844147.7
23,2,4,2002,11011309.2
23,2,5,2002,17119.07
23,2,9,2002,1.52
23,2,12,2002,121.59
23,2,15,2002,2061617.48
23,2,21,2002,288168.01
23,2,23,2002,64521.51
23,2,24,2002,107620.82
23,2,25,2002,21584.28
23,2,29,2002,1909.6
23,2,30,2002,781.48
23,2,31,2002,3002.59
23,2,32,2002,5719.61
23,2,33,2002,196409.63
23,2,39,2002,29.73
23,2,41,2002,78119.53
23,2,48,2002,179534.04
23,2,50,2002,5147.21
23,2,75,2002,0.0
23,2,91,2002,0.0
24,2,3,2002,59096.73
24,2,4,2002,2860194.29
24,2,5,2002,5514.38
24,2,11,2002,0.09
24,2,12,2002,10985.66
24,2,13,2002,7497.56
24,2,15,2002,1505074.18
24,2,20,2002,2964.06
24,2,21,2002,248816.87
24,2,23,2002,37947.58
24,2,24,2002,36378.18
24,2,25,2002,4820.7
24,2,29,2002,5039.22
24,2,30,2002,0.0
24,2,31,2002,28680.99
24,2,32,2002,5033.59
24,2,33,2002,71948.17
24,2,41,2002,162990.85
24,2,48,2002,18927.78
24,2,49,2002,0.09
24,2,50,2002,2740.58
24,2,75,2002,0.0
24,2,91,2002,0.0
24,4,3,2002,25477.62
24,4,4,2002,949.65
24,4,5,2002,7314.47
24,4,9,2002,7.74
24,4,11,2002,5104.18
24,4,12,2002,0.0
24,4,15,2002,11514.52
24,4,20,2002,26410.1
24,4,21,2002,50739.44
24,4,23,2002,7544.74
24,4,24,2002,13363.05
24,4,25,2002,6.31
24,4,31,2002,1873.53
24,4,32,2002,800.94
24,4,33,2002,8315.22
24,4,41,2002,28370.44
24,4,48,2002,82.54
24,4,49,2002,690.49
24,4,50,2002,16245.76
24,4,91,2002,0.0
25,2,3,2002,61012.74
25,2,4,2002,3339300.61
25,2,11,2002,0.0
25,2,12,2002,2426.7
25,2,13,2002,1806.38
25,2,15,2002,1633745.0
25,2,20,2002,13985.85
25,2,21,2002,100314.02
25,2,24,2002,24837.78
25,2,25,2002,8988.21
25,2,29,2002,4813.1
25,2,30,2002,8.53
25,2,31,2002,0.0
25,2,33,2002,43692.98
25,2,41,2002,903.16
25,2,48,2002,39.26
25,2,75,2002,0.0
25,2,91,2002,0.0
25,4,3,2002,62730.94
25,4,4,2002,16083.55
25,4,5,2002,11771.9
25,4,9,2002,527.68
25,4,11,2002,12604.49
25,4,15,2002,75676.16
25,4,20,2002,95364.43
25,4,21,2002,79533.97
25,4,23,2002,659.77
25,4,24,2002,16245.39
25,4,25,2002,109.31
25,4,30,2002,138.91
25,4,31,2002,397.28
25,4,32,2002,345.35
25,4,33,2002,4977.95
25,4,41,2002,33105.45
25,4,48,2002,0.0
25,4,50,2002,220.0
25,4,75,2002,0.0
25,4,91,2002,0.0
26,2,3,2002,50195.79
26,2,4,2002,5540930.63
26,2,12,2002,16198.97
26,2,13,2002,86356.08
26,2,15,2002,2233789.49
26,2,20,2002,711.51
26,2,21,2002,102167.56
26,2,24,2002,43945.62
26,2,25,2002,20059.18
26,2,29,2002,1124.57
26,2,30,2002,284.83
26,2,31,2002,6.45
26,2,33,2002,107803.09
26,2,41,2002,13794.76
26,2,48,2002,41489.66
26,2,75,2002,0.0
26,2,91,2002,0.0
26,4,3,2002,201310.2
26,4,4,2002,145877.44
26,4,5,2002,14550.93
26,4,9,2002,17.19
26,4,11,2002,3869.79
26,4,15,2002,631738.12
26,4,20,2002,400964.57
26,4,21,2002,86070.49
26,4,23,2002,293.54
26,4,24,2002,39874.57
26,4,25,2002,318.92
26,4,30,2002,507.05
26,4,31,2002,916.41
26,4,32,2002,1020.61
26,4,33,2002,17755.62
26,4,41,2002,10.09
26,4,50,2002,4.6
26,4,75,2002,0.0
26,4,91,2002,0.0
27,2,3,2002,6539.0
27,2,4,2002,385607.88
27,2,9,2002,0.0
27,2,11,2002,0.0
27,2,12,2002,57.73
27,2,13,2002,0.0
27,2,15,2002,903133.68
27,2,20,2002,546.58
27,2,21,2002,5040.57
27,2,24,2002,6144.6
27,2,25,2002,468.51
27,2,29,2002,16.34
27,2,30,2002,0.0
27,2,31,2002,6.97
27,2,33,2002,13083.42
27,2,41,2002,429.37
27,2,48,2002,0.0
27,4,3,2002,173283.1
27,4,4,2002,60732.82
27,4,5,2002,4253.73
27,4,9,2002,2.56
27,4,11,2002,15506.46
27,4,12,2002,18.13
27,4,15,2002,639520.82
27,4,20,2002,480593.13
27,4,21,2002,26213.86
27,4,23,2002,4016.46
27,4,24,2002,17526.37
27,4,25,2002,193.74
27,4,29,2002,30.02
27,4,31,2002,0.0
27,4,32,2002,72.62
27,4,33,2002,25113.78
27,4,41,2002,9.17
27,4,49,2002,2582.42
27,4,50,2002,11394.41
28,2,3,2002,24468.21
28,2,4,2002,344515.02
28,2,9,2002,4.56
28,2,12,2002,506.11
28,2,15,2002,828632.61
28,2,20,2002,17.32
28,2,21,2002,301.03
28,2,24,2002,3628.0
28,2,25,2002,856.51
28,2,30,2002,42.98
28,2,31,2002,8.91
28,2,33,2002,9904.72
28,2,41,2002,839.19
28,4,3,2002,87853.73
28,4,4,2002,3326.64
28,4,5,2002,21181.87
28,4,9,2002,1000.97
28,4,11,2002,20038.11
28,4,12,2002,19852.9
28,4,15,2002,677162.14
28,4,20,2002,9210.57
28,4,21,2002,33345.09
28,4,23,2002,7696.8
28,4,24,2002,16621.45
28,4,25,2002,515.5
28,4,29,2002,73.03
28,4,30,2002,386.01
28,4,31,2002,464.32
28,4,32,2002,2689.35
28,4,33,2002,28698.75
28,4,41,2002,131.31
28,4,49,2002,758.34
28,4,50,2002,47711.61
28,4,91,2002,0.0
29,2,3,2002,1157843.33
29,2,4,2002,20583292.66
29,2,9,2002,3644.89
29,2,11,2002,0.09
29,2,12,2002,243749.33
29,2,13,2002,374674.22
29,2,15,2002,10375010.36
29,2,20,2002,17446.51
29,2,21,2002,1512830.58
29,2,23,2002,59146.48
29,2,24,2002,89378.6
29,2,25,2002,61460.63
29,2,29,2002,87229.33
29,2,30,2002,3769.03
29,2,31,2002,0.0
29,2,33,2002,424579.5
29,2,39,2002,1841.26
29,2,41,2002,104194.04
29,2,46,2002,4852.47
29,2,48,2002,30770.38
29,2,62,2002,0.0
29,2,75,2002,0.0
29,2,91,2002,0.0
29,3,3,2002,317064.02
29,3,4,2002,7439763.26
29,3,9,2002,13347.08
29,3,11,2002,143470.43
29,3,12,2002,639857.1
29,3,15,2002,392158.88
29,3,21,2002,172209.19
29,3,24,2002,8983.36
29,3,25,2002,8452.24
29,3,29,2002,9456.43
29,3,31,2002,0.0
29,3,33,2002,8485.72
29,3,39,2002,652133.49
29,3,41,2002,502390.47
29,3,46,2002,18853.99
29,3,48,2002,2543.12
29,3,62,2002,14511.05
29,3,75,2002,0.0
29,3,91,2002,0.0
29,4,3,2002,3251806.92
29,4,4,2002,808317.92
29,4,5,2002,69734.03
29,4,9,2002,342783.27
29,4,11,2002,120727.17
29,4,12,2002,30536.27
29,4,15,2002,5452595.55
29,4,20,2002,2376.18
29,4,21,2002,460780.63
29,4,23,2002,9126.25
29,4,24,2002,91465.14
29,4,25,2002,4408.91
29,4,29,2002,5912.06
29,4,30,2002,975.17
29,4,31,2002,1591.02
29,4,32,2002,6661.85
29,4,33,2002,203624.31
29,4,41,2002,1475.76
29,4,46,2002,13576.81
29,4,48,2002,125.45
29,4,49,2002,16693.57
29,4,50,2002,97116.81
31,2,3,2002,93867.74
31,2,4,2002,1680767.31
31,2,9,2002,1917.04
31,2,11,2002,0.0
31,2,12,2002,1159.07
31,2,15,2002,1394233.67
31,2,20,2002,81.17
31,2,21,2002,28881.22
31,2,24,2002,8337.93
31,2,25,2002,4620.51
31,2,29,2002,3190.71
31,2,30,2002,104.33
31,2,33,2002,24893.62
31,2,39,2002,126.49
31,2,41,2002,13520.35
31,2,46,2002,1504.64
31,2,48,2002,3754.49
31,2,62,2002,0.0
31,2,75,2002,0.0
31,3,0,2002,59.78
31,3,3,2002,4230890.82
31,3,4,2002,9327551.6
31,3,9,2002,779278.95
31,3,11,2002,491469.26
31,3,12,2002,1545227.57
31,3,15,2002,11713777.34
31,3,20,2002,152461.01
31,3,21,2002,685247.53
31,3,24,2002,118569.02
31,3,25,2002,28084.9
31,3,29,2002,669175.19
31,3,30,2002,10609.76
31,3,31,2002,19.96
31,3,33,2002,402881.65
31,3,39,2002,597824.76
31,3,41,2002,867039.66
31,3,46,2002,148347.8
31,3,47,2002,26268.38
31,3,48,2002,2451.42
31,3,62,2002,5.42
31,3,75,2002,0.0
31,4,3,2002,5627157.12
31,4,4,2002,2185257.75
31,4,9,2002,204345.49
31,4,11,2002,11668.06
31,4,12,2002,1012243.14
31,4,15,2002,12597170.5
31,4,20,2002,27776.09
31,4,21,2002,724782.51
31,4,23,2002,20.51
31,4,24,2002,193292.76
31,4,25,2002,9445.67
31,4,29,2002,39092.53
31,4,30,2002,33310.57
31,4,31,2002,0.0
31,4,33,2002,271410.18
31,4,39,2002,8379.73
31,4,41,2002,250665.42
31,4,46,2002,394465.63
31,4,47,2002,2419.86
31,4,48,2002,274.17
32,4,3,2002,1016486.01
32,4,4,2002,6250.51
32,4,5,2002,7169.21
32,4,9,2002,149865.37
32,4,11,2002,120389.05
32,4,12,2002,78819.67
32,4,15,2002,2707583.01
32,4,20,2002,2392.51
32,4,21,2002,199380.56
32,4,23,2002,4960.58
32,4,24,2002,54620.97
32,4,25,2002,2155.45
32,4,29,2002,29228.19
32,4,31,2002,20.51
32,4,32,2002,485.41
32,4,33,2002,50581.44
32,4,41,2002,23224.03
32,4,46,2002,105926.11
32,4,48,2002,323.45
32,4,49,2002,17774.45
32,4,50,2002,28307.4
33,4,3,2002,1250535.07
33,4,4,2002,705.17
33,4,5,2002,9648.11
33,4,9,2002,1183.79
33,4,11,2002,108423.42
33,4,12,2002,90203.06
33,4,15,2002,2123190.9
33,4,20,2002,38.04
33,4,21,2002,245518.2
33,4,23,2002,23761.05
33,4,24,2002,185077.95
33,4,25,2002,4810.27
33,4,29,2002,5226.33
33,4,30,2002,739.99
33,4,31,2002,3730.08
33,4,32,2002,1502.04
33,4,33,2002,95886.87
33,4,39,2002,127.42
33,4,41,2002,144842.33
33,4,46,2002,0.17
33,4,48,2002,0.0
33,4,49,2002,25244.89
33,4,50,2002,51661.73
33,4,91,2002,0.0
35,3,3,2002,921528.89
35,3,4,2002,31992.6
35,3,9,2002,334166.15
35,3,11,2002,126925.72
35,3,12,2002,5433.78
35,3,15,2002,1830835.28
35,3,20,2002,1702014.62
35,3,21,2002,527284.35
35,3,24,2002,91142.11
35,3,25,2002,14021.77
35,3,30,2002,489.86
35,3,31,2002,13.84
35,3,33,2002,119110.2
35,3,39,2002,497932.06
35,3,41,2002,138981.65
35,3,46,2002,23762.59
35,3,47,2002,144588.14
35,3,48,2002,7667.35
35,3,62,2002,0.0
35,4,3,2002,3595463.85
35,4,4,2002,5.14
35,4,5,2002,18414.29
35,4,9,2002,223174.95
35,4,11,2002,264288.51
35,4,12,2002,110893.37
35,4,15,2002,8277593.86
35,4,20,2002,1732435.03
35,4,21,2002,1886006.45
35,4,23,2002,1968.14
35,4,24,2002,510466.99
35,4,25,2002,13525.78
35,4,29,2002,125.29
35,4,30,2002,4670.6
35,4,31,2002,318.95
35,4,32,2002,518.35
35,4,33,2002,508921.91
35,4,39,2002,390417.78
35,4,40,2002,2.85
35,4,41,2002,361307.19
35,4,46,2002,44176.89
35,4,47,2002,112597.67
35,4,48,2002,7438.96
35,4,49,2002,231202.28
35,4,50,2002,4936.62
35,4,62,2002,0.0
35,4,75,2002,0.0
41,3,3,2002,69245.87
41,3,4,2002,0.08
41,3,9,2002,55450.44
41,3,11,2002,1155.77
41,3,12,2002,60803.81
41,3,15,2002,19168.89
41,3,21,2002,1435.02
41,3,24,2002,1818.19
41,3,25,2002,220.58
41,3,29,2002,4204.63
41,3,33,2002,417.38
41,3,39,2002,84097.9
41,3,41,2002,14380.61
41,3,46,2002,0.0
41,3,47,2002,10.13
41,3,48,2002,0.0
41,4,3,2002,4714514.03
41,4,5,2002,21130.45
41,4,9,2002,682840.63
41,4,11,2002,187105.83
41,4,12,2002,44673.59
41,4,15,2002,5620383.58
41,4,20,2002,223186.19
41,4,21,2002,1465258.27
41,4,23,2002,659.84
41,4,24,2002,227049.41
41,4,25,2002,5832.26
41,4,29,2002,71.29
41,4,30,2002,3110.43
41,4,31,2002,139.4
41,4,32,2002,315.64
41,4,33,2002,396295.88
41,4,39,2002,3518535.24
41,4,40,2002,2433.55
41,4,41,2002,2321731.99
41,4,46,2002,42491.81
41,4,47,2002,1279.73
41,4,48,2002,1260.28
41,4,49,2002,129621.01
41,4,50,2002,4654.62
41,4,62,2002,0.0
42,4,3,2002,3943663.59
42,4,5,2002,8239.03
42,4,9,2002,522118.94
42,4,11,2002,16608.63
42,4,12,2002,860533.88
42,4,15,2002,1455044.46
42,4,21,2002,913137.07
42,4,23,2002,6315.65
42,4,24,2002,151096.43
42,4,25,2002,2848.13
42,4,29,2002,0.94
42,4,30,2002,1690.71
42,4,31,2002,42.68
42,4,32,2002,552.45
42,4,33,2002,124631.91
42,4,39,2002,259757.8
42,4,40,2002,124375.84
42,4,41,2002,1028884.61
42,4,48,2002,1279.22
42,4,49,2002,90172.61
42,4,50,2002,18835.09
42,4,84,2002,22.83
42,4,91,2002,0.0
43,4,3,2002,2755247.69
43,4,9,2002,188073.91
43,4,11,2002,2039.68
43,4,12,2002,1404438.87
43,4,15,2002,904865.36
43,4,21,2002,842255.96
43,4,23,2002,477.19
43,4,24,2002,96961.26
43,4,25,2002,3609.65
43,4,29,2002,5.27
43,4,30,2002,8.36
43,4,31,2002,0.94
43,4,33,2002,106069.8
43,4,39,2002,1467560.38
43,4,40,2002,29554.69
43,4,41,2002,945246.43
43,4,48,2002,14649.12
43,4,49,2002,2182.43
43,4,50,2002,5825.52
43,4,84,2002,5.55
43,4,91,2002,0.0
43,5,3,2002,2170239.2
43,5,9,2002,327258.84
43,5,11,2002,358754.74
43,5,12,2002,7913259.28
43,5,15,2002,303.59
43,5,21,2002,1431444.48
43,5,23,2002,158147.96
43,5,24,2002,116412.85
43,5,25,2002,53547.77
43,5,29,2002,23835.69
43,5,30,2002,2934.36
43,5,31,2002,104.78
43,5,33,2002,1839731.29
43,5,39,2002,2085325.2
43,5,40,2002,382825.81
43,5,41,2002,2386221.33
43,5,48,2002,74.16
43,5,49,2002,16171.37
43,5,50,2002,119463.14
43,5,84,2002,7460.33
43,5,91,2002,0.0
50,3,3,2002,4226110.23
50,3,4,2002,1282276.71
50,3,7,2002,1.09
50,3,9,2002,183758.49
50,3,11,2002,608847.94
50,3,12,2002,134042.98
50,3,15,2002,13735992.95
50,3,20,2002,21722.32
50,3,21,2002,349916.89
50,3,24,2002,48042.8
50,3,25,2002,3268.61
50,3,29,2002,4071.88
50,3,30,2002,323.58
50,3,31,2002,50.71
50,3,33,2002,79546.54
50,3,39,2002,1017045.73
50,3,40,2002,1168.84
50,3,41,2002,506512.55
50,3,47,2002,159.19
50,3,62,2002,21919.93
50,4,3,2002,374562.25
50,4,4,2002,4.24
50,4,9,2002,1131.4
50,4,11,2002,327394.34
50,4,12,2002,15.86
50,4,15,2002,2110648.6
50,4,20,2002,7396.26
50,4,21,2002,102677.54
50,4,24,2002,13152.92
50,4,25,2002,2549.88
50,4,31,2002,163.59
50,4,33,2002,251459.11
50,4,39,2002,292216.55
50,4,40,2002,0.0
50,4,41,2002,258988.75
50,4,47,2002,35.39
50,4,48,2002,2.23
50,6,0,2002,1.45
50,6,3,2002,1576585.3
50,6,4,2002,1949977.55
50,6,7,2002,181916.48
50,6,9,2002,0.85
50,6,11,2002,1369271.71
50,6,12,2002,2819574.09
50,6,13,2002,0.0
50,6,15,2002,712406.77
50,6,21,2002,10647.18
50,6,24,2002,2860.26
50,6,25,2002,163.07
50,6,29,2002,3207.91
50,6,30,2002,342.69
50,6,33,2002,1108095.08
50,6,39,2002,173.43
50,6,40,2002,6158.04
50,6,41,2002,1111.18
51,1,0,2002,615.79
51,1,3,2002,32198167.57
51,1,4,2002,902036.31
51,1,6,2002,3195761.47
51,1,7,2002,0.0
51,1,9,2002,10119.21
51,1,11,2002,976247.61
51,1,12,2002,608315.32
51,1,15,2002,10166255.67
51,1,20,2002,26426.62
51,1,21,2002,1368358.13
51,1,24,2002,38400.77
51,1,25,2002,54969.37
51,1,29,2002,191562.02
51,1,30,2002,50586.61
51,1,31,2002,7.39
51,1,33,2002,302378.47
51,1,39,2002,471067.97
51,1,41,2002,629992.65
51,1,62,2002,113.2
51,3,0,2002,483.66
51,3,3,2002,6639035.85
51,3,4,2002,11326808.05
51,3,6,2002,142.08
51,3,7,2002,0.17
51,3,9,2002,6384.85
51,3,11,2002,2609421.3
51,3,12,2002,1488494.95
51,3,15,2002,6701706.71
51,3,20,2002,167.19
51,3,21,2002,412596.15
51,3,24,2002,57268.89
51,3,25,2002,16044.41
51,3,29,2002,93439.7
51,3,30,2002,12548.32
51,3,31,2002,387.71
51,3,33,2002,187583.69
51,3,39,2002,3532174.61
51,3,41,2002,649026.76
51,3,62,2002,39840.3
51,6,0,2002,520.52
51,6,3,2002,753946.83
51,6,4,2002,1343693.85
51,6,7,2002,167574.84
51,6,9,2002,24.84
51,6,11,2002,876214.44
51,6,12,2002,1020333.74
51,6,15,2002,460747.33
51,6,20,2002,0.0
51,6,21,2002,48668.49
51,6,24,2002,2578.25
51,6,25,2002,243.1
51,6,29,2002,0.09
51,6,30,2002,28.2
51,6,31,2002,0.0
51,6,33,2002,676671.02
51,6,39,2002,22.42
51,6,41,2002,199.01
52,3,3,2002,5750479.3
52,3,4,2002,6685713.68
52,3,9,2002,42327.95
52,3,11,2002,553762.71
52,3,12,2002,644033.52
52,3,15,2002,15363441.35
52,3,20,2002,56728.49
52,3,21,2002,571613.23
52,3,24,2002,161711.1
52,3,25,2002,9956.5
52,3,29,2002,151705.41
52,3,30,2002,3146.53
52,3,31,2002,41.63
52,3,33,2002,284408.2
52,3,39,2002,2280620.88
52,3,40,2002,1973.05
52,3,41,2002,905519.03
52,3,46,2002,666.71
52,3,47,2002,119.9
52,3,48,2002,7.55
52,3,62,2002,2369.41
52,3,75,2002,0.0
52,4,3,2002,73215.81
52,4,4,2002,12.09
52,4,9,2002,50.68
52,4,11,2002,31.73
52,4,12,2002,0.0
52,4,15,2002,352167.5
52,4,20,2002,1372.29
52,4,21,2002,21264.89
52,4,24,2002,689.91
52,4,25,2002,308.67
52,4,31,2002,2.04
52,4,33,2002,72572.15
52,4,39,2002,19975.45
52,4,41,2002,12274.91
53,3,3,2002,69184.25
53,3,4,2002,201559.61
53,3,9,2002,43.96
53,3,11,2002,3678.16
53,3,12,2002,33422.51
53,3,15,2002,113649.96
53,3,21,2002,2717.42
53,3,24,2002,59701.15
53,3,25,2002,1309.5
53,3,30,2002,382.98
53,3,31,2002,22.22
53,3,33,2002,6683.32
53,3,39,2002,63041.29
53,3,41,2002,20364.96
53,3,46,2002,204.8
53,3,48,2002,124.96
53,3,62,2002,0.0
11,1,0,2003,0.26
11,1,3,2003,14909914.64
11,1,4,2003,478859.27
11,1,6,2003,788673.79
11,1,9,2003,10.39
11,1,11,2003,658474.69
11,1,12,2003,263368.06
11,1,15,2003,5660492.72
11,1,21,2003,284681.18
11,1,24,2003,42953.86
11,1,25,2003,84192.83
11,1,29,2003,54329.15
11,1,30,2003,12762.11
11,1,31,2003,52.93
11,1,33,2003,243981.87
11,1,39,2003,8685.71
11,1,41,2003,8299.34
11,1,75,2003,0.0
11,3,0,2003,16.69
11,3,3,2003,154062.76
11,3,4,2003,65828.76
11,3,9,2003,11.52
11,3,11,2003,781.96
11,3,12,2003,6828.59
11,3,15,2003,9080.1
11,3,21,2003,4159.11
11,3,24,2003,3399.0
11,3,25,2003,1995.88
11,3,29,2003,0.0
11,3,33,2003,60.21
11,3,39,2003,12106.93
11,3,41,2003,5220.62
12,1,3,2003,14882970.51
12,1,4,2003,2648.82
12,1,6,2003,73476.1
12,1,11,2003,1900.69
12,1,12,2003,1424.63
12,1,15,2003,1292531.18
12,1,21,2003,16942.95
12,1,24,2003,22592.52
12,1,25,2003,31477.38
12,1,31,2003,0.0
12,1,33,2003,56869.55
12,1,39,2003,0.0
12,1,41,2003,172.09
13,1,3,2003,124662170.12
13,1,4,2003,228069.51
13,1,6,2003,22638153.52
13,1,11,2003,1814900.92
13,1,12,2003,600816.87
13,1,15,2003,726218.89
13,1,20,2003,4088.95
13,1,21,2003,113313.35
13,1,24,2003,54220.76
13,1,25,2003,38324.74
13,1,29,2003,2179.64
13,1,30,2003,13289.93
13,1,31,2003,40.45
13,1,33,2003,4932106.95
13,1,35,2003,202.16
13,1,39,2003,0.0
13,1,41,2003,417.52
14,1,3,2003,14248183.37
14,1,4,2003,278998.37
14,1,6,2003,2596523.07
14,1,9,2003,0.0
14,1,11,2003,1347056.51
14,1,12,2003,2907830.49
14,1,15,2003,446474.14
14,1,21,2003,70404.25
14,1,24,2003,17201.41
14,1,25,2003,7270.82
14,1,29,2003,81898.28
14,1,30,2003,2021.11
14,1,31,2003,45.01
14,1,33,2003,293119.69
14,1,35,2003,207.35
14,1,39,2003,2448.71
14,1,41,2003,16894.88
15,1,0,2003,10.6
15,1,3,2003,93095288.81
15,1,4,2003,1286479.38
15,1,5,2003,230738.22
15,1,6,2003,7147326.02
15,1,9,2003,42248.89
15,1,11,2003,2379054.22
15,1,12,2003,999909.57
15,1,15,2003,12797214.37
15,1,20,2003,0.0
15,1,21,2003,664283.55
15,1,23,2003,2653.03
15,1,24,2003,122717.32
15,1,25,2003,106174.01
15,1,29,2003,227690.21
15,1,30,2003,85657.55
15,1,31,2003,12.24
15,1,32,2003,2755.89
15,1,33,2003,4346411.91
15,1,35,2003,70298.88
15,1,39,2003,5249.91
15,1,40,2003,0.0
15,1,41,2003,58374.34
15,3,0,2003,104.29
15,3,3,2003,194396.44
15,3,4,2003,254945.79
15,3,6,2003,114.81
15,3,9,2003,0.0
15,3,11,2003,63725.91
15,3,12,2003,141160.43
15,3,15,2003,188184.04
15,3,21,2003,637.56
15,3,24,2003,1674.63
15,3,25,2003,3.8
15,3,29,2003,1.68
15,3,30,2003,33.11
15,3,31,2003,0.0
15,3,33,2003,25034.9
15,3,39,2003,928.77
15,3,41,2003,56.03
16,1,3,2003,9959916.07
16,1,4,2003,3269.16
16,1,5,2003,95471.92
16,1,6,2003,1584120.5
16,1,9,2003,83100.45
16,1,11,2003,1984763.93
16,1,12,2003,28051.98
16,1,15,2003,16894.64
16,1,21,2003,12725.6
16,1,24,2003,13512.3
16,1,25,2003,3888.49
16,1,30,2003,2991.29
16,1,31,2003,0.0
16,1,33,2003,402613.01
16,1,39,2003,16.72
16,1,41,2003,424.7
17,1,0,2003,1.15
17,1,3,2003,395573.13
17,1,4,2003,14882.13
17,1,6,2003,142814.19
17,1,9,2003,4.54
17,1,11,2003,23163.22
17,1,12,2003,61062.42
17,1,15,2003,1592305.44
17,1,21,2003,154726.04
17,1,24,2003,2312.29
17,1,25,2003,1616.13
17,1,29,2003,28815.04
17,1,30,2003,17.55
17,1,31,2003,0.0
17,1,33,2003,43243.65
17,1,39,2003,0.0
17,1,40,2003,0.0
17,1,41,2003,1020.82
17,3,0,2003,21.65
17,3,3,2003,5619398.83
17,3,4,2003,10913800.36
17,3,6,2003,12.33
17,3,9,2003,2763.0
17,3,11,2003,2186905.44
17,3,12,2003,1599262.18
17,3,15,2003,4310693.46
17,3,20,2003,32.4
17,3,21,2003,156001.72
17,3,23,2003,331.63
17,3,24,2003,45989.38
17,3,25,2003,4457.98
17,3,29,2003,41031.95
17,3,30,2003,221.82
17,3,31,2003,4.31
17,3,33,2003,259891.57
17,3,39,2003,106954.12
17,3,40,2003,4383.2
17,3,41,2003,28562.38
17,3,62,2003,76.17
17,3,75,2003,0.0
21,1,0,2003,1.16
21,1,3,2003,5403711.65
21,1,4,2003,129928.69
21,1,5,2003,408090.54
21,1,6,2003,441411.67
21,1,9,2003,37228.47
21,1,11,2003,438037.15
21,1,12,2003,70695.24
21,1,15,2003,3823823.37
21,1,21,2003,70967.61
21,1,23,2003,5867.98
21,1,24,2003,44705.97
21,1,25,2003,17604.0
21,1,29,2003,91.22
21,1,30,2003,5827.36
21,1,31,2003,46.75
21,1,32,2003,34980.67
21,1,33,2003,303846.3
21,1,39,2003,17.47
21,1,41,2003,2837.42
21,1,50,2003,2.05
21,3,0,2003,68.01
21,3,3,2003,11017129.48
21,3,4,2003,6741550.67
21,3,5,2003,65869.22
21,3,6,2003,62.53
21,3,9,2003,6260.45
21,3,11,2003,131445.98
21,3,12,2003,776045.53
21,3,15,2003,1895450.12
21,3,20,2003,7250.45
21,3,21,2003,230147.38
21,3,23,2003,110687.8
21,3,24,2003,49285.33
21,3,25,2003,3675.34
21,3,29,2003,6756.75
21,3,30,2003,238.57
21,3,31,2003,40.53
21,3,32,2003,8552.16
21,3,33,2003,127926.35
21,3,39,2003,267688.88
21,3,41,2003,25544.65
21,3,48,2003,0.0
21,3,50,2003,234427.72
21,3,62,2003,0.0
21,3,91,2003,0.0
22,2,3,2003,1059448.18
22,2,4,2003,9221957.33
22,2,5,2003,5153.46
22,2,9,2003,0.0
22,2,11,2003,0.0
22,2,12,2003,18181.06
22,2,15,2003,1251576.4
22,2,21,2003,165757.01
22,2,23,2003,16377.15
22,2,24,2003,24482.7
22,2,25,2003,19217.55
22,2,29,2003,14529.85
22,2,31,2003,836.3
22,2,32,2003,2089.25
22,2,33,2003,29963.33
22,2,39,2003,1662.64
22,2,41,2003,37055.61
22,2,48,2003,895.65
22,2,50,2003,4198.15
22,2,62,2003,0.0
22,2,75,2003,0.0
22,2,91,2003,0.0
22,3,3,2003,2332374.96
22,3,4,2003,9687007.26
22,3,5,2003,2.95
22,3,9,2003,291.61
22,3,11,2003,89751.51
22,3,12,2003,303069.15
22,3,15,2003,432031.73
22,3,20,2003,3006.28
22,3,21,2003,59872.76
22,3,23,2003,0.45
22,3,24,2003,39010.3
22,3,25,2003,32103.84
22,3,29,2003,76102.13
22,3,30,2003,305.86
22,3,31,2003,0.0
22,3,33,2003,64447.75
22,3,39,2003,113577.57
22,3,41,2003,68659.11
22,3,48,2003,2.58
22,3,62,2003,1.06
22,3,75,2003,0.0
23,2,3,2003,842582.3
23,2,4,2003,10924888.35
23,2,5,2003,17146.95
23,2,9,2003,1.6
23,2,12,2003,111.75
23,2,15,2003,2112233.14
23,2,21,2003,292318.77
23,2,23,2003,64217.06
23,2,24,2003,109771.06
23,2,25,2003,20978.77
23,2,29,2003,1910.14
23,2,30,2003,817.57
23,2,31,2003,3809.18
23,2,32,2003,5561.92
23,2,33,2003,213730.97
23,2,39,2003,60.97
23,2,41,2003,83175.91
23,2,48,2003,188701.24
23,2,50,2003,4846.93
23,2,75,2003,0.0
23,2,91,2003,0.0
24,2,3,2003,57670.29
24,2,4,2003,2854425.22
24,2,5,2003,5539.65
24,2,11,2003,0.09
24,2,12,2003,7479.79
24,2,13,2003,9480.12
24,2,15,2003,1510830.58
24,2,20,2003,2981.66
24,2,21,2003,250108.88
24,2,23,2003,35409.0
24,2,24,2003,37147.67
24,2,25,2003,4664.19
24,2,29,2003,4940.01
24,2,30,2003,0.0
24,2,31,2003,29754.71
24,2,32,2003,4926.36
24,2,33,2003,70242.71
24,2,41,2003,166793.11
24,2,48,2003,19217.32
24,2,49,2003,0.09
24,2,50,2003,3040.09
24,2,75,2003,0.0
24,2,91,2003,0.0
24,4,3,2003,25627.58
24,4,4,2003,980.23
24,4,5,2003,7354.91
24,4,9,2003,7.83
24,4,11,2003,5245.84
24,4,12,2003,0.0
24,4,15,2003,10848.29
24,4,20,2003,26981.17
24,4,21,2003,49178.99
24,4,23,2003,7174.52
24,4,24,2003,13478.48
24,4,25,2003,8.45
24,4,31,2003,2031.4
24,4,32,2003,730.17
24,4,33,2003,8486.54
24,4,41,2003,29674.22
24,4,48,2003,88.67
24,4,49,2003,706.68
24,4,50,2003,16206.8
24,4,91,2003,0.0
25,2,3,2003,61145.23
25,2,4,2003,3336655.53
25,2,11,2003,0.0
25,2,12,2003,1809.8
25,2,13,2003,2137.61
25,2,15,2003,1636904.96
25,2,20,2003,14467.86
25,2,21,2003,100401.64
25,2,24,2003,25357.64
25,2,25,2003,8726.18
25,2,29,2003,4729.7
25,2,30,2003,8.53
25,2,31,2003,0.0
25,2,33,2003,42575.06
25,2,41,2003,910.36
25,2,48,2003,44.24
25,2,75,2003,0.0
25,2,91,2003,0.0
25,4,3,2003,63033.95
25,4,4,2003,15549.27
25,4,5,2003,11781.85
25,4,9,2003,530.61
25,4,11,2003,12732.38
25,4,15,2003,74654.72
25,4,20,2003,98927.1
25,4,21,2003,73992.83
25,4,23,2003,664.91
25,4,24,2003,16626.79
25,4,25,2003,118.63
25,4,30,2003,145.47
25,4,31,2003,402.17
25,4,32,2003,328.31
25,4,33,2003,5244.56
25,4,41,2003,35557.78
25,4,48,2003,0.0
25,4,50,2003,201.18
25,4,75,2003,0.0
25,4,91,2003,0.0
26,2,3,2003,50261.55
26,2,4,2003,5520230.62
26,2,12,2003,17182.36
26,2,13,2003,86025.9
26,2,15,2003,2245129.7
26,2,20,2003,710.18
26,2,21,2003,106492.49
26,2,24,2003,44975.44
26,2,25,2003,19880.76
26,2,29,2003,1127.31
26,2,30,2003,282.35
26,2,31,2003,4.33
26,2,33,2003,104309.89
26,2,41,2003,18497.02
26,2,48,2003,43748.27
26,2,75,2003,0.0
26,2,91,2003,0.0
26,4,3,2003,202675.13
26,4,4,2003,142186.37
26,4,5,2003,14670.24
26,4,9,2003,15.33
26,4,11,2003,4069.24
26,4,15,2003,624770.73
26,4,20,2003,404956.72
26,4,21,2003,90107.86
26,4,23,2003,297.89
26,4,24,2003,40840.63
26,4,25,2003,347.62
26,4,30,2003,522.89
26,4,31,2003,708.07
26,4,32,2003,954.55
26,4,33,2003,17960.51
26,4,41,2003,11.15
26,4,50,2003,5.22
26,4,75,2003,0.0
26,4,91,2003,0.0
27,2,3,2003,6456.46
27,2,4,2003,379035.38
27,2,9,2003,0.0
27,2,11,2003,0.0
27,2,12,2003,44.84
27,2,13,2003,0.0
27,2,15,2003,909309.42
27,2,20,2003,549.84
27,2,21,2003,5071.27
27,2,24,2003,6323.42
27,2,25,2003,438.91
27,2,29,2003,16.34
27,2,30,2003,0.0
27,2,31,2003,0.0
27,2,33,2003,12872.24
27,2,41,2003,956.53
27,2,48,2003,0.0
27,4,3,2003,173241.8
27,4,4,2003,60340.95
27,4,5,2003,4333.87
27,4,9,2003,2.56
27,4,11,2003,15644.21
27,4,12,2003,11.97
27,4,15,2003,630671.16
27,4,20,2003,486521.68
27,4,21,2003,28642.91
27,4,23,2003,4050.41
27,4,24,2003,18188.8
27,4,25,2003,207.93
27,4,29,2003,27.03
27,4,31,2003,0.0
27,4,32,2003,74.56
27,4,33,2003,25013.33
27,4,41,2003,1.59
27,4,49,2003,2542.48
27,4,50,2003,11546.35
28,2,3,2003,24019.91
28,2,4,2003,339183.31
28,2,9,2003,4.56
28,2,12,2003,405.99
28,2,15,2003,832998.16
28,2,20,2003,17.32
28,2,21,2003,307.34
28,2,24,2003,3721.11
28,2,25,2003,834.0
28,2,30,2003,41.13
28,2,31,2003,0.0
28,2,33,2003,9904.14
28,2,41,2003,2288.2
28,4,3,2003,90118.53
28,4,4,2003,3318.35
28,4,5,2003,21227.43
28,4,9,2003,993.51
28,4,11,2003,20029.18
28,4,12,2003,19697.84
28,4,15,2003,670203.94
28,4,20,2003,9332.35
28,4,21,2003,37395.56
28,4,23,2003,7671.96
28,4,24,2003,17204.88
28,4,25,2003,531.19
28,4,29,2003,68.1
28,4,30,2003,411.06
28,4,31,2003,485.39
28,4,32,2003,2687.18
28,4,33,2003,28542.5
28,4,41,2003,149.5
28,4,49,2003,767.76
28,4,50,2003,47882.27
28,4,91,2003,0.0
29,2,3,2003,1155310.88
29,2,4,2003,20534865.34
29,2,9,2003,3749.02
29,2,11,2003,0.0
29,2,12,2003,241170.21
29,2,13,2003,369815.04
29,2,15,2003,10416619.3
29,2,20,2003,17850.23
29,2,21,2003,1538490.46
29,2,23,2003,59005.55
29,2,24,2003,90988.2
29,2,25,2003,60919.41
29,2,29,2003,87507.49
29,2,30,2003,3899.29
29,2,31,2003,0.0
29,2,33,2003,409621.06
29,2,39,2003,1464.35
29,2,41,2003,107594.99
29,2,46,2003,4673.07
29,2,48,2003,32169.83
29,2,62,2003,0.0
29,2,75,2003,0.0
29,2,91,2003,0.0
29,3,3,2003,319770.42
29,3,4,2003,7391473.64
29,3,9,2003,12018.44
29,3,11,2003,141932.49
29,3,12,2003,637437.59
29,3,15,2003,400860.68
29,3,21,2003,180644.92
29,3,24,2003,9359.87
29,3,25,2003,8760.77
29,3,29,2003,9456.43
29,3,31,2003,0.0
29,3,33,2003,8749.02
29,3,39,2003,731419.43
29,3,41,2003,459336.94
29,3,46,2003,16169.91
29,3,48,2003,2513.88
29,3,62,2003,13775.39
29,3,75,2003,0.0
29,3,91,2003,0.0
29,4,3,2003,3246254.46
29,4,4,2003,817600.52
29,4,5,2003,69850.02
29,4,9,2003,369842.05
29,4,11,2003,123013.42
29,4,12,2003,30620.26
29,4,15,2003,5377120.03
29,4,20,2003,2501.61
29,4,21,2003,496651.09
29,4,23,2003,9247.88
29,4,24,2003,93427.65
29,4,25,2003,3952.11
29,4,29,2003,5917.11
29,4,30,2003,998.42
29,4,31,2003,1624.35
29,4,32,2003,6621.14
29,4,33,2003,207511.29
29,4,41,2003,1490.78
29,4,46,2003,14387.44
29,4,48,2003,125.02
29,4,49,2003,16770.99
29,4,50,2003,96883.41
31,2,3,2003,93955.77
31,2,4,2003,1696401.76
31,2,9,2003,2153.43
31,2,11,2003,0.0
31,2,12,2003,1065.89
31,2,15,2003,1388756.62
31,2,20,2003,81.0
31,2,21,2003,18921.35
31,2,24,2003,8456.53
31,2,25,2003,4507.62
31,2,29,2003,3162.19
31,2,30,2003,103.38
31,2,33,2003,24907.91
31,2,39,2003,89.62
31,2,41,2003,13859.22
31,2,46,2003,1127.5
31,2,48,2003,3410.51
31,2,62,2003,0.0
31,2,75,2003,0.0
31,3,0,2003,60.63
31,3,3,2003,4216203.4
31,3,4,2003,9253619.14
31,3,9,2003,787210.2
31,3,11,2003,488710.85
31,3,12,2003,1545772.95
31,3,15,2003,11644736.04
31,3,20,2003,177763.86
31,3,21,2003,729294.21
31,3,24,2003,120863.38
31,3,25,2003,27004.27
31,3,29,2003,669099.65
31,3,30,2003,10998.74
31,3,31,2003,23.27
31,3,33,2003,417337.78
31,3,39,2003,691144.22
31,3,41,2003,838187.59
31,3,46,2003,149797.66
31,3,47,2003,26747.28
31,3,48,2003,2662.99
31,3,62,2003,3.68
31,3,75,2003,0.0
31,4,3,2003,5619257.99
31,4,4,2003,2178289.25
31,4,9,2003,212241.79
31,4,11,2003,12405.26
31,4,12,2003,1006912.06
31,4,15,2003,12547754.37
31,4,20,2003,32289.99
31,4,21,2003,774945.55
31,4,23,2003,21.01
31,4,24,2003,197164.2
31,4,25,2003,9091.04
31,4,29,2003,39064.34
31,4,30,2003,33475.12
31,4,31,2003,0.0
31,4,33,2003,280712.48
31,4,39,2003,9038.91
31,4,41,2003,243151.42
31,4,46,2003,394689.32
31,4,47,2003,2390.78
31,4,48,2003,282.79
32,4,3,2003,1017324.71
32,4,4,2003,6517.48
32,4,5,2003,7177.48
32,4,9,2003,152247.97
32,4,11,2003,132576.37
32,4,12,2003,78669.09
32,4,15,2003,2658537.02
32,4,20,2003,2650.32
32,4,21,2003,236153.76
32,4,23,2003,4890.1
32,4,24,2003,55639.38
32,4,25,2003,2072.46
32,4,29,2003,29316.13
32,4,31,2003,24.05
32,4,32,2003,472.33
32,4,33,2003,49088.89
32,4,41,2003,23433.15
32,4,46,2003,102745.54
32,4,48,2003,322.69
32,4,49,2003,17922.87
32,4,50,2003,28162.12
33,4,3,2003,1251410.65
33,4,4,2003,708.49
33,4,5,2003,9868.21
33,4,9,2003,1308.05
33,4,11,2003,109401.05
33,4,12,2003,89094.26
33,4,15,2003,2117413.48
33,4,20,2003,170.13
33,4,21,2003,249668.08
33,4,23,2003,22504.01
33,4,24,2003,188503.41
33,4,25,2003,4811.62
33,4,29,2003,5220.88
33,4,30,2003,757.03
33,4,31,2003,3707.48
33,4,32,2003,1405.58
33,4,33,2003,97347.88
33,4,39,2003,140.18
33,4,41,2003,140803.83
33,4,46,2003,0.0
33,4,48,2003,0.0
33,4,49,2003,25075.72
33,4,50,2003,52736.83
33,4,91,2003,0.0
35,3,3,2003,915434.77
35,3,4,2003,35608.36
35,3,9,2003,338450.88
35,3,11,2003,124395.67
35,3,12,2003,5218.77
35,3,15,2003,1745739.67
35,3,20,2003,1769744.47
35,3,21,2003,558763.8
35,3,24,2003,93662.45
35,3,25,2003,14675.69
35,3,30,2003,502.69
35,3,31,2003,12.93
35,3,33,2003,121119.9
35,3,39,2003,476004.39
35,3,41,2003,136735.8
35,3,46,2003,24224.29
35,3,47,2003,149380.52
35,3,48,2003,8215.93
35,3,62,2003,0.0
35,4,3,2003,3598831.86
35,4,4,2003,6.12
35,4,5,2003,18288.24
35,4,9,2003,227876.35
35,4,11,2003,269123.81
35,4,12,2003,111007.96
35,4,15,2003,8045251.51
35,4,20,2003,1836046.68
35,4,21,2003,1984456.87
35,4,23,2003,1961.35
35,4,24,2003,521065.47
35,4,25,2003,13735.77
35,4,29,2003,124.14
35,4,30,2003,4735.25
35,4,31,2003,370.42
35,4,32,2003,554.53
35,4,33,2003,509965.23
35,4,39,2003,420310.73
35,4,40,2003,0.0
35,4,41,2003,334853.46
35,4,46,2003,43529.65
35,4,47,2003,113993.58
35,4,48,2003,8443.0
35,4,49,2003,231427.22
35,4,50,2003,4912.47
35,4,62,2003,0.0
35,4,75,2003,0.0
41,3,3,2003,68565.63
41,3,4,2003,0.0
41,3,9,2003,56342.8
41,3,11,2003,1136.9
41,3,12,2003,59053.32
41,3,15,2003,18851.77
41,3,21,2003,1595.4
41,3,24,2003,1849.42
41,3,25,2003,247.94
41,3,29,2003,4204.22
41,3,33,2003,423.44
41,3,39,2003,88043.72
41,3,41,2003,12076.62
41,3,46,2003,0.82
41,3,47,2003,17.31
41,3,48,2003,0.0
41,4,3,2003,4735980.76
41,4,5,2003,20689.53
41,4,9,2003,689631.86
41,4,11,2003,195546.91
41,4,12,2003,49467.17
41,4,15,2003,5595409.8
41,4,20,2003,245080.28
41,4,21,2003,1673990.31
41,4,23,2003,643.25
41,4,24,2003,229810.92
41,4,25,2003,6418.44
41,4,29,2003,71.71
41,4,30,2003,3173.05
41,4,31,2003,150.8
41,4,32,2003,360.87
41,4,33,2003,396013.76
41,4,39,2003,3635460.59
41,4,40,2003,2259.69
41,4,41,2003,1952271.21
41,4,46,2003,44641.8
41,4,47,2003,1348.63
41,4,48,2003,1561.5
41,4,49,2003,129974.47
41,4,50,2003,4617.62
41,4,62,2003,0.0
42,4,3,2003,3928848.96
42,4,5,2003,7998.93
42,4,9,2003,544239.24
42,4,11,2003,16826.81
42,4,12,2003,858980.2
42,4,15,2003,1553055.6
42,4,21,2003,982635.22
42,4,23,2003,6316.74
42,4,24,2003,153701.08
42,4,25,2003,3315.89
42,4,29,2003,0.0
42,4,30,2003,1697.56
42,4,31,2003,40.16
42,4,32,2003,573.67
42,4,33,2003,126016.91
42,4,39,2003,268434.28
42,4,40,2003,119242.72
42,4,41,2003,848777.98
42,4,48,2003,1193.36
42,4,49,2003,89107.61
42,4,50,2003,18826.58
42,4,84,2003,22.99
42,4,91,2003,0.0
43,4,3,2003,2747631.39
43,4,9,2003,194323.12
43,4,11,2003,2186.16
43,4,12,2003,1363923.32
43,4,15,2003,897629.17
43,4,21,2003,924137.05
43,4,23,2003,484.46
43,4,24,2003,98958.81
43,4,25,2003,3952.42
43,4,29,2003,8.71
43,4,30,2003,8.6
43,4,31,2003,2.03
43,4,33,2003,105948.85
43,4,39,2003,1565775.3
43,4,40,2003,22859.67
43,4,41,2003,820231.89
43,4,48,2003,12943.33
43,4,49,2003,2154.2
43,4,50,2003,5913.96
43,4,84,2003,5.63
43,4,91,2003,0.0
43,5,3,2003,2177831.15
43,5,9,2003,334542.58
43,5,11,2003,358046.62
43,5,12,2003,7796629.81
43,5,15,2003,296.38
43,5,21,2003,1512080.83
43,5,23,2003,160449.99
43,5,24,2003,117961.82
43,5,25,2003,55872.65
43,5,29,2003,23827.65
43,5,30,2003,2999.78
43,5,31,2003,108.91
43,5,33,2003,1840695.75
43,5,39,2003,2183552.36
43,5,40,2003,260285.63
43,5,41,2003,2426285.79
43,5,48,2003,98.75
43,5,49,2003,16147.37
43,5,50,2003,118272.8
43,5,84,2003,7529.53
43,5,91,2003,0.0
50,3,3,2003,4124158.88
50,3,4,2003,1255075.74
50,3,7,2003,0.17
50,3,9,2003,184557.51
50,3,11,2003,595479.92
50,3,12,2003,134413.61
50,3,15,2003,13753641.99
50,3,20,2003,23882.54
50,3,21,2003,402447.24
50,3,24,2003,48582.57
50,3,25,2003,3172.88
50,3,29,2003,4071.36
50,3,30,2003,344.71
50,3,31,2003,51.95
50,3,33,2003,80051.47
50,3,39,2003,1120275.78
50,3,40,2003,970.98
50,3,41,2003,487772.7
50,3,47,2003,164.14
50,3,62,2003,5663.82
50,4,3,2003,371214.63
50,4,4,2003,8.86
50,4,9,2003,1172.42
50,4,11,2003,331503.65
50,4,12,2003,15.94
50,4,15,2003,2024649.83
50,4,20,2003,8204.3
50,4,21,2003,138934.37
50,4,24,2003,13301.76
50,4,25,2003,2747.09
50,4,31,2003,195.01
50,4,33,2003,252921.59
50,4,39,2003,320706.74
50,4,40,2003,0.0
50,4,41,2003,276772.68
50,4,47,2003,47.57
50,4,48,2003,2.48
50,6,0,2003,0.76
50,6,3,2003,1559208.8
50,6,4,2003,1877856.71
50,6,7,2003,241934.05
50,6,9,2003,0.85
50,6,11,2003,1335480.64
50,6,12,2003,3053284.91
50,6,13,2003,0.0
50,6,15,2003,765833.9
50,6,21,2003,12307.85
50,6,24,2003,2881.14
50,6,25,2003,165.1
50,6,29,2003,3207.91
50,6,30,2003,347.51
50,6,33,2003,882244.01
50,6,39,2003,174.15
50,6,40,2003,6431.8
50,6,41,2003,1132.94
51,1,0,2003,572.96
51,1,3,2003,31140864.15
51,1,4,2003,882559.8
51,1,6,2003,3143749.75
51,1,7,2003,0.0
51,1,9,2003,10009.88
51,1,11,2003,972092.5
51,1,12,2003,602003.14
51,1,15,2003,10814744.04
51,1,20,2003,27246.09
51,1,21,2003,1360519.61
51,1,24,2003,39406.68
51,1,25,2003,58134.52
51,1,29,2003,191548.16
51,1,30,2003,50835.46
51,1,31,2003,20.35
51,1,33,2003,302520.53
51,1,39,2003,634601.58
51,1,41,2003,959590.8
51,1,62,2003,362.17
51,3,0,2003,447.13
51,3,3,2003,6549813.78
51,3,4,2003,10948824.18
51,3,6,2003,144.36
51,3,7,2003,0.26
51,3,9,2003,7013.74
51,3,11,2003,2619005.01
51,3,12,2003,1471019.66
51,3,15,2003,6886513.91
51,3,20,2003,340.56
51,3,21,2003,521368.79
51,3,24,2003,58373.16
51,3,25,2003,18221.02
51,3,29,2003,93439.73
51,3,30,2003,12799.97
51,3,31,2003,396.15
51,3,33,2003,188668.87
51,3,39,2003,3803882.11
51,3,41,2003,579742.44
51,3,62,2003,13540.53
51,6,0,2003,486.14
51,6,3,2003,751244.14
51,6,4,2003,1334773.59
51,6,7,2003,159446.89
51,6,9,2003,24.5
51,6,11,2003,965457.65
51,6,12,2003,984167.48
51,6,15,2003,497750.15
51,6,20,2003,0.0
51,6,21,2003,39663.06
51,6,24,2003,2612.47
51,6,25,2003,251.96
51,6,29,2003,0.09
51,6,30,2003,30.0
51,6,31,2003,0.0
51,6,33,2003,615419.24
51,6,39,2003,19.51
51,6,41,2003,120.11
52,3,3,2003,5700910.5
52,3,4,2003,6487056.77
52,3,9,2003,41730.77
52,3,11,2003,548940.72
52,3,12,2003,643275.47
52,3,15,2003,15487571.24
52,3,20,2003,72209.16
52,3,21,2003,614491.67
52,3,24,2003,164300.7
52,3,25,2003,11874.12
52,3,29,2003,151692.72
52,3,30,2003,3281.95
52,3,31,2003,40.17
52,3,33,2003,292621.39
52,3,39,2003,2241246.4
52,3,40,2003,1923.76
52,3,41,2003,1004308.6
52,3,46,2003,601.34
52,3,47,2003,124.63
52,3,48,2003,6.26
52,3,62,2003,2137.8
52,3,75,2003,0.0
52,4,3,2003,72390.62
52,4,4,2003,12.0
52,4,9,2003,49.73
52,4,11,2003,31.73
52,4,12,2003,0.0
52,4,15,2003,349199.69
52,4,20,2003,1668.53
52,4,21,2003,23549.34
52,4,24,2003,708.04
52,4,25,2003,270.6
52,4,31,2003,2.8
52,4,33,2003,74280.78
52,4,39,2003,18103.41
52,4,41,2003,13670.85
53,3,3,2003,69452.81
53,3,4,2003,199526.83
53,3,9,2003,34.84
53,3,11,2003,3756.08
53,3,12,2003,32987.15
53,3,15,2003,112729.38
53,3,21,2003,3137.22
53,3,24,2003,60525.98
53,3,25,2003,1316.5
53,3,30,2003,397.2
53,3,31,2003,13.0
53,3,33,2003,6732.14
53,3,39,2003,64342.17
53,3,41,2003,20851.56
53,3,46,2003,179.15
53,3,48,2003,109.03
53,3,62,2003,0.0
11,1,0,2004,0.52
11,1,3,2004,14543809.57
11,1,4,2004,476788.53
11,1,6,2004,789335.35
11,1,9,2004,11.34
11,1,11,2004,660684.98
11,1,12,2004,261843.03
11,1,15,2004,6015776.04
11,1,21,2004,287532.24
11,1,24,2004,44222.78
11,1,25,2004,80986.09
11,1,29,2004,54354.26
11,1,30,2004,12844.86
11,1,31,2004,54.61
11,1,33,2004,241777.81
11,1,39,2004,9583.78
11,1,41,2004,20127.03
11,1,75,2004,0.0
11,3,0,2004,16.6
11,3,3,2004,151530.7
11,3,4,2004,66153.02
11,3,9,2004,11.6
11,3,11,2004,676.53
11,3,12,2004,6409.38
11,3,15,2004,10464.17
11,3,21,2004,4662.61
11,3,24,2004,3417.24
11,3,25,2004,1971.47
11,3,29,2004,0.0
11,3,33,2004,57.25
11,3,39,2004,14604.62
11,3,41,2004,3576.94
12,1,3,2004,14823736.38
12,1,4,2004,2647.59
12,1,6,2004,73241.36
12,1,11,2004,2021.94
12,1,12,2004,1449.16
12,1,15,2004,1347392.23
12,1,21,2004,20248.21
12,1,24,2004,22653.86
12,1,25,2004,32905.39
12,1,31,2004,0.0
12,1,33,2004,56596.54
12,1,39,2004,0.0
12,1,41,2004,113.78
13,1,3,2004,124586219.42
13,1,4,2004,227760.71
13,1,6,2004,22642161.52
13,1,11,2004,1826713.97
13,1,12,2004,599795.71
13,1,15,2004,808091.62
13,1,20,2004,4150.16
13,1,21,2004,112401.3
13,1,24,2004,54603.87
13,1,25,2004,39538.47
13,1,29,2004,2179.73
13,1,30,2004,13363.55
13,1,31,2004,41.52
13,1,33,2004,4910880.19
13,1,35,2004,183.38
13,1,39,2004,0.0
13,1,41,2004,429.19
14,1,3,2004,14225109.79
14,1,4,2004,276038.94
14,1,6,2004,2596324.01
14,1,9,2004,5.8
14,1,11,2004,1317779.85
14,1,12,2004,2903288.11
14,1,15,2004,468337.46
14,1,21,2004,74203.38
14,1,24,2004,17371.77
14,1,25,2004,7595.87
14,1,29,2004,81900.15
14,1,30,2004,2031.12
14,1,31,2004,42.77
14,1,33,2004,327217.45
14,1,35,2004,249.72
14,1,39,2004,4961.24
14,1,41,2004,14120.04
15,1,0,2004,9.01
15,1,3,2004,92166675.94
15,1,4,2004,1284287.25
15,1,5,2004,231356.84
15,1,6,2004,7124834.48
15,1,9,2004,43987.45
15,1,11,2004,2403512.51
15,1,12,2004,997686.57
15,1,15,2004,13633751.55
15,1,20,2004,0.0
15,1,21,2004,751044.55
15,1,23,2004,2508.22
15,1,24,2004,124349.91
15,1,25,2004,114387.39
15,1,29,2004,227701.23
15,1,30,2004,87535.6
15,1,31,2004,17.12
15,1,32,2004,2706.28
15,1,33,2004,4319717.2
15,1,35,2004,74172.18
15,1,39,2004,8140.53
15,1,40,2004,0.0
15,1,41,2004,72167.11
15,3,0,2004,98.9
15,3,3,2004,194203.24
15,3,4,2004,244776.36
15,3,6,2004,114.81
15,3,9,2004,0.0
15,3,11,2004,64595.97
15,3,12,2004,138407.61
15,3,15,2004,200095.63
15,3,21,2004,768.98
15,3,24,2004,1720.71
15,3,25,2004,27.61
15,3,29,2004,1.68
15,3,30,2004,34.44
15,3,31,2004,0.0
15,3,33,2004,25141.24
15,3,39,2004,910.91
15,3,41,2004,104.1
16,1,3,2004,9957999.74
16,1,4,2004,3295.6
16,1,5,2004,95169.71
16,1,6,2004,1583780.62
16,1,9,2004,83301.13
16,1,11,2004,1985237.18
16,1,12,2004,28128.3
16,1,15,2004,18679.3
16,1,21,2004,13082.29
16,1,24,2004,13622.79
16,1,25,2004,4002.44
16,1,30,2004,3058.69
16,1,31,2004,0.0
16,1,33,2004,401953.94
16,1,39,2004,22.26
16,1,41,2004,426.74
17,1,0,2004,1.42
17,1,3,2004,383134.6
17,1,4,2004,16120.39
17,1,6,2004,134409.78
17,1,9,2004,7.82
17,1,11,2004,22729.79
17,1,12,2004,61107.52
17,1,15,2004,1599599.9
17,1,21,2004,166839.33
17,1,24,2004,2379.23
17,1,25,2004,1680.08
17,1,29,2004,28831.1
17,1,30,2004,25.53
17,1,31,2004,0.0
17,1,33,2004,43416.89
17,1,39,2004,0.0
17,1,40,2004,0.0
17,1,41,2004,1274.35
17,3,0,2004,20.93
17,3,3,2004,5603440.79
17,3,4,2004,10724233.18
17,3,6,2004,12.5
17,3,9,2004,3148.78
17,3,11,2004,2189745.45
17,3,12,2004,1596510.66
17,3,15,2004,4441001.21
17,3,20,2004,5.12
17,3,21,2004,152053.22
17,3,23,2004,331.11
17,3,24,2004,46596.02
17,3,25,2004,3730.96
17,3,29,2004,41026.73
17,3,30,2004,266.85
17,3,31,2004,5.01
17,3,33,2004,259157.73
17,3,39,2004,184016.83
17,3,40,2004,10781.63
17,3,41,2004,24625.53
17,3,62,2004,85.63
17,3,75,2004,0.0
21,1,0,2004,1.43
21,1,3,2004,5314727.2
21,1,4,2004,129274.44
21,1,5,2004,408445.27
21,1,6,2004,441113.46
21,1,9,2004,42430.08
21,1,11,2004,428163.09
21,1,12,2004,70243.37
21,1,15,2004,3912412.48
21,1,21,2004,64128.89
21,1,23,2004,5737.0
21,1,24,2004,45355.5
21,1,25,2004,17290.99
21,1,29,2004,91.31
21,1,30,2004,5899.86
21,1,31,2004,44.43
21,1,32,2004,34554.33
21,1,33,2004,310937.19
21,1,39,2004,17.83
21,1,41,2004,8852.84
21,1,50,2004,1.79
21,3,0,2004,68.91
21,3,3,2004,10892782.9
21,3,4,2004,6663790.43
21,3,5,2004,65947.0
21,3,6,2004,63.42
21,3,9,2004,7594.89
21,3,11,2004,132826.69
21,3,12,2004,776046.23
21,3,15,2004,2020213.23
21,3,20,2004,8618.35
21,3,21,2004,223772.99
21,3,23,2004,110330.05
21,3,24,2004,50266.42
21,3,25,2004,3912.65
21,3,29,2004,6757.02
21,3,30,2004,249.53
21,3,31,2004,37.93
21,3,32,2004,8679.42
21,3,33,2004,131307.2
21,3,39,2004,348266.05
21,3,41,2004,20032.6
21,3,48,2004,0.0
21,3,50,2004,234539.97
21,3,62,2004,0.0
21,3,91,2004,0.0
22,2,3,2004,1059206.3
22,2,4,2004,9188813.8
22,2,5,2004,5158.55
22,2,9,2004,5.4
22,2,11,2004,0.0
22,2,12,2004,18521.13
22,2,15,2004,1291972.79
22,2,21,2004,150431.76
22,2,23,2004,16542.63
22,2,24,2004,24944.96
22,2,25,2004,19283.22
22,2,29,2004,14537.91
22,2,31,2004,841.21
22,2,32,2004,2089.07
22,2,33,2004,34823.69
22,2,39,2004,2058.61
22,2,41,2004,39033.4
22,2,48,2004,970.02
22,2,50,2004,4147.16
22,2,62,2004,0.0
22,2,75,2004,0.0
22,2,91,2004,0.0
22,3,3,2004,2324409.64
22,3,4,2004,9607078.47
22,3,5,2004,2.95
22,3,9,2004,361.98
22,3,11,2004,88749.29
22,3,12,2004,303431.38
22,3,15,2004,450027.41
22,3,20,2004,3111.43
22,3,21,2004,42944.04
22,3,23,2004,0.54
22,3,24,2004,39649.78
22,3,25,2004,24920.21
22,3,29,2004,76118.12
22,3,30,2004,314.14
22,3,31,2004,9.17
22,3,33,2004,66571.73
22,3,39,2004,149323.39
22,3,41,2004,124584.58
22,3,48,2004,10.61
22,3,62,2004,0.0
22,3,75,2004,0.0
23,2,3,2004,838246.93
23,2,4,2004,10805645.17
23,2,5,2004,17191.71
23,2,9,2004,1.6
23,2,12,2004,88.38
23,2,15,2004,2123332.31
23,2,21,2004,300714.46
23,2,23,2004,64454.85
23,2,24,2004,111314.95
23,2,25,2004,20118.6
23,2,29,2004,1910.31
23,2,30,2004,848.03
23,2,31,2004,4116.81
23,2,32,2004,5767.97
23,2,33,2004,294335.37
23,2,39,2004,51.24
23,2,41,2004,91864.42
23,2,48,2004,202190.56
23,2,50,2004,4670.92
23,2,75,2004,0.0
23,2,91,2004,0.0
24,2,3,2004,56772.65
24,2,4,2004,2849508.23
24,2,5,2004,5634.67
24,2,11,2004,0.09
24,2,12,2004,1895.31
24,2,13,2004,15018.41
24,2,15,2004,1477026.76
24,2,20,2004,3018.92
24,2,21,2004,243840.46
24,2,23,2004,34718.26
24,2,24,2004,37956.08
24,2,25,2004,4714.78
24,2,29,2004,4923.76
24,2,30,2004,0.0
24,2,31,2004,29998.16
24,2,32,2004,5009.18
24,2,33,2004,105627.82
24,2,41,2004,176287.01
24,2,48,2004,19372.92
24,2,49,2004,0.09
24,2,50,2004,3328.0
24,2,75,2004,0.0
24,2,91,2004,0.0
24,4,3,2004,25737.8
24,4,4,2004,998.27
24,4,5,2004,7395.8
24,4,9,2004,8.9
24,4,11,2004,5350.15
24,4,12,2004,0.0
24,4,15,2004,10670.81
24,4,20,2004,27808.91
24,4,21,2004,49347.72
24,4,23,2004,6801.16
24,4,24,2004,13570.78
24,4,25,2004,10.05
24,4,31,2004,2091.24
24,4,32,2004,687.85
24,4,33,2004,8748.13
24,4,41,2004,28587.73
24,4,48,2004,90.99
24,4,49,2004,720.81
24,4,50,2004,16183.66
24,4,91,2004,0.0
25,2,3,2004,61218.24
25,2,4,2004,3341044.5
25,2,11,2004,0.18
25,2,12,2004,769.46
25,2,13,2004,2798.54
25,2,15,2004,1604684.16
25,2,20,2004,15003.55
25,2,21,2004,102363.11
25,2,24,2004,25844.06
25,2,25,2004,8333.6
25,2,29,2004,4668.99
25,2,30,2004,8.61
25,2,31,2004,0.0
25,2,33,2004,68348.13
25,2,41,2004,744.95
25,2,48,2004,44.23
25,2,75,2004,0.0
25,2,91,2004,0.0
25,4,3,2004,62903.85
25,4,4,2004,15297.85
25,4,5,2004,11751.49
25,4,9,2004,525.19
25,4,11,2004,12694.78
25,4,15,2004,71072.59
25,4,20,2004,102130.06
25,4,21,2004,74021.09
25,4,23,2004,656.66
25,4,24,2004,16873.35
25,4,25,2004,124.67
25,4,30,2004,150.17
25,4,31,2004,345.63
25,4,32,2004,299.73
25,4,33,2004,5646.73
25,4,41,2004,35813.56
25,4,48,2004,0.0
25,4,50,2004,185.11
25,4,75,2004,0.0
25,4,91,2004,0.0
26,2,3,2004,50324.79
26,2,4,2004,5483618.62
26,2,12,2004,17983.5
26,2,13,2004,87239.92
26,2,15,2004,2244351.61
26,2,20,2004,707.17
26,2,21,2004,111837.22
26,2,24,2004,45845.66
26,2,25,2004,19679.85
26,2,29,2004,1132.09
26,2,30,2004,272.51
26,2,31,2004,4.24
26,2,33,2004,125434.43
26,2,41,2004,24051.82
26,2,48,2004,46374.72
26,2,75,2004,0.0
26,2,91,2004,0.0
26,4,3,2004,203033.0
26,4,4,2004,140958.27
26,4,5,2004,14566.99
26,4,9,2004,14.53
26,4,11,2004,4024.12
26,4,15,2004,611548.08
26,4,20,2004,408605.29
26,4,21,2004,98730.26
26,4,23,2004,299.49
26,4,24,2004,41578.59
26,4,25,2004,364.18
26,4,30,2004,527.32
26,4,31,2004,674.57
26,4,32,2004,926.53
26,4,33,2004,19225.73
26,4,41,2004,17.17
26,4,50,2004,6.01
26,4,75,2004,0.0
26,4,91,2004,0.0
27,2,3,2004,6417.37
27,2,4,2004,373168.01
27,2,9,2004,0.0
27,2,11,2004,0.0
27,2,12,2004,40.52
27,2,13,2004,0.0
27,2,15,2004,914521.26
27,2,20,2004,549.84
27,2,21,2004,4760.09
27,2,24,2004,6473.34
27,2,25,2004,386.77
27,2,29,2004,16.34
27,2,30,2004,0.0
27,2,31,2004,0.0
27,2,33,2004,13962.99
27,2,41,2004,778.13
27,2,48,2004,0.0
27,4,3,2004,172760.24
27,4,4,2004,63013.16
27,4,5,2004,4316.93
27,4,9,2004,2.56
27,4,11,2004,15511.3
27,4,12,2004,6.69
27,4,15,2004,618829.93
27,4,20,2004,492404.97
27,4,21,2004,31115.57
27,4,23,2004,4050.29
27,4,24,2004,18628.89
27,4,25,2004,185.92
27,4,29,2004,19.54
27,4,31,2004,0.0
27,4,32,2004,74.03
27,4,33,2004,25979.57
27,4,41,2004,9.17
27,4,49,2004,2542.48
27,4,50,2004,11612.34
28,2,3,2004,24042.97
28,2,4,2004,335308.7
28,2,9,2004,4.3
28,2,12,2004,370.24
28,2,15,2004,835305.23
28,2,20,2004,17.41
28,2,21,2004,279.68
28,2,24,2004,3797.63
28,2,25,2004,848.76
28,2,30,2004,45.17
28,2,31,2004,0.0
28,2,33,2004,10498.57
28,2,41,2004,3206.52
28,4,3,2004,90545.94
28,4,4,2004,3206.37
28,4,5,2004,21312.38
28,4,9,2004,998.56
28,4,11,2004,19899.89
28,4,12,2004,19892.84
28,4,15,2004,663922.1
28,4,20,2004,9422.28
28,4,21,2004,42147.88
28,4,23,2004,7661.15
28,4,24,2004,17551.56
28,4,25,2004,565.89
28,4,29,2004,67.75
28,4,30,2004,429.33
28,4,31,2004,517.11
28,4,32,2004,2597.87
28,4,33,2004,29142.98
28,4,41,2004,145.65
28,4,49,2004,766.28
28,4,50,2004,47924.67
28,4,91,2004,0.0
29,2,3,2004,1154019.27
29,2,4,2004,20476440.6
29,2,9,2004,3777.99
29,2,11,2004,0.0
29,2,12,2004,243179.0
29,2,13,2004,379670.89
29,2,15,2004,10411923.69
29,2,20,2004,18615.11
29,2,21,2004,1517608.78
29,2,23,2004,55777.15
29,2,24,2004,92572.79
29,2,25,2004,59822.01
29,2,29,2004,88138.26
29,2,30,2004,4105.79
29,2,31,2004,0.0
29,2,33,2004,505582.35
29,2,39,2004,1433.11
29,2,41,2004,85373.6
29,2,46,2004,4293.08
29,2,48,2004,33380.25
29,2,62,2004,0.0
29,2,75,2004,0.0
29,2,91,2004,0.0
29,3,3,2004,322821.64
29,3,4,2004,7264881.97
29,3,9,2004,9037.5
29,3,11,2004,141235.38
29,3,12,2004,619932.84
29,3,15,2004,408874.06
29,3,21,2004,155131.25
29,3,24,2004,9591.8
29,3,25,2004,6869.74
29,3,29,2004,9455.92
29,3,31,2004,0.0
29,3,33,2004,9344.39
29,3,39,2004,737813.58
29,3,41,2004,613055.09
29,3,46,2004,15855.34
29,3,48,2004,3367.19
29,3,62,2004,16412.15
29,3,75,2004,0.0
29,3,91,2004,0.0
29,4,3,2004,3229455.23
29,4,4,2004,819756.46
29,4,5,2004,70255.23
29,4,9,2004,409814.9
29,4,11,2004,124886.32
29,4,12,2004,30708.69
29,4,15,2004,5348544.89
29,4,20,2004,2626.49
29,4,21,2004,493678.9
29,4,23,2004,9238.02
29,4,24,2004,94965.0
29,4,25,2004,3928.23
29,4,29,2004,5933.42
29,4,30,2004,1024.6
29,4,31,2004,1793.81
29,4,32,2004,6523.64
29,4,33,2004,209199.39
29,4,41,2004,1591.8
29,4,46,2004,14677.23
29,4,48,2004,126.47
29,4,49,2004,16864.83
29,4,50,2004,96817.51
31,2,3,2004,93751.41
31,2,4,2004,1692166.85
31,2,9,2004,2444.8
31,2,11,2004,0.0
31,2,12,2004,1106.49
31,2,15,2004,1393764.12
31,2,20,2004,81.0
31,2,21,2004,17011.28
31,2,24,2004,8610.89
31,2,25,2004,4426.89
31,2,29,2004,3140.92
31,2,30,2004,90.4
31,2,33,2004,25919.44
31,2,39,2004,117.97
31,2,41,2004,13490.79
31,2,46,2004,1113.99
31,2,48,2004,3723.05
31,2,62,2004,0.0
31,2,75,2004,0.0
31,3,0,2004,61.14
31,3,3,2004,4191801.3
31,3,4,2004,9157208.36
31,3,9,2004,809810.17
31,3,11,2004,486193.77
31,3,12,2004,1546377.94
31,3,15,2004,11527712.99
31,3,20,2004,210167.89
31,3,21,2004,738984.25
31,3,24,2004,123440.15
31,3,25,2004,25841.47
31,3,29,2004,669067.42
31,3,30,2004,11336.59
31,3,31,2004,18.2
31,3,33,2004,437972.0
31,3,39,2004,701740.93
31,3,41,2004,969505.01
31,3,46,2004,159088.48
31,3,47,2004,28021.56
31,3,48,2004,2886.91
31,3,62,2004,5.27
31,3,75,2004,0.0
31,4,3,2004,5608548.18
31,4,4,2004,2160430.89
31,4,9,2004,227902.23
31,4,11,2004,13721.75
31,4,12,2004,1001014.97
31,4,15,2004,12476127.91
31,4,20,2004,39472.55
31,4,21,2004,812884.7
31,4,23,2004,22.25
31,4,24,2004,200247.68
31,4,25,2004,9317.43
31,4,29,2004,39020.86
31,4,30,2004,33524.6
31,4,31,2004,0.0
31,4,33,2004,288159.67
31,4,39,2004,7233.67
31,4,41,2004,260766.3
31,4,46,2004,411990.3
31,4,47,2004,2556.16
31,4,48,2004,235.57
32,4,3,2004,1019164.15
32,4,4,2004,6523.45
32,4,5,2004,7249.81
32,4,9,2004,161527.58
32,4,11,2004,139040.15
32,4,12,2004,79193.57
32,4,15,2004,2620842.47
32,4,20,2004,3174.89
32,4,21,2004,249037.48
32,4,23,2004,4774.57
32,4,24,2004,56444.37
32,4,25,2004,2049.2
32,4,29,2004,29391.57
32,4,31,2004,27.26
32,4,32,2004,475.11
32,4,33,2004,49137.0
32,4,41,2004,23408.41
32,4,46,2004,107810.97
32,4,48,2004,321.85
32,4,49,2004,18094.89
32,4,50,2004,28255.11
33,4,3,2004,1253018.43
33,4,4,2004,704.74
33,4,5,2004,9965.06
33,4,9,2004,1377.01
33,4,11,2004,113262.86
33,4,12,2004,89682.99
33,4,15,2004,2107700.37
33,4,20,2004,596.14
33,4,21,2004,254515.12
33,4,23,2004,19367.45
33,4,24,2004,191032.87
33,4,25,2004,5073.86
33,4,29,2004,5215.43
33,4,30,2004,763.39
33,4,31,2004,3699.87
33,4,32,2004,1296.14
33,4,33,2004,99746.1
33,4,39,2004,112.98
33,4,41,2004,134253.38
33,4,46,2004,0.0
33,4,48,2004,1.08
33,4,49,2004,25405.37
33,4,50,2004,55266.23
33,4,91,2004,0.0
35,3,3,2004,906397.24
35,3,4,2004,37246.37
35,3,9,2004,343057.7
35,3,11,2004,123747.15
35,3,12,2004,4952.74
35,3,15,2004,1651359.25
35,3,20,2004,1834826.58
35,3,21,2004,585471.23
35,3,24,2004,95783.0
35,3,25,2004,14906.47
35,3,30,2004,516.43
35,3,31,2004,12.84
35,3,33,2004,121429.47
35,3,39,2004,479740.31
35,3,41,2004,128195.11
35,3,46,2004,25300.8
35,3,47,2004,156430.9
35,3,48,2004,8517.38
35,3,62,2004,0.0
35,4,3,2004,3600035.51
35,4,4,2004,7.69
35,4,5,2004,18328.33
35,4,9,2004,236999.87
35,4,11,2004,273726.48
35,4,12,2004,109379.06
35,4,15,2004,7822268.14
35,4,20,2004,1960548.36
35,4,21,2004,2045199.57
35,4,23,2004,1996.34
35,4,24,2004,529889.92
35,4,25,2004,13459.7
35,4,29,2004,125.28
35,4,30,2004,4801.54
35,4,31,2004,426.68
35,4,32,2004,596.63
35,4,33,2004,509012.06
35,4,39,2004,403372.75
35,4,40,2004,0.81
35,4,41,2004,364819.67
35,4,46,2004,44545.3
35,4,47,2004,117172.15
35,4,48,2004,7565.95
35,4,49,2004,231711.56
35,4,50,2004,4882.34
35,4,62,2004,0.0
35,4,75,2004,0.0
41,3,3,2004,68651.12
41,3,4,2004,0.0
41,3,9,2004,57043.96
41,3,11,2004,1111.71
41,3,12,2004,56226.1
41,3,15,2004,17866.23
41,3,21,2004,1665.2
41,3,24,2004,1868.29
41,3,25,2004,233.0
41,3,29,2004,4207.49
41,3,33,2004,416.59
41,3,39,2004,92390.51
41,3,41,2004,10709.19
41,3,46,2004,0.82
41,3,47,2004,19.11
41,3,48,2004,0.0
41,4,3,2004,4757623.89
41,4,5,2004,21035.71
41,4,9,2004,704477.61
41,4,11,2004,200736.22
41,4,12,2004,49925.92
41,4,15,2004,5509752.57
41,4,20,2004,276486.15
41,4,21,2004,1751838.5
41,4,23,2004,652.95
41,4,24,2004,232183.75
41,4,25,2004,6858.16
41,4,29,2004,70.57
41,4,30,2004,3211.47
41,4,31,2004,157.61
41,4,32,2004,454.22
41,4,33,2004,394337.87
41,4,39,2004,3771498.89
41,4,40,2004,2290.39
41,4,41,2004,1744108.94
41,4,46,2004,48506.28
41,4,47,2004,1886.58
41,4,48,2004,1828.84
41,4,49,2004,130084.92
41,4,50,2004,4566.93
41,4,62,2004,0.0
42,4,3,2004,3916428.77
42,4,5,2004,8152.59
42,4,9,2004,572147.41
42,4,11,2004,17035.6
42,4,12,2004,859570.43
42,4,15,2004,1577397.39
42,4,21,2004,1018197.02
42,4,23,2004,6258.66
42,4,24,2004,156249.77
42,4,25,2004,3378.74
42,4,29,2004,0.0
42,4,30,2004,1715.44
42,4,31,2004,42.84
42,4,32,2004,625.01
42,4,33,2004,126602.76
42,4,39,2004,285034.56
42,4,40,2004,125124.28
42,4,41,2004,747755.94
42,4,48,2004,1432.27
42,4,49,2004,87624.76
42,4,50,2004,19055.26
42,4,84,2004,22.99
42,4,91,2004,0.0
43,4,3,2004,2744618.17
43,4,9,2004,197299.51
43,4,11,2004,2314.97
43,4,12,2004,1354550.54
43,4,15,2004,874033.27
43,4,21,2004,971673.73
43,4,23,2004,482.6
43,4,24,2004,100976.41
43,4,25,2004,4096.65
43,4,29,2004,9.88
43,4,30,2004,8.36
43,4,31,2004,2.65
43,4,33,2004,104439.67
43,4,39,2004,1673176.1
43,4,40,2004,32501.56
43,4,41,2004,686015.59
43,4,48,2004,14588.78
43,4,49,2004,2132.66
43,4,50,2004,6151.42
43,4,84,2004,5.55
43,4,91,2004,0.0
43,5,3,2004,2191011.67
43,5,9,2004,341104.7
43,5,11,2004,360052.62
43,5,12,2004,7653037.81
43,5,15,2004,277.05
43,5,21,2004,1536963.28
43,5,23,2004,156886.29
43,5,24,2004,118868.68
43,5,25,2004,55119.21
43,5,29,2004,23811.2
43,5,30,2004,2924.1
43,5,31,2004,119.34
43,5,33,2004,1828967.92
43,5,39,2004,2370617.1
43,5,40,2004,493068.2
43,5,41,2004,2113301.88
43,5,48,2004,127.48
43,5,49,2004,16247.65
43,5,50,2004,123390.53
43,5,84,2004,7619.45
43,5,91,2004,0.0
50,3,3,2004,4049490.14
50,3,4,2004,1232309.54
50,3,7,2004,0.25
50,3,9,2004,184444.15
50,3,11,2004,586132.3
50,3,12,2004,135239.32
50,3,15,2004,13760558.44
50,3,20,2004,27901.45
50,3,21,2004,413689.14
50,3,24,2004,49043.22
50,3,25,2004,4252.0
50,3,29,2004,4069.14
50,3,30,2004,390.7
50,3,31,2004,95.44
50,3,33,2004,78984.38
50,3,39,2004,1135856.79
50,3,40,2004,990.62
50,3,41,2004,553566.12
50,3,47,2004,172.19
50,3,62,2004,7594.6
50,4,3,2004,370977.69
50,4,4,2004,10.26
50,4,9,2004,1219.21
50,4,11,2004,345352.63
50,4,12,2004,16.52
50,4,15,2004,1964324.73
50,4,20,2004,9204.94
50,4,21,2004,138920.07
50,4,24,2004,13476.94
50,4,25,2004,2857.37
50,4,31,2004,227.7
50,4,33,2004,252484.31
50,4,39,2004,317802.46
50,4,40,2004,0.0
50,4,41,2004,325460.29
50,4,47,2004,58.5
50,4,48,2004,5.3
50,6,0,2004,0.51
50,6,3,2004,1548479.55
50,6,4,2004,1973483.11
50,6,7,2004,144283.5
50,6,9,2004,0.68
50,6,11,2004,1091975.53
50,6,12,2004,3407728.67
50,6,13,2004,0.0
50,6,15,2004,797503.25
50,6,21,2004,14079.11
50,6,24,2004,2902.42
50,6,25,2004,166.96
50,6,29,2004,3207.91
50,6,30,2004,355.04
50,6,33,2004,750052.83
50,6,39,2004,250.93
50,6,40,2004,6840.52
50,6,41,2004,1182.52
51,1,0,2004,567.96
51,1,3,2004,30218976.35
51,1,4,2004,870090.52
51,1,6,2004,3116025.33
51,1,7,2004,0.0
51,1,9,2004,10272.29
51,1,11,2004,969630.11
51,1,12,2004,596145.53
51,1,15,2004,11422908.61
51,1,20,2004,36045.43
51,1,21,2004,1369491.95
51,1,24,2004,40386.05
51,1,25,2004,58497.38
51,1,29,2004,191573.43
51,1,30,2004,50932.73
51,1,31,2004,27.55
51,1,33,2004,304585.14
51,1,39,2004,836807.83
51,1,41,2004,1098087.68
51,1,62,2004,330.28
51,3,0,2004,425.32
51,3,3,2004,6475824.77
51,3,4,2004,10642465.76
51,3,6,2004,144.19
51,3,7,2004,0.0
51,3,9,2004,8470.11
51,3,11,2004,2621777.17
51,3,12,2004,1451528.32
51,3,15,2004,7020206.35
51,3,20,2004,976.2
51,3,21,2004,502805.21
51,3,24,2004,59412.39
51,3,25,2004,18484.83
51,3,29,2004,93467.35
51,3,30,2004,13029.54
51,3,31,2004,366.95
51,3,33,2004,188570.39
51,3,39,2004,4019697.83
51,3,41,2004,635522.78
51,3,62,2004,20379.89
51,6,0,2004,481.94
51,6,3,2004,747066.25
51,6,4,2004,1344713.38
51,6,7,2004,128535.18
51,6,9,2004,19.93
51,6,11,2004,807808.53
51,6,12,2004,1191563.88
51,6,15,2004,524717.4
51,6,20,2004,0.0
51,6,21,2004,38007.47
51,6,24,2004,2626.66
51,6,25,2004,261.5
51,6,29,2004,0.09
51,6,30,2004,26.82
51,6,31,2004,0.0
51,6,33,2004,565565.58
51,6,39,2004,5.93
51,6,41,2004,66.41
52,3,3,2004,5655344.17
52,3,4,2004,6303494.78
52,3,9,2004,42733.26
52,3,11,2004,544804.41
52,3,12,2004,637389.56
52,3,15,2004,15381032.76
52,3,20,2004,89012.97
52,3,21,2004,625960.04
52,3,24,2004,166915.91
52,3,25,2004,12021.04
52,3,29,2004,151713.02
52,3,30,2004,3541.97
52,3,31,2004,50.91
52,3,33,2004,298808.56
52,3,39,2004,2740542.72
52,3,40,2004,2119.0
52,3,41,2004,809459.44
52,3,46,2004,621.26
52,3,47,2004,191.13
52,3,48,2004,1.56
52,3,62,2004,4587.67
52,3,75,2004,0.0
52,4,3,2004,72308.68
52,4,4,2004,13.45
52,4,9,2004,48.45
52,4,11,2004,32.07
52,4,12,2004,0.0
52,4,15,2004,345455.54
52,4,20,2004,2249.73
52,4,21,2004,22272.27
52,4,24,2004,718.3
52,4,25,2004,301.15
52,4,31,2004,3.14
52,4,33,2004,76417.42
52,4,39,2004,20778.78
52,4,41,2004,13339.15
53,3,3,2004,70321.51
53,3,4,2004,196289.7
53,3,9,2004,31.66
53,3,11,2004,3853.38
53,3,12,2004,31587.6
53,3,15,2004,110486.89
53,3,21,2004,2943.2
53,3,24,2004,61343.41
53,3,25,2004,1207.43
53,3,30,2004,419.96
53,3,31,2004,17.91
53,3,33,2004,6990.45
53,3,39,2004,70367.62
53,3,41,2004,19990.3
53,3,46,2004,174.07
53,3,48,2004,65.97
53,3,62,2004,0.0
11,1,0,2005,0.52
11,1,3,2005,14206853.85
11,1,4,2005,474471.16
11,1,6,2005,789682.87
11,1,9,2005,11.78
11,1,11,2005,659949.35
11,1,12,2005,260619.7
11,1,15,2005,6313101.95
11,1,21,2005,305529.32
11,1,24,2005,45115.25
11,1,25,2005,80651.78
11,1,29,2005,54358.34
11,1,30,2005,13042.87
11,1,31,2005,78.41
11,1,33,2005,242564.59
11,1,39,2005,23593.27
11,1,41,2005,30107.8
11,1,75,2005,0.0
11,3,0,2005,16.69
11,3,3,2005,149147.21
11,3,4,2005,66186.78
11,3,9,2005,11.69
11,3,11,2005,652.33
11,3,12,2005,5912.95
11,3,15,2005,12252.71
11,3,21,2005,3719.67
11,3,24,2005,3494.99
11,3,25,2005,1349.49
11,3,29,2005,0.09
11,3,33,2005,55.94
11,3,39,2005,16128.71
11,3,41,2005,4622.9
12,1,3,2005,14763149.19
12,1,4,2005,2646.08
12,1,6,2005,73559.11
12,1,11,2005,2046.34
12,1,12,2005,1475.1
12,1,15,2005,1401818.28
12,1,21,2005,26637.77
12,1,24,2005,22713.15
12,1,25,2005,33591.05
12,1,31,2005,3.78
12,1,33,2005,55173.13
12,1,39,2005,0.0
12,1,41,2005,193.44
13,1,3,2005,124507995.8
13,1,4,2005,227276.73
13,1,6,2005,22652193.3
13,1,11,2005,1726736.68
13,1,12,2005,598516.58
13,1,15,2005,885464.17
13,1,20,2005,4334.74
13,1,21,2005,118365.08
13,1,24,2005,54948.95
13,1,25,2005,41372.18
13,1,29,2005,2179.2
13,1,30,2005,13428.93
13,1,31,2005,54.47
13,1,33,2005,4994652.14
13,1,35,2005,173.82
13,1,39,2005,0.0
13,1,41,2005,821.49
14,1,3,2005,14203000.82
14,1,4,2005,272431.77
14,1,6,2005,2593736.15
14,1,9,2005,5.8
14,1,11,2005,1240042.75
14,1,12,2005,2896761.33
14,1,15,2005,489971.91
14,1,21,2005,75650.04
14,1,24,2005,17532.39
14,1,25,2005,7862.1
14,1,29,2005,81899.26
14,1,30,2005,2041.03
14,1,31,2005,41.88
14,1,33,2005,411590.7
14,1,35,2005,186.62
14,1,39,2005,5755.87
14,1,41,2005,18067.05
15,1,0,2005,9.1
15,1,3,2005,91448350.45
15,1,4,2005,1282304.25
15,1,5,2005,231473.39
15,1,6,2005,7114881.24
15,1,9,2005,45110.44
15,1,11,2005,2346512.96
15,1,12,2005,994507.71
15,1,15,2005,14343935.8
15,1,20,2005,0.0
15,1,21,2005,724999.32
15,1,23,2005,2482.12
15,1,24,2005,126027.44
15,1,25,2005,119529.43
15,1,29,2005,227724.18
15,1,30,2005,90163.29
15,1,31,2005,19.67
15,1,32,2005,2720.22
15,1,33,2005,4379933.72
15,1,35,2005,77596.35
15,1,39,2005,18138.0
15,1,40,2005,0.0
15,1,41,2005,94129.86
15,3,0,2005,99.34
15,3,3,2005,191238.53
15,3,4,2005,237712.52
15,3,6,2005,115.7
15,3,9,2005,0.0
15,3,11,2005,64941.75
15,3,12,2005,135252.77
15,3,15,2005,212640.56
15,3,21,2005,820.84
15,3,24,2005,1760.05
15,3,25,2005,42.83
15,3,29,2005,1.68
15,3,30,2005,36.92
15,3,31,2005,0.0
15,3,33,2005,25112.97
15,3,39,2005,1021.95
15,3,41,2005,203.79
16,1,3,2005,9956373.27
16,1,4,2005,3319.95
16,1,5,2005,94352.15
16,1,6,2005,1583443.34
16,1,9,2005,83456.49
16,1,11,2005,1988094.57
16,1,12,2005,28240.31
16,1,15,2005,20859.38
16,1,21,2005,12360.19
16,1,24,2005,13715.85
16,1,25,2005,3991.1
16,1,30,2005,3175.25
16,1,31,2005,0.0
16,1,33,2005,400105.51
16,1,39,2005,32.81
16,1,41,2005,240.61
17,1,0,2005,1.86
17,1,3,2005,382184.45
17,1,4,2005,16387.31
17,1,6,2005,133182.88
17,1,9,2005,30.9
17,1,11,2005,22870.19
17,1,12,2005,61187.04
17,1,15,2005,1603675.39
17,1,21,2005,164312.22
17,1,24,2005,2445.23
17,1,25,2005,1769.69
17,1,29,2005,28841.64
17,1,30,2005,32.26
17,1,31,2005,0.0
17,1,33,2005,43238.23
17,1,39,2005,24.68
17,1,40,2005,0.0
17,1,41,2005,1373.75
17,3,0,2005,26.07
17,3,3,2005,5591767.31
17,3,4,2005,10546890.57
17,3,6,2005,13.3
17,3,9,2005,3591.09
17,3,11,2005,2188639.98
17,3,12,2005,1591474.6
17,3,15,2005,4573872.85
17,3,20,2005,2.74
17,3,21,2005,150957.32
17,3,23,2005,329.52
17,3,24,2005,47057.48
17,3,25,2005,4104.39
17,3,29,2005,41024.17
17,3,30,2005,274.21
17,3,31,2005,8.09
17,3,33,2005,259941.78
17,3,39,2005,240134.17
17,3,40,2005,16275.62
17,3,41,2005,24070.39
17,3,62,2005,340.2
17,3,75,2005,0.0
21,1,0,2005,1.7
21,1,3,2005,5204832.66
21,1,4,2005,128877.52
21,1,5,2005,408012.07
21,1,6,2005,439403.68
21,1,9,2005,53593.8
21,1,11,2005,439934.22
21,1,12,2005,69554.59
21,1,15,2005,4021569.11
21,1,21,2005,55583.32
21,1,23,2005,5720.19
21,1,24,2005,46200.21
21,1,25,2005,18746.31
21,1,29,2005,91.48
21,1,30,2005,5959.6
21,1,31,2005,41.22
21,1,32,2005,34631.26
21,1,33,2005,297155.15
21,1,39,2005,22.55
21,1,41,2005,9790.07
21,1,50,2005,2.05
21,3,0,2005,63.21
21,3,3,2005,10777244.88
21,3,4,2005,6606928.98
21,3,5,2005,65938.05
21,3,6,2005,64.32
21,3,9,2005,11148.5
21,3,11,2005,136387.88
21,3,12,2005,773849.54
21,3,15,2005,2143382.58
21,3,20,2005,11067.97
21,3,21,2005,215327.93
21,3,23,2005,110578.68
21,3,24,2005,51312.59
21,3,25,2005,4900.52
21,3,29,2005,6756.58
21,3,30,2005,253.98
21,3,31,2005,44.0
21,3,32,2005,8853.04
21,3,33,2005,127765.86
21,3,39,2005,397556.46
21,3,41,2005,22278.74
21,3,48,2005,0.0
21,3,50,2005,234399.62
21,3,62,2005,0.0
21,3,91,2005,0.0
22,2,3,2005,1059002.54
22,2,4,2005,9174410.95
22,2,5,2005,5160.78
22,2,9,2005,5.4
22,2,11,2005,0.0
22,2,12,2005,17812.72
22,2,15,2005,1327078.63
22,2,21,2005,126398.41
22,2,23,2005,16815.93
22,2,24,2005,25283.55
22,2,25,2005,19189.89
22,2,29,2005,14525.08
22,2,31,2005,875.85
22,2,32,2005,2073.44
22,2,33,2005,32656.56
22,2,39,2005,1289.54
22,2,41,2005,45439.63
22,2,48,2005,1194.64
22,2,50,2005,4168.06
22,2,62,2005,0.0
22,2,75,2005,0.0
22,2,91,2005,0.0
22,3,3,2005,2317806.11
22,3,4,2005,9549427.52
22,3,5,2005,2.77
22,3,9,2005,509.28
22,3,11,2005,90784.26
22,3,12,2005,303575.68
22,3,15,2005,465077.93
22,3,20,2005,3230.55
22,3,21,2005,44503.53
22,3,23,2005,0.54
22,3,24,2005,40264.08
22,3,25,2005,22154.58
22,3,29,2005,76124.65
22,3,30,2005,318.86
22,3,31,2005,17.72
22,3,33,2005,63299.2
22,3,39,2005,193233.52
22,3,41,2005,131270.31
22,3,48,2005,13.02
22,3,62,2005,4.77
22,3,75,2005,0.0
23,2,3,2005,833865.96
23,2,4,2005,10741908.55
23,2,5,2005,17243.96
23,2,9,2005,1.52
23,2,12,2005,76.67
23,2,15,2005,2202792.47
23,2,21,2005,289307.13
23,2,23,2005,64243.42
23,2,24,2005,113086.54
23,2,25,2005,19714.66
23,2,29,2005,1911.65
23,2,30,2005,866.19
23,2,31,2005,4223.39
23,2,32,2005,5926.76
23,2,33,2005,266440.35
23,2,39,2005,52.4
23,2,41,2005,100691.65
23,2,48,2005,219804.54
23,2,50,2005,4706.81
23,2,75,2005,0.0
23,2,91,2005,0.0
24,2,3,2005,57717.21
24,2,4,2005,2850269.4
24,2,5,2005,5685.96
24,2,11,2005,0.18
24,2,12,2005,246.88
24,2,13,2005,17534.98
24,2,15,2005,1481154.29
24,2,20,2005,3086.4
24,2,21,2005,238919.83
24,2,23,2005,34377.82
24,2,24,2005,38637.88
24,2,25,2005,4896.31
24,2,29,2005,4875.39
24,2,30,2005,0.0
24,2,31,2005,30042.26
24,2,32,2005,5036.7
24,2,33,2005,93791.23
24,2,41,2005,185323.7
24,2,48,2005,19777.11
24,2,49,2005,0.09
24,2,50,2005,3277.93
24,2,75,2005,0.0
24,2,91,2005,0.0
24,4,3,2005,25682.45
24,4,4,2005,990.98
24,4,5,2005,7425.95
24,4,9,2005,8.9
24,4,11,2005,5403.08
24,4,12,2005,0.0
24,4,15,2005,11082.02
24,4,20,2005,28618.49
24,4,21,2005,48727.4
24,4,23,2005,6719.51
24,4,24,2005,13675.1
24,4,25,2005,8.72
24,4,31,2005,2071.03
24,4,32,2005,700.11
24,4,33,2005,9038.83
24,4,41,2005,27696.0
24,4,48,2005,93.66
24,4,49,2005,726.15
24,4,50,2005,16142.38
24,4,91,2005,0.0
25,2,3,2005,62349.58
25,2,4,2005,3340542.26
25,2,11,2005,0.18
25,2,12,2005,119.88
25,2,13,2005,3077.91
25,2,15,2005,1604165.95
25,2,20,2005,15715.38
25,2,21,2005,106577.8
25,2,24,2005,26347.65
25,2,25,2005,8410.09
25,2,29,2005,4578.21
25,2,30,2005,8.61
25,2,31,2005,0.0
25,2,33,2005,63388.19
25,2,41,2005,542.35
25,2,48,2005,50.28
25,2,75,2005,0.0
25,2,91,2005,0.0
25,4,3,2005,62438.82
25,4,4,2005,14924.92
25,4,5,2005,11746.07
25,4,9,2005,539.47
25,4,11,2005,12415.27
25,4,15,2005,68976.96
25,4,20,2005,105153.86
25,4,21,2005,75038.72
25,4,23,2005,692.93
25,4,24,2005,17147.48
25,4,25,2005,120.58
25,4,30,2005,156.55
25,4,31,2005,304.36
25,4,32,2005,288.9
25,4,33,2005,5603.66
25,4,41,2005,34757.87
25,4,48,2005,0.0
25,4,50,2005,186.09
25,4,75,2005,0.0
25,4,91,2005,0.0
26,2,3,2005,50619.39
26,2,4,2005,5491352.15
26,2,12,2005,19525.2
26,2,13,2005,88335.1
26,2,15,2005,2240801.53
26,2,20,2005,708.5
26,2,21,2005,103328.53
26,2,24,2005,46810.19
26,2,25,2005,19906.55
26,2,29,2005,1131.03
26,2,30,2005,285.45
26,2,31,2005,1.86
26,2,33,2005,120090.61
26,2,41,2005,27267.39
26,2,48,2005,48694.72
26,2,75,2005,0.0
26,2,91,2005,0.0
26,4,3,2005,203241.39
26,4,4,2005,141334.07
26,4,5,2005,14549.91
26,4,9,2005,15.5
26,4,11,2005,3972.13
26,4,15,2005,600404.27
26,4,20,2005,413365.22
26,4,21,2005,103589.6
26,4,23,2005,301.28
26,4,24,2005,42385.18
26,4,25,2005,370.81
26,4,30,2005,535.81
26,4,31,2005,713.46
26,4,32,2005,966.53
26,4,33,2005,19346.47
26,4,41,2005,2.39
26,4,50,2005,6.1
26,4,75,2005,0.0
26,4,91,2005,0.0
27,2,3,2005,6412.65
27,2,4,2005,370548.44
27,2,9,2005,0.0
27,2,11,2005,0.0
27,2,12,2005,33.02
27,2,13,2005,0.0
27,2,15,2005,917715.07
27,2,20,2005,551.25
27,2,21,2005,3882.38
27,2,24,2005,6601.73
27,2,25,2005,396.36
27,2,29,2005,16.34
27,2,30,2005,0.0
27,2,31,2005,0.0
27,2,33,2005,13922.75
27,2,41,2005,994.68
27,2,48,2005,0.0
27,4,3,2005,173331.6
27,4,4,2005,64658.38
27,4,5,2005,4317.99
27,4,9,2005,3.79
27,4,11,2005,15505.95
27,4,12,2005,5.11
27,4,15,2005,610922.27
27,4,20,2005,497009.41
27,4,21,2005,31157.2
27,4,23,2005,4066.64
27,4,24,2005,19116.94
27,4,25,2005,162.68
27,4,29,2005,18.66
27,4,31,2005,0.0
27,4,32,2005,70.51
27,4,33,2005,26565.18
27,4,41,2005,25.49
27,4,49,2005,2547.57
27,4,50,2005,11578.22
28,2,3,2005,24008.01
28,2,4,2005,333254.45
28,2,9,2005,4.39
28,2,12,2005,348.73
28,2,15,2005,836568.47
28,2,20,2005,17.41
28,2,21,2005,273.82
28,2,24,2005,3889.5
28,2,25,2005,841.35
28,2,30,2005,47.11
28,2,31,2005,0.0
28,2,33,2005,10386.23
28,2,41,2005,4085.72
28,4,3,2005,90152.29
28,4,4,2005,3173.27
28,4,5,2005,21335.73
28,4,9,2005,978.13
28,4,11,2005,20050.96
28,4,12,2005,20074.76
28,4,15,2005,661099.1
28,4,20,2005,9506.87
28,4,21,2005,44932.01
28,4,23,2005,7598.17
28,4,24,2005,17995.04
28,4,25,2005,565.44
28,4,29,2005,62.29
28,4,30,2005,459.81
28,4,31,2005,567.22
28,4,32,2005,2588.99
28,4,33,2005,29069.46
28,4,41,2005,122.6
28,4,49,2005,767.77
28,4,50,2005,47618.56
28,4,91,2005,0.0
29,2,3,2005,1153574.92
29,2,4,2005,20482890.45
29,2,9,2005,4035.42
29,2,11,2005,0.0
29,2,12,2005,240355.15
29,2,13,2005,373412.3
29,2,15,2005,10418128.43
29,2,20,2005,18964.07
29,2,21,2005,1525291.1
29,2,23,2005,52402.0
29,2,24,2005,94153.27
29,2,25,2005,61914.66
29,2,29,2005,88374.82
29,2,30,2005,4105.3
29,2,31,2005,2.82
29,2,33,2005,496835.56
29,2,39,2005,1284.66
29,2,41,2005,80203.6
29,2,46,2005,4303.39
29,2,48,2005,35481.78
29,2,62,2005,0.0
29,2,75,2005,0.0
29,2,91,2005,0.0
29,3,3,2005,325026.63
29,3,4,2005,7199379.39
29,3,9,2005,6766.07
29,3,11,2005,142284.61
29,3,12,2005,605872.15
29,3,15,2005,422522.96
29,3,21,2005,149992.93
29,3,24,2005,9829.97
29,3,25,2005,6844.84
29,3,29,2005,9454.09
29,3,31,2005,0.0
29,3,33,2005,9236.18
29,3,39,2005,733286.52
29,3,41,2005,682450.96
29,3,46,2005,16498.95
29,3,48,2005,2904.36
29,3,62,2005,21329.22
29,3,75,2005,0.0
29,3,91,2005,0.0
29,4,3,2005,3214576.73
29,4,4,2005,807806.08
29,4,5,2005,70260.19
29,4,9,2005,450110.36
29,4,11,2005,125790.7
29,4,12,2005,30812.79
29,4,15,2005,5328514.7
29,4,20,2005,2935.93
29,4,21,2005,496648.18
29,4,23,2005,9159.25
29,4,24,2005,96255.23
29,4,25,2005,3833.05
29,4,29,2005,5918.01
29,4,30,2005,1051.6
29,4,31,2005,1858.51
29,4,32,2005,6514.27
29,4,33,2005,209872.62
29,4,41,2005,1602.99
29,4,46,2005,14947.0
29,4,48,2005,129.57
29,4,49,2005,16878.28
29,4,50,2005,96934.99
31,2,3,2005,93621.68
31,2,4,2005,1697152.14
31,2,9,2005,2524.02
31,2,11,2005,0.0
31,2,12,2005,1119.04
31,2,15,2005,1391387.09
31,2,20,2005,181.09
31,2,21,2005,14968.03
31,2,24,2005,8787.28
31,2,25,2005,4352.4
31,2,29,2005,3105.85
31,2,30,2005,87.13
31,2,33,2005,25715.04
31,2,39,2005,191.62
31,2,41,2005,13021.21
31,2,46,2005,1032.2
31,2,48,2005,3714.48
31,2,62,2005,0.0
31,2,75,2005,0.0
31,3,0,2005,61.05
31,3,3,2005,4166326.46
31,3,4,2005,9073573.69
31,3,9,2005,833384.27
31,3,11,2005,485393.92
31,3,12,2005,1546251.77
31,3,15,2005,11412442.83
31,3,20,2005,235304.13
31,3,21,2005,740191.19
31,3,24,2005,125837.84
31,3,25,2005,26419.29
31,3,29,2005,669010.59
31,3,30,2005,11566.25
31,3,31,2005,22.94
31,3,33,2005,443314.12
31,3,39,2005,771939.18
31,3,41,2005,1052490.33
31,3,46,2005,171460.33
31,3,47,2005,28934.18
31,3,48,2005,3290.54
31,3,62,2005,26.9
31,3,75,2005,0.0
31,4,3,2005,5608129.13
31,4,4,2005,2154465.65
31,4,9,2005,246281.8
31,4,11,2005,14258.49
31,4,12,2005,996168.44
31,4,15,2005,12403288.71
31,4,20,2005,45512.26
31,4,21,2005,856192.14
31,4,23,2005,22.25
31,4,24,2005,203162.44
31,4,25,2005,9251.4
31,4,29,2005,39066.74
31,4,30,2005,33928.55
31,4,31,2005,0.0
31,4,33,2005,289019.27
31,4,39,2005,9494.29
31,4,41,2005,266596.85
31,4,46,2005,415359.85
31,4,47,2005,2727.15
31,4,48,2005,252.27
32,4,3,2005,1023769.89
32,4,4,2005,6342.57
32,4,5,2005,7292.45
32,4,9,2005,168433.67
32,4,11,2005,141896.58
32,4,12,2005,79576.08
32,4,15,2005,2593607.7
32,4,20,2005,3092.7
32,4,21,2005,257488.27
32,4,23,2005,4684.8
32,4,24,2005,57220.53
32,4,25,2005,2024.85
32,4,29,2005,29465.54
32,4,31,2005,32.71
32,4,32,2005,461.5
32,4,33,2005,51170.08
32,4,41,2005,23663.98
32,4,46,2005,108754.2
32,4,48,2005,322.95
32,4,49,2005,18128.13
32,4,50,2005,28514.7
33,4,3,2005,1255324.92
33,4,4,2005,705.66
33,4,5,2005,10073.75
33,4,9,2005,1654.62
33,4,11,2005,117818.0
33,4,12,2005,88170.12
33,4,15,2005,2099597.87
33,4,20,2005,662.32
33,4,21,2005,255265.62
33,4,23,2005,17451.59
33,4,24,2005,194088.44
33,4,25,2005,5224.31
33,4,29,2005,5219.18
33,4,30,2005,776.68
33,4,31,2005,3427.36
33,4,32,2005,1253.97
33,4,33,2005,101154.83
33,4,39,2005,50.11
33,4,41,2005,131820.9
33,4,46,2005,0.0
33,4,48,2005,2.07
33,4,49,2005,25838.08
33,4,50,2005,56476.45
33,4,91,2005,0.0
35,3,3,2005,900424.84
35,3,4,2005,37634.91
35,3,9,2005,351858.37
35,3,11,2005,122295.15
35,3,12,2005,4881.72
35,3,15,2005,1565877.02
35,3,20,2005,1893113.52
35,3,21,2005,605482.95
35,3,24,2005,97771.52
35,3,25,2005,15548.99
35,3,30,2005,515.72
35,3,31,2005,14.57
35,3,33,2005,120752.37
35,3,39,2005,493512.38
35,3,41,2005,109229.08
35,3,46,2005,26936.89
35,3,47,2005,163542.74
35,3,48,2005,8498.22
35,3,62,2005,0.0
35,4,3,2005,3602402.51
35,4,4,2005,9.27
35,4,5,2005,18636.66
35,4,9,2005,250375.17
35,4,11,2005,277595.38
35,4,12,2005,105662.59
35,4,15,2005,7564857.3
35,4,20,2005,2067257.49
35,4,21,2005,2144528.27
35,4,23,2005,1995.77
35,4,24,2005,537246.61
35,4,25,2005,13266.97
35,4,29,2005,125.53
35,4,30,2005,4875.16
35,4,31,2005,488.86
35,4,32,2005,604.39
35,4,33,2005,513421.76
35,4,39,2005,466092.13
35,4,40,2005,1.14
35,4,41,2005,325334.77
35,4,46,2005,45074.77
35,4,47,2005,117024.71
35,4,48,2005,7490.73
35,4,49,2005,231665.52
35,4,50,2005,4838.21
35,4,62,2005,0.0
35,4,75,2005,0.0
41,3,3,2005,68526.65
41,3,4,2005,0.0
41,3,9,2005,57830.29
41,3,11,2005,1100.09
41,3,12,2005,53763.16
41,3,15,2005,16867.81
41,3,21,2005,1492.0
41,3,24,2005,1888.89
41,3,25,2005,232.5
41,3,29,2005,4208.71
41,3,33,2005,407.2
41,3,39,2005,97888.29
41,3,41,2005,8187.48
41,3,46,2005,0.0
41,3,47,2005,16.25
41,3,48,2005,0.0
41,4,3,2005,4807836.23
41,4,5,2005,20810.18
41,4,9,2005,722738.21
41,4,11,2005,203262.8
41,4,12,2005,50015.98
41,4,15,2005,5378169.69
41,4,20,2005,316023.53
41,4,21,2005,1722157.15
41,4,23,2005,624.57
41,4,24,2005,234869.6
41,4,25,2005,6702.26
41,4,29,2005,76.43
41,4,30,2005,3240.05
41,4,31,2005,169.51
41,4,32,2005,464.74
41,4,33,2005,394916.73
41,4,39,2005,4264340.03
41,4,40,2005,4483.97
41,4,41,2005,1296068.36
41,4,46,2005,48543.36
41,4,47,2005,1906.0
41,4,48,2005,2115.58
41,4,49,2005,130504.79
41,4,50,2005,4535.22
41,4,62,2005,0.0
42,4,3,2005,3904205.66
42,4,5,2005,8314.25
42,4,9,2005,608203.55
42,4,11,2005,17497.23
42,4,12,2005,854575.73
42,4,15,2005,1546560.16
42,4,21,2005,1045153.52
42,4,23,2005,6040.41
42,4,24,2005,159135.6
42,4,25,2005,3346.1
42,4,29,2005,0.0
42,4,30,2005,1742.77
42,4,31,2005,99.31
42,4,32,2005,674.18
42,4,33,2005,128432.99
42,4,39,2005,307217.62
42,4,40,2005,132241.46
42,4,41,2005,698395.65
42,4,48,2005,1673.0
42,4,49,2005,86713.72
42,4,50,2005,19606.83
42,4,84,2005,22.75
42,4,91,2005,0.0
43,4,3,2005,2734653.8
43,4,9,2005,211254.66
43,4,11,2005,2400.17
43,4,12,2005,1338201.34
43,4,15,2005,830411.65
43,4,21,2005,995264.03
43,4,23,2005,465.91
43,4,24,2005,102830.18
43,4,25,2005,4061.26
43,4,29,2005,9.17
43,4,30,2005,7.64
43,4,31,2005,2.73
43,4,33,2005,105952.6
43,4,39,2005,1764553.82
43,4,40,2005,36641.35
43,4,41,2005,617840.88
43,4,48,2005,16081.72
43,4,49,2005,2151.88
43,4,50,2005,6287.74
43,4,84,2005,5.55
43,4,91,2005,0.0
43,5,3,2005,2199962.84
43,5,9,2005,362451.0
43,5,11,2005,360132.11
43,5,12,2005,7622693.68
43,5,15,2005,242.65
43,5,21,2005,1454832.68
43,5,23,2005,155505.14
43,5,24,2005,119813.29
43,5,25,2005,54503.74
43,5,29,2005,23804.11
43,5,30,2005,2945.92
43,5,31,2005,128.47
43,5,33,2005,1827210.82
43,5,39,2005,2540857.33
43,5,40,2005,534343.64
43,5,41,2005,1985124.64
43,5,48,2005,188.4
43,5,49,2005,16290.43
43,5,50,2005,124876.1
43,5,84,2005,7609.15
43,5,91,2005,0.0
50,3,3,2005,3993146.33
50,3,4,2005,1213170.74
50,3,7,2005,0.08
50,3,9,2005,184666.11
50,3,11,2005,578048.97
50,3,12,2005,135050.65
50,3,15,2005,13743406.21
50,3,20,2005,33899.68
50,3,21,2005,391736.72
50,3,24,2005,49509.24
50,3,25,2005,4866.36
50,3,29,2005,4066.27
50,3,30,2005,402.8
50,3,31,2005,132.5
50,3,33,2005,78861.59
50,3,39,2005,1410890.71
50,3,40,2005,1169.25
50,3,41,2005,393657.9
50,3,47,2005,157.09
50,3,62,2005,7940.72
50,4,3,2005,370420.01
50,4,4,2005,12.82
50,4,9,2005,1296.74
50,4,11,2005,348279.29
50,4,12,2005,16.6
50,4,15,2005,1928657.84
50,4,20,2005,9892.13
50,4,21,2005,122786.93
50,4,24,2005,13580.07
50,4,25,2005,2814.28
50,4,31,2005,297.66
50,4,33,2005,252489.54
50,4,39,2005,494982.74
50,4,40,2005,0.0
50,4,41,2005,196791.52
50,4,47,2005,75.35
50,4,48,2005,5.38
50,6,0,2005,0.51
50,6,3,2005,1536484.89
50,6,4,2005,2018325.86
50,6,7,2005,80053.01
50,6,9,2005,0.43
50,6,11,2005,933295.92
50,6,12,2005,3516732.38
50,6,13,2005,0.0
50,6,15,2005,824997.37
50,6,21,2005,15191.47
50,6,24,2005,2912.7
50,6,25,2005,168.22
50,6,29,2005,3207.91
50,6,30,2005,389.54
50,6,33,2005,802373.35
50,6,39,2005,257.18
50,6,40,2005,7028.08
50,6,41,2005,1074.21
51,1,0,2005,554.0
51,1,3,2005,29589138.35
51,1,4,2005,868112.71
51,1,6,2005,3104325.01
51,1,7,2005,0.0
51,1,9,2005,12831.68
51,1,11,2005,968358.92
51,1,12,2005,584899.29
51,1,15,2005,11922730.87
51,1,20,2005,41174.77
51,1,21,2005,1178492.13
51,1,24,2005,41202.44
51,1,25,2005,58305.68
51,1,29,2005,191536.51
51,1,30,2005,51150.3
51,1,31,2005,26.35
51,1,33,2005,309908.23
51,1,39,2005,1168283.4
51,1,41,2005,1099684.06
51,1,62,2005,667.45
51,3,0,2005,402.71
51,3,3,2005,6434126.64
51,3,4,2005,10455867.4
51,3,6,2005,143.94
51,3,7,2005,0.0
51,3,9,2005,11841.12
51,3,11,2005,2623192.22
51,3,12,2005,1444340.52
51,3,15,2005,7060775.33
51,3,20,2005,1963.69
51,3,21,2005,343818.96
51,3,24,2005,60368.74
51,3,25,2005,15062.16
51,3,29,2005,93503.11
51,3,30,2005,13020.74
51,3,31,2005,342.42
51,3,33,2005,187547.46
51,3,39,2005,4423616.12
51,3,41,2005,570574.95
51,3,62,2005,33047.13
51,6,0,2005,469.39
51,6,3,2005,742896.3
51,6,4,2005,1390779.6
51,6,7,2005,70929.82
51,6,9,2005,33.0
51,6,11,2005,671227.85
51,6,12,2005,1336343.82
51,6,15,2005,543569.13
51,6,20,2005,0.0
51,6,21,2005,36813.6
51,6,24,2005,2645.33
51,6,25,2005,271.13
51,6,29,2005,0.09
51,6,30,2005,24.59
51,6,31,2005,0.0
51,6,33,2005,555364.55
51,6,39,2005,28.64
51,6,41,2005,70.12
52,3,3,2005,5614287.0
52,3,4,2005,6186255.48
52,3,9,2005,41545.85
52,3,11,2005,543542.21
52,3,12,2005,638271.79
52,3,15,2005,15321069.79
52,3,20,2005,115670.78
52,3,21,2005,627010.98
52,3,24,2005,169349.66
52,3,25,2005,10833.93
52,3,29,2005,151712.78
52,3,30,2005,4019.89
52,3,31,2005,66.98
52,3,33,2005,315368.57
52,3,39,2005,2859437.23
52,3,40,2005,2268.35
52,3,41,2005,865211.06
52,3,46,2005,779.87
52,3,47,2005,251.7
52,3,48,2005,1.56
52,3,62,2005,3390.67
52,3,75,2005,0.0
52,4,3,2005,71446.31
52,4,4,2005,13.7
52,4,9,2005,44.7
52,4,11,2005,31.99
52,4,12,2005,0.0
52,4,15,2005,343864.35
52,4,20,2005,2503.77
52,4,21,2005,23408.93
52,4,24,2005,729.56
52,4,25,2005,303.86
52,4,31,2005,3.48
52,4,33,2005,76103.22
52,4,39,2005,22754.24
52,4,41,2005,12729.98
53,3,3,2005,71039.0
53,3,4,2005,194949.49
53,3,9,2005,34.59
53,3,11,2005,3883.58
53,3,12,2005,30727.85
53,3,15,2005,107902.41
53,3,21,2005,2920.04
53,3,24,2005,61855.7
53,3,25,2005,1166.52
53,3,30,2005,431.34
53,3,31,2005,29.87
53,3,33,2005,6960.06
53,3,39,2005,79581.54
53,3,41,2005,14440.42
53,3,46,2005,166.24
53,3,48,2005,2.41
53,3,62,2005,0.0
11,1,0,2006,1.31
11,1,3,2006,13994785.35
11,1,4,2006,473170.2
11,1,6,2006,789512.65
11,1,9,2006,11.78
11,1,11,2006,660297.07
11,1,12,2006,259762.43
11,1,15,2006,6524325.57
11,1,21,2006,291285.08
11,1,24,2006,45823.93
11,1,25,2006,80601.35
11,1,29,2006,54346.65
11,1,30,2006,13272.16
11,1,31,2006,113.51
11,1,33,2006,242645.23
11,1,39,2006,33498.48
11,1,41,2006,36280.05
11,1,75,2006,0.0
11,3,0,2006,17.91
11,3,3,2006,147389.66
11,3,4,2006,66893.81
11,3,9,2006,12.39
11,3,11,2006,779.59
11,3,12,2006,5770.1
11,3,15,2006,12981.67
11,3,21,2006,2186.06
11,3,24,2006,3546.12
11,3,25,2006,416.08
11,3,29,2006,0.09
11,3,33,2006,61.6
11,3,39,2006,19756.8
11,3,41,2006,3740.27
12,1,3,2006,14716996.52
12,1,4,2006,2645.03
12,1,6,2006,73518.09
12,1,11,2006,2113.47
12,1,12,2006,1504.16
12,1,15,2006,1447790.2
12,1,21,2006,26906.22
12,1,24,2006,22765.62
12,1,25,2006,32990.52
12,1,31,2006,8.88
12,1,33,2006,55493.7
12,1,39,2006,0.0
12,1,41,2006,274.02
13,1,3,2006,124425271.89
13,1,4,2006,227252.89
13,1,6,2006,22645547.22
13,1,11,2006,1696760.19
13,1,12,2006,595792.07
13,1,15,2006,977321.72
13,1,20,2006,4354.58
13,1,21,2006,118611.25
13,1,24,2006,55373.7
13,1,25,2006,42318.21
13,1,29,2006,2179.2
13,1,30,2006,13582.12
13,1,31,2006,50.18
13,1,33,2006,5023100.18
13,1,35,2006,185.62
13,1,39,2006,0.0
13,1,41,2006,813.27
14,1,3,2006,14177139.42
14,1,4,2006,271267.09
14,1,6,2006,2591326.93
14,1,9,2006,8.21
14,1,11,2006,1226081.68
14,1,12,2006,2886100.81
14,1,15,2006,519596.14
14,1,21,2006,83854.99
14,1,24,2006,17641.55
14,1,25,2006,8068.09
14,1,29,2006,81899.97
14,1,30,2006,2050.23
14,1,31,2006,43.39
14,1,33,2006,426588.32
14,1,35,2006,187.33
14,1,39,2006,4652.98
14,1,41,2006,20070.31
15,1,0,2006,9.19
15,1,3,2006,90790268.79
15,1,4,2006,1280655.29
15,1,5,2006,231065.77
15,1,6,2006,7103157.7
15,1,9,2006,46151.95
15,1,11,2006,2305831.22
15,1,12,2006,992444.66
15,1,15,2006,14935836.63
15,1,20,2006,0.0
15,1,21,2006,763300.7
15,1,23,2006,2519.22
15,1,24,2006,127928.54
15,1,25,2006,121311.59
15,1,29,2006,227745.14
15,1,30,2006,91640.28
15,1,31,2006,27.63
15,1,32,2006,2800.57
15,1,33,2006,4427797.57
15,1,35,2006,78214.49
15,1,39,2006,32045.07
15,1,40,2006,0.0
15,1,41,2006,109796.92
15,3,0,2006,92.62
15,3,3,2006,188772.02
15,3,4,2006,231358.85
15,3,6,2006,118.09
15,3,9,2006,0.0
15,3,11,2006,65413.87
15,3,12,2006,134879.91
15,3,15,2006,220742.76
15,3,21,2006,866.63
15,3,24,2006,1782.81
15,3,25,2006,56.19
15,3,29,2006,1.59
15,3,30,2006,40.11
15,3,31,2006,0.0
15,3,33,2006,25064.58
15,3,39,2006,1289.32
15,3,41,2006,522.84
16,1,3,2006,9957739.28
16,1,4,2006,3291.79
16,1,5,2006,94295.57
16,1,6,2006,1582404.39
16,1,9,2006,83562.41
16,1,11,2006,1968124.6
16,1,12,2006,28204.27
16,1,15,2006,23238.79
16,1,21,2006,10746.61
16,1,24,2006,13832.62
16,1,25,2006,3970.65
16,1,30,2006,3339.46
16,1,31,2006,0.0
16,1,33,2006,418773.45
16,1,39,2006,106.2
16,1,41,2006,130.67
17,1,0,2006,1.15
17,1,3,2006,385002.02
17,1,4,2006,16349.55
17,1,6,2006,134366.37
17,1,9,2006,33.21
17,1,11,2006,23235.74
17,1,12,2006,61166.4
17,1,15,2006,1607914.66
17,1,21,2006,156628.14
17,1,24,2006,2504.3
17,1,25,2006,1648.63
17,1,29,2006,28843.0
17,1,30,2006,32.09
17,1,31,2006,0.0
17,1,33,2006,42431.61
17,1,39,2006,24.68
17,1,40,2006,0.0
17,1,41,2006,1376.17
17,3,0,2006,17.74
17,3,3,2006,5604519.14
17,3,4,2006,10408614.13
17,3,6,2006,14.01
17,3,9,2006,3693.95
17,3,11,2006,2184134.08
17,3,12,2006,1583522.33
17,3,15,2006,4651597.63
17,3,20,2006,1.24
17,3,21,2006,144735.9
17,3,23,2006,328.64
17,3,24,2006,47643.74
17,3,25,2006,4603.38
17,3,29,2006,41030.2
17,3,30,2006,278.94
17,3,31,2006,18.9
17,3,33,2006,278377.17
17,3,39,2006,265394.42
17,3,40,2006,18523.19
17,3,41,2006,43638.68
17,3,62,2006,108.44
17,3,75,2006,0.0
21,1,0,2006,0.98
21,1,3,2006,5104468.6
21,1,4,2006,129023.19
21,1,5,2006,407434.07
21,1,6,2006,433635.48
21,1,9,2006,55475.99
21,1,11,2006,440059.2
21,1,12,2006,68247.68
21,1,15,2006,4130421.66
21,1,21,2006,52617.28
21,1,23,2006,5818.72
21,1,24,2006,46958.82
21,1,25,2006,19211.28
21,1,29,2006,91.48
21,1,30,2006,5999.43
21,1,31,2006,52.01
21,1,32,2006,34746.15
21,1,33,2006,299202.38
21,1,39,2006,83.23
21,1,41,2006,6172.98
21,1,50,2006,2.14
21,3,0,2006,56.25
21,3,3,2006,10685118.4
21,3,4,2006,6562960.3
21,3,5,2006,66074.64
21,3,6,2006,63.16
21,3,9,2006,12416.45
21,3,11,2006,137218.63
21,3,12,2006,774133.01
21,3,15,2006,2238582.53
21,3,20,2006,15086.8
21,3,21,2006,193094.09
21,3,23,2006,111097.77
21,3,24,2006,52340.51
21,3,25,2006,5146.88
21,3,29,2006,6757.2
21,3,30,2006,248.28
21,3,31,2006,66.2
21,3,32,2006,8927.07
21,3,33,2006,126084.99
21,3,39,2006,450284.29
21,3,41,2006,26181.92
21,3,48,2006,0.0
21,3,50,2006,234164.54
21,3,62,2006,0.0
21,3,91,2006,0.0
22,2,3,2006,1058947.86
22,2,4,2006,9162860.79
22,2,5,2006,5177.66
22,2,9,2006,5.4
22,2,11,2006,0.45
22,2,12,2006,17617.14
22,2,15,2006,1338547.75
22,2,21,2006,115649.89
22,2,23,2006,16665.65
22,2,24,2006,25584.69
22,2,25,2006,19095.82
22,2,29,2006,14470.47
22,2,31,2006,905.49
22,2,32,2006,2078.26
22,2,33,2006,32039.79
22,2,39,2006,2005.56
22,2,41,2006,56033.43
22,2,48,2006,1507.7
22,2,50,2006,4187.79
22,2,62,2006,0.0
22,2,75,2006,0.0
22,2,91,2006,0.0
22,3,3,2006,2304447.2
22,3,4,2006,9530949.97
22,3,5,2006,2.68
22,3,9,2006,612.97
22,3,11,2006,91935.21
22,3,12,2006,303141.12
22,3,15,2006,470177.43
22,3,20,2006,3356.51
22,3,21,2006,46467.24
22,3,23,2006,0.36
22,3,24,2006,40918.56
22,3,25,2006,22987.79
22,3,29,2006,76129.87
22,3,30,2006,367.92
22,3,31,2006,21.54
22,3,33,2006,62858.54
22,3,39,2006,248329.91
22,3,41,2006,98822.14
22,3,48,2006,16.94
22,3,62,2006,74.96
22,3,75,2006,0.0
23,2,3,2006,832000.55
23,2,4,2006,10672288.03
23,2,5,2006,17270.1
23,2,9,2006,1.52
23,2,12,2006,75.69
23,2,15,2006,2273528.75
23,2,21,2006,275379.92
23,2,23,2006,64492.27
23,2,24,2006,114648.36
23,2,25,2006,19401.29
23,2,29,2006,1911.29
23,2,30,2006,879.46
23,2,31,2006,4655.26
23,2,32,2006,5932.96
23,2,33,2006,256630.61
23,2,39,2006,64.0
23,2,41,2006,112119.73
23,2,48,2006,230855.23
23,2,50,2006,4729.57
23,2,75,2006,0.0
23,2,91,2006,0.0
24,2,3,2006,58918.06
24,2,4,2006,2843827.29
24,2,5,2006,5683.74
24,2,11,2006,0.18
24,2,12,2006,99.4
24,2,13,2006,20227.18
24,2,15,2006,1449035.4
24,2,20,2006,3111.47
24,2,21,2006,238785.16
24,2,23,2006,34542.7
24,2,24,2006,39369.34
24,2,25,2006,4895.66
24,2,29,2006,4827.93
24,2,30,2006,0.0
24,2,31,2006,30060.71
24,2,32,2006,5002.77
24,2,33,2006,94462.75
24,2,41,2006,217921.1
24,2,48,2006,20618.89
24,2,49,2006,0.09
24,2,50,2006,3261.73
24,2,75,2006,0.0
24,2,91,2006,0.0
24,4,3,2006,25531.09
24,4,4,2006,968.06
24,4,5,2006,7465.95
24,4,9,2006,8.9
24,4,11,2006,5350.22
24,4,12,2006,0.0
24,4,15,2006,12392.89
24,4,20,2006,30236.32
24,4,21,2006,51093.06
24,4,23,2006,6974.08
24,4,24,2006,13790.08
24,4,25,2006,8.09
24,4,31,2006,2150.26
24,4,32,2006,699.3
24,4,33,2006,8786.08
24,4,41,2006,22728.21
24,4,48,2006,97.04
24,4,49,2006,721.52
24,4,50,2006,15809.59
24,4,91,2006,0.0
25,2,3,2006,63817.67
25,2,4,2006,3346629.34
25,2,11,2006,0.18
25,2,12,2006,33.97
25,2,13,2006,3198.51
25,2,15,2006,1584928.69
25,2,20,2006,16322.1
25,2,21,2006,116433.62
25,2,24,2006,26803.98
25,2,25,2006,8370.31
25,2,29,2006,4424.83
25,2,30,2006,8.61
25,2,31,2006,1.6
25,2,33,2006,64307.72
25,2,41,2006,535.46
25,2,48,2006,57.74
25,2,75,2006,0.0
25,2,91,2006,0.0
25,4,3,2006,62039.11
25,4,4,2006,14684.82
25,4,5,2006,11776.16
25,4,9,2006,540.27
25,4,11,2006,12199.11
25,4,15,2006,69224.53
25,4,20,2006,107832.13
25,4,21,2006,78287.77
25,4,23,2006,712.46
25,4,24,2006,17406.45
25,4,25,2006,117.74
25,4,30,2006,150.52
25,4,31,2006,336.23
25,4,32,2006,286.42
25,4,33,2006,5575.51
25,4,41,2006,29117.54
25,4,48,2006,0.0
25,4,50,2006,205.71
25,4,75,2006,0.0
25,4,91,2006,0.0
26,2,3,2006,50716.19
26,2,4,2006,5480575.43
26,2,12,2006,22978.97
26,2,13,2006,89036.1
26,2,15,2006,2244221.93
26,2,20,2006,708.5
26,2,21,2006,102445.97
26,2,24,2006,47590.88
26,2,25,2006,19810.48
26,2,29,2006,1138.36
26,2,30,2006,294.86
26,2,31,2006,1.86
26,2,33,2006,116267.67
26,2,41,2006,32809.06
26,2,48,2006,50261.93
26,2,75,2006,0.0
26,2,91,2006,0.0
26,4,3,2006,203182.51
26,4,4,2006,137619.88
26,4,5,2006,14565.75
26,4,9,2006,16.57
26,4,11,2006,3911.34
26,4,15,2006,593504.34
26,4,20,2006,417853.41
26,4,21,2006,109731.88
26,4,23,2006,296.76
26,4,24,2006,42835.84
26,4,25,2006,343.45
26,4,30,2006,533.59
26,4,31,2006,692.14
26,4,32,2006,989.63
26,4,33,2006,19018.7
26,4,41,2006,2.04
26,4,50,2006,2.3
26,4,75,2006,0.0
26,4,91,2006,0.0
27,2,3,2006,6439.17
27,2,4,2006,369409.88
27,2,9,2006,0.0
27,2,11,2006,0.0
27,2,12,2006,22.42
27,2,13,2006,0.0
27,2,15,2006,919054.2
27,2,20,2006,555.21
27,2,21,2006,3654.34
27,2,24,2006,6713.73
27,2,25,2006,400.23
27,2,29,2006,16.42
27,2,30,2006,0.0
27,2,31,2006,0.0
27,2,33,2006,13744.14
27,2,41,2006,1064.9
27,2,48,2006,0.0
27,4,3,2006,173975.03
27,4,4,2006,64141.2
27,4,5,2006,4307.31
27,4,9,2006,3.88
27,4,11,2006,15964.82
27,4,12,2006,1.14
27,4,15,2006,601769.46
27,4,20,2006,501304.91
27,4,21,2006,35019.1
27,4,23,2006,4073.51
27,4,24,2006,19435.52
27,4,25,2006,178.62
27,4,29,2006,7.39
27,4,31,2006,0.0
27,4,32,2006,72.45
27,4,33,2006,26565.35
27,4,41,2006,16.14
27,4,49,2006,2602.99
27,4,50,2006,11624.76
28,2,3,2006,23754.62
28,2,4,2006,331529.81
28,2,9,2006,4.39
28,2,12,2006,318.8
28,2,15,2006,837871.12
28,2,20,2006,17.32
28,2,21,2006,212.32
28,2,24,2006,3986.74
28,2,25,2006,841.06
28,2,30,2006,46.05
28,2,31,2006,0.0
28,2,33,2006,10278.76
28,2,41,2006,4864.21
28,4,3,2006,89447.8
28,4,4,2006,3158.48
28,4,5,2006,21387.52
28,4,9,2006,1005.85
28,4,11,2006,20306.09
28,4,12,2006,20132.55
28,4,15,2006,660543.12
28,4,20,2006,9568.26
28,4,21,2006,45579.3
28,4,23,2006,7456.72
28,4,24,2006,18455.56
28,4,25,2006,554.46
28,4,29,2006,47.85
28,4,30,2006,482.47
28,4,31,2006,587.92
28,4,32,2006,2646.04
28,4,33,2006,28992.29
28,4,41,2006,133.85
28,4,49,2006,815.61
28,4,50,2006,47416.75
28,4,91,2006,0.0
29,2,3,2006,1151667.48
29,2,4,2006,20494587.57
29,2,9,2006,4225.6
29,2,11,2006,0.0
29,2,12,2006,244156.12
29,2,13,2006,373368.11
29,2,15,2006,10395306.77
29,2,20,2006,19084.38
29,2,21,2006,1517749.68
29,2,23,2006,52783.02
29,2,24,2006,95718.22
29,2,25,2006,61012.54
29,2,29,2006,88075.76
29,2,30,2006,3978.14
29,2,31,2006,2.91
29,2,33,2006,503689.48
29,2,39,2006,619.67
29,2,41,2006,88379.87
29,2,46,2006,4323.04
29,2,48,2006,36985.34
29,2,62,2006,0.0
29,2,75,2006,0.0
29,2,91,2006,0.0
29,3,3,2006,327180.64
29,3,4,2006,7134102.34
29,3,9,2006,6290.37
29,3,11,2006,142447.4
29,3,12,2006,590767.16
29,3,15,2006,436524.35
29,3,21,2006,114741.53
29,3,24,2006,10145.63
29,3,25,2006,6986.85
29,3,29,2006,9455.32
29,3,31,2006,0.0
29,3,33,2006,9448.06
29,3,39,2006,703841.25
29,3,41,2006,780154.88
29,3,46,2006,16663.96
29,3,48,2006,2819.94
29,3,62,2006,52110.14
29,3,75,2006,0.0
29,3,91,2006,0.0
29,4,3,2006,3207368.49
29,4,4,2006,798946.68
29,4,5,2006,70420.31
29,4,9,2006,476788.2
29,4,11,2006,128552.14
29,4,12,2006,30166.89
29,4,15,2006,5306930.24
29,4,20,2006,3327.04
29,4,21,2006,503534.18
29,4,23,2006,8873.98
29,4,24,2006,97916.83
29,4,25,2006,3313.47
29,4,29,2006,5914.09
29,4,30,2006,1051.57
29,4,31,2006,1703.87
29,4,32,2006,6523.5
29,4,33,2006,209708.84
29,4,41,2006,1697.08
29,4,46,2006,15235.69
29,4,48,2006,128.44
29,4,49,2006,16846.28
29,4,50,2006,97463.25
31,2,3,2006,93509.43
31,2,4,2006,1701793.55
31,2,9,2006,2736.16
31,2,11,2006,0.0
31,2,12,2006,1252.0
31,2,15,2006,1388831.98
31,2,20,2006,528.59
31,2,21,2006,11251.2
31,2,24,2006,8919.26
31,2,25,2006,4329.68
31,2,29,2006,3093.92
31,2,30,2006,70.88
31,2,33,2006,25871.28
31,2,39,2006,176.61
31,2,41,2006,13959.94
31,2,46,2006,989.59
31,2,48,2006,3646.21
31,2,62,2006,0.0
31,2,75,2006,0.0
31,3,0,2006,62.91
31,3,3,2006,4146256.88
31,3,4,2006,8998263.24
31,3,9,2006,867009.28
31,3,11,2006,485368.83
31,3,12,2006,1548988.66
31,3,15,2006,11342460.7
31,3,20,2006,269087.54
31,3,21,2006,762167.99
31,3,24,2006,128223.75
31,3,25,2006,26892.4
31,3,29,2006,669044.31
31,3,30,2006,11736.28
31,3,31,2006,22.96
31,3,33,2006,450859.92
31,3,39,2006,785243.96
31,3,41,2006,1090959.95
31,3,46,2006,181318.74
31,3,47,2006,29911.51
31,3,48,2006,3327.67
31,3,62,2006,34.34
31,3,75,2006,0.0
31,4,3,2006,5616146.38
31,4,4,2006,2147121.69
31,4,9,2006,269756.9
31,4,11,2006,14367.63
31,4,12,2006,987424.48
31,4,15,2006,12335897.02
31,4,20,2006,51601.56
31,4,21,2006,890396.03
31,4,23,2006,23.08
31,4,24,2006,205993.19
31,4,25,2006,9082.69
31,4,29,2006,39170.42
31,4,30,2006,34270.84
31,4,31,2006,0.0
31,4,33,2006,288587.22
31,4,39,2006,9951.85
31,4,41,2006,264242.65
31,4,46,2006,425992.81
31,4,47,2006,2840.79
31,4,48,2006,310.43
32,4,3,2006,1027892.11
32,4,4,2006,6525.91
32,4,5,2006,7344.14
32,4,9,2006,178336.93
32,4,11,2006,144948.07
32,4,12,2006,80812.92
32,4,15,2006,2545572.57
32,4,20,2006,2147.71
32,4,21,2006,286540.45
32,4,23,2006,4891.93
32,4,24,2006,58132.24
32,4,25,2006,2079.36
32,4,29,2006,29577.4
32,4,31,2006,31.53
32,4,32,2006,441.3
32,4,33,2006,49068.49
32,4,41,2006,23976.88
32,4,46,2006,110422.79
32,4,48,2006,321.28
32,4,49,2006,18131.82
32,4,50,2006,28748.06
33,4,3,2006,1257706.22
33,4,4,2006,714.96
33,4,5,2006,10136.92
33,4,9,2006,1931.26
33,4,11,2006,119308.21
33,4,12,2006,88044.49
33,4,15,2006,2091270.09
33,4,20,2006,288.1
33,4,21,2006,257166.78
33,4,23,2006,17953.32
33,4,24,2006,196237.44
33,4,25,2006,5131.01
33,4,29,2006,5218.37
33,4,30,2006,790.08
33,4,31,2006,2747.73
33,4,32,2006,1278.38
33,4,33,2006,100706.41
33,4,39,2006,72.37
33,4,41,2006,134091.7
33,4,46,2006,0.0
33,4,48,2006,2.07
33,4,49,2006,26212.62
33,4,50,2006,55048.34
33,4,91,2006,0.0
35,3,3,2006,896701.92
35,3,4,2006,37368.42
35,3,9,2006,362577.52
35,3,11,2006,119670.62
35,3,12,2006,4650.81
35,3,15,2006,1458788.07
35,3,20,2006,1951161.99
35,3,21,2006,645332.87
35,3,24,2006,99645.55
35,3,25,2006,14223.17
35,3,30,2006,511.59
35,3,31,2006,14.63
35,3,33,2006,120689.8
35,3,39,2006,466533.48
35,3,41,2006,133234.01
35,3,46,2006,28361.65
35,3,47,2006,169341.18
35,3,48,2006,9083.67
35,3,62,2006,0.0
35,4,3,2006,3606789.38
35,4,4,2006,9.03
35,4,5,2006,18867.59
35,4,9,2006,268175.1
35,4,11,2006,279987.3
35,4,12,2006,101623.65
35,4,15,2006,7218913.11
35,4,20,2006,2217887.39
35,4,21,2006,2292814.38
35,4,23,2006,1916.2
35,4,24,2006,544351.32
35,4,25,2006,13217.8
35,4,29,2006,126.18
35,4,30,2006,4980.5
35,4,31,2006,501.13
35,4,32,2006,595.75
35,4,33,2006,512034.07
35,4,39,2006,441536.26
35,4,40,2006,0.0
35,4,41,2006,368765.22
35,4,46,2006,47251.16
35,4,47,2006,116343.24
35,4,48,2006,7694.48
35,4,49,2006,231679.24
35,4,50,2006,4812.18
35,4,62,2006,0.0
35,4,75,2006,0.0
41,3,3,2006,68810.27
41,3,4,2006,4.25
41,3,9,2006,58951.53
41,3,11,2006,1057.86
41,3,12,2006,51266.37
41,3,15,2006,16409.26
41,3,21,2006,1349.72
41,3,24,2006,1909.98
41,3,25,2006,233.39
41,3,29,2006,4210.1
41,3,33,2006,386.55
41,3,39,2006,98738.44
41,3,41,2006,9062.9
41,3,46,2006,2.2
41,3,47,2006,16.5
41,3,48,2006,0.0
41,4,3,2006,4846221.46
41,4,5,2006,20574.94
41,4,9,2006,740698.59
41,4,11,2006,203717.36
41,4,12,2006,49681.72
41,4,15,2006,5212865.02
41,4,20,2006,351559.61
41,4,21,2006,1619903.58
41,4,23,2006,612.67
41,4,24,2006,237776.27
41,4,25,2006,6549.12
41,4,29,2006,77.25
41,4,30,2006,3255.22
41,4,31,2006,172.16
41,4,32,2006,452.42
41,4,33,2006,391154.36
41,4,39,2006,4238580.33
41,4,40,2006,6081.4
41,4,41,2006,1496842.71
41,4,46,2006,47728.81
41,4,47,2006,1991.01
41,4,48,2006,2701.11
41,4,49,2006,130822.29
41,4,50,2006,4555.54
41,4,62,2006,0.0
42,4,3,2006,3899946.65
42,4,5,2006,8320.95
42,4,9,2006,644527.44
42,4,11,2006,17617.12
42,4,12,2006,844831.75
42,4,15,2006,1482702.85
42,4,21,2006,983908.42
42,4,23,2006,5959.99
42,4,24,2006,162443.61
42,4,25,2006,3339.97
42,4,29,2006,0.0
42,4,30,2006,1801.04
42,4,31,2006,131.33
42,4,32,2006,687.21
42,4,33,2006,131263.64
42,4,39,2006,331564.27
42,4,40,2006,141309.27
42,4,41,2006,761607.22
42,4,48,2006,1752.82
42,4,49,2006,86286.01
42,4,50,2006,19828.27
42,4,84,2006,22.68
42,4,91,2006,0.0
43,4,3,2006,2728772.89
43,4,9,2006,225319.75
43,4,11,2006,2445.48
43,4,12,2006,1324314.52
43,4,15,2006,789935.61
43,4,21,2006,938875.84
43,4,23,2006,451.95
43,4,24,2006,104793.69
43,4,25,2006,4037.31
43,4,29,2006,10.12
43,4,30,2006,7.64
43,4,31,2006,2.73
43,4,33,2006,108690.32
43,4,39,2006,1858847.47
43,4,40,2006,37177.97
43,4,41,2006,617399.62
43,4,48,2006,19382.61
43,4,49,2006,2263.0
43,4,50,2006,6343.99
43,4,84,2006,5.55
43,4,91,2006,0.0
43,5,3,2006,2231836.42
43,5,9,2006,390389.8
43,5,11,2006,360905.98
43,5,12,2006,7555651.21
43,5,15,2006,226.98
43,5,21,2006,1365574.94
43,5,23,2006,154568.07
43,5,24,2006,120778.32
43,5,25,2006,53231.11
43,5,29,2006,23796.08
43,5,30,2006,2980.78
43,5,31,2006,145.36
43,5,33,2006,1822330.6
43,5,39,2006,2662729.48
43,5,40,2006,510281.18
43,5,41,2006,1988453.5
43,5,48,2006,208.25
43,5,49,2006,16715.39
43,5,50,2006,125223.19
43,5,84,2006,7489.51
43,5,91,2006,0.0
50,3,3,2006,3939964.01
50,3,4,2006,1202991.15
50,3,7,2006,0.17
50,3,9,2006,189921.95
50,3,11,2006,572652.26
50,3,12,2006,135440.87
50,3,15,2006,13743683.58
50,3,20,2006,44277.22
50,3,21,2006,404939.58
50,3,24,2006,50103.67
50,3,25,2006,4482.3
50,3,29,2006,4058.81
50,3,30,2006,399.71
50,3,31,2006,139.05
50,3,33,2006,78753.96
50,3,39,2006,1327814.06
50,3,40,2006,1311.62
50,3,41,2006,516862.27
50,3,47,2006,160.2
50,3,62,2006,6823.52
50,4,3,2006,370745.93
50,4,4,2006,13.99
50,4,9,2006,1312.03
50,4,11,2006,347264.2
50,4,12,2006,17.18
50,4,15,2006,1908082.56
50,4,20,2006,15925.22
50,4,21,2006,120289.53
50,4,24,2006,13673.75
50,4,25,2006,2837.37
50,4,31,2006,337.75
50,4,33,2006,252981.21
50,4,39,2006,457763.31
50,4,40,2006,0.0
50,4,41,2006,251065.39
50,4,47,2006,83.3
50,4,48,2006,6.21
50,6,0,2006,2.21
50,6,3,2006,1525847.41
50,6,4,2006,1753926.47
50,6,7,2006,286791.9
50,6,9,2006,0.43
50,6,11,2006,1661530.92
50,6,12,2006,2278734.43
50,6,13,2006,0.0
50,6,15,2006,846056.29
50,6,21,2006,14417.67
50,6,24,2006,2919.48
50,6,25,2006,173.04
50,6,29,2006,3207.91
50,6,30,2006,453.95
50,6,33,2006,1359957.57
50,6,39,2006,247.2
50,6,40,2006,7121.57
50,6,41,2006,1104.61
51,1,0,2006,542.92
51,1,3,2006,29211008.56
51,1,4,2006,860795.83
51,1,6,2006,3097078.22
51,1,7,2006,0.0
51,1,9,2006,16434.18
51,1,11,2006,964903.2
51,1,12,2006,575436.57
51,1,15,2006,12102514.65
51,1,20,2006,44737.59
51,1,21,2006,1125375.01
51,1,24,2006,42010.68
51,1,25,2006,54566.33
51,1,29,2006,191498.07
51,1,30,2006,51241.67
51,1,31,2006,59.57
51,1,33,2006,310515.66
51,1,39,2006,1345349.49
51,1,41,2006,1197224.88
51,1,62,2006,89.08
51,3,0,2006,398.03
51,3,3,2006,6421328.44
51,3,4,2006,10336139.92
51,3,6,2006,142.18
51,3,7,2006,0.34
51,3,9,2006,12821.81
51,3,11,2006,2621533.72
51,3,12,2006,1433790.31
51,3,15,2006,7081193.72
51,3,20,2006,3641.84
51,3,21,2006,216187.59
51,3,24,2006,61247.32
51,3,25,2006,13840.16
51,3,29,2006,93516.25
51,3,30,2006,13133.02
51,3,31,2006,285.58
51,3,33,2006,187424.25
51,3,39,2006,4588448.54
51,3,41,2006,648813.83
51,3,62,2006,39668.51
51,6,0,2006,461.23
51,6,3,2006,738875.12
51,6,4,2006,1282847.64
51,6,7,2006,163574.96
51,6,9,2006,35.41
51,6,11,2006,998505.79
51,6,12,2006,775660.41
51,6,15,2006,554307.31
51,6,20,2006,0.0
51,6,21,2006,38858.09
51,6,24,2006,2703.97
51,6,25,2006,274.4
51,6,29,2006,0.09
51,6,30,2006,26.91
51,6,31,2006,0.0
51,6,33,2006,794485.47
51,6,39,2006,89.32
51,6,41,2006,760.85
52,3,3,2006,5603724.27
52,3,4,2006,6097396.2
52,3,9,2006,44919.77
52,3,11,2006,539573.36
52,3,12,2006,637333.13
52,3,15,2006,15235503.33
52,3,20,2006,136979.42
52,3,21,2006,646884.8
52,3,24,2006,171932.58
52,3,25,2006,10562.09
52,3,29,2006,151723.76
52,3,30,2006,4469.7
52,3,31,2006,95.29
52,3,33,2006,322864.58
52,3,39,2006,2992679.06
52,3,40,2006,2091.14
52,3,41,2006,866902.28
52,3,46,2006,858.95
52,3,47,2006,280.98
52,3,48,2006,2.86
52,3,62,2006,3568.58
52,3,75,2006,0.0
52,4,3,2006,70603.82
52,4,4,2006,13.79
52,4,9,2006,65.32
52,4,11,2006,32.32
52,4,12,2006,0.0
52,4,15,2006,343502.01
52,4,20,2006,2913.92
52,4,21,2006,24170.57
52,4,24,2006,737.53
52,4,25,2006,344.29
52,4,31,2006,0.0
52,4,33,2006,75739.27
52,4,39,2006,18946.0
52,4,41,2006,16869.27
53,3,3,2006,71957.75
53,3,4,2006,194585.61
53,3,9,2006,42.6
53,3,11,2006,3769.8
53,3,12,2006,29168.08
53,3,15,2006,106596.29
53,3,21,2006,3418.59
53,3,24,2006,62456.93
53,3,25,2006,1100.54
53,3,30,2006,443.49
53,3,31,2006,30.47
53,3,33,2006,6901.43
53,3,39,2006,76852.93
53,3,41,2006,18615.29
53,3,46,2006,141.44
53,3,48,2006,9.81
53,3,62,2006,0.0
11,1,0,2007,0.7
11,1,3,2007,13840856.87
11,1,4,2007,472277.34
11,1,6,2007,788939.12
11,1,9,2007,11.78
11,1,11,2007,661339.53
11,1,12,2007,258427.64
11,1,15,2007,6682866.7
11,1,21,2007,279550.89
11,1,24,2007,46289.08
11,1,25,2007,81471.77
11,1,29,2007,54363.82
11,1,30,2007,13470.86
11,1,31,2007,179.65
11,1,33,2007,242691.14
11,1,39,2007,42596.21
11,1,41,2007,34399.73
11,1,75,2007,0.0
11,3,0,2007,17.91
11,3,3,2007,146416.43
11,3,4,2007,67195.66
11,3,9,2007,12.56
11,3,11,2007,614.67
11,3,12,2007,5724.05
11,3,15,2007,13709.34
11,3,21,2007,1871.96
11,3,24,2007,3572.12
11,3,25,2007,315.36
11,3,29,2007,0.35
11,3,33,2007,67.8
11,3,39,2007,20892.72
11,3,41,2007,3141.21
12,1,3,2007,14681992.61
12,1,4,2007,2651.03
12,1,6,2007,73721.83
12,1,11,2007,2361.42
12,1,12,2007,1570.16
12,1,15,2007,1485211.08
12,1,21,2007,25486.27
12,1,24,2007,22856.57
12,1,25,2007,31838.65
12,1,31,2007,9.15
12,1,33,2007,55063.99
12,1,39,2007,0.0
12,1,41,2007,243.67
13,1,3,2007,124374522.6
13,1,4,2007,227093.49
13,1,6,2007,22641991.22
13,1,11,2007,1661101.26
13,1,12,2007,593733.75
13,1,15,2007,1036714.04
13,1,20,2007,4365.57
13,1,21,2007,97043.06
13,1,24,2007,55708.39
13,1,25,2007,42062.7
13,1,29,2007,2177.87
13,1,30,2007,13519.24
13,1,31,2007,40.81
13,1,33,2007,5077757.04
13,1,35,2007,159.43
13,1,39,2007,0.0
13,1,41,2007,523.81
14,1,3,2007,14147396.19
14,1,4,2007,272467.83
14,1,6,2007,2588831.34
14,1,9,2007,14.55
14,1,11,2007,1243697.4
14,1,12,2007,2884422.64
14,1,15,2007,553830.46
14,1,21,2007,85034.74
14,1,24,2007,17734.32
14,1,25,2007,8103.87
14,1,29,2007,81899.97
14,1,30,2007,2055.32
14,1,31,2007,56.34
14,1,33,2007,407073.52
14,1,35,2007,192.87
14,1,39,2007,3848.61
14,1,41,2007,19917.48
15,1,0,2007,8.31
15,1,3,2007,90251509.61
15,1,4,2007,1278558.76
15,1,5,2007,230753.36
15,1,6,2007,7100530.63
15,1,9,2007,47276.29
15,1,11,2007,2284380.91
15,1,12,2007,990754.76
15,1,15,2007,15512495.21
15,1,20,2007,0.0
15,1,21,2007,710315.21
15,1,23,2007,2648.21
15,1,24,2007,129309.85
15,1,25,2007,121158.3
15,1,29,2007,227750.04
15,1,30,2007,93535.89
15,1,31,2007,14.63
15,1,32,2007,2924.55
15,1,33,2007,4449856.47
15,1,35,2007,81113.36
15,1,39,2007,38134.7
15,1,40,2007,0.0
15,1,41,2007,117519.87
15,3,0,2007,87.04
15,3,3,2007,190756.57
15,3,4,2007,228195.87
15,3,6,2007,114.64
15,3,9,2007,0.0
15,3,11,2007,64621.01
15,3,12,2007,133343.15
15,3,15,2007,223372.46
15,3,21,2007,1056.85
15,3,24,2007,1799.37
15,3,25,2007,59.45
15,3,29,2007,1.68
15,3,30,2007,39.94
15,3,31,2007,0.0
15,3,33,2007,24936.22
15,3,39,2007,1964.46
15,3,41,2007,653.49
16,1,3,2007,9957345.94
16,1,4,2007,3270.13
16,1,5,2007,94057.24
16,1,6,2007,1581886.22
16,1,9,2007,83629.81
16,1,11,2007,1945818.83
16,1,12,2007,28273.34
16,1,15,2007,25155.58
16,1,21,2007,10083.9
16,1,24,2007,13945.74
16,1,25,2007,4163.4
16,1,30,2007,3573.47
16,1,31,2007,0.0
16,1,33,2007,440261.2
16,1,39,2007,104.41
16,1,41,2007,191.54
17,1,0,2007,1.78
17,1,3,2007,390871.31
17,1,4,2007,16063.51
17,1,6,2007,138106.13
17,1,9,2007,31.61
17,1,11,2007,23287.05
17,1,12,2007,61010.04
17,1,15,2007,1597641.44
17,1,21,2007,156443.62
17,1,24,2007,2568.36
17,1,25,2007,1592.72
17,1,29,2007,28859.46
17,1,30,2007,31.38
17,1,31,2007,0.0
17,1,33,2007,42665.21
17,1,39,2007,83.13
17,1,40,2007,0.0
17,1,41,2007,2301.0
17,3,0,2007,19.87
17,3,3,2007,5604101.28
17,3,4,2007,10315921.77
17,3,6,2007,14.45
17,3,9,2007,3742.01
17,3,11,2007,2165872.85
17,3,12,2007,1576717.03
17,3,15,2007,4711685.6
17,3,20,2007,3.97
17,3,21,2007,150722.94
17,3,23,2007,330.84
17,3,24,2007,48162.87
17,3,25,2007,5479.66
17,3,29,2007,41035.68
17,3,30,2007,284.2
17,3,31,2007,31.18
17,3,33,2007,276139.38
17,3,39,2007,296265.08
17,3,40,2007,22169.15
17,3,41,2007,62052.83
17,3,62,2007,43.2
17,3,75,2007,0.0
21,1,0,2007,0.8
21,1,3,2007,4956354.25
21,1,4,2007,128352.83
21,1,5,2007,407220.66
21,1,6,2007,424639.73
21,1,9,2007,57019.02
21,1,11,2007,441285.35
21,1,12,2007,67290.18
21,1,15,2007,4283547.73
21,1,21,2007,53743.68
21,1,23,2007,5840.88
21,1,24,2007,47838.92
21,1,25,2007,19359.02
21,1,29,2007,91.48
21,1,30,2007,6055.26
21,1,31,2007,57.54
21,1,32,2007,34072.34
21,1,33,2007,298935.0
21,1,39,2007,141.43
21,1,41,2007,7874.23
21,1,50,2007,2.41
21,3,0,2007,50.99
21,3,3,2007,10614014.97
21,3,4,2007,6522820.94
21,3,5,2007,66295.47
21,3,6,2007,60.39
21,3,9,2007,13487.57
21,3,11,2007,136234.42
21,3,12,2007,773182.92
21,3,15,2007,2323104.48
21,3,20,2007,18739.02
21,3,21,2007,189249.78
21,3,23,2007,110759.14
21,3,24,2007,53402.75
21,3,25,2007,5440.13
21,3,29,2007,6759.15
21,3,30,2007,265.3
21,3,31,2007,83.26
21,3,32,2007,8806.5
21,3,33,2007,125894.34
21,3,39,2007,388986.74
21,3,41,2007,114432.78
21,3,48,2007,0.0
21,3,50,2007,234032.86
21,3,62,2007,0.0
21,3,91,2007,0.0
22,2,3,2007,1058939.66
22,2,4,2007,9161753.66
22,2,5,2007,5204.09
22,2,9,2007,5.4
22,2,11,2007,0.45
22,2,12,2007,18062.06
22,2,15,2007,1337473.19
22,2,21,2007,108374.41
22,2,23,2007,16164.69
22,2,24,2007,25966.33
22,2,25,2007,18749.42
22,2,29,2007,14439.22
22,2,31,2007,930.13
22,2,32,2007,2067.19
22,2,33,2007,32736.8
22,2,39,2007,2221.99
22,2,41,2007,64233.39
22,2,48,2007,1782.43
22,2,50,2007,4277.08
22,2,62,2007,0.0
22,2,75,2007,0.0
22,2,91,2007,0.0
22,3,3,2007,2299137.35
22,3,4,2007,9502940.24
22,3,5,2007,2.5
22,3,9,2007,698.72
22,3,11,2007,91037.42
22,3,12,2007,301822.52
22,3,15,2007,474040.86
22,3,20,2007,3480.97
22,3,21,2007,43885.73
22,3,23,2007,0.27
22,3,24,2007,41596.8
22,3,25,2007,25106.8
22,3,29,2007,76142.12
22,3,30,2007,419.02
22,3,31,2007,21.45
22,3,33,2007,63428.45
22,3,39,2007,242644.92
22,3,41,2007,135126.34
22,3,48,2007,33.27
22,3,62,2007,53.12
22,3,75,2007,0.0
23,2,3,2007,829963.17
23,2,4,2007,10624988.77
23,2,5,2007,17253.39
23,2,9,2007,1.52
23,2,12,2007,77.91
23,2,15,2007,2332258.55
23,2,21,2007,248353.84
23,2,23,2007,63202.03
23,2,24,2007,116556.73
23,2,25,2007,19335.44
23,2,29,2007,1918.95
23,2,30,2007,879.2
23,2,31,2007,5016.78
23,2,32,2007,5888.83
23,2,33,2007,255560.18
23,2,39,2007,58.65
23,2,41,2007,116891.09
23,2,48,2007,243749.97
23,2,50,2007,4909.58
23,2,75,2007,0.0
23,2,91,2007,0.0
24,2,3,2007,58067.36
24,2,4,2007,2854484.73
24,2,5,2007,5696.66
24,2,11,2007,0.18
24,2,12,2007,126.72
24,2,13,2007,21285.84
24,2,15,2007,1410362.01
24,2,20,2007,3145.88
24,2,21,2007,245766.37
24,2,23,2007,31920.46
24,2,24,2007,40239.44
24,2,25,2007,5030.02
24,2,29,2007,4731.27
24,2,30,2007,0.0
24,2,31,2007,30080.94
24,2,32,2007,4874.63
24,2,33,2007,93814.5
24,2,41,2007,239323.61
24,2,48,2007,22119.21
24,2,49,2007,0.09
24,2,50,2007,3581.62
24,2,75,2007,0.0
24,2,91,2007,0.0
24,4,3,2007,25390.37
24,4,4,2007,981.3
24,4,5,2007,7484.89
24,4,9,2007,7.65
24,4,11,2007,5223.8
24,4,12,2007,0.18
24,4,15,2007,11868.52
24,4,20,2007,31046.8
24,4,21,2007,53301.26
24,4,23,2007,7309.95
24,4,24,2007,13948.01
24,4,25,2007,14.32
24,4,31,2007,2206.55
24,4,32,2007,655.59
24,4,33,2007,8620.18
24,4,41,2007,20566.66
24,4,48,2007,105.94
24,4,49,2007,717.43
24,4,50,2007,15361.35
24,4,91,2007,0.0
25,2,3,2007,65623.98
25,2,4,2007,3349074.71
25,2,11,2007,0.18
25,2,12,2007,32.46
25,2,13,2007,3307.62
25,2,15,2007,1570468.05
25,2,20,2007,16897.9
25,2,21,2007,125814.2
25,2,24,2007,27423.68
25,2,25,2007,8280.08
25,2,29,2007,4372.47
25,2,30,2007,8.53
25,2,31,2007,1.6
25,2,33,2007,63826.59
25,2,41,2007,671.85
25,2,48,2007,70.44
25,2,75,2007,0.0
25,2,91,2007,0.0
25,4,3,2007,61726.31
25,4,4,2007,14619.34
25,4,5,2007,11767.02
25,4,9,2007,533.7
25,4,11,2007,12100.85
25,4,15,2007,65038.21
25,4,20,2007,109481.87
25,4,21,2007,85412.68
25,4,23,2007,729.78
25,4,24,2007,17662.33
25,4,25,2007,109.14
25,4,30,2007,149.19
25,4,31,2007,372.73
25,4,32,2007,274.09
25,4,33,2007,5465.63
25,4,41,2007,24837.26
25,4,48,2007,0.0
25,4,50,2007,212.37
25,4,75,2007,0.0
25,4,91,2007,0.0
26,2,3,2007,51291.95
26,2,4,2007,5470640.98
26,2,12,2007,24817.2
26,2,13,2007,89404.06
26,2,15,2007,2247312.34
26,2,20,2007,714.69
26,2,21,2007,96339.17
26,2,24,2007,48585.01
26,2,25,2007,19492.6
26,2,29,2007,1135.71
26,2,30,2007,305.84
26,2,31,2007,1.86
26,2,33,2007,117130.38
26,2,41,2007,39537.34
26,2,48,2007,52149.05
26,2,75,2007,0.0
26,2,91,2007,0.0
26,4,3,2007,205909.92
26,4,4,2007,135755.86
26,4,5,2007,14615.85
26,4,9,2007,13.2
26,4,11,2007,3855.65
26,4,15,2007,571043.4
26,4,20,2007,420928.11
26,4,21,2007,128136.7
26,4,23,2007,298.54
26,4,24,2007,43531.29
26,4,25,2007,334.5
26,4,30,2007,551.3
26,4,31,2007,842.55
26,4,32,2007,944.85
26,4,33,2007,18334.7
26,4,41,2007,1.51
26,4,50,2007,2.21
26,4,75,2007,0.0
26,4,91,2007,0.0
27,2,3,2007,6494.15
27,2,4,2007,374205.25
27,2,9,2007,0.0
27,2,11,2007,0.0
27,2,12,2007,27.37
27,2,13,2007,0.0
27,2,15,2007,914716.64
27,2,20,2007,558.64
27,2,21,2007,3315.67
27,2,24,2007,6804.21
27,2,25,2007,358.9
27,2,29,2007,16.42
27,2,30,2007,0.0
27,2,31,2007,0.0
27,2,33,2007,14093.45
27,2,41,2007,482.71
27,2,48,2007,1.24
27,4,3,2007,174484.82
27,4,4,2007,62730.15
27,4,5,2007,4310.48
27,4,9,2007,5.9
27,4,11,2007,16084.4
27,4,12,2007,1.14
27,4,15,2007,584413.44
27,4,20,2007,504987.36
27,4,21,2007,48556.21
27,4,23,2007,4135.46
27,4,24,2007,19813.16
27,4,25,2007,168.47
27,4,29,2007,1.85
27,4,31,2007,0.0
27,4,32,2007,68.04
27,4,33,2007,27019.18
27,4,41,2007,16.14
27,4,49,2007,2617.38
27,4,50,2007,11649.99
28,2,3,2007,23688.98
28,2,4,2007,328475.48
28,2,9,2007,4.39
28,2,12,2007,321.33
28,2,15,2007,836835.69
28,2,20,2007,17.32
28,2,21,2007,137.09
28,2,24,2007,4075.28
28,2,25,2007,804.22
28,2,30,2007,48.16
28,2,31,2007,1.05
28,2,33,2007,10385.86
28,2,41,2007,8930.33
28,4,3,2007,91101.88
28,4,4,2007,3155.86
28,4,5,2007,21584.49
28,4,9,2007,1012.96
28,4,11,2007,20576.98
28,4,12,2007,19757.51
28,4,15,2007,658774.49
28,4,20,2007,9631.84
28,4,21,2007,45586.17
28,4,23,2007,7453.4
28,4,24,2007,18695.11
28,4,25,2007,540.25
28,4,29,2007,25.59
28,4,30,2007,510.75
28,4,31,2007,655.1
28,4,32,2007,2638.31
28,4,33,2007,28958.06
28,4,41,2007,229.26
28,4,49,2007,857.37
28,4,50,2007,46973.08
28,4,91,2007,0.0
29,2,3,2007,1150669.07
29,2,4,2007,20475030.4
29,2,9,2007,4415.59
29,2,11,2007,0.0
29,2,12,2007,244914.89
29,2,13,2007,366716.69
29,2,15,2007,10430590.55
29,2,20,2007,19137.48
29,2,21,2007,1497509.41
29,2,23,2007,53373.66
29,2,24,2007,97258.07
29,2,25,2007,60043.27
29,2,29,2007,87591.79
29,2,30,2007,4012.25
29,2,31,2007,2.56
29,2,33,2007,500295.93
29,2,39,2007,217.67
29,2,41,2007,99827.38
29,2,46,2007,4426.57
29,2,48,2007,39678.9
29,2,62,2007,1.57
29,2,75,2007,0.0
29,2,91,2007,0.0
29,3,3,2007,324571.21
29,3,4,2007,7078163.57
29,3,9,2007,5765.23
29,3,11,2007,142892.03
29,3,12,2007,580112.78
29,3,15,2007,450814.3
29,3,21,2007,118812.51
29,3,24,2007,10327.21
29,3,25,2007,7977.51
29,3,29,2007,9457.84
29,3,31,2007,0.0
29,3,33,2007,8655.05
29,3,39,2007,712785.05
29,3,41,2007,798453.89
29,3,46,2007,15874.29
29,3,48,2007,1699.91
29,3,62,2007,77317.43
29,3,75,2007,0.0
29,3,91,2007,0.0
29,4,3,2007,3207572.35
29,4,4,2007,792135.44
29,4,5,2007,70576.83
29,4,9,2007,500257.1
29,4,11,2007,131257.07
29,4,12,2007,28671.38
29,4,15,2007,5289935.48
29,4,20,2007,4883.44
29,4,21,2007,498881.98
29,4,23,2007,8909.33
29,4,24,2007,99130.81
29,4,25,2007,3238.66
29,4,29,2007,5903.99
29,4,30,2007,1065.75
29,4,31,2007,1591.28
29,4,32,2007,6519.95
29,4,33,2007,209262.07
29,4,41,2007,1688.63
29,4,46,2007,16049.3
29,4,48,2007,130.25
29,4,49,2007,16859.56
29,4,50,2007,97890.39
31,2,3,2007,92661.26
31,2,4,2007,1698835.26
31,2,9,2007,2859.47
31,2,11,2007,0.0
31,2,12,2007,1075.19
31,2,15,2007,1390749.98
31,2,20,2007,1844.38
31,2,21,2007,9333.85
31,2,24,2007,9114.72
31,2,25,2007,4354.06
31,2,29,2007,3023.65
31,2,30,2007,61.76
31,2,33,2007,26926.27
31,2,39,2007,105.04
31,2,41,2007,15034.92
31,2,46,2007,911.21
31,2,48,2007,4069.28
31,2,62,2007,0.0
31,2,75,2007,0.0
31,3,0,2007,62.4
31,3,3,2007,4129218.46
31,3,4,2007,8921884.17
31,3,9,2007,905905.2
31,3,11,2007,485058.22
31,3,12,2007,1538481.89
31,3,15,2007,11283683.17
31,3,20,2007,359376.28
31,3,21,2007,784187.59
31,3,24,2007,130391.19
31,3,25,2007,27287.55
31,3,29,2007,668986.25
31,3,30,2007,12228.65
31,3,31,2007,23.46
31,3,33,2007,457474.74
31,3,39,2007,761123.26
31,3,41,2007,1109265.47
31,3,46,2007,188966.65
31,3,47,2007,30377.29
31,3,48,2007,3185.41
31,3,62,2007,74.51
31,3,75,2007,0.0
31,4,3,2007,5633392.97
31,4,4,2007,2151679.95
31,4,9,2007,295735.42
31,4,11,2007,14087.35
31,4,12,2007,981789.63
31,4,15,2007,12261161.62
31,4,20,2007,63494.24
31,4,21,2007,899669.06
31,4,23,2007,22.42
31,4,24,2007,209021.36
31,4,25,2007,8585.75
31,4,29,2007,39090.49
31,4,30,2007,35220.95
31,4,31,2007,0.0
31,4,33,2007,293400.11
31,4,39,2007,12262.86
31,4,41,2007,253602.14
31,4,46,2007,437510.95
31,4,47,2007,3067.83
31,4,48,2007,382.59
32,4,3,2007,1030178.83
32,4,4,2007,6925.28
32,4,5,2007,7325.86
32,4,9,2007,188157.97
32,4,11,2007,145606.63
32,4,12,2007,82850.16
32,4,15,2007,2509617.72
32,4,20,2007,2221.16
32,4,21,2007,299707.79
32,4,23,2007,5204.75
32,4,24,2007,59246.23
32,4,25,2007,2182.11
32,4,29,2007,29665.89
32,4,31,2007,22.94
32,4,32,2007,460.72
32,4,33,2007,50093.44
32,4,41,2007,26191.16
32,4,46,2007,113259.73
32,4,48,2007,319.34
32,4,49,2007,17951.18
32,4,50,2007,28754.99
33,4,3,2007,1258979.49
33,4,4,2007,734.42
33,4,5,2007,10167.09
33,4,9,2007,2205.92
33,4,11,2007,117466.72
33,4,12,2007,88776.31
33,4,15,2007,2064336.42
33,4,20,2007,61.96
33,4,21,2007,260867.04
33,4,23,2007,18173.86
33,4,24,2007,198221.37
33,4,25,2007,5040.47
33,4,29,2007,5204.98
33,4,30,2007,2254.93
33,4,31,2007,2618.18
33,4,32,2007,1247.44
33,4,33,2007,105059.59
33,4,39,2007,87.25
33,4,41,2007,149681.75
33,4,46,2007,0.0
33,4,48,2007,1.08
33,4,49,2007,26528.96
33,4,50,2007,54341.62
33,4,91,2007,0.0
35,3,3,2007,893004.66
35,3,4,2007,34915.1
35,3,9,2007,374625.06
35,3,11,2007,117976.97
35,3,12,2007,4370.31
35,3,15,2007,1352268.57
35,3,20,2007,2048555.96
35,3,21,2007,669007.81
35,3,24,2007,101418.76
35,3,25,2007,13152.19
35,3,30,2007,503.03
35,3,31,2007,8.09
35,3,33,2007,121577.98
35,3,39,2007,432888.81
35,3,41,2007,135814.04
35,3,46,2007,29622.0
35,3,47,2007,178462.75
35,3,48,2007,9718.87
35,3,62,2007,0.0
35,4,3,2007,3609842.99
35,4,4,2007,8.28
35,4,5,2007,18769.13
35,4,9,2007,286918.54
35,4,11,2007,275301.55
35,4,12,2007,98395.92
35,4,15,2007,6815633.21
35,4,20,2007,2515672.72
35,4,21,2007,2396100.14
35,4,23,2007,1900.01
35,4,24,2007,551314.67
35,4,25,2007,12857.57
35,4,29,2007,127.65
35,4,30,2007,5667.28
35,4,31,2007,556.68
35,4,32,2007,575.06
35,4,33,2007,512947.27
35,4,39,2007,418814.74
35,4,40,2007,0.0
35,4,41,2007,369906.98
35,4,46,2007,48864.95
35,4,47,2007,116451.15
35,4,48,2007,7730.45
35,4,49,2007,231708.83
35,4,50,2007,4805.9
35,4,62,2007,0.0
35,4,75,2007,0.0
41,3,3,2007,69395.01
41,3,4,2007,4.25
41,3,9,2007,59650.07
41,3,11,2007,1043.82
41,3,12,2007,49448.71
41,3,15,2007,15881.05
41,3,21,2007,1510.08
41,3,24,2007,1928.77
41,3,25,2007,214.44
41,3,29,2007,4214.91
41,3,33,2007,392.82
41,3,39,2007,98257.28
41,3,41,2007,10449.14
41,3,46,2007,1.06
41,3,47,2007,17.88
41,3,48,2007,0.0
41,4,3,2007,4875276.5
41,4,5,2007,20201.86
41,4,9,2007,766131.22
41,4,11,2007,203356.74
41,4,12,2007,49035.93
41,4,15,2007,5043563.25
41,4,20,2007,426439.13
41,4,21,2007,1567629.8
41,4,23,2007,638.6
41,4,24,2007,241261.78
41,4,25,2007,6411.84
41,4,29,2007,77.74
41,4,30,2007,3308.18
41,4,31,2007,149.35
41,4,32,2007,423.86
41,4,33,2007,393887.13
41,4,39,2007,4387680.2
41,4,40,2007,5520.49
41,4,41,2007,1438152.68
41,4,46,2007,44380.62
41,4,47,2007,1968.81
41,4,48,2007,3078.07
41,4,49,2007,131372.58
41,4,50,2007,4628.6
41,4,62,2007,0.0
42,4,3,2007,3899916.3
42,4,5,2007,8328.14
42,4,9,2007,700506.95
42,4,11,2007,17591.43
42,4,12,2007,827887.25
42,4,15,2007,1420130.19
42,4,21,2007,950488.08
42,4,23,2007,5893.82
42,4,24,2007,165744.52
42,4,25,2007,3172.9
42,4,29,2007,0.0
42,4,30,2007,1837.7
42,4,31,2007,109.34
42,4,32,2007,670.09
42,4,33,2007,135686.82
42,4,39,2007,361866.76
42,4,40,2007,144474.79
42,4,41,2007,777323.13
42,4,48,2007,1800.2
42,4,49,2007,86500.75
42,4,50,2007,19898.25
42,4,84,2007,25.1
42,4,91,2007,0.0
43,4,3,2007,2736697.83
43,4,9,2007,234378.06
43,4,11,2007,2500.68
43,4,12,2007,1304732.57
43,4,15,2007,754915.55
43,4,21,2007,895750.03
43,4,23,2007,406.17
43,4,24,2007,106321.53
43,4,25,2007,3870.29
43,4,29,2007,9.81
43,4,30,2007,7.72
43,4,31,2007,0.0
43,4,33,2007,110889.74
43,4,39,2007,1897302.06
43,4,40,2007,36592.59
43,4,41,2007,652742.99
43,4,48,2007,23249.84
43,4,49,2007,2320.71
43,4,50,2007,6384.26
43,4,84,2007,5.63
43,4,91,2007,0.0
43,5,3,2007,2251327.32
43,5,9,2007,421215.56
43,5,11,2007,362120.65
43,5,12,2007,7479600.64
43,5,15,2007,212.86
43,5,21,2007,1262468.01
43,5,23,2007,152132.53
43,5,24,2007,121747.7
43,5,25,2007,49925.86
43,5,29,2007,23792.42
43,5,30,2007,3057.8
43,5,31,2007,152.31
43,5,33,2007,1825688.59
43,5,39,2007,2749797.29
43,5,40,2007,627585.76
43,5,41,2007,1910966.91
43,5,48,2007,258.2
43,5,49,2007,18111.96
43,5,50,2007,125812.22
43,5,84,2007,7541.54
43,5,91,2007,0.0
50,3,3,2007,3906834.29
50,3,4,2007,1186621.18
50,3,7,2007,0.0
50,3,9,2007,217515.01
50,3,11,2007,567142.81
50,3,12,2007,134136.72
50,3,15,2007,13717111.15
50,3,20,2007,64735.82
50,3,21,2007,423805.52
50,3,24,2007,50640.09
50,3,25,2007,3764.31
50,3,29,2007,4063.45
50,3,30,2007,384.44
50,3,31,2007,138.7
50,3,33,2007,78553.2
50,3,39,2007,1396176.29
50,3,40,2007,1420.07
50,3,41,2007,459607.97
50,3,47,2007,159.19
50,3,62,2007,11969.75
50,4,3,2007,370728.43
50,4,4,2007,17.06
50,4,9,2007,1305.71
50,4,11,2007,347583.81
50,4,12,2007,17.51
50,4,15,2007,1887923.96
50,4,20,2007,22931.69
50,4,21,2007,122750.34
50,4,24,2007,13802.57
50,4,25,2007,2696.73
50,4,31,2007,336.57
50,4,33,2007,253832.92
50,4,39,2007,492580.81
50,4,40,2007,0.0
50,4,41,2007,225797.07
50,4,47,2007,85.63
50,4,48,2007,8.11
50,6,0,2007,2.3
50,6,3,2007,1518680.34
50,6,4,2007,1804915.52
50,6,7,2007,211254.34
50,6,9,2007,0.43
50,6,11,2007,1791012.49
50,6,12,2007,2112039.48
50,6,13,2007,0.34
50,6,15,2007,868711.51
50,6,21,2007,13760.62
50,6,24,2007,2929.96
50,6,25,2007,190.37
50,6,29,2007,3207.99
50,6,30,2007,512.03
50,6,33,2007,1406698.1
50,6,39,2007,170.26
50,6,40,2007,7175.32
50,6,41,2007,1231.64
51,1,0,2007,536.73
51,1,3,2007,28996684.37
51,1,4,2007,856734.29
51,1,6,2007,3094988.03
51,1,7,2007,0.0
51,1,9,2007,17083.75
51,1,11,2007,959089.74
51,1,12,2007,572117.71
51,1,15,2007,12259976.01
51,1,20,2007,53385.31
51,1,21,2007,1055100.99
51,1,24,2007,42579.76
51,1,25,2007,52783.68
51,1,29,2007,191500.8
51,1,30,2007,51341.08
51,1,31,2007,61.48
51,1,33,2007,307821.76
51,1,39,2007,1480294.04
51,1,41,2007,1199234.91
51,1,62,2007,67.71
51,3,0,2007,387.87
51,3,3,2007,6447244.6
51,3,4,2007,10244693.17
51,3,6,2007,143.67
51,3,7,2007,0.0
51,3,9,2007,14067.74
51,3,11,2007,2607911.51
51,3,12,2007,1428078.17
51,3,15,2007,7096240.81
51,3,20,2007,5392.8
51,3,21,2007,203910.98
51,3,24,2007,62394.74
51,3,25,2007,13717.36
51,3,29,2007,93549.14
51,3,30,2007,13191.3
51,3,31,2007,404.0
51,3,33,2007,186612.34
51,3,39,2007,4252068.26
51,3,41,2007,1063041.03
51,3,62,2007,40505.88
51,6,0,2007,457.45
51,6,3,2007,737376.91
51,6,4,2007,1327276.54
51,6,7,2007,117899.66
51,6,9,2007,34.12
51,6,11,2007,846951.29
51,6,12,2007,956173.54
51,6,15,2007,563752.56
51,6,20,2007,0.0
51,6,21,2007,38359.66
51,6,24,2007,2709.39
51,6,25,2007,283.77
51,6,29,2007,0.09
51,6,30,2007,30.52
51,6,31,2007,0.0
51,6,33,2007,758260.58
51,6,39,2007,92.31
51,6,41,2007,1808.59
52,3,3,2007,5614801.12
52,3,4,2007,6005096.38
52,3,9,2007,49122.06
52,3,11,2007,535071.13
52,3,12,2007,633711.68
52,3,15,2007,15191792.68
52,3,20,2007,186075.06
52,3,21,2007,667477.84
52,3,24,2007,174698.95
52,3,25,2007,10039.18
52,3,29,2007,151714.87
52,3,30,2007,4866.58
52,3,31,2007,94.32
52,3,33,2007,324658.99
52,3,39,2007,2922578.04
52,3,40,2007,2058.14
52,3,41,2007,988314.89
52,3,46,2007,875.18
52,3,47,2007,276.91
52,3,48,2007,6.9
52,3,62,2007,7015.22
52,3,75,2007,0.0
52,4,3,2007,70455.22
52,4,4,2007,13.95
52,4,9,2007,66.67
52,4,11,2007,30.97
52,4,12,2007,0.0
52,4,15,2007,342625.93
52,4,20,2007,5284.08
52,4,21,2007,23263.5
52,4,24,2007,810.75
52,4,25,2007,372.99
52,4,31,2007,0.0
52,4,33,2007,76753.26
52,4,39,2007,10169.15
52,4,41,2007,24091.64
53,3,3,2007,72511.26
53,3,4,2007,192557.69
53,3,9,2007,116.56
53,3,11,2007,3757.2
53,3,12,2007,28676.85
53,3,15,2007,105181.82
53,3,21,2007,4007.54
53,3,24,2007,62928.88
53,3,25,2007,879.53
53,3,30,2007,459.96
53,3,31,2007,31.33
53,3,33,2007,6856.49
53,3,39,2007,85759.42
53,3,41,2007,12215.63
53,3,46,2007,126.19
53,3,48,2007,9.13
53,3,62,2007,15.58
11,1,0,2008,1.05
11,1,3,2008,13733792.48
11,1,4,2008,471551.7
11,1,6,2008,786864.63
11,1,9,2008,11.78
11,1,11,2008,663674.02
11,1,12,2008,257207.34
11,1,15,2008,6795209.08
11,1,21,2008,269985.38
11,1,24,2008,46721.38
11,1,25,2008,80130.05
11,1,29,2008,54365.75
11,1,30,2008,13848.92
11,1,31,2008,359.88
11,1,33,2008,241372.05
11,1,39,2008,45663.14
11,1,41,2008,38974.18
11,1,75,2008,0.0
11,3,0,2008,16.43
11,3,3,2008,144538.08
11,3,4,2008,68648.24
11,3,9,2008,12.74
11,3,11,2008,595.55
11,3,12,2008,5694.98
11,3,15,2008,13972.02
11,3,21,2008,1604.74
11,3,24,2008,3576.05
11,3,25,2008,318.26
11,3,29,2008,0.35
11,3,33,2008,101.5
11,3,39,2008,17783.67
11,3,41,2008,6689.54
12,1,3,2008,14642431.92
12,1,4,2008,2650.76
12,1,6,2008,73210.77
12,1,11,2008,2308.83
12,1,12,2008,1548.22
12,1,15,2008,1523339.23
12,1,21,2008,25709.28
12,1,24,2008,22920.61
12,1,25,2008,32273.65
12,1,31,2008,3.34
12,1,33,2008,56229.88
12,1,39,2008,0.0
12,1,41,2008,379.94
13,1,3,2008,124338605.66
13,1,4,2008,226883.14
13,1,6,2008,22641377.58
13,1,11,2008,1643457.12
13,1,12,2008,592219.36
13,1,15,2008,1083073.02
13,1,20,2008,4369.23
13,1,21,2008,81692.71
13,1,24,2008,56144.85
13,1,25,2008,41999.32
13,1,29,2008,2177.87
13,1,30,2008,13655.4
13,1,31,2008,38.49
13,1,33,2008,5102131.76
13,1,35,2008,159.52
13,1,39,2008,0.0
13,1,41,2008,529.25
14,1,3,2008,14115247.13
14,1,4,2008,272884.95
14,1,6,2008,2585832.74
14,1,9,2008,17.85
14,1,11,2008,1239065.7
14,1,12,2008,2880100.07
14,1,15,2008,592601.84
14,1,21,2008,87407.47
14,1,24,2008,17812.73
14,1,25,2008,8194.35
14,1,29,2008,81899.17
14,1,30,2008,2064.43
14,1,31,2008,61.34
14,1,33,2008,410728.66
14,1,35,2008,203.96
14,1,39,2008,3333.81
14,1,41,2008,19121.26
15,1,0,2008,7.34
15,1,3,2008,89671636.14
15,1,4,2008,1276420.26
15,1,5,2008,230809.31
15,1,6,2008,7084731.3
15,1,9,2008,49224.67
15,1,11,2008,2293758.68
15,1,12,2008,989437.53
15,1,15,2008,16087967.79
15,1,20,2008,0.0
15,1,21,2008,716183.13
15,1,23,2008,2691.92
15,1,24,2008,131123.61
15,1,25,2008,125301.25
15,1,29,2008,227756.88
15,1,30,2008,94925.29
15,1,31,2008,20.26
15,1,32,2008,3050.94
15,1,33,2008,4433856.97
15,1,35,2008,81543.64
15,1,39,2008,39384.02
15,1,40,2008,0.0
15,1,41,2008,130718.0
15,3,0,2008,80.59
15,3,3,2008,188235.93
15,3,4,2008,227325.17
15,3,6,2008,113.05
15,3,9,2008,0.0
15,3,11,2008,64922.06
15,3,12,2008,133017.24
15,3,15,2008,226539.22
15,3,21,2008,1157.38
15,3,24,2008,1817.43
15,3,25,2008,35.37
15,3,29,2008,1.68
15,3,30,2008,42.95
15,3,31,2008,0.0
15,3,33,2008,24812.22
15,3,39,2008,2177.36
15,3,41,2008,724.54
16,1,3,2008,9954975.71
16,1,4,2008,3292.63
16,1,5,2008,94108.57
16,1,6,2008,1580768.95
16,1,9,2008,84548.27
16,1,11,2008,1958283.86
16,1,12,2008,28252.83
16,1,15,2008,27442.12
16,1,21,2008,10840.09
16,1,24,2008,14064.58
16,1,25,2008,4537.49
16,1,30,2008,3864.09
16,1,31,2008,0.0
16,1,33,2008,426259.99
16,1,39,2008,165.56
16,1,41,2008,356.0
17,1,0,2008,1.51
17,1,3,2008,384650.02
17,1,4,2008,15955.56
17,1,6,2008,135093.23
17,1,9,2008,21.42
17,1,11,2008,23830.69
17,1,12,2008,60967.59
17,1,15,2008,1592352.81
17,1,21,2008,170431.48
17,1,24,2008,2622.23
17,1,25,2008,1632.61
17,1,29,2008,28854.05
17,1,30,2008,32.35
17,1,31,2008,0.0
17,1,33,2008,42026.1
17,1,39,2008,81.71
17,1,40,2008,0.0
17,1,41,2008,3004.39
17,3,0,2008,18.71
17,3,3,2008,5600982.65
17,3,4,2008,10199909.52
17,3,6,2008,15.17
17,3,9,2008,4055.36
17,3,11,2008,2162740.2
17,3,12,2008,1568582.26
17,3,15,2008,4807687.83
17,3,20,2008,4.06
17,3,21,2008,161674.44
17,3,23,2008,353.53
17,3,24,2008,48839.12
17,3,25,2008,7302.72
17,3,29,2008,41051.76
17,3,30,2008,296.38
17,3,31,2008,35.83
17,3,33,2008,277793.21
17,3,39,2008,285449.46
17,3,40,2008,26481.8
17,3,41,2008,87302.15
17,3,62,2008,219.73
17,3,75,2008,0.0
21,1,0,2008,0.71
21,1,3,2008,4838518.29
21,1,4,2008,127285.76
21,1,5,2008,407393.5
21,1,6,2008,415417.39
21,1,9,2008,58804.57
21,1,11,2008,436440.15
21,1,12,2008,66911.8
21,1,15,2008,4405064.01
21,1,21,2008,56615.22
21,1,23,2008,5750.16
21,1,24,2008,48919.77
21,1,25,2008,18083.76
21,1,29,2008,91.48
21,1,30,2008,6109.82
21,1,31,2008,34.89
21,1,32,2008,32823.83
21,1,33,2008,304506.35
21,1,39,2008,104.19
21,1,41,2008,10844.77
21,1,50,2008,2.32
21,3,0,2008,46.71
21,3,3,2008,10542006.01
21,3,4,2008,6437564.21
21,3,5,2008,66385.02
21,3,6,2008,55.31
21,3,9,2008,15952.37
21,3,11,2008,131967.75
21,3,12,2008,771685.76
21,3,15,2008,2425559.74
21,3,20,2008,19898.05
21,3,21,2008,219762.12
21,3,23,2008,110783.75
21,3,24,2008,54646.37
21,3,25,2008,6773.07
21,3,29,2008,6760.04
21,3,30,2008,271.8
21,3,31,2008,82.35
21,3,32,2008,8623.96
21,3,33,2008,127771.02
21,3,39,2008,473765.73
21,3,41,2008,51885.66
21,3,48,2008,0.0
21,3,50,2008,233857.1
21,3,62,2008,0.0
21,3,91,2008,0.0
22,2,3,2008,1059121.41
22,2,4,2008,9152676.31
22,2,5,2008,5217.84
22,2,9,2008,5.06
22,2,11,2008,0.0
22,2,12,2008,18280.42
22,2,15,2008,1346527.37
22,2,21,2008,102498.53
22,2,23,2008,14832.48
22,2,24,2008,26414.91
22,2,25,2008,18939.38
22,2,29,2008,14399.01
22,2,31,2008,954.68
22,2,32,2008,2034.69
22,2,33,2008,35541.02
22,2,39,2008,1575.56
22,2,41,2008,67796.4
22,2,48,2008,1816.49
22,2,50,2008,4750.03
22,2,62,2008,0.0
22,2,75,2008,0.0
22,2,91,2008,0.0
22,3,3,2008,2295504.74
22,3,4,2008,9450613.25
22,3,5,2008,1.7
22,3,9,2008,1544.71
22,3,11,2008,90673.97
22,3,12,2008,300354.97
22,3,15,2008,477146.07
22,3,20,2008,3702.09
22,3,21,2008,48959.03
22,3,23,2008,5.89
22,3,24,2008,42249.68
22,3,25,2008,32299.46
22,3,29,2008,76129.43
22,3,30,2008,452.15
22,3,31,2008,12.91
22,3,33,2008,64107.36
22,3,39,2008,276300.82
22,3,41,2008,141292.92
22,3,48,2008,40.23
22,3,62,2008,227.5
22,3,75,2008,0.0
23,2,3,2008,826908.26
23,2,4,2008,10558502.01
23,2,5,2008,17293.07
23,2,9,2008,1.52
23,2,12,2008,77.27
23,2,15,2008,2382778.17
23,2,21,2008,224761.49
23,2,23,2008,62555.82
23,2,24,2008,118448.67
23,2,25,2008,19095.83
23,2,29,2008,1926.7
23,2,30,2008,914.2
23,2,31,2008,5268.16
23,2,32,2008,5800.88
23,2,33,2008,280031.09
23,2,39,2008,34.45
23,2,41,2008,119455.98
23,2,48,2008,258004.8
23,2,50,2008,5006.19
23,2,75,2008,0.0
23,2,91,2008,0.0
24,2,3,2008,56727.46
24,2,4,2008,2865436.14
24,2,5,2008,5584.11
24,2,11,2008,0.0
24,2,12,2008,142.19
24,2,13,2008,21281.08
24,2,15,2008,1366783.29
24,2,20,2008,3270.63
24,2,21,2008,241427.49
24,2,23,2008,28347.53
24,2,24,2008,41227.86
24,2,25,2008,4979.85
24,2,29,2008,4643.88
24,2,30,2008,0.0
24,2,31,2008,31533.05
24,2,32,2008,4768.84
24,2,33,2008,108511.32
24,2,41,2008,261140.21
24,2,48,2008,24574.99
24,2,49,2008,0.09
24,2,50,2008,4271.54
24,2,75,2008,0.0
24,2,91,2008,0.0
24,4,3,2008,25350.79
24,4,4,2008,992.06
24,4,5,2008,7485.69
24,4,9,2008,7.65
24,4,11,2008,5161.63
24,4,12,2008,0.18
24,4,15,2008,12779.9
24,4,20,2008,32513.28
24,4,21,2008,56581.13
24,4,23,2008,7332.82
24,4,24,2008,14063.52
24,4,25,2008,7.47
24,4,31,2008,2195.25
24,4,32,2008,606.61
24,4,33,2008,8442.27
24,4,41,2008,15565.89
24,4,48,2008,119.11
24,4,49,2008,706.14
24,4,50,2008,14899.36
24,4,91,2008,0.0
25,2,3,2008,66366.58
25,2,4,2008,3349577.71
25,2,11,2008,0.18
25,2,12,2008,88.12
25,2,13,2008,3339.06
25,2,15,2008,1559241.07
25,2,20,2008,17746.67
25,2,21,2008,127641.68
25,2,24,2008,28111.71
25,2,25,2008,8340.96
25,2,29,2008,4349.2
25,2,30,2008,7.99
25,2,31,2008,0.0
25,2,33,2008,70381.14
25,2,41,2008,583.03
25,2,48,2008,99.22
25,2,75,2008,0.0
25,2,91,2008,0.0
25,4,3,2008,61768.24
25,4,4,2008,14622.56
25,4,5,2008,11761.68
25,4,9,2008,535.74
25,4,11,2008,11908.01
25,4,15,2008,65250.88
25,4,20,2008,111472.07
25,4,21,2008,92085.4
25,4,23,2008,726.24
25,4,24,2008,17933.91
25,4,25,2008,99.91
25,4,30,2008,148.75
25,4,31,2008,384.35
25,4,32,2008,227.06
25,4,33,2008,5419.67
25,4,41,2008,15911.06
25,4,48,2008,0.0
25,4,50,2008,236.97
25,4,75,2008,0.0
25,4,91,2008,0.0
26,2,3,2008,52134.37
26,2,4,2008,5454724.53
26,2,12,2008,25174.0
26,2,13,2008,89701.18
26,2,15,2008,2258376.32
26,2,20,2008,722.29
26,2,21,2008,89393.54
26,2,24,2008,49818.65
26,2,25,2008,19487.05
26,2,29,2008,1136.07
26,2,30,2008,321.52
26,2,31,2008,2.92
26,2,33,2008,121018.64
26,2,41,2008,44368.54
26,2,48,2008,52478.57
26,2,75,2008,0.0
26,2,91,2008,0.0
26,4,3,2008,209749.25
26,4,4,2008,133400.71
26,4,5,2008,14789.04
26,4,9,2008,10.54
26,4,11,2008,3888.57
26,4,15,2008,566209.44
26,4,20,2008,422493.34
26,4,21,2008,129328.16
26,4,23,2008,281.9
26,4,24,2008,44427.38
26,4,25,2008,277.28
26,4,30,2008,570.33
26,4,31,2008,1073.07
26,4,32,2008,755.9
26,4,33,2008,17812.97
26,4,41,2008,32.26
26,4,50,2008,0.0
26,4,75,2008,0.0
26,4,91,2008,0.0
27,2,3,2008,6554.18
27,2,4,2008,376297.17
27,2,9,2008,0.0
27,2,11,2008,0.09
27,2,12,2008,55.63
27,2,13,2008,0.0
27,2,15,2008,912931.81
27,2,20,2008,561.81
27,2,21,2008,2724.94
27,2,24,2008,7022.8
27,2,25,2008,347.43
27,2,29,2008,16.42
27,2,30,2008,0.0
27,2,31,2008,0.0
27,2,33,2008,14128.17
27,2,41,2008,432.96
27,2,48,2008,1.24
27,4,3,2008,174693.98
27,4,4,2008,59437.02
27,4,5,2008,4300.79
27,4,9,2008,6.61
27,4,11,2008,16069.4
27,4,12,2008,1.14
27,4,15,2008,581650.25
27,4,20,2008,506746.53
27,4,21,2008,52499.67
27,4,23,2008,4172.23
27,4,24,2008,20377.3
27,4,25,2008,148.72
27,4,29,2008,1.41
27,4,31,2008,0.0
27,4,32,2008,54.3
27,4,33,2008,26638.36
27,4,41,2008,16.41
27,4,49,2008,2636.84
27,4,50,2008,11612.64
28,2,3,2008,23714.1
28,2,4,2008,320162.57
28,2,9,2008,4.39
28,2,12,2008,341.75
28,2,15,2008,840683.89
28,2,20,2008,17.32
28,2,21,2008,142.38
28,2,24,2008,4237.56
28,2,25,2008,817.53
28,2,30,2008,51.94
28,2,31,2008,1.05
28,2,33,2008,10139.85
28,2,41,2008,13410.85
28,4,3,2008,92841.44
28,4,4,2008,3173.21
28,4,5,2008,21524.98
28,4,9,2008,1061.31
28,4,11,2008,20681.61
28,4,12,2008,19185.31
28,4,15,2008,655989.48
28,4,20,2008,9740.19
28,4,21,2008,47956.62
28,4,23,2008,7747.54
28,4,24,2008,19080.84
28,4,25,2008,482.0
28,4,29,2008,12.58
28,4,30,2008,594.55
28,4,31,2008,665.15
28,4,32,2008,2547.0
28,4,33,2008,28557.04
28,4,41,2008,228.38
28,4,49,2008,900.9
28,4,50,2008,45748.37
28,4,91,2008,0.0
29,2,3,2008,1148375.06
29,2,4,2008,20407035.54
29,2,9,2008,4746.7
29,2,11,2008,0.0
29,2,12,2008,240927.37
29,2,13,2008,368992.93
29,2,15,2008,10521071.91
29,2,20,2008,19171.53
29,2,21,2008,1508244.42
29,2,23,2008,52438.39
29,2,24,2008,98924.51
29,2,25,2008,60171.48
29,2,29,2008,86955.98
29,2,30,2008,4104.31
29,2,31,2008,2.38
29,2,33,2008,458192.11
29,2,39,2008,145.06
29,2,41,2008,110484.89
29,2,46,2008,4709.04
29,2,48,2008,40851.54
29,2,62,2008,168.54
29,2,75,2008,0.0
29,2,91,2008,0.0
29,3,3,2008,315482.82
29,3,4,2008,6999690.07
29,3,9,2008,5803.58
29,3,11,2008,141574.85
29,3,12,2008,556771.88
29,3,15,2008,464311.23
29,3,21,2008,154713.7
29,3,24,2008,10567.97
29,3,25,2008,9728.03
29,3,29,2008,9461.3
29,3,31,2008,0.0
29,3,33,2008,8853.59
29,3,39,2008,733752.99
29,3,41,2008,800896.57
29,3,46,2008,17317.44
29,3,48,2008,3770.43
29,3,62,2008,110983.38
29,3,75,2008,0.0
29,3,91,2008,0.0
29,4,3,2008,3202380.71
29,4,4,2008,776690.0
29,4,5,2008,70393.18
29,4,9,2008,515589.01
29,4,11,2008,133023.22
29,4,12,2008,27019.78
29,4,15,2008,5273849.81
29,4,20,2008,5365.73
29,4,21,2008,519572.57
29,4,23,2008,9174.98
29,4,24,2008,100814.51
29,4,25,2008,2714.99
29,4,29,2008,5852.56
29,4,30,2008,1289.42
29,4,31,2008,1687.52
29,4,32,2008,6651.42
29,4,33,2008,207590.04
29,4,41,2008,1542.35
29,4,46,2008,16823.05
29,4,48,2008,137.22
29,4,49,2008,16844.42
29,4,50,2008,97404.56
31,2,3,2008,92885.43
31,2,4,2008,1701057.98
31,2,9,2008,3274.88
31,2,11,2008,0.0
31,2,12,2008,1077.92
31,2,15,2008,1389405.64
31,2,20,2008,2402.4
31,2,21,2008,7449.14
31,2,24,2008,9234.68
31,2,25,2008,4321.86
31,2,29,2008,3032.87
31,2,30,2008,60.12
31,2,33,2008,25601.24
31,2,39,2008,102.47
31,2,41,2008,15649.43
31,2,46,2008,933.78
31,2,48,2008,4470.44
31,2,62,2008,0.0
31,2,75,2008,0.0
31,3,0,2008,93.56
31,3,3,2008,4112306.6
31,3,4,2008,8863299.61
31,3,9,2008,946342.28
31,3,11,2008,485073.93
31,3,12,2008,1536568.99
31,3,15,2008,11188494.58
31,3,20,2008,442938.47
31,3,21,2008,836016.53
31,3,24,2008,132984.87
31,3,25,2008,28486.61
31,3,29,2008,668910.87
31,3,30,2008,12483.33
31,3,31,2008,21.85
31,3,33,2008,452237.79
31,3,39,2008,688647.34
31,3,41,2008,1173808.36
31,3,46,2008,194747.1
31,3,47,2008,30853.55
31,3,48,2008,2896.28
31,3,62,2008,29.31
31,3,75,2008,0.0
31,4,3,2008,5645716.76
31,4,4,2008,2150513.03
31,4,9,2008,326981.7
31,4,11,2008,14001.74
31,4,12,2008,977680.55
31,4,15,2008,12176158.86
31,4,20,2008,73077.72
31,4,21,2008,928738.73
31,4,23,2008,22.92
31,4,24,2008,212497.38
31,4,25,2008,8477.68
31,4,29,2008,39040.23
31,4,30,2008,36295.82
31,4,31,2008,1.7
31,4,33,2008,290727.49
31,4,39,2008,13814.98
31,4,41,2008,250364.1
31,4,46,2008,445173.73
31,4,47,2008,3270.5
31,4,48,2008,622.08
32,4,3,2008,1033932.73
32,4,4,2008,6896.16
32,4,5,2008,7323.35
32,4,9,2008,195787.9
32,4,11,2008,146062.33
32,4,12,2008,84464.09
32,4,15,2008,2486124.9
32,4,20,2008,2210.3
32,4,21,2008,304825.04
32,4,23,2008,5555.73
32,4,24,2008,60389.97
32,4,25,2008,2113.45
32,4,29,2008,29614.45
32,4,31,2008,17.43
32,4,32,2008,471.01
32,4,33,2008,50330.13
32,4,41,2008,27240.91
32,4,46,2008,115578.95
32,4,48,2008,317.31
32,4,49,2008,18064.45
32,4,50,2008,28623.28
33,4,3,2008,1263382.71
33,4,4,2008,748.49
33,4,5,2008,10247.6
33,4,9,2008,2853.48
33,4,11,2008,116294.57
33,4,12,2008,87320.99
33,4,15,2008,2054399.87
33,4,20,2008,47.55
33,4,21,2008,261797.31
33,4,23,2008,17229.24
33,4,24,2008,200172.85
33,4,25,2008,4915.78
33,4,29,2008,5208.53
33,4,30,2008,2288.78
33,4,31,2008,2557.79
33,4,32,2008,1149.76
33,4,33,2008,105556.68
33,4,39,2008,79.81
33,4,41,2008,153717.95
33,4,46,2008,0.0
33,4,48,2008,1.08
33,4,49,2008,26893.72
33,4,50,2008,55192.33
33,4,91,2008,0.0
35,3,3,2008,892123.74
35,3,4,2008,34602.07
35,3,9,2008,389155.38
35,3,11,2008,115238.18
35,3,12,2008,4268.04
35,3,15,2008,1241583.65
35,3,20,2008,2250214.62
35,3,21,2008,668444.02
35,3,24,2008,103224.15
35,3,25,2008,10903.5
35,3,30,2008,501.7
35,3,31,2008,11.15
35,3,33,2008,120453.89
35,3,39,2008,299526.55
35,3,41,2008,162990.86
35,3,46,2008,30712.31
35,3,47,2008,183433.57
35,3,48,2008,10503.57
35,3,62,2008,0.0
35,4,3,2008,3615047.0
35,4,4,2008,8.45
35,4,5,2008,18881.35
35,4,9,2008,317442.46
35,4,11,2008,271602.56
35,4,12,2008,94892.52
35,4,15,2008,6460433.59
35,4,20,2008,2926897.28
35,4,21,2008,2364894.47
35,4,23,2008,1952.77
35,4,24,2008,559822.28
35,4,25,2008,13438.73
35,4,29,2008,128.73
35,4,30,2008,5747.74
35,4,31,2008,731.02
35,4,32,2008,535.06
35,4,33,2008,511270.9
35,4,39,2008,325705.1
35,4,40,2008,0.0
35,4,41,2008,402364.9
35,4,46,2008,49849.47
35,4,47,2008,114724.71
35,4,48,2008,8193.49
35,4,49,2008,231468.95
35,4,50,2008,4838.14
35,4,62,2008,0.0
35,4,75,2008,0.0
41,3,3,2008,69557.01
41,3,4,2008,1.88
41,3,9,2008,60416.18
41,3,11,2008,1071.12
41,3,12,2008,48168.3
41,3,15,2008,15155.62
41,3,21,2008,1795.42
41,3,24,2008,1947.41
41,3,25,2008,215.74
41,3,29,2008,4217.52
41,3,33,2008,391.92
41,3,39,2008,96983.72
41,3,41,2008,12458.73
41,3,46,2008,0.0
41,3,47,2008,28.75
41,3,48,2008,0.0
41,4,3,2008,4907100.19
41,4,5,2008,20199.17
41,4,9,2008,800169.89
41,4,11,2008,203382.68
41,4,12,2008,48157.07
41,4,15,2008,4853686.03
41,4,20,2008,509645.32
41,4,21,2008,1582490.25
41,4,23,2008,642.0
41,4,24,2008,244961.25
41,4,25,2008,6457.17
41,4,29,2008,78.47
41,4,30,2008,3451.67
41,4,31,2008,129.01
41,4,32,2008,378.17
41,4,33,2008,392554.4
41,4,39,2008,4222241.84
41,4,40,2008,4712.78
41,4,41,2008,1631681.09
41,4,46,2008,40922.98
41,4,47,2008,2181.13
41,4,48,2008,3119.98
41,4,49,2008,131548.75
41,4,50,2008,4683.65
41,4,62,2008,0.0
42,4,3,2008,3891927.18
42,4,5,2008,8344.41
42,4,9,2008,756301.93
42,4,11,2008,17731.69
42,4,12,2008,809878.84
42,4,15,2008,1337321.94
42,4,21,2008,952798.08
42,4,23,2008,5759.43
42,4,24,2008,170121.94
42,4,25,2008,3029.2
42,4,29,2008,0.0
42,4,30,2008,1917.13
42,4,31,2008,93.76
42,4,32,2008,614.28
42,4,33,2008,136101.29
42,4,39,2008,373270.33
42,4,40,2008,142775.33
42,4,41,2008,813528.99
42,4,48,2008,1877.88
42,4,49,2008,86713.89
42,4,50,2008,19719.87
42,4,84,2008,25.1
42,4,91,2008,0.0
43,4,3,2008,2740868.74
43,4,9,2008,257813.93
43,4,11,2008,2527.08
43,4,12,2008,1278225.43
43,4,15,2008,709606.6
43,4,21,2008,886675.25
43,4,23,2008,406.49
43,4,24,2008,108005.75
43,4,25,2008,3812.01
43,4,29,2008,7.85
43,4,30,2008,7.17
43,4,31,2008,0.0
43,4,33,2008,110614.3
43,4,39,2008,1902794.87
43,4,40,2008,36778.25
43,4,41,2008,694457.53
43,4,48,2008,27715.5
43,4,49,2008,2300.11
43,4,50,2008,6455.68
43,4,84,2008,5.55
43,4,91,2008,0.0
43,5,3,2008,2257954.13
43,5,9,2008,473474.63
43,5,11,2008,364822.24
43,5,12,2008,7426997.31
43,5,15,2008,211.22
43,5,21,2008,1183939.61
43,5,23,2008,150516.45
43,5,24,2008,122587.26
43,5,25,2008,49199.95
43,5,29,2008,23783.01
43,5,30,2008,3120.58
43,5,31,2008,160.18
43,5,33,2008,1823771.29
43,5,39,2008,2782953.91
43,5,40,2008,516211.8
43,5,41,2008,2059307.92
43,5,48,2008,310.16
43,5,49,2008,18399.85
43,5,50,2008,128139.51
43,5,84,2008,7655.13
43,5,91,2008,0.0
50,3,3,2008,3884298.69
50,3,4,2008,1178340.53
50,3,7,2008,1.85
50,3,9,2008,258129.34
50,3,11,2008,561731.36
50,3,12,2008,134050.45
50,3,15,2008,13640071.82
50,3,20,2008,102997.28
50,3,21,2008,445529.07
50,3,24,2008,51531.73
50,3,25,2008,3663.29
50,3,29,2008,4058.72
50,3,30,2008,384.05
50,3,31,2008,144.17
50,3,33,2008,79364.57
50,3,39,2008,1341232.18
50,3,40,2008,1455.07
50,3,41,2008,527627.34
50,3,47,2008,180.08
50,3,62,2008,9988.4
50,4,3,2008,370953.72
50,4,4,2008,17.9
50,4,9,2008,1580.33
50,4,11,2008,350279.8
50,4,12,2008,18.1
50,4,15,2008,1858105.91
50,4,20,2008,37611.83
50,4,21,2008,135330.44
50,4,24,2008,14044.03
50,4,25,2008,2790.46
50,4,31,2008,324.3
50,4,33,2008,252707.24
50,4,39,2008,465820.68
50,4,40,2008,0.0
50,4,41,2008,252731.01
50,4,47,2008,59.74
50,4,48,2008,23.43
50,6,0,2008,0.34
50,6,3,2008,1514849.7
50,6,4,2008,1749365.76
50,6,7,2008,266148.24
50,6,9,2008,1.94
50,6,11,2008,1923863.0
50,6,12,2008,2155645.66
50,6,13,2008,0.0
50,6,15,2008,888522.76
50,6,21,2008,14273.71
50,6,24,2008,2955.1
50,6,25,2008,195.95
50,6,29,2008,3208.16
50,6,30,2008,566.47
50,6,33,2008,1214230.61
50,6,39,2008,134.54
50,6,40,2008,7141.79
50,6,41,2008,1389.31
51,1,0,2008,522.31
51,1,3,2008,28745405.54
51,1,4,2008,850688.18
51,1,6,2008,3082489.75
51,1,7,2008,0.0
51,1,9,2008,18180.9
51,1,11,2008,953337.07
51,1,12,2008,568920.23
51,1,15,2008,12344765.49
51,1,20,2008,62100.9
51,1,21,2008,1088049.11
51,1,24,2008,43329.68
51,1,25,2008,51961.66
51,1,29,2008,191538.4
51,1,30,2008,51596.52
51,1,31,2008,73.28
51,1,33,2008,305516.31
51,1,39,2008,1535898.72
51,1,41,2008,1295869.87
51,1,62,2008,1138.25
51,3,0,2008,382.14
51,3,3,2008,6473821.27
51,3,4,2008,10159911.95
51,3,6,2008,144.45
51,3,7,2008,0.09
51,3,9,2008,16646.4
51,3,11,2008,2602784.34
51,3,12,2008,1420276.04
51,3,15,2008,7087504.72
51,3,20,2008,5983.49
51,3,21,2008,199521.21
51,3,24,2008,63814.32
51,3,25,2008,13931.88
51,3,29,2008,93553.39
51,3,30,2008,13047.59
51,3,31,2008,556.39
51,3,33,2008,186782.4
51,3,39,2008,4348425.85
51,3,41,2008,1057119.85
51,3,62,2008,29347.59
51,6,0,2008,439.05
51,6,3,2008,735978.18
51,6,4,2008,1304212.84
51,6,7,2008,139878.46
51,6,9,2008,34.72
51,6,11,2008,980333.67
51,6,12,2008,899734.27
51,6,15,2008,577842.78
51,6,20,2008,0.0
51,6,21,2008,35250.1
51,6,24,2008,2734.67
51,6,25,2008,295.97
51,6,29,2008,0.09
51,6,30,2008,28.03
51,6,31,2008,0.0
51,6,33,2008,671778.02
51,6,39,2008,62.29
51,6,41,2008,2863.85
52,3,3,2008,5601995.72
52,3,4,2008,5933984.14
52,3,9,2008,53819.9
52,3,11,2008,530254.44
52,3,12,2008,629712.96
52,3,15,2008,15172706.66
52,3,20,2008,262019.4
52,3,21,2008,707437.08
52,3,24,2008,177735.82
52,3,25,2008,10588.69
52,3,29,2008,151733.97
52,3,30,2008,5801.74
52,3,31,2008,60.95
52,3,33,2008,327013.59
52,3,39,2008,2561460.79
52,3,40,2008,2461.11
52,3,41,2008,1332081.06
52,3,46,2008,1000.66
52,3,47,2008,291.13
52,3,48,2008,22.34
52,3,62,2008,8164.0
52,3,75,2008,0.0
52,4,3,2008,70107.06
52,4,4,2008,13.27
52,4,9,2008,127.85
52,4,11,2008,30.54
52,4,12,2008,0.0
52,4,15,2008,337921.14
52,4,20,2008,11819.68
52,4,21,2008,26181.91
52,4,24,2008,840.07
52,4,25,2008,411.18
52,4,31,2008,1.28
52,4,33,2008,74910.14
52,4,39,2008,5024.39
52,4,41,2008,26549.61
53,3,3,2008,73066.55
53,3,4,2008,190865.53
53,3,9,2008,220.25
53,3,11,2008,3598.8
53,3,12,2008,28185.64
53,3,15,2008,105135.63
53,3,21,2008,4768.55
53,3,24,2008,63457.65
53,3,25,2008,852.41
53,3,30,2008,467.97
53,3,31,2008,34.61
53,3,33,2008,6832.11
53,3,39,2008,79620.62
53,3,41,2008,18888.86
53,3,46,2008,65.91
53,3,48,2008,9.13
53,3,62,2008,20.84
11,1,0,2009,1.05
11,1,3,2009,13682689.61
11,1,4,2009,471133.1
11,1,6,2009,786803.38
11,1,9,2009,34.04
11,1,11,2009,664463.69
11,1,12,2009,256311.7
11,1,15,2009,6834857.31
11,1,21,2009,269928.83
11,1,24,2009,47480.54
11,1,25,2009,76366.12
11,1,29,2009,54376.09
11,1,30,2009,14201.21
11,1,31,2009,407.38
11,1,33,2009,239768.32
11,1,39,2009,59173.73
11,1,41,2009,41736.72
11,1,75,2009,0.0
11,3,0,2009,16.43
11,3,3,2009,142621.24
11,3,4,2009,69465.22
11,3,9,2009,100.02
11,3,11,2009,548.91
11,3,12,2009,5775.83
11,3,15,2009,14533.0
11,3,21,2009,1683.37
11,3,24,2009,3593.41
11,3,25,2009,349.26
11,3,29,2009,0.35
11,3,33,2009,108.66
11,3,39,2009,17579.05
11,3,41,2009,7177.38
12,1,3,2009,14600481.9
12,1,4,2009,2652.71
12,1,6,2009,72546.72
12,1,11,2009,2253.18
12,1,12,2009,1518.59
12,1,15,2009,1560521.33
12,1,21,2009,28878.57
12,1,24,2009,23041.99
12,1,25,2009,32365.24
12,1,31,2009,1.49
12,1,33,2009,57386.1
12,1,39,2009,0.0
12,1,41,2009,1358.62
13,1,3,2009,124296476.91
13,1,4,2009,226750.12
13,1,6,2009,22613213.58
13,1,11,2009,1575737.3
13,1,12,2009,591967.8
13,1,15,2009,1116854.37
13,1,20,2009,4370.39
13,1,21,2009,96315.64
13,1,24,2009,56526.51
13,1,25,2009,41894.88
13,1,29,2009,2177.87
13,1,30,2009,13866.25
13,1,31,2009,54.26
13,1,33,2009,5191271.66
13,1,35,2009,170.07
13,1,39,2009,0.0
13,1,41,2009,866.67
14,1,3,2009,14101004.33
14,1,4,2009,274000.39
14,1,6,2009,2585659.23
14,1,9,2009,8.48
14,1,11,2009,1245406.25
14,1,12,2009,2878494.27
14,1,15,2009,606272.4
14,1,21,2009,93944.18
14,1,24,2009,17927.82
14,1,25,2009,8103.96
14,1,29,2009,81899.08
14,1,30,2009,2070.78
14,1,31,2009,67.86
14,1,33,2009,400814.41
14,1,35,2009,215.84
14,1,39,2009,1440.91
14,1,41,2009,19247.28
15,1,0,2009,7.69
15,1,3,2009,89300427.99
15,1,4,2009,1274991.92
15,1,5,2009,230658.87
15,1,6,2009,7066881.86
15,1,9,2009,51316.03
15,1,11,2009,2268241.21
15,1,12,2009,989026.18
15,1,15,2009,16425571.3
15,1,20,2009,0.0
15,1,21,2009,748092.15
15,1,23,2009,2578.39
15,1,24,2009,132825.24
15,1,25,2009,120503.73
15,1,29,2009,227763.6
15,1,30,2009,97459.56
15,1,31,2009,53.71
15,1,32,2009,3158.47
15,1,33,2009,4460784.8
15,1,35,2009,86605.13
15,1,39,2009,42090.76
15,1,40,2009,0.0
15,1,41,2009,141510.33
15,3,0,2009,78.56
15,3,3,2009,186920.23
15,3,4,2009,220827.98
15,3,6,2009,112.95
15,3,9,2009,0.0
15,3,11,2009,66038.89
15,3,12,2009,132996.98
15,3,15,2009,232939.13
15,3,21,2009,1402.31
15,3,24,2009,1826.82
15,3,25,2009,42.97
15,3,29,2009,1.77
15,3,30,2009,44.98
15,3,31,2009,0.0
15,3,33,2009,24875.97
15,3,39,2009,2168.96
15,3,41,2009,723.67
16,1,3,2009,9954712.73
16,1,4,2009,3313.08
16,1,5,2009,94892.0
16,1,6,2009,1579984.09
16,1,9,2009,84655.0
16,1,11,2009,1969848.67
16,1,12,2009,28289.02
16,1,15,2009,29252.54
16,1,21,2009,11924.52
16,1,24,2009,14181.43
16,1,25,2009,4655.39
16,1,30,2009,4026.5
16,1,31,2009,0.0
16,1,33,2009,411128.43
16,1,39,2009,168.33
16,1,41,2009,729.02
17,1,0,2009,1.42
17,1,3,2009,381502.88
17,1,4,2009,16032.45
17,1,6,2009,132618.19
17,1,9,2009,16.35
17,1,11,2009,23582.81
17,1,12,2009,61008.18
17,1,15,2009,1592047.89
17,1,21,2009,176307.41
17,1,24,2009,2663.45
17,1,25,2009,1520.47
17,1,29,2009,28857.68
17,1,30,2009,31.55
17,1,31,2009,0.0
17,1,33,2009,42477.34
17,1,39,2009,14.56
17,1,40,2009,0.0
17,1,41,2009,2875.1
17,3,0,2009,13.66
17,3,3,2009,5582801.92
17,3,4,2009,10103902.7
17,3,6,2009,15.34
17,3,9,2009,6034.94
17,3,11,2009,2164716.05
17,3,12,2009,1560631.01
17,3,15,2009,4883423.31
17,3,20,2009,6.8
17,3,21,2009,166215.51
17,3,23,2009,356.43
17,3,24,2009,49361.35
17,3,25,2009,8518.97
17,3,29,2009,41059.55
17,3,30,2009,289.38
17,3,31,2009,36.25
17,3,33,2009,285497.48
17,3,39,2009,311925.24
17,3,40,2009,29779.5
17,3,41,2009,85987.21
17,3,62,2009,223.27
17,3,75,2009,0.0
21,1,0,2009,1.07
21,1,3,2009,4757630.07
21,1,4,2009,126997.39
21,1,5,2009,408221.02
21,1,6,2009,408106.09
21,1,9,2009,61359.33
21,1,11,2009,439109.24
21,1,12,2009,67309.04
21,1,15,2009,4480699.79
21,1,21,2009,63462.13
21,1,23,2009,5654.91
21,1,24,2009,50226.99
21,1,25,2009,17196.63
21,1,29,2009,91.66
21,1,30,2009,6332.75
21,1,31,2009,54.9
21,1,32,2009,32572.74
21,1,33,2009,302475.86
21,1,39,2009,176.26
21,1,41,2009,12042.72
21,1,50,2009,2.14
21,3,0,2009,45.73
21,3,3,2009,10460812.75
21,3,4,2009,6385963.86
21,3,5,2009,66404.65
21,3,6,2009,52.45
21,3,9,2009,19582.23
21,3,11,2009,132202.14
21,3,12,2009,768947.44
21,3,15,2009,2520412.37
21,3,20,2009,20500.92
21,3,21,2009,224945.33
21,3,23,2009,112580.97
21,3,24,2009,56044.03
21,3,25,2009,8091.69
21,3,29,2009,6763.94
21,3,30,2009,298.0
21,3,31,2009,84.55
21,3,32,2009,8568.34
21,3,33,2009,126559.36
21,3,39,2009,503519.41
21,3,41,2009,50009.7
21,3,48,2009,0.0
21,3,50,2009,233712.87
21,3,62,2009,1.15
21,3,91,2009,0.0
22,2,3,2009,1059135.31
22,2,4,2009,9155893.99
22,2,5,2009,5216.05
22,2,9,2009,9.4
22,2,11,2009,0.18
22,2,12,2009,17377.06
22,2,15,2009,1340039.16
22,2,21,2009,100744.91
22,2,23,2009,14470.36
22,2,24,2009,26944.64
22,2,25,2009,19284.34
22,2,29,2009,14397.81
22,2,31,2009,1064.14
22,2,32,2009,2078.53
22,2,33,2009,34843.61
22,2,39,2009,504.41
22,2,41,2009,74606.7
22,2,48,2009,2003.82
22,2,50,2009,4767.17
22,2,62,2009,0.0
22,2,75,2009,0.0
22,2,91,2009,0.0
22,3,3,2009,2284914.92
22,3,4,2009,9433535.44
22,3,5,2009,1.52
22,3,9,2009,1713.06
22,3,11,2009,90899.3
22,3,12,2009,299662.54
22,3,15,2009,478159.07
22,3,20,2009,4248.87
22,3,21,2009,50079.72
22,3,23,2009,11.7
22,3,24,2009,43152.05
22,3,25,2009,34661.29
22,3,29,2009,76137.63
22,3,30,2009,478.77
22,3,31,2009,14.78
22,3,33,2009,63119.89
22,3,39,2009,303060.83
22,3,41,2009,137705.64
22,3,48,2009,57.8
22,3,62,2009,4.06
22,3,75,2009,0.0
23,2,3,2009,826504.92
23,2,4,2009,10499833.01
23,2,5,2009,17444.86
23,2,9,2009,1.52
23,2,12,2009,63.28
23,2,15,2009,2420601.04
23,2,21,2009,210425.85
23,2,23,2009,61821.59
23,2,24,2009,120570.63
23,2,25,2009,18750.37
23,2,29,2009,1916.38
23,2,30,2009,985.24
23,2,31,2009,5582.84
23,2,32,2009,5769.58
23,2,33,2009,292670.8
23,2,39,2009,20.89
23,2,41,2009,124444.38
23,2,48,2009,274267.99
23,2,50,2009,5189.41
23,2,75,2009,0.0
23,2,91,2009,0.0
24,2,3,2009,56791.69
24,2,4,2009,2889177.96
24,2,5,2009,5619.2
24,2,11,2009,0.0
24,2,12,2009,147.16
24,2,13,2009,20830.38
24,2,15,2009,1331818.6
24,2,20,2009,3383.27
24,2,21,2009,244565.97
24,2,23,2009,27662.53
24,2,24,2009,42373.64
24,2,25,2009,4939.73
24,2,29,2009,4624.67
24,2,30,2009,0.0
24,2,31,2009,33381.71
24,2,32,2009,4747.55
24,2,33,2009,107211.85
24,2,41,2009,267016.96
24,2,48,2009,26039.13
24,2,49,2009,0.09
24,2,50,2009,4319.45
24,2,75,2009,0.0
24,2,91,2009,0.0
24,4,3,2009,25316.45
24,4,4,2009,1000.76
24,4,5,2009,7494.4
24,4,9,2009,7.65
24,4,11,2009,5063.62
24,4,12,2009,0.0
24,4,15,2009,12887.41
24,4,20,2009,32782.26
24,4,21,2009,56805.13
24,4,23,2009,7246.26
24,4,24,2009,14190.42
24,4,25,2009,8.0
24,4,31,2009,2129.79
24,4,32,2009,630.07
24,4,33,2009,8601.08
24,4,41,2009,15233.85
24,4,48,2009,127.29
24,4,49,2009,701.96
24,4,50,2009,14584.34
24,4,91,2009,0.0
25,2,3,2009,66335.05
25,2,4,2009,3340524.33
25,2,11,2009,0.18
25,2,12,2009,171.61
25,2,13,2009,3503.71
25,2,15,2009,1572990.65
25,2,20,2009,18334.68
25,2,21,2009,122583.23
25,2,24,2009,28768.38
25,2,25,2009,8474.21
25,2,29,2009,4329.58
25,2,30,2009,7.82
25,2,31,2009,0.0
25,2,33,2009,69296.55
25,2,41,2009,440.2
25,2,48,2009,114.14
25,2,75,2009,0.0
25,2,91,2009,0.0
25,4,3,2009,62057.76
25,4,4,2009,14389.9
25,4,5,2009,11756.17
25,4,9,2009,536.8
25,4,11,2009,11899.63
25,4,15,2009,67709.76
25,4,20,2009,112655.05
25,4,21,2009,88747.61
25,4,23,2009,728.03
25,4,24,2009,18242.64
25,4,25,2009,98.76
25,4,30,2009,148.04
25,4,31,2009,376.72
25,4,32,2009,211.89
25,4,33,2009,5483.92
25,4,41,2009,15215.34
25,4,48,2009,0.0
25,4,50,2009,234.48
25,4,75,2009,0.0
25,4,91,2009,0.0
26,2,3,2009,51863.76
26,2,4,2009,5434563.03
26,2,12,2009,26961.56
26,2,13,2009,90174.29
26,2,15,2009,2276152.32
26,2,20,2009,719.46
26,2,21,2009,85453.49
26,2,24,2009,50843.43
26,2,25,2009,20239.3
26,2,29,2009,1134.56
26,2,30,2009,335.25
26,2,31,2009,2.92
26,2,33,2009,118879.11
26,2,41,2009,48925.12
26,2,48,2009,52610.57
26,2,75,2009,0.0
26,2,91,2009,0.0
26,4,3,2009,211885.45
26,4,4,2009,125445.0
26,4,5,2009,14949.79
26,4,9,2009,13.55
26,4,11,2009,3835.34
26,4,15,2009,576621.6
26,4,20,2009,423367.18
26,4,21,2009,122263.12
26,4,23,2009,284.46
26,4,24,2009,45789.67
26,4,25,2009,302.14
26,4,30,2009,602.37
26,4,31,2009,1063.58
26,4,32,2009,701.1
26,4,33,2009,17943.52
26,4,41,2009,32.26
26,4,50,2009,0.0
26,4,75,2009,0.0
26,4,91,2009,0.0
27,2,3,2009,6654.45
27,2,4,2009,379230.11
27,2,9,2009,0.0
27,2,11,2009,0.0
27,2,12,2009,72.41
27,2,13,2009,0.0
27,2,15,2009,910106.06
27,2,20,2009,562.6
27,2,21,2009,2216.43
27,2,24,2009,7109.56
27,2,25,2009,374.02
27,2,29,2009,16.6
27,2,30,2009,0.0
27,2,31,2009,0.0
27,2,33,2009,14055.47
27,2,41,2009,675.69
27,2,48,2009,1.24
27,4,3,2009,175761.05
27,4,4,2009,51948.15
27,4,5,2009,4335.5
27,4,9,2009,6.87
27,4,11,2009,16027.31
27,4,12,2009,1.32
27,4,15,2009,586702.62
27,4,20,2009,507523.92
27,4,21,2009,52489.66
27,4,23,2009,4119.16
27,4,24,2009,20818.96
27,4,25,2009,161.33
27,4,29,2009,0.0
27,4,31,2009,0.0
27,4,32,2009,49.98
27,4,33,2009,26753.95
27,4,41,2009,16.41
27,4,49,2009,2663.46
27,4,50,2009,11683.95
28,2,3,2009,23544.7
28,2,4,2009,316764.75
28,2,9,2009,11.77
28,2,12,2009,359.39
28,2,15,2009,832691.35
28,2,20,2009,17.32
28,2,21,2009,131.85
28,2,24,2009,4379.49
28,2,25,2009,856.15
28,2,30,2009,52.82
28,2,31,2009,0.0
28,2,33,2009,10056.99
28,2,41,2009,24858.6
28,4,3,2009,95590.35
28,4,4,2009,3229.61
28,4,5,2009,21863.19
28,4,9,2009,1200.56
28,4,11,2009,20861.62
28,4,12,2009,18218.63
28,4,15,2009,654197.09
28,4,20,2009,9842.82
28,4,21,2009,47512.73
28,4,23,2009,7857.88
28,4,24,2009,19398.11
28,4,25,2009,438.3
28,4,29,2009,7.3
28,4,30,2009,622.82
28,4,31,2009,652.38
28,4,32,2009,2517.05
28,4,33,2009,28298.65
28,4,41,2009,249.57
28,4,49,2009,920.68
28,4,50,2009,45239.14
28,4,91,2009,0.0
29,2,3,2009,1146289.48
29,2,4,2009,20357433.79
29,2,9,2009,5139.74
29,2,11,2009,0.0
29,2,12,2009,237848.43
29,2,13,2009,370411.21
29,2,15,2009,10577589.72
29,2,20,2009,19549.81
29,2,21,2009,1451172.72
29,2,23,2009,54322.11
29,2,24,2009,100611.61
29,2,25,2009,60348.76
29,2,29,2009,87068.75
29,2,30,2009,4136.92
29,2,31,2009,12.89
29,2,33,2009,489902.83
29,2,39,2009,308.64
29,2,41,2009,127086.81
29,2,46,2009,4730.27
29,2,48,2009,41742.08
29,2,62,2009,7.14
29,2,75,2009,0.0
29,2,91,2009,0.0
29,3,3,2009,310811.96
29,3,4,2009,6924292.81
29,3,9,2009,6654.38
29,3,11,2009,140917.08
29,3,12,2009,540352.94
29,3,15,2009,474562.41
29,3,21,2009,169824.46
29,3,24,2009,10869.11
29,3,25,2009,11166.11
29,3,29,2009,9460.08
29,3,31,2009,0.0
29,3,33,2009,8406.89
29,3,39,2009,737621.89
29,3,41,2009,885634.59
29,3,46,2009,18233.24
29,3,48,2009,4706.66
29,3,62,2009,90165.23
29,3,75,2009,0.0
29,3,91,2009,0.0
29,4,3,2009,3196113.32
29,4,4,2009,757369.11
29,4,5,2009,70989.64
29,4,9,2009,540918.88
29,4,11,2009,131784.54
29,4,12,2009,24831.41
29,4,15,2009,5266409.57
29,4,20,2009,5809.15
29,4,21,2009,530091.12
29,4,23,2009,9419.03
29,4,24,2009,102112.88
29,4,25,2009,2612.94
29,4,29,2009,5842.54
29,4,30,2009,1360.52
29,4,31,2009,1803.04
29,4,32,2009,6763.34
29,4,33,2009,205512.09
29,4,41,2009,1467.34
29,4,46,2009,17179.74
29,4,48,2009,140.66
29,4,49,2009,16920.5
29,4,50,2009,96959.67
31,2,3,2009,92440.6
31,2,4,2009,1693324.64
31,2,9,2009,3720.05
31,2,11,2009,0.0
31,2,12,2009,1135.23
31,2,15,2009,1394464.04
31,2,20,2009,3189.28
31,2,21,2009,7134.31
31,2,24,2009,9399.55
31,2,25,2009,4305.31
31,2,29,2009,3083.59
31,2,30,2009,52.47
31,2,33,2009,25498.02
31,2,39,2009,78.5
31,2,41,2009,16838.69
31,2,46,2009,940.44
31,2,48,2009,5355.55
31,2,62,2009,0.0
31,2,75,2009,0.0
31,3,0,2009,100.82
31,3,3,2009,4112439.93
31,3,4,2009,8802338.71
31,3,9,2009,1021797.66
31,3,11,2009,484265.49
31,3,12,2009,1529242.7
31,3,15,2009,11052859.5
31,3,20,2009,498012.03
31,3,21,2009,876775.6
31,3,24,2009,135734.74
31,3,25,2009,30752.65
31,3,29,2009,668900.14
31,3,30,2009,12488.43
31,3,31,2009,20.84
31,3,33,2009,449473.62
31,3,39,2009,772414.11
31,3,41,2009,1113834.05
31,3,46,2009,201996.71
31,3,47,2009,31028.08
31,3,48,2009,2737.04
31,3,62,2009,28.95
31,3,75,2009,0.0
31,4,3,2009,5672018.82
31,4,4,2009,2148377.02
31,4,9,2009,371870.89
31,4,11,2009,13511.6
31,4,12,2009,974162.94
31,4,15,2009,12066043.64
31,4,20,2009,81254.27
31,4,21,2009,941143.92
31,4,23,2009,22.0
31,4,24,2009,215915.37
31,4,25,2009,8777.6
31,4,29,2009,39034.52
31,4,30,2009,36510.6
31,4,31,2009,2.78
31,4,33,2009,290152.67
31,4,39,2009,16479.82
31,4,41,2009,261799.61
31,4,46,2009,451986.98
31,4,47,2009,3403.02
31,4,48,2009,709.64
32,4,3,2009,1037287.18
32,4,4,2009,6666.39
32,4,5,2009,7391.17
32,4,9,2009,210567.15
32,4,11,2009,141487.72
32,4,12,2009,84427.12
32,4,15,2009,2470024.34
32,4,20,2009,2416.77
32,4,21,2009,301545.84
32,4,23,2009,6037.01
32,4,24,2009,61267.25
32,4,25,2009,2278.69
32,4,29,2009,29472.6
32,4,31,2009,9.26
32,4,32,2009,455.96
32,4,33,2009,52458.01
32,4,41,2009,28274.68
32,4,46,2009,117314.13
32,4,48,2009,317.06
32,4,49,2009,18008.32
32,4,50,2009,28237.2
33,4,3,2009,1269356.51
33,4,4,2009,759.72
33,4,5,2009,10277.27
33,4,9,2009,3625.72
33,4,11,2009,110657.03
33,4,12,2009,84772.13
33,4,15,2009,2048287.28
33,4,20,2009,77.78
33,4,21,2009,262791.85
33,4,23,2009,17415.33
33,4,24,2009,202011.82
33,4,25,2009,5160.03
33,4,29,2009,5217.9
33,4,30,2009,2286.82
33,4,31,2009,2449.03
33,4,32,2009,1061.71
33,4,33,2009,109126.36
33,4,39,2009,42.69
33,4,41,2009,154389.42
33,4,46,2009,0.0
33,4,48,2009,1.08
33,4,49,2009,27215.89
33,4,50,2009,55073.5
33,4,91,2009,0.0
35,3,3,2009,891126.9
35,3,4,2009,33482.99
35,3,9,2009,406010.96
35,3,11,2009,112239.79
35,3,12,2009,4157.8
35,3,15,2009,1163563.72
35,3,20,2009,2305556.39
35,3,21,2009,664596.14
35,3,24,2009,104726.33
35,3,25,2009,10144.09
35,3,30,2009,503.46
35,3,31,2009,11.32
35,3,33,2009,119782.25
35,3,39,2009,336795.09
35,3,41,2009,132500.27
35,3,46,2009,32215.62
35,3,47,2009,189152.99
35,3,48,2009,11324.86
35,3,62,2009,0.0
35,4,3,2009,3622087.53
35,4,4,2009,7.46
35,4,5,2009,18743.34
35,4,9,2009,349336.85
35,4,11,2009,267255.51
35,4,12,2009,84197.83
35,4,15,2009,6246694.81
35,4,20,2009,3166086.0
35,4,21,2009,2315561.99
35,4,23,2009,1931.16
35,4,24,2009,567359.86
35,4,25,2009,14026.29
35,4,29,2009,128.81
35,4,30,2009,5855.34
35,4,31,2009,947.45
35,4,32,2009,466.82
35,4,33,2009,512175.39
35,4,39,2009,345657.41
35,4,40,2009,0.98
35,4,41,2009,374539.92
35,4,46,2009,51048.53
35,4,47,2009,111902.65
35,4,48,2009,8622.11
35,4,49,2009,231370.51
35,4,50,2009,4867.13
35,4,62,2009,0.0
35,4,75,2009,0.0
41,3,3,2009,69681.93
41,3,4,2009,6.86
41,3,9,2009,61733.1
41,3,11,2009,1059.12
41,3,12,2009,46588.1
41,3,15,2009,14422.9
41,3,21,2009,1999.15
41,3,24,2009,1964.16
41,3,25,2009,224.39
41,3,29,2009,4218.82
41,3,33,2009,382.54
41,3,39,2009,98135.38
41,3,41,2009,11964.58
41,3,46,2009,0.0
41,3,47,2009,28.26
41,3,48,2009,0.0
41,4,3,2009,4932411.52
41,4,5,2009,20320.04
41,4,9,2009,839690.82
41,4,11,2009,203438.71
41,4,12,2009,47225.19
41,4,15,2009,4715908.42
41,4,20,2009,578572.83
41,4,21,2009,1568665.29
41,4,23,2009,662.88
41,4,24,2009,248523.98
41,4,25,2009,6607.34
41,4,29,2009,80.42
41,4,30,2009,3634.97
41,4,31,2009,135.75
41,4,32,2009,359.48
41,4,33,2009,394732.1
41,4,39,2009,4315421.2
41,4,40,2009,4494.3
41,4,41,2009,1555091.08
41,4,46,2009,37535.42
41,4,47,2009,2375.88
41,4,48,2009,2242.74
41,4,49,2009,131729.87
41,4,50,2009,4714.73
41,4,62,2009,0.0
42,4,3,2009,3884933.97
42,4,5,2009,8301.29
42,4,9,2009,827620.47
42,4,11,2009,17833.25
42,4,12,2009,786336.71
42,4,15,2009,1271340.88
42,4,21,2009,938004.62
42,4,23,2009,5734.65
42,4,24,2009,173794.13
42,4,25,2009,2950.84
42,4,29,2009,0.0
42,4,30,2009,1959.14
42,4,31,2009,94.33
42,4,32,2009,594.69
42,4,33,2009,137812.57
42,4,39,2009,360987.72
42,4,40,2009,141656.86
42,4,41,2009,862133.14
42,4,48,2009,1839.78
42,4,49,2009,86436.04
42,4,50,2009,19462.66
42,4,84,2009,24.79
42,4,91,2009,0.0
43,4,3,2009,2742271.11
43,4,9,2009,276858.55
43,4,11,2009,2519.28
43,4,12,2009,1258530.68
43,4,15,2009,661096.57
43,4,21,2009,894379.79
43,4,23,2009,413.67
43,4,24,2009,109598.87
43,4,25,2009,3674.44
43,4,29,2009,3.61
43,4,30,2009,7.64
43,4,31,2009,0.0
43,4,33,2009,111450.32
43,4,39,2009,1941366.64
43,4,40,2009,43443.35
43,4,41,2009,684822.84
43,4,48,2009,29925.6
43,4,49,2009,2257.84
43,4,50,2009,6451.72
43,4,84,2009,5.55
43,4,91,2009,0.0
43,5,3,2009,2270684.75
43,5,9,2009,513318.72
43,5,11,2009,365636.63
43,5,12,2009,7378389.17
43,5,15,2009,197.37
43,5,21,2009,1108134.86
43,5,23,2009,148363.82
43,5,24,2009,123608.21
43,5,25,2009,47229.4
43,5,29,2009,23785.54
43,5,30,2009,3116.57
43,5,31,2009,149.58
43,5,33,2009,1823514.14
43,5,39,2009,2774783.57
43,5,40,2009,727323.36
43,5,41,2009,1930909.41
43,5,48,2009,322.1
43,5,49,2009,18573.8
43,5,50,2009,128074.51
43,5,84,2009,7400.63
43,5,91,2009,0.0
50,3,3,2009,3869228.77
50,3,4,2009,1177108.9
50,3,7,2009,1.18
50,3,9,2009,322488.57
50,3,11,2009,556017.3
50,3,12,2009,134460.32
50,3,15,2009,13527870.88
50,3,20,2009,142459.49
50,3,21,2009,467665.33
50,3,24,2009,52422.12
50,3,25,2009,3712.05
50,3,29,2009,4061.25
50,3,30,2009,389.67
50,3,31,2009,143.34
50,3,33,2009,78764.45
50,3,39,2009,1343749.03
50,3,40,2009,1454.65
50,3,41,2009,534252.9
50,3,47,2009,176.97
50,3,62,2009,8352.79
50,4,3,2009,371447.05
50,4,4,2009,15.17
50,4,9,2009,2066.0
50,4,11,2009,352085.05
50,4,12,2009,18.75
50,4,15,2009,1835023.25
50,4,20,2009,66840.2
50,4,21,2009,134273.59
50,4,24,2009,14353.65
50,4,25,2009,2743.87
50,4,31,2009,306.25
50,4,33,2009,252141.77
50,4,39,2009,469710.54
50,4,40,2009,0.0
50,4,41,2009,241295.2
50,4,47,2009,54.15
50,4,48,2009,24.42
50,6,0,2009,1.19
50,6,3,2009,1510604.48
50,6,4,2009,1991017.26
50,6,7,2009,66137.97
50,6,9,2009,13.88
50,6,11,2009,691813.43
50,6,12,2009,3991688.03
50,6,13,2009,0.0
50,6,15,2009,911075.26
50,6,21,2009,15333.87
50,6,24,2009,2992.29
50,6,25,2009,202.63
50,6,29,2009,3208.16
50,6,30,2009,601.56
50,6,33,2009,548776.52
50,6,39,2009,191.49
50,6,40,2009,6893.38
50,6,41,2009,1941.67
51,1,0,2009,498.67
51,1,3,2009,28657503.61
51,1,4,2009,846614.79
51,1,6,2009,3077599.09
51,1,7,2009,0.0
51,1,9,2009,20032.55
51,1,11,2009,951313.29
51,1,12,2009,567585.5
51,1,15,2009,12395781.45
51,1,20,2009,66957.94
51,1,21,2009,1039385.95
51,1,24,2009,43926.95
51,1,25,2009,50047.91
51,1,29,2009,191554.88
51,1,30,2009,51875.4
51,1,31,2009,78.65
51,1,33,2009,304205.68
51,1,39,2009,1694950.38
51,1,41,2009,1230957.89
51,1,62,2009,511.57
51,3,0,2009,381.11
51,3,3,2009,6490156.65
51,3,4,2009,10074728.87
51,3,6,2009,143.66
51,3,7,2009,0.17
51,3,9,2009,21096.71
51,3,11,2009,2597331.75
51,3,12,2009,1414139.3
51,3,15,2009,7124887.57
51,3,20,2009,7638.42
51,3,21,2009,208120.21
51,3,24,2009,65239.26
51,3,25,2009,13738.7
51,3,29,2009,93577.54
51,3,30,2009,13045.71
51,3,31,2009,735.29
51,3,33,2009,185380.27
51,3,39,2009,4394693.15
51,3,41,2009,1029501.92
51,3,62,2009,39019.1
51,6,0,2009,414.03
51,6,3,2009,734581.61
51,6,4,2009,1395190.69
51,6,7,2009,66805.15
51,6,9,2009,35.83
51,6,11,2009,770641.42
51,6,12,2009,1247395.68
51,6,15,2009,592873.71
51,6,20,2009,0.0
51,6,21,2009,34258.89
51,6,24,2009,2755.13
51,6,25,2009,309.38
51,6,29,2009,0.09
51,6,30,2009,28.28
51,6,31,2009,0.0
51,6,33,2009,502813.01
51,6,39,2009,91.18
51,6,41,2009,3272.89
52,3,3,2009,5594259.49
52,3,4,2009,5864207.65
52,3,9,2009,60065.51
52,3,11,2009,526311.55
52,3,12,2009,623198.66
52,3,15,2009,15141922.03
52,3,20,2009,337913.7
52,3,21,2009,740670.07
52,3,24,2009,181029.78
52,3,25,2009,11550.16
52,3,29,2009,151727.5
52,3,30,2009,6082.03
52,3,31,2009,67.4
52,3,33,2009,329991.14
52,3,39,2009,2668144.43
52,3,40,2009,2905.18
52,3,41,2009,1221869.32
52,3,46,2009,1071.13
52,3,47,2009,298.59
52,3,48,2009,31.86
52,3,62,2009,7028.94
52,3,75,2009,0.0
52,4,3,2009,70475.39
52,4,4,2009,14.29
52,4,9,2009,140.34
52,4,11,2009,30.29
52,4,12,2009,0.0
52,4,15,2009,334337.26
52,4,20,2009,17356.42
52,4,21,2009,28447.58
52,4,24,2009,862.54
52,4,25,2009,480.73
52,4,31,2009,1.28
52,4,33,2009,72389.73
52,4,39,2009,8420.18
52,4,41,2009,20982.08
53,3,3,2009,74998.72
53,3,4,2009,189791.44
53,3,9,2009,407.8
53,3,11,2009,3293.62
53,3,12,2009,27251.27
53,3,15,2009,102606.34
53,3,21,2009,6042.21
53,3,24,2009,63891.66
53,3,25,2009,869.64
53,3,30,2009,483.15
53,3,31,2009,36.5
53,3,33,2009,6801.47
53,3,39,2009,84911.81
53,3,41,2009,14646.48
53,3,46,2009,45.93
53,3,48,2009,7.66
53,3,62,2009,5.34
11,1,0,2010,1.05
11,1,3,2010,13646667.81
11,1,4,2010,471412.11
11,1,6,2010,785921.21
11,1,9,2010,36.83
11,1,11,2010,670442.39
11,1,12,2010,255611.0
11,1,15,2010,6872024.6
11,1,21,2010,264733.1
11,1,24,2010,48244.58
11,1,25,2010,68850.67
11,1,29,2010,54386.78
11,1,30,2010,14554.41
11,1,31,2010,641.76
11,1,33,2010,235215.17
11,1,39,2010,69424.98
11,1,41,2010,41564.36
11,1,75,2010,0.0
11,3,0,2010,16.43
11,3,3,2010,142819.04
11,3,4,2010,68699.65
11,3,9,2010,384.47
11,3,11,2010,512.76
11,3,12,2010,5554.77
11,3,15,2010,14870.24
11,3,21,2010,1696.96
11,3,24,2010,3650.05
11,3,25,2010,316.08
11,3,29,2010,0.17
11,3,33,2010,110.15
11,3,39,2010,22586.26
11,3,41,2010,2335.09
12,1,3,2010,14561134.56
12,1,4,2010,2646.0
12,1,6,2010,72913.18
12,1,11,2010,2729.52
12,1,12,2010,1761.96
12,1,15,2010,1596863.46
12,1,21,2010,34191.29
12,1,24,2010,23235.25
12,1,25,2010,30774.59
12,1,31,2010,39.44
12,1,33,2010,55358.72
12,1,39,2010,0.0
12,1,41,2010,1358.45
13,1,3,2010,124256089.78
13,1,4,2010,226794.85
13,1,6,2010,22624969.34
13,1,11,2010,1721538.59
13,1,12,2010,592105.8
13,1,15,2010,1140062.81
13,1,20,2010,4376.38
13,1,21,2010,131751.73
13,1,24,2010,56991.8
13,1,25,2010,42571.24
13,1,29,2010,2177.16
13,1,30,2010,13974.83
13,1,31,2010,58.26
13,1,33,2010,5013866.76
13,1,35,2010,166.4
13,1,39,2010,2.83
13,1,41,2010,1015.72
14,1,3,2010,14097928.35
14,1,4,2010,273836.75
14,1,6,2010,2586222.99
14,1,9,2010,22.5
14,1,11,2010,1242954.28
14,1,12,2010,2872990.3
14,1,15,2010,609987.08
14,1,21,2010,95563.59
14,1,24,2010,18084.0
14,1,25,2010,7709.31
14,1,29,2010,81896.76
14,1,30,2010,2074.71
14,1,31,2010,140.97
14,1,33,2010,405009.58
14,1,35,2010,289.77
14,1,39,2010,1406.73
14,1,41,2010,20459.78
15,1,0,2010,8.57
15,1,3,2010,89089451.55
15,1,4,2010,1274146.13
15,1,5,2010,230498.43
15,1,6,2010,7073325.32
15,1,9,2010,54780.79
15,1,11,2010,2335376.34
15,1,12,2010,990084.01
15,1,15,2010,16636661.95
15,1,20,2010,0.0
15,1,21,2010,718135.99
15,1,23,2010,2511.8
15,1,24,2010,134627.38
15,1,25,2010,98332.62
15,1,29,2010,227777.55
15,1,30,2010,98700.67
15,1,31,2010,65.3
15,1,32,2010,3150.97
15,1,33,2010,4394629.23
15,1,35,2010,97143.45
15,1,39,2010,48117.44
15,1,40,2010,0.0
15,1,41,2010,163023.44
15,3,0,2010,79.08
15,3,3,2010,191180.38
15,3,4,2010,211769.28
15,3,6,2010,114.1
15,3,9,2010,0.0
15,3,11,2010,66062.41
15,3,12,2010,132884.01
15,3,15,2010,237429.62
15,3,21,2010,1967.75
15,3,24,2010,1844.08
15,3,25,2010,46.08
15,3,29,2010,1.59
15,3,30,2010,44.01
15,3,31,2010,0.0
15,3,33,2010,24680.82
15,3,39,2010,2089.74
15,3,41,2010,809.24
16,1,3,2010,9952778.37
16,1,4,2010,3321.57
16,1,5,2010,95045.66
16,1,6,2010,1580491.15
16,1,9,2010,84757.44
16,1,11,2010,1962076.36
16,1,12,2010,28279.2
16,1,15,2010,30056.92
16,1,21,2010,11247.47
16,1,24,2010,14322.23
16,1,25,2010,3812.55
16,1,30,2010,4129.83
16,1,31,2010,0.0
16,1,33,2010,420786.25
16,1,39,2010,151.17
16,1,41,2010,504.59
17,1,0,2010,1.86
17,1,3,2010,379338.89
17,1,4,2010,15969.95
17,1,6,2010,131132.19
17,1,9,2010,16.62
17,1,11,2010,23439.72
17,1,12,2010,61001.87
17,1,15,2010,1594923.33
17,1,21,2010,177748.56
17,1,24,2010,2695.79
17,1,25,2010,1433.41
17,1,29,2010,28868.39
17,1,30,2010,31.73
17,1,31,2010,0.0
17,1,33,2010,42411.29
17,1,39,2010,18.64
17,1,40,2010,0.0
17,1,41,2010,2525.5
17,3,0,2010,15.09
17,3,3,2010,5628424.73
17,3,4,2010,9958384.29
17,3,6,2010,14.64
17,3,9,2010,8298.78
17,3,11,2010,2152936.35
17,3,12,2010,1550780.09
17,3,15,2010,4967817.3
17,3,20,2010,62.76
17,3,21,2010,169719.72
17,3,23,2010,368.3
17,3,24,2010,50087.4
17,3,25,2010,8906.8
17,3,29,2010,41056.89
17,3,30,2010,308.57
17,3,31,2010,55.63
17,3,33,2010,283220.54
17,3,39,2010,351106.08
17,3,40,2010,33085.21
17,3,41,2010,76051.59
17,3,62,2010,95.1
17,3,75,2010,0.0
21,1,0,2010,1.16
21,1,3,2010,4719830.07
21,1,4,2010,127037.69
21,1,5,2010,407816.77
21,1,6,2010,402656.97
21,1,9,2010,63511.8
21,1,11,2010,447801.0
21,1,12,2010,68214.6
21,1,15,2010,4529285.08
21,1,21,2010,58134.51
21,1,23,2010,5916.86
21,1,24,2010,51550.88
21,1,25,2010,14996.85
21,1,29,2010,91.66
21,1,30,2010,6492.63
21,1,31,2010,89.08
21,1,32,2010,32608.46
21,1,33,2010,290683.32
21,1,39,2010,311.79
21,1,41,2010,12689.53
21,1,50,2010,2.05
21,3,0,2010,45.91
21,3,3,2010,10414178.18
21,3,4,2010,6302711.72
21,3,5,2010,66278.66
21,3,6,2010,52.36
21,3,9,2010,31501.13
21,3,11,2010,132232.22
21,3,12,2010,764001.94
21,3,15,2010,2621219.54
21,3,20,2010,22517.34
21,3,21,2010,213543.86
21,3,23,2010,113903.61
21,3,24,2010,57440.5
21,3,25,2010,9156.3
21,3,29,2010,6761.37
21,3,30,2010,318.05
21,3,31,2010,73.33
21,3,32,2010,8553.87
21,3,33,2010,122030.84
21,3,39,2010,525084.11
21,3,41,2010,60928.48
21,3,48,2010,0.0
21,3,50,2010,233569.09
21,3,62,2010,1.5
21,3,91,2010,0.0
22,2,3,2010,1059102.69
22,2,4,2010,9155078.28
22,2,5,2010,5222.48
22,2,9,2010,13.22
22,2,11,2010,0.45
22,2,12,2010,17649.09
22,2,15,2010,1331863.32
22,2,21,2010,106902.9
22,2,23,2010,14744.52
22,2,24,2010,27480.75
22,2,25,2010,19692.12
22,2,29,2010,14424.82
22,2,31,2010,1198.87
22,2,32,2010,2146.38
22,2,33,2010,32019.31
22,2,39,2010,275.39
22,2,41,2010,78933.81
22,2,48,2010,2042.72
22,2,50,2010,4590.48
22,2,62,2010,0.0
22,2,75,2010,0.0
22,2,91,2010,0.0
22,3,3,2010,2297823.97
22,3,4,2010,9326751.51
22,3,5,2010,1.61
22,3,9,2010,2095.07
22,3,11,2010,91670.88
22,3,12,2010,297572.85
22,3,15,2010,493190.3
22,3,20,2010,4759.46
22,3,21,2010,43976.65
22,3,23,2010,12.41
22,3,24,2010,44084.11
22,3,25,2010,34565.09
22,3,29,2010,76153.25
22,3,30,2010,492.91
22,3,31,2010,48.35
22,3,33,2010,60236.85
22,3,39,2010,322739.65
22,3,41,2010,205186.57
22,3,48,2010,62.18
22,3,62,2010,195.18
22,3,75,2010,0.0
23,2,3,2010,828500.59
23,2,4,2010,10448891.26
23,2,5,2010,17708.36
23,2,9,2010,1.52
23,2,12,2010,68.72
23,2,15,2010,2458434.72
23,2,21,2010,231707.82
23,2,23,2010,61943.45
23,2,24,2010,123105.58
23,2,25,2010,19465.52
23,2,29,2010,1904.17
23,2,30,2010,1090.3
23,2,31,2010,6160.15
23,2,32,2010,5597.57
23,2,33,2010,266702.29
23,2,39,2010,14.46
23,2,41,2010,132981.51
23,2,48,2010,277302.91
23,2,50,2010,5283.68
23,2,75,2010,0.0
23,2,91,2010,0.0
24,2,3,2010,56073.69
24,2,4,2010,2891870.66
24,2,5,2010,5744.3
24,2,11,2010,0.0
24,2,12,2010,194.74
24,2,13,2010,18986.53
24,2,15,2010,1338046.3
24,2,20,2010,3496.73
24,2,21,2010,235838.13
24,2,23,2010,28389.17
24,2,24,2010,43585.27
24,2,25,2010,5149.01
24,2,29,2010,4549.19
24,2,30,2010,0.0
24,2,31,2010,34587.47
24,2,32,2010,4606.23
24,2,33,2010,95614.84
24,2,41,2010,278502.02
24,2,48,2010,25568.39
24,2,49,2010,0.09
24,2,50,2010,3848.78
24,2,75,2010,0.0
24,2,91,2010,0.0
24,4,3,2010,25272.5
24,4,4,2010,1003.16
24,4,5,2010,7526.56
24,4,9,2010,7.65
24,4,11,2010,4989.65
24,4,12,2010,0.0
24,4,15,2010,11596.23
24,4,20,2010,31583.66
24,4,21,2010,51324.88
24,4,23,2010,7096.11
24,4,24,2010,14310.09
24,4,25,2010,14.67
24,4,31,2010,2065.62
24,4,32,2010,701.74
24,4,33,2010,8510.52
24,4,41,2010,23391.77
24,4,48,2010,138.86
24,4,49,2010,701.15
24,4,50,2010,14575.92
24,4,91,2010,0.0
25,2,3,2010,65317.36
25,2,4,2010,3336713.38
25,2,11,2010,0.18
25,2,12,2010,1049.78
25,2,13,2010,3397.33
25,2,15,2010,1598737.97
25,2,20,2010,18605.23
25,2,21,2010,104948.01
25,2,24,2010,29501.25
25,2,25,2010,8597.24
25,2,29,2010,4309.95
25,2,30,2010,7.73
25,2,31,2010,0.0
25,2,33,2010,64146.91
25,2,41,2010,423.68
25,2,48,2010,118.32
25,2,75,2010,0.0
25,2,91,2010,0.0
25,4,3,2010,62289.9
25,4,4,2010,13956.65
25,4,5,2010,11770.8
25,4,9,2010,550.83
25,4,11,2010,11980.04
25,4,15,2010,67597.49
25,4,20,2010,112932.95
25,4,21,2010,81657.96
25,4,23,2010,736.64
25,4,24,2010,18434.29
25,4,25,2010,104.79
25,4,30,2010,150.79
25,4,31,2010,370.14
25,4,32,2010,240.82
25,4,33,2010,5415.26
25,4,41,2010,22107.82
25,4,48,2010,0.0
25,4,50,2010,195.32
25,4,75,2010,0.0
25,4,91,2010,0.0
26,2,3,2010,51392.61
26,2,4,2010,5409316.68
26,2,12,2010,24886.61
26,2,13,2010,91717.8
26,2,15,2010,2301309.72
26,2,20,2010,715.57
26,2,21,2010,81738.61
26,2,24,2010,52247.72
26,2,25,2010,20731.73
26,2,29,2010,1132.87
26,2,30,2010,350.96
26,2,31,2010,4.42
26,2,33,2010,114353.81
26,2,41,2010,54876.41
26,2,48,2010,54082.66
26,2,75,2010,0.0
26,2,91,2010,0.0
26,4,3,2010,212241.88
26,4,4,2010,120243.24
26,4,5,2010,15052.07
26,4,9,2010,14.26
26,4,11,2010,3733.46
26,4,15,2010,582942.01
26,4,20,2010,423752.63
26,4,21,2010,119176.12
26,4,23,2010,306.59
26,4,24,2010,46603.23
26,4,25,2010,435.46
26,4,30,2010,626.71
26,4,31,2010,780.75
26,4,32,2010,782.06
26,4,33,2010,18400.52
26,4,41,2010,8.06
26,4,50,2010,1.06
26,4,75,2010,0.0
26,4,91,2010,0.0
27,2,3,2010,6721.07
27,2,4,2010,384740.25
27,2,9,2010,0.0
27,2,11,2010,0.0
27,2,12,2010,80.97
27,2,13,2010,0.0
27,2,15,2010,904110.28
27,2,20,2010,563.22
27,2,21,2010,2407.74
27,2,24,2010,7292.35
27,2,25,2010,385.98
27,2,29,2010,16.69
27,2,30,2010,0.0
27,2,31,2010,0.0
27,2,33,2010,13502.6
27,2,41,2010,1235.42
27,2,48,2010,18.09
27,4,3,2010,177117.29
27,4,4,2010,48787.33
27,4,5,2010,4391.12
27,4,9,2010,4.85
27,4,11,2010,16033.38
27,4,12,2010,1.32
27,4,15,2010,585577.75
27,4,20,2010,508533.12
27,4,21,2010,54196.74
27,4,23,2010,4085.58
27,4,24,2010,21407.52
27,4,25,2010,189.77
27,4,29,2010,0.0
27,4,31,2010,0.0
27,4,32,2010,54.38
27,4,33,2010,26280.72
27,4,41,2010,15.44
27,4,49,2010,2676.33
27,4,50,2010,11710.96
28,2,3,2010,23614.66
28,2,4,2010,315998.61
28,2,9,2010,12.82
28,2,12,2010,379.53
28,2,15,2010,826627.95
28,2,20,2010,17.32
28,2,21,2010,166.53
28,2,24,2010,4584.09
28,2,25,2010,903.22
28,2,30,2010,52.29
28,2,31,2010,0.0
28,2,33,2010,9840.34
28,2,41,2010,31527.83
28,4,3,2010,98820.87
28,4,4,2010,3234.73
28,4,5,2010,22035.32
28,4,9,2010,1363.83
28,4,11,2010,20869.19
28,4,12,2010,17631.25
28,4,15,2010,648466.74
28,4,20,2010,9970.98
28,4,21,2010,50558.24
28,4,23,2010,7815.47
28,4,24,2010,19694.83
28,4,25,2010,440.09
28,4,29,2010,5.37
28,4,30,2010,607.09
28,4,31,2010,669.56
28,4,32,2010,2513.3
28,4,33,2010,27563.97
28,4,41,2010,318.71
28,4,49,2010,912.95
28,4,50,2010,45226.0
28,4,91,2010,0.0
29,2,3,2010,1144561.07
29,2,4,2010,20304711.46
29,2,9,2010,5762.3
29,2,11,2010,0.0
29,2,12,2010,233075.57
29,2,13,2010,368645.53
29,2,15,2010,10647935.48
29,2,20,2010,19738.32
29,2,21,2010,1441741.91
29,2,23,2010,56231.85
29,2,24,2010,102418.31
29,2,25,2010,60110.14
29,2,29,2010,86725.2
29,2,30,2010,4151.82
29,2,31,2010,26.32
29,2,33,2010,473354.16
29,2,39,2010,1593.85
29,2,41,2010,138043.46
29,2,46,2010,5005.39
29,2,48,2010,41880.1
29,2,62,2010,1.48
29,2,75,2010,0.0
29,2,91,2010,0.0
29,3,3,2010,308604.15
29,3,4,2010,6860763.44
29,3,9,2010,7762.76
29,3,11,2010,140400.95
29,3,12,2010,524619.52
29,3,15,2010,485715.09
29,3,21,2010,153162.93
29,3,24,2010,11085.45
29,3,25,2010,10836.86
29,3,29,2010,9459.11
29,3,31,2010,4.63
29,3,33,2010,7794.05
29,3,39,2010,887568.86
29,3,41,2010,835907.66
29,3,46,2010,17962.87
29,3,48,2010,4433.25
29,3,62,2010,77598.25
29,3,75,2010,0.0
29,3,91,2010,0.0
29,4,3,2010,3194973.18
29,4,4,2010,749959.47
29,4,5,2010,71411.57
29,4,9,2010,551758.15
29,4,11,2010,130314.49
29,4,12,2010,22951.13
29,4,15,2010,5225910.83
29,4,20,2010,6165.0
29,4,21,2010,570142.15
29,4,23,2010,9307.82
29,4,24,2010,103904.27
29,4,25,2010,2542.47
29,4,29,2010,5815.56
29,4,30,2010,1486.44
29,4,31,2010,1544.49
29,4,32,2010,6766.38
29,4,33,2010,204032.91
29,4,41,2010,1631.67
29,4,46,2010,18027.09
29,4,48,2010,143.52
29,4,49,2010,16885.5
29,4,50,2010,96736.95
31,2,3,2010,91704.23
31,2,4,2010,1688011.01
31,2,9,2010,4479.53
31,2,11,2010,0.0
31,2,12,2010,998.35
31,2,15,2010,1399124.98
31,2,20,2010,4076.22
31,2,21,2010,6579.13
31,2,24,2010,9660.18
31,2,25,2010,4310.39
31,2,29,2010,3149.77
31,2,30,2010,53.94
31,2,33,2010,24761.74
31,2,39,2010,216.98
31,2,41,2010,16706.88
31,2,46,2010,1045.56
31,2,48,2010,6081.41
31,2,62,2010,0.0
31,2,75,2010,0.0
31,3,0,2010,92.89
31,3,3,2010,4119584.82
31,3,4,2010,8752406.3
31,3,9,2010,1106462.85
31,3,11,2010,480497.57
31,3,12,2010,1522255.53
31,3,15,2010,10922147.36
31,3,20,2010,539694.45
31,3,21,2010,905160.76
31,3,24,2010,138510.73
31,3,25,2010,31623.13
31,3,29,2010,668980.6
31,3,30,2010,12841.47
31,3,31,2010,21.33
31,3,33,2010,441993.73
31,3,39,2010,910482.88
31,3,41,2010,995084.57
31,3,46,2010,214875.56
31,3,47,2010,31590.28
31,3,48,2010,2860.49
31,3,62,2010,74.5
31,3,75,2010,0.0
31,4,3,2010,5700461.81
31,4,4,2010,2150292.96
31,4,9,2010,416327.67
31,4,11,2010,13150.38
31,4,12,2010,992424.61
31,4,15,2010,11901457.43
31,4,20,2010,82942.94
31,4,21,2010,962532.66
31,4,23,2010,20.68
31,4,24,2010,219488.86
31,4,25,2010,8986.1
31,4,29,2010,38995.88
31,4,30,2010,37613.92
31,4,31,2010,1.75
31,4,33,2010,287496.08
31,4,39,2010,22178.89
31,4,41,2010,288233.22
31,4,46,2010,466133.08
31,4,47,2010,3668.82
31,4,48,2010,769.95
32,4,3,2010,1038559.33
32,4,4,2010,6427.85
32,4,5,2010,7410.34
32,4,9,2010,215041.31
32,4,11,2010,138493.45
32,4,12,2010,85479.57
32,4,15,2010,2459795.24
32,4,20,2010,3097.08
32,4,21,2010,307627.17
32,4,23,2010,6253.05
32,4,24,2010,62161.34
32,4,25,2010,2306.13
32,4,29,2010,29401.9
32,4,31,2010,8.84
32,4,32,2010,452.37
32,4,33,2010,49495.56
32,4,41,2010,28993.16
32,4,46,2010,118685.03
32,4,48,2010,318.16
32,4,49,2010,17903.06
32,4,50,2010,28033.93
33,4,3,2010,1275564.45
33,4,4,2010,764.62
33,4,5,2010,10108.22
33,4,9,2010,4524.88
33,4,11,2010,111037.4
33,4,12,2010,92715.88
33,4,15,2010,2031544.08
33,4,20,2010,170.78
33,4,21,2010,264358.88
33,4,23,2010,20599.47
33,4,24,2010,203929.45
33,4,25,2010,5034.71
33,4,29,2010,5218.91
33,4,30,2010,2289.66
33,4,31,2010,2373.24
33,4,32,2010,1023.93
33,4,33,2010,104016.32
33,4,39,2010,39.46
33,4,41,2010,157011.25
33,4,46,2010,0.0
33,4,48,2010,0.0
33,4,49,2010,27425.66
33,4,50,2010,52305.62
33,4,91,2010,0.0
35,3,3,2010,886683.02
35,3,4,2010,33427.38
35,3,9,2010,421500.32
35,3,11,2010,110822.8
35,3,12,2010,3884.35
35,3,15,2010,1107592.73
35,3,20,2010,2327603.33
35,3,21,2010,674262.43
35,3,24,2010,106277.02
35,3,25,2010,8739.06
35,3,30,2010,508.22
35,3,31,2010,8.5
35,3,33,2010,119211.1
35,3,39,2010,364856.74
35,3,41,2010,109760.65
35,3,46,2010,34140.4
35,3,47,2010,196502.2
35,3,48,2010,12110.72
35,3,62,2010,0.0
35,4,3,2010,3627880.72
35,4,4,2010,8.28
35,4,5,2010,18774.93
35,4,9,2010,384904.45
35,4,11,2010,265319.09
35,4,12,2010,75258.59
35,4,15,2010,6073656.97
35,4,20,2010,3247452.48
35,4,21,2010,2344188.94
35,4,23,2010,1929.65
35,4,24,2010,574976.44
35,4,25,2010,14155.83
35,4,29,2010,126.92
35,4,30,2010,5920.8
35,4,31,2010,1204.78
35,4,32,2010,405.86
35,4,33,2010,513582.23
35,4,39,2010,388169.78
35,4,40,2010,7.01
35,4,41,2010,349279.5
35,4,46,2010,53843.17
35,4,47,2010,113602.86
35,4,48,2010,9467.78
35,4,49,2010,231862.06
35,4,50,2010,4892.57
35,4,62,2010,0.0
35,4,75,2010,0.0
41,3,3,2010,70500.37
41,3,4,2010,9.07
41,3,9,2010,63204.36
41,3,11,2010,1009.93
41,3,12,2010,44572.32
41,3,15,2010,13859.19
41,3,21,2010,2017.44
41,3,24,2010,2010.25
41,3,25,2010,199.48
41,3,29,2010,4221.59
41,3,33,2010,369.79
41,3,39,2010,99828.97
41,3,41,2010,10573.14
41,3,46,2010,0.0
41,3,47,2010,33.41
41,3,48,2010,0.0
41,4,3,2010,4945538.41
41,4,5,2010,20486.89
41,4,9,2010,888535.62
41,4,11,2010,203686.31
41,4,12,2010,46419.64
41,4,15,2010,4612956.16
41,4,20,2010,585484.21
41,4,21,2010,1577791.99
41,4,23,2010,688.77
41,4,24,2010,252503.19
41,4,25,2010,6852.88
41,4,29,2010,80.09
41,4,30,2010,3725.76
41,4,31,2010,179.98
41,4,32,2010,354.79
41,4,33,2010,397724.79
41,4,39,2010,4536536.99
41,4,40,2010,4305.61
41,4,41,2010,1353663.97
41,4,46,2010,35588.12
41,4,47,2010,3014.51
41,4,48,2010,1907.57
41,4,49,2010,131812.69
41,4,50,2010,4736.0
41,4,62,2010,0.0
42,4,3,2010,3878309.19
42,4,5,2010,8238.11
42,4,9,2010,888718.57
42,4,11,2010,17928.58
42,4,12,2010,762162.75
42,4,15,2010,1229196.12
42,4,21,2010,940097.64
42,4,23,2010,5802.89
42,4,24,2010,178237.57
42,4,25,2010,3031.87
42,4,29,2010,0.0
42,4,30,2010,2026.3
42,4,31,2010,110.88
42,4,32,2010,597.82
42,4,33,2010,138593.31
42,4,39,2010,373960.89
42,4,40,2010,135708.09
42,4,41,2010,859927.94
42,4,48,2010,1703.94
42,4,49,2010,86492.37
42,4,50,2010,18982.61
42,4,84,2010,25.02
42,4,91,2010,0.0
43,4,3,2010,2744866.21
43,4,9,2010,300430.33
43,4,11,2010,2565.76
43,4,12,2010,1237348.35
43,4,15,2010,632123.14
43,4,21,2010,891103.7
43,4,23,2010,427.85
43,4,24,2010,111569.7
43,4,25,2010,3722.46
43,4,29,2010,3.61
43,4,30,2010,7.64
43,4,31,2010,1.58
43,4,33,2010,114005.18
43,4,39,2010,1970441.2
43,4,40,2010,34805.94
43,4,41,2010,686717.4
43,4,48,2010,30214.67
43,4,49,2010,2270.95
43,4,50,2010,6446.85
43,4,84,2010,5.55
43,4,91,2010,0.0
43,5,3,2010,2277743.23
43,5,9,2010,562955.51
43,5,11,2010,364429.52
43,5,12,2010,7248902.09
43,5,15,2010,182.13
43,5,21,2010,1156064.43
43,5,23,2010,145484.18
43,5,24,2010,124883.86
43,5,25,2010,45421.23
43,5,29,2010,23786.08
43,5,30,2010,3142.76
43,5,31,2010,148.59
43,5,33,2010,1831158.32
43,5,39,2010,2815032.94
43,5,40,2010,604457.41
43,5,41,2010,2036342.18
43,5,48,2010,312.3
43,5,49,2010,18570.63
43,5,50,2010,127135.68
43,5,84,2010,7363.09
43,5,91,2010,0.0
50,3,3,2010,3858127.52
50,3,4,2010,1173998.65
50,3,7,2010,0.25
50,3,9,2010,362960.64
50,3,11,2010,550851.56
50,3,12,2010,135009.65
50,3,15,2010,13460848.36
50,3,20,2010,166296.05
50,3,21,2010,482992.66
50,3,24,2010,53359.74
50,3,25,2010,3755.32
50,3,29,2010,4054.9
50,3,30,2010,394.98
50,3,31,2010,154.69
50,3,33,2010,79158.94
50,3,39,2010,1407646.6
50,3,40,2010,1442.65
50,3,41,2010,473523.08
50,3,47,2010,170.51
50,3,62,2010,10033.2
50,4,3,2010,371729.46
50,4,4,2010,16.67
50,4,9,2010,2591.41
50,4,11,2010,356415.69
50,4,12,2010,17.84
50,4,15,2010,1806258.6
50,4,20,2010,95239.72
50,4,21,2010,130025.39
50,4,24,2010,14614.04
50,4,25,2010,2765.39
50,4,31,2010,300.93
50,4,33,2010,252996.98
50,4,39,2010,484000.95
50,4,40,2010,0.0
50,4,41,2010,225357.71
50,4,47,2010,44.62
50,4,48,2010,23.51
50,6,0,2010,0.85
50,6,3,2010,1504698.34
50,6,4,2010,1964092.9
50,6,7,2010,139138.74
50,6,9,2010,16.49
50,6,11,2010,1215459.31
50,6,12,2010,3198562.83
50,6,13,2010,0.0
50,6,15,2010,928981.32
50,6,21,2010,14547.62
50,6,24,2010,2999.78
50,6,25,2010,203.64
50,6,29,2010,3208.08
50,6,30,2010,643.07
50,6,33,2010,760427.26
50,6,39,2010,441.88
50,6,40,2010,6699.03
50,6,41,2010,2371.91
51,1,0,2010,480.0
51,1,3,2010,28610423.95
51,1,4,2010,842772.11
51,1,6,2010,3078632.21
51,1,7,2010,0.0
51,1,9,2010,22534.37
51,1,11,2010,947416.75
51,1,12,2010,564713.87
51,1,15,2010,12394689.69
51,1,20,2010,68924.16
51,1,21,2010,973039.14
51,1,24,2010,44576.24
51,1,25,2010,47183.84
51,1,29,2010,191531.53
51,1,30,2010,52352.69
51,1,31,2010,90.52
51,1,33,2010,303748.24
51,1,39,2010,1919542.12
51,1,41,2010,1128664.53
51,1,62,2010,66.19
51,3,0,2010,375.27
51,3,3,2010,6549904.87
51,3,4,2010,9967129.31
51,3,6,2010,139.9
51,3,7,2010,0.52
51,3,9,2010,32805.34
51,3,11,2010,2583854.27
51,3,12,2010,1405468.81
51,3,15,2010,7153811.64
51,3,20,2010,11986.53
51,3,21,2010,211629.06
51,3,24,2010,66416.84
51,3,25,2010,12147.68
51,3,29,2010,93581.17
51,3,30,2010,13446.59
51,3,31,2010,829.28
51,3,33,2010,184452.89
51,3,39,2010,4534220.36
51,3,41,2010,919740.81
51,3,62,2010,31614.23
51,6,0,2010,403.37
51,6,3,2010,733879.81
51,6,4,2010,1418343.42
51,6,7,2010,55150.72
51,6,9,2010,39.01
51,6,11,2010,825003.57
51,6,12,2010,1159043.53
51,6,15,2010,605714.92
51,6,20,2010,0.0
51,6,21,2010,30262.0
51,6,24,2010,2784.12
51,6,25,2010,315.49
51,6,29,2010,0.09
51,6,30,2010,28.54
51,6,31,2010,0.0
51,6,33,2010,517301.64
51,6,39,2010,203.26
51,6,41,2010,2993.47
52,3,3,2010,5603497.88
52,3,4,2010,5741016.04
52,3,9,2010,73126.31
52,3,11,2010,517940.52
52,3,12,2010,616398.83
52,3,15,2010,15139544.84
52,3,20,2010,398085.46
52,3,21,2010,756959.65
52,3,24,2010,184385.42
52,3,25,2010,11699.14
52,3,29,2010,151743.96
52,3,30,2010,6488.9
52,3,31,2010,95.64
52,3,33,2010,358095.33
52,3,39,2010,2775202.17
52,3,40,2010,2880.28
52,3,41,2010,1125094.91
52,3,46,2010,1426.8
52,3,47,2010,361.94
52,3,48,2010,38.17
52,3,62,2010,6263.94
52,3,75,2010,0.0
52,4,3,2010,70131.45
52,4,4,2010,14.79
52,4,9,2010,138.41
52,4,11,2010,30.46
52,4,12,2010,0.0
52,4,15,2010,329158.49
52,4,20,2010,23639.26
52,4,21,2010,25672.36
52,4,24,2010,878.66
52,4,25,2010,496.1
52,4,31,2010,0.0
52,4,33,2010,75558.98
52,4,39,2010,8695.2
52,4,41,2010,19523.96
53,3,3,2010,75932.79
53,3,4,2010,188175.53
53,3,9,2010,590.07
53,3,11,2010,3176.31
53,3,12,2010,26875.26
53,3,15,2010,101359.38
53,3,21,2010,6938.47
53,3,24,2010,64490.18
53,3,25,2010,957.33
53,3,30,2010,512.62
53,3,31,2010,36.16
53,3,33,2010,6772.63
53,3,39,2010,82297.19
53,3,41,2010,17877.04
53,3,46,2010,53.53
53,3,48,2010,8.78
53,3,62,2010,37.78
11,1,0,2011,0.87
11,1,3,2011,13551097.81
11,1,4,2011,472125.11
11,1,6,2011,782796.7
11,1,9,2011,43.11
11,1,11,2011,677409.83
11,1,12,2011,255372.41
11,1,15,2011,6943376.82
11,1,21,2011,295964.92
11,1,24,2011,48933.06
11,1,25,2011,56094.95
11,1,29,2011,54383.04
11,1,30,2011,14876.41
11,1,31,2011,1987.88
11,1,33,2011,231116.16
11,1,39,2011,54505.39
11,1,41,2011,59648.33
11,1,75,2011,0.0
11,3,0,2011,16.95
11,3,3,2011,141716.4
11,3,4,2011,69352.53
11,3,9,2011,446.54
11,3,11,2011,484.64
11,3,12,2011,5606.81
11,3,15,2011,15225.8
11,3,21,2011,1708.36
11,3,24,2011,3721.78
11,3,25,2011,295.04
11,3,29,2011,0.0
11,3,33,2011,114.51
11,3,39,2011,23342.92
11,3,41,2011,1519.84
12,1,3,2011,14527882.21
12,1,4,2011,2646.78
12,1,6,2011,72538.95
12,1,11,2011,2777.81
12,1,12,2011,1841.18
12,1,15,2011,1632076.43
12,1,21,2011,35020.21
12,1,24,2011,23438.54
12,1,25,2011,27559.79
12,1,31,2011,115.31
12,1,33,2011,56569.3
12,1,39,2011,0.0
12,1,41,2011,539.92
13,1,3,2011,124233126.89
13,1,4,2011,226909.49
13,1,6,2011,22634986.06
13,1,11,2011,1707833.94
13,1,12,2011,591470.31
13,1,15,2011,1163831.08
13,1,20,2011,4378.34
13,1,21,2011,133056.87
13,1,24,2011,57377.67
13,1,25,2011,41058.78
13,1,29,2011,2176.99
13,1,30,2011,14029.5
13,1,31,2011,61.14
13,1,33,2011,5017247.54
13,1,35,2011,148.62
13,1,39,2011,23.7
13,1,41,2011,797.36
14,1,3,2011,14097837.81
14,1,4,2011,274848.53
14,1,6,2011,2587503.95
14,1,9,2011,87.84
14,1,11,2011,1234159.35
14,1,12,2011,2871810.68
14,1,15,2011,612369.9
14,1,21,2011,93656.61
14,1,24,2011,18211.42
14,1,25,2011,7227.22
14,1,29,2011,81892.66
14,1,30,2011,2068.72
14,1,31,2011,435.61
14,1,33,2011,412004.96
14,1,35,2011,163.92
14,1,39,2011,1333.57
14,1,41,2011,20964.72
15,1,0,2011,8.04
15,1,3,2011,88957858.83
15,1,4,2011,1273432.53
15,1,5,2011,231051.12
15,1,6,2011,7083660.74
15,1,9,2011,58159.29
15,1,11,2011,2327561.42
15,1,12,2011,990695.78
15,1,15,2011,16784454.11
15,1,20,2011,0.0
15,1,21,2011,690856.21
15,1,23,2011,2455.12
15,1,24,2011,136664.6
15,1,25,2011,76888.21
15,1,29,2011,227788.08
15,1,30,2011,101102.56
15,1,31,2011,110.9
15,1,32,2011,2807.99
15,1,33,2011,4398625.5
15,1,35,2011,106379.58
15,1,39,2011,58556.19
15,1,40,2011,0.0
15,1,41,2011,161432.13
15,3,0,2011,75.46
15,3,3,2011,188609.89
15,3,4,2011,207297.55
15,3,6,2011,116.22
15,3,9,2011,0.0
15,3,11,2011,68973.32
15,3,12,2011,133575.32
15,3,15,2011,240752.89
15,3,21,2011,2192.09
15,3,24,2011,1868.87
15,3,25,2011,60.41
15,3,29,2011,1.51
15,3,30,2011,45.52
15,3,31,2011,0.0
15,3,33,2011,24738.18
15,3,39,2011,1718.6
15,3,41,2011,976.36
16,1,3,2011,9953810.34
16,1,4,2011,3240.51
16,1,5,2011,96103.84
16,1,6,2011,1581081.32
16,1,9,2011,84819.56
16,1,11,2011,1957078.41
16,1,12,2011,28126.95
16,1,15,2011,29680.23
16,1,21,2011,10966.5
16,1,24,2011,14454.62
16,1,25,2011,3139.39
16,1,30,2011,4239.95
16,1,31,2011,0.0
16,1,33,2011,424207.87
16,1,39,2011,256.48
16,1,41,2011,554.79
17,1,0,2011,1.51
17,1,3,2011,385750.73
17,1,4,2011,16236.18
17,1,6,2011,133387.42
17,1,9,2011,6.21
17,1,11,2011,23824.53
17,1,12,2011,61015.3
17,1,15,2011,1593047.04
17,1,21,2011,170593.3
17,1,24,2011,2720.48
17,1,25,2011,1512.63
17,1,29,2011,28871.49
17,1,30,2011,31.55
17,1,31,2011,0.0
17,1,33,2011,42019.32
17,1,39,2011,13.92
17,1,40,2011,0.0
17,1,41,2011,2526.12
17,3,0,2011,13.48
17,3,3,2011,5624819.23
17,3,4,2011,9820095.49
17,3,6,2011,14.99
17,3,9,2011,10986.55
17,3,11,2011,2164223.41
17,3,12,2011,1539554.29
17,3,15,2011,5055578.97
17,3,20,2011,1044.2
17,3,21,2011,172724.73
17,3,23,2011,364.08
17,3,24,2011,51023.55
17,3,25,2011,10976.13
17,3,29,2011,41050.77
17,3,30,2011,327.25
17,3,31,2011,87.38
17,3,33,2011,295041.31
17,3,39,2011,377290.55
17,3,40,2011,35759.85
17,3,41,2011,79797.15
17,3,62,2011,22.53
17,3,75,2011,0.0
21,1,0,2011,0.98
21,1,3,2011,4660124.03
21,1,4,2011,125977.25
21,1,5,2011,408128.83
21,1,6,2011,394631.77
21,1,9,2011,64298.01
21,1,11,2011,432365.7
21,1,12,2011,67637.39
21,1,15,2011,4592115.98
21,1,21,2011,63059.91
21,1,23,2011,5963.5
21,1,24,2011,53334.27
21,1,25,2011,13261.32
21,1,29,2011,91.93
21,1,30,2011,6599.08
21,1,31,2011,161.86
21,1,32,2011,31855.52
21,1,33,2011,306977.06
21,1,39,2011,820.53
21,1,41,2011,12315.72
21,1,50,2011,2.14
21,3,0,2011,42.78
21,3,3,2011,10359005.86
21,3,4,2011,6248298.1
21,3,5,2011,66505.34
21,3,6,2011,51.03
21,3,9,2011,34214.51
21,3,11,2011,132983.16
21,3,12,2011,762263.37
21,3,15,2011,2706357.63
21,3,20,2011,21753.07
21,3,21,2011,196466.5
21,3,23,2011,114912.75
21,3,24,2011,58928.86
21,3,25,2011,10347.61
21,3,29,2011,6759.59
21,3,30,2011,328.56
21,3,31,2011,119.87
21,3,32,2011,8325.69
21,3,33,2011,130917.24
21,3,39,2011,523588.5
21,3,41,2011,90983.88
21,3,48,2011,0.0
21,3,50,2011,232945.02
21,3,62,2011,4.97
21,3,91,2011,0.0
22,2,3,2011,1058984.33
22,2,4,2011,9156803.56
22,2,5,2011,5273.64
22,2,9,2011,58.35
22,2,11,2011,0.62
22,2,12,2011,17057.23
22,2,15,2011,1316502.05
22,2,21,2011,112730.47
22,2,23,2011,15556.52
22,2,24,2011,27932.38
22,2,25,2011,19395.13
22,2,29,2011,14450.86
22,2,31,2011,1258.06
22,2,32,2011,2157.0
22,2,33,2011,31671.58
22,2,39,2011,109.63
22,2,41,2011,86926.79
22,2,48,2011,2163.55
22,2,50,2011,4349.84
22,2,62,2011,0.0
22,2,75,2011,0.0
22,2,91,2011,0.0
22,3,3,2011,2309014.33
22,3,4,2011,9276235.18
22,3,5,2011,1.88
22,3,9,2011,2230.48
22,3,11,2011,91190.66
22,3,12,2011,296736.11
22,3,15,2011,506097.12
22,3,20,2011,7597.23
22,3,21,2011,47014.24
22,3,23,2011,13.13
22,3,24,2011,44992.47
22,3,25,2011,30862.18
22,3,29,2011,76165.36
22,3,30,2011,504.22
22,3,31,2011,52.09
22,3,33,2011,59157.05
22,3,39,2011,363619.19
22,3,41,2011,189931.92
22,3,48,2011,62.45
22,3,62,2011,141.57
22,3,75,2011,0.0
23,2,3,2011,820004.4
23,2,4,2011,10447333.02
23,2,5,2011,17837.31
23,2,9,2011,1.52
23,2,12,2011,66.51
23,2,15,2011,2438117.81
23,2,21,2011,247326.7
23,2,23,2011,62312.91
23,2,24,2011,125728.98
23,2,25,2011,20133.44
23,2,29,2011,1896.69
23,2,30,2011,1184.94
23,2,31,2011,7000.92
23,2,32,2011,5408.33
23,2,33,2011,259414.87
23,2,39,2011,1.7
23,2,41,2011,145906.07
23,2,48,2011,281981.2
23,2,50,2011,5207.26
23,2,75,2011,0.0
23,2,91,2011,0.0
24,2,3,2011,55841.69
24,2,4,2011,2880220.58
24,2,5,2011,5838.79
24,2,11,2011,0.36
24,2,12,2011,3242.23
24,2,13,2011,15698.11
24,2,15,2011,1341617.97
24,2,20,2011,3530.6
24,2,21,2011,239032.83
24,2,23,2011,31619.57
24,2,24,2011,44829.69
24,2,25,2011,5210.01
24,2,29,2011,4611.34
24,2,30,2011,0.45
24,2,31,2011,34904.89
24,2,32,2011,4502.13
24,2,33,2011,90717.86
24,2,41,2011,284155.55
24,2,48,2011,25694.89
24,2,49,2011,0.09
24,2,50,2011,3381.95
24,2,75,2011,0.0
24,2,91,2011,0.0
24,4,3,2011,25249.29
24,4,4,2011,989.56
24,4,5,2011,7582.74
24,4,9,2011,7.65
24,4,11,2011,4886.97
24,4,12,2011,0.0
24,4,15,2011,10991.56
24,4,20,2011,31134.62
24,4,21,2011,49049.2
24,4,23,2011,7209.36
24,4,24,2011,14449.69
24,4,25,2011,14.13
24,4,31,2011,2161.49
24,4,32,2011,721.24
24,4,33,2011,8352.57
24,4,41,2011,26682.42
24,4,48,2011,139.31
24,4,49,2011,700.53
24,4,50,2011,14488.41
24,4,91,2011,0.0
25,2,3,2011,65653.04
25,2,4,2011,3322547.81
25,2,11,2011,0.0
25,2,12,2011,3186.15
25,2,13,2011,3143.64
25,2,15,2011,1622006.14
25,2,20,2011,18703.32
25,2,21,2011,94683.35
25,2,24,2011,30223.34
25,2,25,2011,8873.45
25,2,29,2011,4371.45
25,2,30,2011,8.08
25,2,31,2011,0.0
25,2,33,2011,61062.67
25,2,41,2011,1285.56
25,2,48,2011,126.31
25,2,75,2011,0.0
25,2,91,2011,0.0
25,4,3,2011,62532.68
25,4,4,2011,13765.89
25,4,5,2011,11793.78
25,4,9,2011,564.05
25,4,11,2011,11903.99
25,4,15,2011,66288.25
25,4,20,2011,113003.94
25,4,21,2011,80078.9
25,4,23,2011,756.89
25,4,24,2011,18653.87
25,4,25,2011,110.56
25,4,30,2011,149.28
25,4,31,2011,416.62
25,4,32,2011,241.98
25,4,33,2011,5654.43
25,4,41,2011,24386.61
25,4,48,2011,0.0
25,4,50,2011,190.79
25,4,75,2011,0.0
25,4,91,2011,0.0
26,2,3,2011,51151.14
26,2,4,2011,5349576.82
26,2,12,2011,23795.2
26,2,13,2011,93660.16
26,2,15,2011,2347744.18
26,2,20,2011,718.32
26,2,21,2011,84457.04
26,2,24,2011,53752.39
26,2,25,2011,20709.92
26,2,29,2011,1131.81
26,2,30,2011,380.64
26,2,31,2011,10.34
26,2,33,2011,109914.02
26,2,41,2011,66336.44
26,2,48,2011,55519.75
26,2,75,2011,0.0
26,2,91,2011,0.0
26,4,3,2011,212491.76
26,4,4,2011,115676.01
26,4,5,2011,15150.18
26,4,9,2011,21.18
26,4,11,2011,3735.15
26,4,15,2011,587003.53
26,4,20,2011,424117.65
26,4,21,2011,118290.62
26,4,23,2011,319.07
26,4,24,2011,47434.2
26,4,25,2011,497.42
26,4,30,2011,648.13
26,4,31,2011,558.91
26,4,32,2011,738.96
26,4,33,2011,18415.61
26,4,41,2011,0.71
26,4,50,2011,1.06
26,4,75,2011,0.0
26,4,91,2011,0.0
27,2,3,2011,6756.42
27,2,4,2011,388976.36
27,2,9,2011,1.59
27,2,11,2011,0.0
27,2,12,2011,62.78
27,2,13,2011,0.0
27,2,15,2011,897990.92
27,2,20,2011,565.16
27,2,21,2011,3496.46
27,2,24,2011,7484.62
27,2,25,2011,414.35
27,2,29,2011,16.6
27,2,30,2011,0.0
27,2,31,2011,9.43
27,2,33,2011,13033.8
27,2,41,2011,2245.25
27,2,48,2011,20.91
27,4,3,2011,178573.27
27,4,4,2011,45571.89
27,4,5,2011,4418.45
27,4,9,2011,4.85
27,4,11,2011,16239.84
27,4,12,2011,0.0
27,4,15,2011,586619.14
27,4,20,2011,509247.11
27,4,21,2011,54046.92
27,4,23,2011,4107.79
27,4,24,2011,22102.2
27,4,25,2011,221.78
27,4,29,2011,0.0
27,4,31,2011,0.0
27,4,32,2011,51.74
27,4,33,2011,25423.74
27,4,41,2011,26.45
27,4,49,2011,2701.24
27,4,50,2011,11707.18
28,2,3,2011,23869.88
28,2,4,2011,315215.89
28,2,9,2011,20.45
28,2,12,2011,424.3
28,2,15,2011,827345.38
28,2,20,2011,17.32
28,2,21,2011,237.29
28,2,24,2011,4759.31
28,2,25,2011,925.23
28,2,30,2011,53.61
28,2,31,2011,15.78
28,2,33,2011,9590.14
28,2,41,2011,31250.59
28,4,3,2011,99566.79
28,4,4,2011,3153.74
28,4,5,2011,22104.04
28,4,9,2011,1712.91
28,4,11,2011,21115.86
28,4,12,2011,16833.89
28,4,15,2011,640509.3
28,4,20,2011,10231.4
28,4,21,2011,57673.07
28,4,23,2011,7775.5
28,4,24,2011,20089.11
28,4,25,2011,441.25
28,4,29,2011,5.37
28,4,30,2011,613.41
28,4,31,2011,869.12
28,4,32,2011,2400.39
28,4,33,2011,26752.1
28,4,41,2011,373.42
28,4,49,2011,915.92
28,4,50,2011,45581.89
28,4,91,2011,0.0
29,2,3,2011,1143937.85
29,2,4,2011,20219709.32
29,2,9,2011,6330.21
29,2,11,2011,0.0
29,2,12,2011,225655.26
29,2,13,2011,365997.21
29,2,15,2011,10740085.6
29,2,20,2011,19889.28
29,2,21,2011,1441250.32
29,2,23,2011,59117.52
29,2,24,2011,104435.64
29,2,25,2011,60581.59
29,2,29,2011,86244.97
29,2,30,2011,4294.83
29,2,31,2011,24.56
29,2,33,2011,463882.26
29,2,39,2011,2159.93
29,2,41,2011,144213.85
29,2,46,2011,5845.82
29,2,48,2011,42057.69
29,2,62,2011,0.0
29,2,75,2011,0.0
29,2,91,2011,0.0
29,3,3,2011,304006.7
29,3,4,2011,6794967.41
29,3,9,2011,9150.08
29,3,11,2011,138829.11
29,3,12,2011,511918.21
29,3,15,2011,488870.0
29,3,21,2011,143816.61
29,3,24,2011,11431.71
29,3,25,2011,10113.19
29,3,29,2011,9457.19
29,3,31,2011,4.89
29,3,33,2011,7617.35
29,3,39,2011,991247.24
29,3,41,2011,800418.6
29,3,46,2011,17049.9
29,3,48,2011,3430.26
29,3,62,2011,101351.39
29,3,75,2011,0.0
29,3,91,2011,0.0
29,4,3,2011,3198834.75
29,4,4,2011,746217.03
29,4,5,2011,71858.09
29,4,9,2011,564254.88
29,4,11,2011,129787.44
29,4,12,2011,21782.24
29,4,15,2011,5197885.34
29,4,20,2011,6060.61
29,4,21,2011,586984.5
29,4,23,2011,9191.47
29,4,24,2011,105630.85
29,4,25,2011,2644.05
29,4,29,2011,5788.73
29,4,30,2011,1562.47
29,4,31,2011,1565.9
29,4,32,2011,6533.38
29,4,33,2011,200680.23
29,4,41,2011,1641.29
29,4,46,2011,20163.0
29,4,48,2011,147.84
29,4,49,2011,16666.56
29,4,50,2011,96530.39
31,2,3,2011,91238.55
31,2,4,2011,1676829.07
31,2,9,2011,5213.51
31,2,11,2011,0.0
31,2,12,2011,813.19
31,2,15,2011,1406382.19
31,2,20,2011,4921.12
31,2,21,2011,8608.37
31,2,24,2011,9865.19
31,2,25,2011,4268.03
31,2,29,2011,3170.95
31,2,30,2011,58.32
31,2,33,2011,24281.7
31,2,39,2011,210.24
31,2,41,2011,17359.6
31,2,46,2011,1181.39
31,2,48,2011,6558.86
31,2,62,2011,0.0
31,2,75,2011,0.0
31,3,0,2011,74.82
31,3,3,2011,4122002.89
31,3,4,2011,8696075.19
31,3,9,2011,1180694.14
31,3,11,2011,475069.26
31,3,12,2011,1513125.15
31,3,15,2011,10809454.24
31,3,20,2011,575909.13
31,3,21,2011,950155.06
31,3,24,2011,141582.28
31,3,25,2011,32745.36
31,3,29,2011,669010.25
31,3,30,2011,13306.38
31,3,31,2011,34.55
31,3,33,2011,437268.03
31,3,39,2011,911347.01
31,3,41,2011,995972.24
31,3,46,2011,237900.8
31,3,47,2011,32587.84
31,3,48,2011,2749.85
31,3,62,2011,177.34
31,3,75,2011,0.0
31,4,3,2011,5722545.67
31,4,4,2011,2145081.84
31,4,9,2011,458391.87
31,4,11,2011,13096.22
31,4,12,2011,1014677.44
31,4,15,2011,11748263.79
31,4,20,2011,85712.37
31,4,21,2011,979547.15
31,4,23,2011,20.18
31,4,24,2011,223625.15
31,4,25,2011,8910.84
31,4,29,2011,38858.34
31,4,30,2011,39679.62
31,4,31,2011,2.76
31,4,33,2011,288714.24
31,4,39,2011,27944.62
31,4,41,2011,309215.31
31,4,46,2011,484072.51
31,4,47,2011,4004.7
31,4,48,2011,813.1
32,4,3,2011,1038757.21
32,4,4,2011,6197.22
32,4,5,2011,7429.21
32,4,9,2011,223168.37
32,4,11,2011,136704.55
32,4,12,2011,87602.27
32,4,15,2011,2457689.15
32,4,20,2011,4171.97
32,4,21,2011,295777.4
32,4,23,2011,6104.97
32,4,24,2011,63018.12
32,4,25,2011,2379.28
32,4,29,2011,29222.17
32,4,31,2011,11.63
32,4,32,2011,436.98
32,4,33,2011,48409.92
32,4,41,2011,29198.8
32,4,46,2011,123597.89
32,4,48,2011,316.46
32,4,49,2011,17794.32
32,4,50,2011,27955.97
33,4,3,2011,1280191.38
33,4,4,2011,763.21
33,4,5,2011,9968.94
33,4,9,2011,5385.57
33,4,11,2011,112224.31
33,4,12,2011,109691.76
33,4,15,2011,2012380.46
33,4,20,2011,181.77
33,4,21,2011,262065.39
33,4,23,2011,21421.96
33,4,24,2011,207317.08
33,4,25,2011,4528.37
33,4,29,2011,5229.74
33,4,30,2011,2321.15
33,4,31,2011,2336.87
33,4,32,2011,996.97
33,4,33,2011,101311.9
33,4,39,2011,46.25
33,4,41,2011,154319.12
33,4,46,2011,0.0
33,4,48,2011,0.0
33,4,49,2011,27690.03
33,4,50,2011,51684.66
33,4,91,2011,0.0
35,3,3,2011,882922.62
35,3,4,2011,33973.81
35,3,9,2011,431557.58
35,3,11,2011,109300.59
35,3,12,2011,3748.65
35,3,15,2011,1059054.04
35,3,20,2011,2356801.4
35,3,21,2011,685990.71
35,3,24,2011,107927.23
35,3,25,2011,8097.54
35,3,30,2011,518.54
35,3,31,2011,25.17
35,3,33,2011,118645.92
35,3,39,2011,357417.67
35,3,41,2011,104959.34
35,3,46,2011,37531.34
35,3,47,2011,206566.25
35,3,48,2011,12852.54
35,3,62,2011,0.0
35,4,3,2011,3638363.36
35,4,4,2011,9.26
35,4,5,2011,18574.76
35,4,9,2011,416880.48
35,4,11,2011,271604.95
35,4,12,2011,69302.72
35,4,15,2011,5900433.38
35,4,20,2011,3339337.32
35,4,21,2011,2363330.99
35,4,23,2011,1796.43
35,4,24,2011,582895.69
35,4,25,2011,14348.42
35,4,29,2011,125.52
35,4,30,2011,5937.72
35,4,31,2011,1436.78
35,4,32,2011,357.76
35,4,33,2011,510892.74
35,4,39,2011,366535.09
35,4,40,2011,33.0
35,4,41,2011,376284.85
35,4,46,2011,56142.69
35,4,47,2011,118751.08
35,4,48,2011,10207.54
35,4,49,2011,232368.04
35,4,50,2011,4921.1
35,4,62,2011,0.0
35,4,75,2011,0.0
41,3,3,2011,70559.43
41,3,4,2011,11.2
41,3,9,2011,64193.43
41,3,11,2011,1015.57
41,3,12,2011,43669.34
41,3,15,2011,13531.32
41,3,21,2011,2120.19
41,3,24,2011,2038.21
41,3,25,2011,207.97
41,3,29,2011,4221.59
41,3,33,2011,342.18
41,3,39,2011,101539.39
41,3,41,2011,8923.8
41,3,46,2011,0.0
41,3,47,2011,35.69
41,3,48,2011,0.0
41,4,3,2011,4958913.24
41,4,5,2011,20422.44
41,4,9,2011,938686.47
41,4,11,2011,206886.59
41,4,12,2011,45848.16
41,4,15,2011,4524147.63
41,4,20,2011,597184.06
41,4,21,2011,1602107.96
41,4,23,2011,715.72
41,4,24,2011,257022.24
41,4,25,2011,7308.86
41,4,29,2011,78.95
41,4,30,2011,3836.71
41,4,31,2011,282.85
41,4,32,2011,352.53
41,4,33,2011,396817.06
41,4,39,2011,4495514.32
41,4,40,2011,4988.11
41,4,41,2011,1375329.88
41,4,46,2011,35774.64
41,4,47,2011,4007.01
41,4,48,2011,1689.5
41,4,49,2011,131888.1
41,4,50,2011,4771.92
41,4,62,2011,0.0
42,4,3,2011,3874370.08
42,4,5,2011,8199.19
42,4,9,2011,937929.11
42,4,11,2011,17663.6
42,4,12,2011,747080.94
42,4,15,2011,1202020.79
42,4,21,2011,943029.72
42,4,23,2011,6012.51
42,4,24,2011,182372.09
42,4,25,2011,3697.78
42,4,29,2011,0.0
42,4,30,2011,2040.98
42,4,31,2011,129.17
42,4,32,2011,568.21
42,4,33,2011,140517.75
42,4,39,2011,389957.44
42,4,40,2011,133394.23
42,4,41,2011,833512.75
42,4,48,2011,1839.94
42,4,49,2011,87121.03
42,4,50,2011,18371.89
42,4,84,2011,23.3
42,4,91,2011,0.0
43,4,3,2011,2751830.68
43,4,9,2011,306555.14
43,4,11,2011,2524.36
43,4,12,2011,1210205.97
43,4,15,2011,618069.63
43,4,21,2011,903885.75
43,4,23,2011,479.79
43,4,24,2011,113923.85
43,4,25,2011,3737.29
43,4,29,2011,1.34
43,4,30,2011,7.96
43,4,31,2011,9.84
43,4,33,2011,118857.38
43,4,39,2011,2013906.83
43,4,40,2011,34705.71
43,4,41,2011,648091.84
43,4,48,2011,33646.29
43,4,49,2011,2301.04
43,4,50,2011,6331.84
43,4,84,2011,5.55
43,4,91,2011,0.0
43,5,3,2011,2287187.05
43,5,9,2011,588516.16
43,5,11,2011,364747.11
43,5,12,2011,7107577.86
43,5,15,2011,167.27
43,5,21,2011,1238935.87
43,5,23,2011,143236.53
43,5,24,2011,126293.23
43,5,25,2011,45394.11
43,5,29,2011,23770.35
43,5,30,2011,3194.22
43,5,31,2011,182.6
43,5,33,2011,1826923.01
43,5,39,2011,2901680.21
43,5,40,2011,484592.83
43,5,41,2011,2096850.73
43,5,48,2011,394.27
43,5,49,2011,19871.42
43,5,50,2011,126655.04
43,5,84,2011,7346.28
43,5,91,2011,0.0
50,3,3,2011,3845755.63
50,3,4,2011,1176946.43
50,3,7,2011,0.34
50,3,9,2011,401382.53
50,3,11,2011,546359.54
50,3,12,2011,136434.21
50,3,15,2011,13394272.96
50,3,20,2011,192761.95
50,3,21,2011,503546.02
50,3,24,2011,54298.64
50,3,25,2011,3492.09
50,3,29,2011,4056.33
50,3,30,2011,413.96
50,3,31,2011,185.86
50,3,33,2011,78513.21
50,3,39,2011,1416768.88
50,3,40,2011,1442.39
50,3,41,2011,463043.12
50,3,47,2011,137.13
50,3,62,2011,4968.73
50,4,3,2011,372122.89
50,4,4,2011,19.33
50,4,9,2011,2961.41
50,4,11,2011,362103.2
50,4,12,2011,18.59
50,4,15,2011,1770065.25
50,4,20,2011,119850.07
50,4,21,2011,131557.81
50,4,24,2011,14925.01
50,4,25,2011,2571.54
50,4,31,2011,327.27
50,4,33,2011,252949.42
50,4,39,2011,460108.45
50,4,40,2011,0.0
50,4,41,2011,252700.93
50,4,47,2011,92.0
50,4,48,2011,25.75
50,6,0,2011,2.72
50,6,3,2011,1501218.55
50,6,4,2011,1630250.94
50,6,7,2011,500198.43
50,6,9,2011,17.75
50,6,11,2011,904166.17
50,6,12,2011,2694659.07
50,6,13,2011,0.09
50,6,15,2011,944127.01
50,6,21,2011,15099.22
50,6,24,2011,3006.23
50,6,25,2011,232.13
50,6,29,2011,3208.08
50,6,30,2011,666.58
50,6,33,2011,1536121.1
50,6,39,2011,480.79
50,6,40,2011,6469.0
50,6,41,2011,2569.2
51,1,0,2011,479.63
51,1,3,2011,28483010.81
51,1,4,2011,841104.32
51,1,6,2011,3079957.03
51,1,7,2011,0.0
51,1,9,2011,27175.73
51,1,11,2011,948767.86
51,1,12,2011,562892.07
51,1,15,2011,12404376.98
51,1,20,2011,70227.78
51,1,21,2011,1001093.22
51,1,24,2011,45180.6
51,1,25,2011,45766.64
51,1,29,2011,191499.65
51,1,30,2011,53084.51
51,1,31,2011,195.78
51,1,33,2011,303737.56
51,1,39,2011,2078432.67
51,1,41,2011,1054365.68
51,1,62,2011,33.61
51,3,0,2011,361.43
51,3,3,2011,6563264.2
51,3,4,2011,9905657.86
51,3,6,2011,140.78
51,3,7,2011,0.77
51,3,9,2011,46427.65
51,3,11,2011,2585626.3
51,3,12,2011,1400888.16
51,3,15,2011,7165785.93
51,3,20,2011,15575.64
51,3,21,2011,227448.53
51,3,24,2011,67821.57
51,3,25,2011,11413.15
51,3,29,2011,93583.53
51,3,30,2011,13748.73
51,3,31,2011,957.03
51,3,33,2011,184296.04
51,3,39,2011,4330941.87
51,3,41,2011,1124430.26
51,3,62,2011,35185.91
51,6,0,2011,402.17
51,6,3,2011,730910.86
51,6,4,2011,1304928.15
51,6,7,2011,193626.97
51,6,9,2011,57.62
51,6,11,2011,576081.5
51,6,12,2011,1182837.12
51,6,15,2011,618123.36
51,6,20,2011,0.0
51,6,21,2011,27679.93
51,6,24,2011,2816.36
51,6,25,2011,318.58
51,6,29,2011,0.09
51,6,30,2011,37.83
51,6,31,2011,7.79
51,6,33,2011,711327.97
51,6,39,2011,185.41
51,6,41,2011,2125.27
52,3,3,2011,5596785.08
52,3,4,2011,5682141.43
52,3,9,2011,86208.65
52,3,11,2011,512976.65
52,3,12,2011,609617.25
52,3,15,2011,15124468.85
52,3,20,2011,456613.04
52,3,21,2011,772581.92
52,3,24,2011,187961.23
52,3,25,2011,11437.77
52,3,29,2011,151753.29
52,3,30,2011,7207.81
52,3,31,2011,136.87
52,3,33,2011,367854.11
52,3,39,2011,2885987.41
52,3,40,2011,2918.51
52,3,41,2011,1005493.7
52,3,46,2011,1608.89
52,3,47,2011,396.19
52,3,48,2011,38.51
52,3,62,2011,6158.99
52,3,75,2011,0.0
52,4,3,2011,70289.24
52,4,4,2011,12.93
52,4,9,2011,234.05
52,4,11,2011,31.98
52,4,12,2011,0.0
52,4,15,2011,321794.06
52,4,20,2011,29145.62
52,4,21,2011,29257.82
52,4,24,2011,893.49
52,4,25,2011,474.05
52,4,31,2011,0.34
52,4,33,2011,76787.22
52,4,39,2011,8063.04
52,4,41,2011,16954.26
53,3,3,2011,76255.2
53,3,4,2011,187379.46
53,3,9,2011,917.78
53,3,11,2011,3094.03
53,3,12,2011,26786.4
53,3,15,2011,99066.51
53,3,21,2011,7797.92
53,3,24,2011,64911.4
53,3,25,2011,1078.99
53,3,30,2011,527.88
53,3,31,2011,39.69
53,3,33,2011,6744.38
53,3,39,2011,86673.37
53,3,41,2011,14685.92
53,3,46,2011,116.52
53,3,48,2011,2.15
53,3,62,2011,13.44
11,1,0,2012,0.87
11,1,3,2012,13479471.42
11,1,4,2012,472966.89
11,1,6,2012,778117.49
11,1,9,2012,172.39
11,1,11,2012,673902.83
11,1,12,2012,254915.77
11,1,15,2012,7000576.53
11,1,21,2012,295318.56
11,1,24,2012,49695.18
11,1,25,2012,50847.42
11,1,29,2012,54381.1
11,1,30,2012,15168.27
11,1,31,2012,3213.11
11,1,33,2012,247309.5
11,1,39,2012,40007.86
11,1,41,2012,83667.63
11,1,75,2012,0.0
11,3,0,2012,16.51
11,3,3,2012,141549.2
11,3,4,2012,68333.19
11,3,9,2012,465.31
11,3,11,2012,750.09
11,3,12,2012,5637.23
11,3,15,2012,15746.8
11,3,21,2012,1893.48
11,3,24,2012,3767.33
11,3,25,2012,261.77
11,3,29,2012,0.0
11,3,33,2012,123.77
11,3,39,2012,23832.9
11,3,41,2012,1174.55
12,1,3,2012,14502475.09
12,1,4,2012,2647.13
12,1,6,2012,72142.34
12,1,11,2012,2953.88
12,1,12,2012,1901.45
12,1,15,2012,1655485.74
12,1,21,2012,35518.68
12,1,24,2012,23590.83
12,1,25,2012,27476.46
12,1,31,2012,192.56
12,1,33,2012,58152.93
12,1,39,2012,0.0
12,1,41,2012,469.33
13,1,3,2012,124210733.58
13,1,4,2012,226870.67
13,1,6,2012,22614982.35
13,1,11,2012,1574096.65
13,1,12,2012,591980.87
13,1,15,2012,1181375.65
13,1,20,2012,4381.74
13,1,21,2012,117055.89
13,1,24,2012,57921.27
13,1,25,2012,39016.11
13,1,29,2012,2177.16
13,1,30,2012,13904.88
13,1,31,2012,104.0
13,1,33,2012,5192680.53
13,1,35,2012,148.17
13,1,39,2012,32.99
13,1,41,2012,1051.77
14,1,3,2012,14091827.84
14,1,4,2012,277323.58
14,1,6,2012,2589054.46
14,1,9,2012,154.34
14,1,11,2012,1232861.09
14,1,12,2012,2869397.32
14,1,15,2012,616639.54
14,1,21,2012,95435.1
14,1,24,2012,18387.38
14,1,25,2012,7074.83
14,1,29,2012,81888.29
14,1,30,2012,2064.26
14,1,31,2012,747.37
14,1,33,2012,410564.07
14,1,35,2012,164.01
14,1,39,2012,2301.54
14,1,41,2012,20692.44
15,1,0,2012,8.04
15,1,3,2012,88850102.44
15,1,4,2012,1272744.23
15,1,5,2012,231693.35
15,1,6,2012,7089183.49
15,1,9,2012,64953.49
15,1,11,2012,2234234.18
15,1,12,2012,990672.88
15,1,15,2012,16868130.07
15,1,20,2012,0.0
15,1,21,2012,678875.08
15,1,23,2012,2389.6
15,1,24,2012,138675.37
15,1,25,2012,68116.75
15,1,29,2012,227802.6
15,1,30,2012,103824.21
15,1,31,2012,182.97
15,1,32,2012,2391.1
15,1,33,2012,4498853.83
15,1,35,2012,105992.2
15,1,39,2012,61722.82
15,1,40,2012,165.72
15,1,41,2012,179834.52
15,3,0,2012,73.16
15,3,3,2012,189477.33
15,3,4,2012,198892.75
15,3,6,2012,114.72
15,3,9,2012,0.0
15,3,11,2012,69934.99
15,3,12,2012,134185.07
15,3,15,2012,246262.69
15,3,21,2012,2486.52
15,3,24,2012,1896.83
15,3,25,2012,150.36
15,3,29,2012,1.33
15,3,30,2012,43.39
15,3,31,2012,0.0
15,3,33,2012,24564.91
15,3,39,2012,2083.56
15,3,41,2012,834.58
16,1,3,2012,9949036.23
16,1,4,2012,3248.86
16,1,5,2012,96438.3
16,1,6,2012,1580618.66
16,1,9,2012,84910.47
16,1,11,2012,1988125.45
16,1,12,2012,27777.39
16,1,15,2012,29678.77
16,1,21,2012,11584.62
16,1,24,2012,14599.37
16,1,25,2012,2871.1
16,1,30,2012,4323.97
16,1,31,2012,3.31
16,1,33,2012,397046.27
16,1,39,2012,305.02
16,1,41,2012,1192.97
17,1,0,2012,1.86
17,1,3,2012,386885.12
17,1,4,2012,17164.54
17,1,6,2012,132937.79
17,1,9,2012,72.48
17,1,11,2012,24114.93
17,1,12,2012,61191.59
17,1,15,2012,1592429.48
17,1,21,2012,169088.67
17,1,24,2012,2749.05
17,1,25,2012,1571.16
17,1,29,2012,28881.74
17,1,30,2012,31.2
17,1,31,2012,0.0
17,1,33,2012,41876.53
17,1,39,2012,9.92
17,1,40,2012,0.0
17,1,41,2012,2551.65
17,3,0,2012,14.28
17,3,3,2012,5663570.32
17,3,4,2012,9599143.16
17,3,6,2012,15.16
17,3,9,2012,16360.69
17,3,11,2012,2166177.24
17,3,12,2012,1532780.88
17,3,15,2012,5173975.95
17,3,20,2012,1533.99
17,3,21,2012,180402.01
17,3,23,2012,360.65
17,3,24,2012,52162.88
17,3,25,2012,10933.43
17,3,29,2012,41057.32
17,3,30,2012,339.42
17,3,31,2012,110.39
17,3,33,2012,295976.28
17,3,39,2012,419557.06
17,3,40,2012,45943.17
17,3,41,2012,78331.21
17,3,62,2012,2050.35
17,3,75,2012,0.0
21,1,0,2012,1.07
21,1,3,2012,4582134.76
21,1,4,2012,123342.93
21,1,5,2012,407122.07
21,1,6,2012,384689.42
21,1,9,2012,66530.08
21,1,11,2012,472293.79
21,1,12,2012,65987.64
21,1,15,2012,4686862.99
21,1,21,2012,55307.94
21,1,23,2012,5854.64
21,1,24,2012,55327.41
21,1,25,2012,13796.39
21,1,29,2012,91.93
21,1,30,2012,6787.52
21,1,31,2012,201.82
21,1,32,2012,30749.38
21,1,33,2012,263280.64
21,1,39,2012,1095.07
21,1,41,2012,18262.59
21,1,50,2012,2.68
21,3,0,2012,44.04
21,3,3,2012,10292760.94
21,3,4,2012,6124329.79
21,3,5,2012,66864.08
21,3,6,2012,51.12
21,3,9,2012,40656.73
21,3,11,2012,133177.79
21,3,12,2012,758574.46
21,3,15,2012,2842677.84
21,3,20,2012,20891.99
21,3,21,2012,176074.19
21,3,23,2012,116894.53
21,3,24,2012,60738.89
21,3,25,2012,9296.21
21,3,29,2012,6760.92
21,3,30,2012,315.27
21,3,31,2012,198.33
21,3,32,2012,7757.25
21,3,33,2012,128253.93
21,3,39,2012,590732.85
21,3,41,2012,97028.16
21,3,48,2012,0.0
21,3,50,2012,232024.59
21,3,62,2012,0.0
21,3,91,2012,0.0
22,2,3,2012,1059019.47
22,2,4,2012,9151366.99
22,2,5,2012,5321.14
22,2,9,2012,84.29
22,2,11,2012,0.8
22,2,12,2012,15201.81
22,2,15,2012,1338048.92
22,2,21,2012,103329.33
22,2,23,2012,16564.7
22,2,24,2012,28298.86
22,2,25,2012,19158.01
22,2,29,2012,14452.86
22,2,31,2012,1224.66
22,2,32,2012,2062.01
22,2,33,2012,27247.08
22,2,39,2012,452.94
22,2,41,2012,84684.33
22,2,48,2012,2494.46
22,2,50,2012,4368.95
22,2,62,2012,0.0
22,2,75,2012,0.0
22,2,91,2012,0.0
22,3,3,2012,2335800.8
22,3,4,2012,9089484.94
22,3,5,2012,3.3
22,3,9,2012,2261.93
22,3,11,2012,90274.56
22,3,12,2012,297403.24
22,3,15,2012,550758.42
22,3,20,2012,8224.91
22,3,21,2012,44930.35
22,3,23,2012,12.86
22,3,24,2012,45938.08
22,3,25,2012,22345.27
22,3,29,2012,76204.16
22,3,30,2012,530.23
22,3,31,2012,53.96
22,3,33,2012,56185.05
22,3,39,2012,409861.26
22,3,41,2012,271098.56
22,3,48,2012,72.54
22,3,62,2012,174.43
22,3,75,2012,0.0
23,2,3,2012,811965.07
23,2,4,2012,10392119.63
23,2,5,2012,17707.06
23,2,9,2012,1.34
23,2,12,2012,60.53
23,2,15,2012,2498060.26
23,2,21,2012,271271.06
23,2,23,2012,64532.35
23,2,24,2012,128754.66
23,2,25,2012,21401.21
23,2,29,2012,1896.51
23,2,30,2012,1422.22
23,2,31,2012,7389.11
23,2,32,2012,5349.58
23,2,33,2012,227943.63
23,2,39,2012,12.29
23,2,41,2012,148953.51
23,2,48,2012,283127.41
23,2,50,2012,4897.15
23,2,75,2012,0.0
23,2,91,2012,0.0
24,2,3,2012,56211.8
24,2,4,2012,2851372.91
24,2,5,2012,5819.2
24,2,11,2012,0.44
24,2,12,2012,8124.64
24,2,13,2012,12788.45
24,2,15,2012,1399394.26
24,2,20,2012,3569.81
24,2,21,2012,225377.93
24,2,23,2012,34642.51
24,2,24,2012,46233.22
24,2,25,2012,4981.57
24,2,29,2012,4694.1
24,2,30,2012,2.23
24,2,31,2012,34733.66
24,2,32,2012,4444.07
24,2,33,2012,76784.41
24,2,41,2012,274250.2
24,2,48,2012,28183.85
24,2,49,2012,0.09
24,2,50,2012,3042.2
24,2,75,2012,0.0
24,2,91,2012,0.0
24,4,3,2012,25403.6
24,4,4,2012,951.43
24,4,5,2012,7591.99
24,4,9,2012,7.74
24,4,11,2012,4773.54
24,4,12,2012,0.0
24,4,15,2012,10861.41
24,4,20,2012,29725.53
24,4,21,2012,42792.69
24,4,23,2012,7516.08
24,4,24,2012,14559.78
24,4,25,2012,13.78
24,4,31,2012,2289.96
24,4,32,2012,710.04
24,4,33,2012,7883.91
24,4,41,2012,34568.07
24,4,48,2012,139.04
24,4,49,2012,711.56
24,4,50,2012,14310.59
24,4,91,2012,0.0
25,2,3,2012,65691.67
25,2,4,2012,3298559.42
25,2,11,2012,0.0
25,2,12,2012,7429.31
25,2,13,2012,2928.1
25,2,15,2012,1669087.96
25,2,20,2012,18728.59
25,2,21,2012,76982.91
25,2,24,2012,31131.83
25,2,25,2012,8863.97
25,2,29,2012,4483.26
25,2,30,2012,8.53
25,2,31,2012,2.84
25,2,33,2012,49982.16
25,2,41,2012,1867.64
25,2,48,2012,126.13
25,2,75,2012,0.0
25,2,91,2012,0.0
25,4,3,2012,63279.91
25,4,4,2012,13619.03
25,4,5,2012,11834.24
25,4,9,2012,581.09
25,4,11,2012,11965.84
25,4,15,2012,67786.94
25,4,20,2012,113018.6
25,4,21,2012,69980.93
25,4,23,2012,745.98
25,4,24,2012,18842.77
25,4,25,2012,121.12
25,4,30,2012,160.28
25,4,31,2012,453.9
25,4,32,2012,216.78
25,4,33,2012,5293.84
25,4,41,2012,32424.8
25,4,48,2012,0.0
25,4,50,2012,166.47
25,4,75,2012,0.0
25,4,91,2012,0.0
26,2,3,2012,51306.03
26,2,4,2012,5265791.58
26,2,12,2012,24379.02
26,2,13,2012,95657.64
26,2,15,2012,2412807.79
26,2,20,2012,716.37
26,2,21,2012,93676.38
26,2,24,2012,55706.25
26,2,25,2012,20825.17
26,2,29,2012,1129.68
26,2,30,2012,435.37
26,2,31,2012,9.28
26,2,33,2012,99862.91
26,2,41,2012,79334.27
26,2,48,2012,57220.43
26,2,75,2012,0.0
26,2,91,2012,0.0
26,4,3,2012,213137.96
26,4,4,2012,112952.22
26,4,5,2012,15204.01
26,4,9,2012,23.03
26,4,11,2012,3989.97
26,4,15,2012,605560.47
26,4,20,2012,424054.71
26,4,21,2012,101145.43
26,4,23,2012,306.6
26,4,24,2012,48806.94
26,4,25,2012,814.26
26,4,30,2012,699.11
26,4,31,2012,568.72
26,4,32,2012,667.97
26,4,33,2012,17161.37
26,4,41,2012,3.1
26,4,50,2012,4.24
26,4,75,2012,0.0
26,4,91,2012,0.0
27,2,3,2012,6805.37
27,2,4,2012,387130.42
27,2,9,2012,2.03
27,2,11,2012,0.0
27,2,12,2012,51.39
27,2,13,2012,0.0
27,2,15,2012,897083.18
27,2,20,2012,560.58
27,2,21,2012,5118.54
27,2,24,2012,7671.8
27,2,25,2012,455.43
27,2,29,2012,16.42
27,2,30,2012,0.0
27,2,31,2012,16.4
27,2,33,2012,12334.51
27,2,41,2012,3805.12
27,2,48,2012,23.47
27,4,3,2012,180432.5
27,4,4,2012,43382.39
27,4,5,2012,4423.85
27,4,9,2012,17.64
27,4,11,2012,16920.15
27,4,12,2012,0.0
27,4,15,2012,597914.61
27,4,20,2012,508957.78
27,4,21,2012,42737.31
27,4,23,2012,4150.36
27,4,24,2012,22946.2
27,4,25,2012,209.02
27,4,29,2012,0.0
27,4,31,2012,0.0
27,4,32,2012,40.38
27,4,33,2012,24306.54
27,4,41,2012,28.92
27,4,49,2012,2778.44
27,4,50,2012,11817.5
28,2,3,2012,24058.65
28,2,4,2012,311104.51
28,2,9,2012,36.41
28,2,12,2012,450.33
28,2,15,2012,830358.32
28,2,20,2012,17.32
28,2,21,2012,268.36
28,2,24,2012,5036.6
28,2,25,2012,962.59
28,2,30,2012,55.46
28,2,31,2012,26.63
28,2,33,2012,9263.23
28,2,41,2012,32086.78
28,4,3,2012,101761.59
28,4,4,2012,3115.69
28,4,5,2012,22237.3
28,4,9,2012,2085.41
28,4,11,2012,21561.76
28,4,12,2012,16006.48
28,4,15,2012,633276.41
28,4,20,2012,10396.22
28,4,21,2012,61916.65
28,4,23,2012,7772.64
28,4,24,2012,20744.19
28,4,25,2012,374.96
28,4,29,2012,2.64
28,4,30,2012,630.01
28,4,31,2012,1074.55
28,4,32,2012,2207.48
28,4,33,2012,25871.53
28,4,41,2012,405.82
28,4,49,2012,927.88
28,4,50,2012,46349.28
28,4,91,2012,0.0
29,2,3,2012,1141236.56
29,2,4,2012,20107209.92
29,2,9,2012,6783.33
29,2,11,2012,0.0
29,2,12,2012,216071.49
29,2,13,2012,376565.71
29,2,15,2012,10880873.38
29,2,20,2012,19939.55
29,2,21,2012,1427098.22
29,2,23,2012,61548.0
29,2,24,2012,106310.58
29,2,25,2012,62142.7
29,2,29,2012,86343.66
29,2,30,2012,4535.87
29,2,31,2012,8.75
29,2,33,2012,436731.69
29,2,39,2012,1564.22
29,2,41,2012,151470.43
29,2,46,2012,6723.37
29,2,48,2012,42556.26
29,2,62,2012,0.0
29,2,75,2012,0.0
29,2,91,2012,0.0
29,3,3,2012,298007.24
29,3,4,2012,6664716.98
29,3,9,2012,10255.43
29,3,11,2012,138505.63
29,3,12,2012,497386.85
29,3,15,2012,495308.87
29,3,21,2012,163451.08
29,3,24,2012,11897.85
29,3,25,2012,9405.1
29,3,29,2012,9454.77
29,3,31,2012,5.85
29,3,33,2012,7340.65
29,3,39,2012,941712.26
29,3,41,2012,996779.19
29,3,46,2012,17328.88
29,3,48,2012,1306.42
29,3,62,2012,80816.78
29,3,75,2012,0.0
29,3,91,2012,0.0
29,4,3,2012,3200741.42
29,4,4,2012,743354.79
29,4,5,2012,72106.13
29,4,9,2012,574308.5
29,4,11,2012,130810.6
29,4,12,2012,20787.28
29,4,15,2012,5169034.56
29,4,20,2012,5844.02
29,4,21,2012,607296.49
29,4,23,2012,8973.07
29,4,24,2012,107805.84
29,4,25,2012,2777.14
29,4,29,2012,5755.07
29,4,30,2012,1634.74
29,4,31,2012,1586.2
29,4,32,2012,5970.97
29,4,33,2012,196798.79
29,4,41,2012,1416.87
29,4,46,2012,22538.13
29,4,48,2012,134.7
29,4,49,2012,16470.39
29,4,50,2012,96265.33
31,2,3,2012,90446.55
31,2,4,2012,1652544.55
31,2,9,2012,5797.38
31,2,11,2012,0.0
31,2,12,2012,666.76
31,2,15,2012,1428198.33
31,2,20,2012,5966.97
31,2,21,2012,10025.84
31,2,24,2012,10050.88
31,2,25,2012,4237.81
31,2,29,2012,3174.58
31,2,30,2012,75.95
31,2,33,2012,23793.58
31,2,39,2012,139.14
31,2,41,2012,16829.88
31,2,46,2012,1355.61
31,2,48,2012,7656.48
31,2,62,2012,0.0
31,2,75,2012,0.0
31,3,0,2012,62.82
31,3,3,2012,4130671.55
31,3,4,2012,8652280.41
31,3,9,2012,1249837.12
31,3,11,2012,467691.8
31,3,12,2012,1499863.57
31,3,15,2012,10684948.21
31,3,20,2012,646411.48
31,3,21,2012,978769.49
31,3,24,2012,144546.66
31,3,25,2012,33123.8
31,3,29,2012,669069.61
31,3,30,2012,13654.87
31,3,31,2012,69.09
31,3,33,2012,428506.56
31,3,39,2012,837736.32
31,3,41,2012,1064378.12
31,3,46,2012,258521.22
31,3,47,2012,34075.14
31,3,48,2012,2654.39
31,3,62,2012,369.58
31,3,75,2012,0.0
31,4,3,2012,5743566.49
31,4,4,2012,2129854.43
31,4,9,2012,498040.46
31,4,11,2012,14648.96
31,4,12,2012,1024867.19
31,4,15,2012,11625138.5
31,4,20,2012,89968.52
31,4,21,2012,1003017.97
31,4,23,2012,18.1
31,4,24,2012,227897.06
31,4,25,2012,9053.29
31,4,29,2012,38860.92
31,4,30,2012,40263.55
31,4,31,2012,9.76
31,4,33,2012,282261.37
31,4,39,2012,25912.28
31,4,41,2012,333826.44
31,4,46,2012,500843.32
31,4,47,2012,4434.3
31,4,48,2012,694.79
32,4,3,2012,1041059.88
32,4,4,2012,6041.75
32,4,5,2012,7444.1
32,4,9,2012,225950.74
32,4,11,2012,140002.94
32,4,12,2012,87419.48
32,4,15,2012,2453330.66
32,4,20,2012,4734.79
32,4,21,2012,283567.39
32,4,23,2012,5790.13
32,4,24,2012,64319.95
32,4,25,2012,2441.78
32,4,29,2012,29115.63
32,4,31,2012,10.14
32,4,32,2012,398.28
32,4,33,2012,48132.26
32,4,41,2012,27558.34
32,4,46,2012,132423.73
32,4,48,2012,318.16
32,4,49,2012,17763.69
32,4,50,2012,28120.07
33,4,3,2012,1286057.87
33,4,4,2012,754.03
33,4,5,2012,10029.4
33,4,9,2012,6214.4
33,4,11,2012,117773.03
33,4,12,2012,114602.05
33,4,15,2012,2015425.41
33,4,20,2012,194.42
33,4,21,2012,253720.15
33,4,23,2012,21054.61
33,4,24,2012,210912.5
33,4,25,2012,4579.37
33,4,29,2012,5236.42
33,4,30,2012,2356.82
33,4,31,2012,2325.78
33,4,32,2012,950.8
33,4,33,2012,99829.41
33,4,39,2012,51.96
33,4,41,2012,139900.22
33,4,46,2012,0.0
33,4,48,2012,0.0
33,4,49,2012,27922.9
33,4,50,2012,52165.33
33,4,91,2012,0.0
35,3,3,2012,879308.47
35,3,4,2012,34847.32
35,3,9,2012,444876.44
35,3,11,2012,106512.0
35,3,12,2012,3707.06
35,3,15,2012,993442.12
35,3,20,2012,2373832.02
35,3,21,2012,706548.52
35,3,24,2012,109863.24
35,3,25,2012,7704.98
35,3,30,2012,542.78
35,3,31,2012,33.04
35,3,33,2012,117435.48
35,3,39,2012,394630.81
35,3,41,2012,75839.63
35,3,46,2012,40218.29
35,3,47,2012,215108.63
35,3,48,2012,13440.14
35,3,62,2012,0.0
35,4,3,2012,3648336.07
35,4,4,2012,9.6
35,4,5,2012,18545.37
35,4,9,2012,454039.93
35,4,11,2012,280012.05
35,4,12,2012,66832.19
35,4,15,2012,5661156.41
35,4,20,2012,3466556.77
35,4,21,2012,2405736.67
35,4,23,2012,1756.84
35,4,24,2012,592692.43
35,4,25,2012,14026.77
35,4,29,2012,125.19
35,4,30,2012,6097.57
35,4,31,2012,1566.77
35,4,32,2012,304.91
35,4,33,2012,506289.72
35,4,39,2012,406137.08
35,4,40,2012,49.79
35,4,41,2012,340343.14
35,4,46,2012,58530.39
35,4,47,2012,123654.62
35,4,48,2012,10700.12
35,4,49,2012,232410.53
35,4,50,2012,4960.75
35,4,62,2012,0.0
35,4,75,2012,0.0
41,3,3,2012,71430.28
41,3,4,2012,8.01
41,3,9,2012,65428.6
41,3,11,2012,1104.51
41,3,12,2012,41819.36
41,3,15,2012,13218.0
41,3,21,2012,2265.71
41,3,24,2012,2059.54
41,3,25,2012,215.81
41,3,29,2012,4223.39
41,3,33,2012,324.86
41,3,39,2012,104443.65
41,3,41,2012,5832.08
41,3,46,2012,0.0
41,3,47,2012,35.53
41,3,48,2012,0.0
41,4,3,2012,4975066.42
41,4,5,2012,20099.15
41,4,9,2012,998717.58
41,4,11,2012,211328.75
41,4,12,2012,45362.11
41,4,15,2012,4422845.03
41,4,20,2012,612000.64
41,4,21,2012,1688323.81
41,4,23,2012,706.43
41,4,24,2012,261943.42
41,4,25,2012,8177.24
41,4,29,2012,79.6
41,4,30,2012,3984.41
41,4,31,2012,365.4
41,4,32,2012,315.31
41,4,33,2012,395676.97
41,4,39,2012,4726312.41
41,4,40,2012,4015.39
41,4,41,2012,1059673.55
41,4,46,2012,36133.83
41,4,47,2012,4862.18
41,4,48,2012,1739.71
41,4,49,2012,132036.78
41,4,50,2012,4808.81
41,4,62,2012,0.0
42,4,3,2012,3873809.99
42,4,5,2012,8200.82
42,4,9,2012,981225.21
42,4,11,2012,17506.95
42,4,12,2012,736644.33
42,4,15,2012,1193470.13
42,4,21,2012,963044.15
42,4,23,2012,6140.33
42,4,24,2012,187168.93
42,4,25,2012,4409.71
42,4,29,2012,0.0
42,4,30,2012,2133.05
42,4,31,2012,193.2
42,4,32,2012,474.91
42,4,33,2012,138533.65
42,4,39,2012,402146.38
42,4,40,2012,130441.37
42,4,41,2012,776305.4
42,4,48,2012,2462.87
42,4,49,2012,87648.99
42,4,50,2012,17868.75
42,4,84,2012,23.38
42,4,91,2012,0.0
43,4,3,2012,2756350.89
43,4,9,2012,322706.81
43,4,11,2012,2432.66
43,4,12,2012,1185244.66
43,4,15,2012,605532.95
43,4,21,2012,933859.9
43,4,23,2012,518.52
43,4,24,2012,116496.41
43,4,25,2012,4025.94
43,4,29,2012,2.28
43,4,30,2012,8.12
43,4,31,2012,12.7
43,4,33,2012,117155.39
43,4,39,2012,2025645.72
43,4,40,2012,39680.2
43,4,41,2012,609880.63
43,4,48,2012,41010.25
43,4,49,2012,2288.09
43,4,50,2012,6220.37
43,4,84,2012,5.55
43,4,91,2012,0.0
43,5,3,2012,2289966.46
43,5,9,2012,623979.77
43,5,11,2012,362889.61
43,5,12,2012,6970284.41
43,5,15,2012,153.42
43,5,21,2012,1272405.69
43,5,23,2012,142547.1
43,5,24,2012,127994.19
43,5,25,2012,47646.08
43,5,29,2012,23768.66
43,5,30,2012,3282.9
43,5,31,2012,197.68
43,5,33,2012,1828468.48
43,5,39,2012,3033451.6
43,5,40,2012,489754.52
43,5,41,2012,2021813.45
43,5,48,2012,381.1
43,5,49,2012,19520.93
43,5,50,2012,127705.04
43,5,84,2012,7305.04
43,5,91,2012,0.0
50,3,3,2012,3851545.84
50,3,4,2012,1177483.33
50,3,7,2012,0.08
50,3,9,2012,480997.89
50,3,11,2012,537661.33
50,3,12,2012,137629.43
50,3,15,2012,13229898.53
50,3,20,2012,234655.17
50,3,21,2012,544558.45
50,3,24,2012,55363.19
50,3,25,2012,3518.0
50,3,29,2012,4061.15
50,3,30,2012,421.22
50,3,31,2012,173.93
50,3,33,2012,78785.32
50,3,39,2012,1486048.28
50,3,40,2012,1399.09
50,3,41,2012,393667.44
50,3,47,2012,92.93
50,3,62,2012,6819.34
50,4,3,2012,372491.0
50,4,4,2012,21.34
50,4,9,2012,3572.88
50,4,11,2012,367944.71
50,4,12,2012,18.75
50,4,15,2012,1700809.44
50,4,20,2012,152080.24
50,4,21,2012,147655.78
50,4,24,2012,15381.48
50,4,25,2012,2490.3
50,4,31,2012,341.18
50,4,33,2012,252823.8
50,4,39,2012,482080.3
50,4,40,2012,0.0
50,4,41,2012,244541.2
50,4,47,2012,126.66
50,4,48,2012,19.87
50,6,0,2012,0.43
50,6,3,2012,1497586.12
50,6,4,2012,2079675.37
50,6,7,2012,82692.99
50,6,9,2012,17.84
50,6,11,2012,602368.32
50,6,12,2012,3995307.96
50,6,13,2012,0.0
50,6,15,2012,961529.91
50,6,21,2012,15546.84
50,6,24,2012,3023.38
50,6,25,2012,237.62
50,6,29,2012,3208.16
50,6,30,2012,675.03
50,6,33,2012,490929.72
50,6,39,2012,596.78
50,6,40,2012,6209.95
50,6,41,2012,2886.59
51,1,0,2012,475.43
51,1,3,2012,28400832.43
51,1,4,2012,841945.24
51,1,6,2012,3084021.65
51,1,7,2012,0.0
51,1,9,2012,32333.51
51,1,11,2012,955982.25
51,1,12,2012,563012.52
51,1,15,2012,12268770.3
51,1,20,2012,73994.56
51,1,21,2012,965077.56
51,1,24,2012,46153.31
51,1,25,2012,43931.37
51,1,29,2012,191499.95
51,1,30,2012,53916.48
51,1,31,2012,272.01
51,1,33,2012,304397.79
51,1,39,2012,2220254.48
51,1,41,2012,1144448.0
51,1,62,2012,63.33
51,3,0,2012,367.96
51,3,3,2012,6575043.02
51,3,4,2012,9828807.36
51,3,6,2012,140.51
51,3,7,2012,0.0
51,3,9,2012,59309.79
51,3,11,2012,2578751.98
51,3,12,2012,1395093.88
51,3,15,2012,7169168.62
51,3,20,2012,19400.96
51,3,21,2012,245145.06
51,3,24,2012,69486.81
51,3,25,2012,10858.61
51,3,29,2012,93586.13
51,3,30,2012,13829.43
51,3,31,2012,1067.2
51,3,33,2012,181686.88
51,3,39,2012,4600143.1
51,3,41,2012,908196.16
51,3,62,2012,23471.87
51,6,0,2012,396.49
51,6,3,2012,728219.48
51,6,4,2012,1456338.76
51,6,7,2012,33460.21
51,6,9,2012,64.31
51,6,11,2012,401114.79
51,6,12,2012,1755637.33
51,6,15,2012,628199.74
51,6,20,2012,0.0
51,6,21,2012,25624.74
51,6,24,2012,2823.41
51,6,25,2012,329.07
51,6,29,2012,0.09
51,6,30,2012,39.03
51,6,31,2012,20.54
51,6,33,2012,317824.09
51,6,39,2012,177.85
51,6,41,2012,1197.04
52,3,3,2012,5624159.07
52,3,4,2012,5579933.86
52,3,9,2012,105197.4
52,3,11,2012,507782.33
52,3,12,2012,599997.63
52,3,15,2012,15094594.52
52,3,20,2012,508007.27
52,3,21,2012,811723.79
52,3,24,2012,191646.28
52,3,25,2012,11393.75
52,3,29,2012,151796.98
52,3,30,2012,7638.35
52,3,31,2012,172.25
52,3,33,2012,365134.86
52,3,39,2012,3107717.31
52,3,40,2012,2917.93
52,3,41,2012,794049.72
52,3,46,2012,2056.89
52,3,47,2012,419.53
52,3,48,2012,31.26
52,3,62,2012,3975.15
52,3,75,2012,0.0
52,4,3,2012,70763.7
52,4,4,2012,12.67
52,4,9,2012,271.47
52,4,11,2012,30.37
52,4,12,2012,0.51
52,4,15,2012,316972.11
52,4,20,2012,38383.61
52,4,21,2012,32175.38
52,4,24,2012,928.86
52,4,25,2012,782.18
52,4,31,2012,2.72
52,4,33,2012,72363.56
52,4,39,2012,9686.99
52,4,41,2012,11563.97
53,3,3,2012,78607.91
53,3,4,2012,184907.28
53,3,9,2012,1197.37
53,3,11,2012,3070.65
53,3,12,2012,26249.07
53,3,15,2012,97809.89
53,3,21,2012,8707.85
53,3,24,2012,65406.37
53,3,25,2012,1156.59
53,3,30,2012,505.03
53,3,31,2012,31.0
53,3,33,2012,6725.34
53,3,39,2012,91790.33
53,3,41,2012,9794.1
53,3,46,2012,132.29
53,3,48,2012,0.0
53,3,62,2012,0.0
11,1,0,2013,1.14
11,1,3,2013,13396281.73
11,1,4,2013,472785.35
11,1,6,2013,776116.75
11,1,9,2013,366.38
11,1,11,2013,676344.83
11,1,12,2013,253564.77
11,1,15,2013,7072001.1
11,1,21,2013,278680.22
11,1,24,2013,50438.08
11,1,25,2013,53182.8
11,1,29,2013,54353.79
11,1,30,2013,15471.68
11,1,31,2013,4254.38
11,1,33,2013,247469.22
11,1,39,2013,53577.81
11,1,41,2013,94842.79
11,1,75,2013,0.0
11,3,0,2013,18.26
11,3,3,2013,141060.9
11,3,4,2013,68268.45
11,3,9,2013,491.24
11,3,11,2013,803.79
11,3,12,2013,5590.85
11,3,15,2013,16137.67
11,3,21,2013,1926.01
11,3,24,2013,3788.45
11,3,25,2013,236.56
11,3,29,2013,0.0
11,3,33,2013,125.6
11,3,39,2013,21970.78
11,3,41,2013,3133.58
12,1,3,2013,14469444.96
12,1,4,2013,2651.29
12,1,6,2013,71919.57
12,1,11,2013,2932.82
12,1,12,2013,1979.1
12,1,15,2013,1685720.54
12,1,21,2013,35059.93
12,1,24,2013,23808.32
12,1,25,2013,30348.07
12,1,31,2013,242.84
12,1,33,2013,58490.25
12,1,39,2013,0.0
12,1,41,2013,408.74
13,1,3,2013,124173759.61
13,1,4,2013,226897.49
13,1,6,2013,22623257.16
13,1,11,2013,1673448.06
13,1,12,2013,592543.94
13,1,15,2013,1211517.63
13,1,20,2013,4390.05
13,1,21,2013,120349.88
13,1,24,2013,58382.97
13,1,25,2013,43318.15
13,1,29,2013,2177.61
13,1,30,2013,13903.15
13,1,31,2013,133.46
13,1,33,2013,5083465.25
13,1,35,2013,90.8
13,1,39,2013,9.82
13,1,41,2013,869.26
14,1,3,2013,14076984.1
14,1,4,2013,281009.21
14,1,6,2013,2591948.21
14,1,9,2013,302.08
14,1,11,2013,1271506.15
14,1,12,2013,2860966.47
14,1,15,2013,633589.12
14,1,21,2013,99234.36
14,1,24,2013,18584.42
14,1,25,2013,6656.13
14,1,29,2013,81889.26
14,1,30,2013,2066.31
14,1,31,2013,981.27
14,1,33,2013,362785.57
14,1,35,2013,200.22
14,1,39,2013,5935.29
14,1,41,2013,21939.28
15,1,0,2013,6.72
15,1,3,2013,88642790.25
15,1,4,2013,1271605.74
15,1,5,2013,231774.86
15,1,6,2013,7098186.04
15,1,9,2013,78313.7
15,1,11,2013,2309775.37
15,1,12,2013,989294.02
15,1,15,2013,16949459.86
15,1,20,2013,0.0
15,1,21,2013,689794.21
15,1,23,2013,2232.54
15,1,24,2013,141126.87
15,1,25,2013,68660.53
15,1,29,2013,227782.08
15,1,30,2013,107041.05
15,1,31,2013,201.0
15,1,32,2013,2000.83
15,1,33,2013,4412662.7
15,1,35,2013,146739.57
15,1,39,2013,78106.13
15,1,40,2013,250.63
15,1,41,2013,222744.22
15,3,0,2013,64.41
15,3,3,2013,188894.1
15,3,4,2013,191201.87
15,3,6,2013,111.45
15,3,9,2013,0.0
15,3,11,2013,69355.34
15,3,12,2013,134410.48
15,3,15,2013,254295.09
15,3,21,2013,2730.3
15,3,24,2013,1930.45
15,3,25,2013,370.78
15,3,29,2013,1.33
15,3,30,2013,45.16
15,3,31,2013,0.0
15,3,33,2013,24259.05
15,3,39,2013,2073.25
15,3,41,2013,1259.13
16,1,3,2013,9952605.35
16,1,4,2013,3349.54
16,1,5,2013,96439.38
16,1,6,2013,1580541.97
16,1,9,2013,85232.62
16,1,11,2013,2011783.38
16,1,12,2013,27482.05
16,1,15,2013,30719.56
16,1,21,2013,13277.75
16,1,24,2013,14705.17
16,1,25,2013,3016.07
16,1,30,2013,4406.74
16,1,31,2013,3.49
16,1,33,2013,366241.14
16,1,39,2013,772.92
16,1,41,2013,1183.64
17,1,0,2013,1.86
17,1,3,2013,391747.22
17,1,4,2013,18317.61
17,1,6,2013,135463.44
17,1,9,2013,226.3
17,1,11,2013,24159.45
17,1,12,2013,61190.89
17,1,15,2013,1582674.68
17,1,21,2013,164715.9
17,1,24,2013,2772.29
17,1,25,2013,1472.39
17,1,29,2013,28919.93
17,1,30,2013,31.29
17,1,31,2013,0.0
17,1,33,2013,41296.08
17,1,39,2013,2.48
17,1,40,2013,0.0
17,1,41,2013,8565.92
17,3,0,2013,18.1
17,3,3,2013,5671285.45
17,3,4,2013,9343576.38
17,3,6,2013,15.79
17,3,9,2013,40143.71
17,3,11,2013,2162211.55
17,3,12,2013,1522811.52
17,3,15,2013,5332358.97
17,3,20,2013,5369.17
17,3,21,2013,202111.35
17,3,23,2013,348.87
17,3,24,2013,53479.27
17,3,25,2013,13017.65
17,3,29,2013,41064.01
17,3,30,2013,330.12
17,3,31,2013,111.69
17,3,33,2013,291993.77
17,3,39,2013,411585.48
17,3,40,2013,58374.59
17,3,41,2013,129806.67
17,3,62,2013,781.76
17,3,75,2013,0.0
21,1,0,2013,1.16
21,1,3,2013,4498288.27
21,1,4,2013,121952.35
21,1,5,2013,406662.26
21,1,6,2013,374499.62
21,1,9,2013,68835.52
21,1,11,2013,463810.39
21,1,12,2013,65114.78
21,1,15,2013,4767451.27
21,1,21,2013,59228.12
21,1,23,2013,5627.79
21,1,24,2013,56696.05
21,1,25,2013,11889.13
21,1,29,2013,92.02
21,1,30,2013,7026.2
21,1,31,2013,207.42
21,1,32,2013,30280.15
21,1,33,2013,266714.87
21,1,39,2013,2906.48
21,1,41,2013,32436.23
21,1,50,2013,2.68
21,3,0,2013,41.45
21,3,3,2013,10191929.94
21,3,4,2013,6016105.21
21,3,5,2013,67393.45
21,3,6,2013,50.22
21,3,9,2013,67463.7
21,3,11,2013,133972.45
21,3,12,2013,759905.69
21,3,15,2013,2975433.61
21,3,20,2013,24432.26
21,3,21,2013,192013.4
21,3,23,2013,117281.04
21,3,24,2013,62659.26
21,3,25,2013,8642.06
21,3,29,2013,6762.25
21,3,30,2013,319.18
21,3,31,2013,227.15
21,3,32,2013,7385.49
21,3,33,2013,124748.27
21,3,39,2013,608577.11
21,3,41,2013,109624.6
21,3,48,2013,0.0
21,3,50,2013,231107.96
21,3,62,2013,28.13
21,3,91,2013,0.0
22,2,3,2013,1059002.73
22,2,4,2013,9142745.66
22,2,5,2013,5383.9
22,2,9,2013,697.34
22,2,11,2013,0.8
22,2,12,2013,15559.08
22,2,15,2013,1356672.09
22,2,21,2013,97048.81
22,2,23,2013,16931.82
22,2,24,2013,28689.31
22,2,25,2013,19484.92
22,2,29,2013,14467.07
22,2,31,2013,1163.32
22,2,32,2013,2017.37
22,2,33,2013,22655.33
22,2,39,2013,2095.18
22,2,41,2013,81352.13
22,2,48,2013,3012.33
22,2,50,2013,4399.12
22,2,62,2013,3.28
22,2,75,2013,0.0
22,2,91,2013,0.0
22,3,3,2013,2348192.11
22,3,4,2013,8953082.57
22,3,5,2013,3.57
22,3,9,2013,7589.78
22,3,11,2013,91396.91
22,3,12,2013,298850.77
22,3,15,2013,579821.83
22,3,20,2013,9489.28
22,3,21,2013,64904.93
22,3,23,2013,10.89
22,3,24,2013,47020.62
22,3,25,2013,18710.22
22,3,29,2013,76252.57
22,3,30,2013,557.83
22,3,31,2013,53.07
22,3,33,2013,54862.65
22,3,39,2013,450715.8
22,3,41,2013,299895.23
22,3,48,2013,107.6
22,3,62,2013,100.63
22,3,75,2013,0.0
23,2,3,2013,806314.46
23,2,4,2013,10368463.52
23,2,5,2013,17798.95
23,2,9,2013,1.25
23,2,12,2013,106.42
23,2,15,2013,2539076.57
23,2,21,2013,286599.03
23,2,23,2013,66719.99
23,2,24,2013,131697.37
23,2,25,2013,25058.33
23,2,29,2013,1893.92
23,2,30,2013,1514.61
23,2,31,2013,7504.95
23,2,32,2013,5634.99
23,2,33,2013,167624.61
23,2,39,2013,34.54
23,2,41,2013,173541.5
23,2,48,2013,282778.13
23,2,50,2013,4501.46
23,2,75,2013,0.0
23,2,91,2013,0.0
24,2,3,2013,55594.51
24,2,4,2013,2828807.48
24,2,5,2013,5879.76
24,2,11,2013,0.71
24,2,12,2013,15296.46
24,2,13,2013,8811.63
24,2,15,2013,1431568.37
24,2,20,2013,3837.49
24,2,21,2013,225339.08
24,2,23,2013,37093.99
24,2,24,2013,47379.67
24,2,25,2013,4933.45
24,2,29,2013,4723.09
24,2,30,2013,2.23
24,2,31,2013,34767.28
24,2,32,2013,4409.08
24,2,33,2013,56636.93
24,2,41,2013,280821.26
24,2,48,2013,26117.02
24,2,49,2013,0.09
24,2,50,2013,2632.01
24,2,75,2013,0.0
24,2,91,2013,0.0
24,4,3,2013,25629.98
24,4,4,2013,907.35
24,4,5,2013,7642.75
24,4,9,2013,7.74
24,4,11,2013,4842.35
24,4,12,2013,0.0
24,4,15,2013,10445.31
24,4,20,2013,29053.0
24,4,21,2013,38771.13
24,4,23,2013,8043.86
24,4,24,2013,14698.41
24,4,25,2013,19.03
24,4,31,2013,2369.2
24,4,32,2013,675.1
24,4,33,2013,7580.77
24,4,41,2013,38796.37
24,4,48,2013,147.48
24,4,49,2013,728.55
24,4,50,2013,14452.37
24,4,91,2013,0.0
25,2,3,2013,63553.35
25,2,4,2013,3275067.38
25,2,11,2013,0.0
25,2,12,2013,11258.45
25,2,13,2013,2541.9
25,2,15,2013,1712877.41
25,2,20,2013,19026.33
25,2,21,2013,69095.42
25,2,24,2013,32056.5
25,2,25,2013,9342.76
25,2,29,2013,4554.7
25,2,30,2013,8.53
25,2,31,2013,2.84
25,2,33,2013,34517.87
25,2,41,2013,1855.95
25,2,48,2013,114.94
25,2,75,2013,0.0
25,2,91,2013,0.0
25,4,3,2013,63860.25
25,4,4,2013,13400.77
25,4,5,2013,11912.61
25,4,9,2013,583.03
25,4,11,2013,12172.95
25,4,15,2013,65974.59
25,4,20,2013,113243.68
25,4,21,2013,65250.04
25,4,23,2013,745.71
25,4,24,2013,19107.31
25,4,25,2013,108.6
25,4,30,2013,189.35
25,4,31,2013,505.82
25,4,32,2013,172.32
25,4,33,2013,5008.16
25,4,41,2013,38109.76
25,4,48,2013,0.0
25,4,50,2013,147.56
25,4,75,2013,0.0
25,4,91,2013,0.0
26,2,3,2013,51354.89
26,2,4,2013,5234225.22
26,2,12,2013,24728.28
26,2,13,2013,98821.97
26,2,15,2013,2450757.18
26,2,20,2013,719.29
26,2,21,2013,88735.44
26,2,24,2013,57381.48
26,2,25,2013,22121.94
26,2,29,2013,1134.37
26,2,30,2013,473.91
26,2,31,2013,3.09
26,2,33,2013,87817.53
26,2,41,2013,82007.24
26,2,48,2013,58576.34
26,2,75,2013,0.0
26,2,91,2013,0.0
26,4,3,2013,214550.96
26,4,4,2013,112186.21
26,4,5,2013,15284.34
26,4,9,2013,36.23
26,4,11,2013,4364.97
26,4,15,2013,608199.53
26,4,20,2013,424849.94
26,4,21,2013,96227.18
26,4,23,2013,269.68
26,4,24,2013,50367.29
26,4,25,2013,899.88
26,4,30,2013,764.34
26,4,31,2013,590.61
26,4,32,2013,585.12
26,4,33,2013,15910.76
26,4,41,2013,3.9
26,4,50,2013,9.19
26,4,75,2013,0.0
26,4,91,2013,0.0
27,2,3,2013,6890.85
27,2,4,2013,386621.24
27,2,9,2013,2.29
27,2,11,2013,0.18
27,2,12,2013,68.16
27,2,13,2013,0.0
27,2,15,2013,896335.5
27,2,20,2013,559.52
27,2,21,2013,5832.87
27,2,24,2013,7930.59
27,2,25,2013,668.77
27,2,29,2013,16.42
27,2,30,2013,0.0
27,2,31,2013,14.55
27,2,33,2013,11016.19
27,2,41,2013,5090.7
27,2,48,2013,26.83
27,4,3,2013,181067.68
27,4,4,2013,42705.0
27,4,5,2013,4437.07
27,4,9,2013,24.78
27,4,11,2013,17678.08
27,4,12,2013,0.0
27,4,15,2013,595090.4
27,4,20,2013,509940.3
27,4,21,2013,43672.32
27,4,23,2013,4107.54
27,4,24,2013,23891.47
27,4,25,2013,216.61
27,4,29,2013,0.0
27,4,31,2013,0.0
27,4,32,2013,32.88
27,4,33,2013,23344.98
27,4,41,2013,28.3
27,4,49,2013,2822.3
27,4,50,2013,12003.89
28,2,3,2013,23919.2
28,2,4,2013,307540.25
28,2,9,2013,36.94
28,2,12,2013,452.71
28,2,15,2013,831380.98
28,2,20,2013,17.32
28,2,21,2013,438.16
28,2,24,2013,5390.78
28,2,25,2013,1052.68
28,2,30,2013,56.77
28,2,31,2013,25.66
28,2,33,2013,8748.05
28,2,41,2013,34665.69
28,4,3,2013,102957.71
28,4,4,2013,3124.84
28,4,5,2013,22483.39
28,4,9,2013,3072.53
28,4,11,2013,22138.44
28,4,12,2013,15596.82
28,4,15,2013,626486.59
28,4,20,2013,10640.28
28,4,21,2013,64697.96
28,4,23,2013,7646.64
28,4,24,2013,21579.32
28,4,25,2013,372.06
28,4,29,2013,1.5
28,4,30,2013,653.12
28,4,31,2013,1191.2
28,4,32,2013,2007.68
28,4,33,2013,25469.23
28,4,41,2013,426.96
28,4,49,2013,939.12
28,4,50,2013,47233.12
28,4,91,2013,0.0
29,2,3,2013,1137528.05
29,2,4,2013,19996706.65
29,2,9,2013,7579.88
29,2,11,2013,0.0
29,2,12,2013,218381.62
29,2,13,2013,374805.17
29,2,15,2013,11014920.78
29,2,20,2013,20025.55
29,2,21,2013,1430909.73
29,2,23,2013,63737.66
29,2,24,2013,108363.57
29,2,25,2013,66208.57
29,2,29,2013,87191.07
29,2,30,2013,4679.73
29,2,31,2013,3.61
29,2,33,2013,388327.65
29,2,39,2013,1890.29
29,2,41,2013,159270.97
29,2,46,2013,8560.42
29,2,48,2013,46622.73
29,2,62,2013,0.0
29,2,75,2013,0.0
29,2,91,2013,0.0
29,3,3,2013,293625.67
29,3,4,2013,6561688.5
29,3,9,2013,12364.9
29,3,11,2013,139141.05
29,3,12,2013,483937.89
29,3,15,2013,521528.72
29,3,21,2013,162689.34
29,3,24,2013,12316.87
29,3,25,2013,9197.92
29,3,29,2013,9458.87
29,3,31,2013,3.58
29,3,33,2013,7608.24
29,3,39,2013,932629.45
29,3,41,2013,1144907.87
29,3,46,2013,17061.93
29,3,48,2013,1425.24
29,3,62,2013,34093.8
29,3,75,2013,0.0
29,3,91,2013,0.0
29,4,3,2013,3194669.21
29,4,4,2013,738884.75
29,4,5,2013,72850.64
29,4,9,2013,600336.1
29,4,11,2013,130048.98
29,4,12,2013,21281.64
29,4,15,2013,5154608.77
29,4,20,2013,5996.08
29,4,21,2013,602360.48
29,4,23,2013,8583.77
29,4,24,2013,110378.5
29,4,25,2013,3059.0
29,4,29,2013,5742.55
29,4,30,2013,1720.7
29,4,31,2013,1653.4
29,4,32,2013,5447.74
29,4,33,2013,195381.91
29,4,41,2013,1872.39
29,4,46,2013,25078.39
29,4,48,2013,126.59
29,4,49,2013,16410.17
29,4,50,2013,95919.29
31,2,3,2013,90852.92
31,2,4,2013,1631957.35
31,2,9,2013,6323.56
31,2,11,2013,0.0
31,2,12,2013,483.02
31,2,15,2013,1450777.22
31,2,20,2013,6105.47
31,2,21,2013,6591.31
31,2,24,2013,10259.5
31,2,25,2013,4223.34
31,2,29,2013,3222.71
31,2,30,2013,98.14
31,2,33,2013,21823.76
31,2,39,2013,423.23
31,2,41,2013,17768.84
31,2,46,2013,1404.64
31,2,48,2013,8645.28
31,2,62,2013,0.0
31,2,75,2013,0.0
31,3,0,2013,61.9
31,3,3,2013,4141749.08
31,3,4,2013,8586307.4
31,3,9,2013,1317034.52
31,3,11,2013,461119.24
31,3,12,2013,1493699.32
31,3,15,2013,10560201.18
31,3,20,2013,717534.28
31,3,21,2013,1002453.27
31,3,24,2013,147912.99
31,3,25,2013,33460.99
31,3,29,2013,669253.71
31,3,30,2013,13825.18
31,3,31,2013,67.18
31,3,33,2013,395658.67
31,3,39,2013,880903.63
31,3,41,2013,1055238.88
31,3,46,2013,281579.08
31,3,47,2013,36524.62
31,3,48,2013,2594.47
31,3,62,2013,62.21
31,3,75,2013,0.0
31,4,3,2013,5764011.18
31,4,4,2013,2092077.63
31,4,9,2013,548368.44
31,4,11,2013,15460.03
31,4,12,2013,1022508.3
31,4,15,2013,11545852.46
31,4,20,2013,93902.12
31,4,21,2013,996436.62
31,4,23,2013,18.77
31,4,24,2013,232263.37
31,4,25,2013,9762.45
31,4,29,2013,38847.26
31,4,30,2013,40260.02
31,4,31,2013,7.17
31,4,33,2013,276046.14
31,4,39,2013,28268.7
31,4,41,2013,357254.56
31,4,46,2013,525915.9
31,4,47,2013,5163.77
31,4,48,2013,752.81
32,4,3,2013,1039997.37
32,4,4,2013,5918.18
32,4,5,2013,7520.89
32,4,9,2013,231266.26
32,4,11,2013,140836.81
32,4,12,2013,86819.8
32,4,15,2013,2442543.8
32,4,20,2013,5453.48
32,4,21,2013,277310.26
32,4,23,2013,5732.65
32,4,24,2013,65549.87
32,4,25,2013,2666.44
32,4,29,2013,28862.57
32,4,31,2013,9.8
32,4,32,2013,353.52
32,4,33,2013,47720.05
32,4,41,2013,27020.35
32,4,46,2013,144038.93
32,4,48,2013,326.63
32,4,49,2013,17850.7
32,4,50,2013,28145.51
33,4,3,2013,1292520.24
33,4,4,2013,754.59
33,4,5,2013,10172.18
33,4,9,2013,7043.88
33,4,11,2013,121139.41
33,4,12,2013,116973.8
33,4,15,2013,2007912.3
33,4,20,2013,98.82
33,4,21,2013,250183.67
33,4,23,2013,20496.21
33,4,24,2013,214670.66
33,4,25,2013,4754.7
33,4,29,2013,5227.61
33,4,30,2013,2388.0
33,4,31,2013,2284.71
33,4,32,2013,877.02
33,4,33,2013,98428.98
33,4,39,2013,57.33
33,4,41,2013,135148.75
33,4,46,2013,0.0
33,4,48,2013,0.0
33,4,49,2013,28060.59
33,4,50,2013,52863.39
33,4,91,2013,0.0
35,3,3,2013,875187.27
35,3,4,2013,34357.35
35,3,9,2013,457206.71
35,3,11,2013,105744.15
35,3,12,2013,3800.49
35,3,15,2013,921821.07
35,3,20,2013,2425805.43
35,3,21,2013,714478.23
35,3,24,2013,112058.63
35,3,25,2013,7947.67
35,3,30,2013,556.56
35,3,31,2013,39.67
35,3,33,2013,116076.48
35,3,39,2013,367938.74
35,3,41,2013,94358.54
35,3,46,2013,42925.72
35,3,47,2013,223486.32
35,3,48,2013,14101.93
35,3,62,2013,0.0
35,4,3,2013,3661095.39
35,4,4,2013,10.91
35,4,5,2013,18527.0
35,4,9,2013,490940.75
35,4,11,2013,287793.03
35,4,12,2013,67198.79
35,4,15,2013,5451465.11
35,4,20,2013,3650309.67
35,4,21,2013,2350629.54
35,4,23,2013,1768.39
35,4,24,2013,602389.34
35,4,25,2013,14641.88
35,4,29,2013,125.43
35,4,30,2013,6442.1
35,4,31,2013,1517.82
35,4,32,2013,203.14
35,4,33,2013,501646.04
35,4,39,2013,421231.77
35,4,40,2013,40.17
35,4,41,2013,333299.31
35,4,46,2013,62054.96
35,4,47,2013,128279.02
35,4,48,2013,11460.7
35,4,49,2013,232798.09
35,4,50,2013,5003.32
35,4,62,2013,0.0
35,4,75,2013,0.0
41,3,3,2013,71513.3
41,3,4,2013,20.84
41,3,9,2013,66547.13
41,3,11,2013,1102.06
41,3,12,2013,40729.47
41,3,15,2013,12774.61
41,3,21,2013,2491.91
41,3,24,2013,2078.41
41,3,25,2013,236.56
41,3,29,2013,4224.37
41,3,33,2013,301.18
41,3,39,2013,103128.18
41,3,41,2013,7213.75
41,3,46,2013,0.0
41,3,47,2013,47.53
41,3,48,2013,0.0
41,4,3,2013,4992390.75
41,4,5,2013,20149.33
41,4,9,2013,1057317.31
41,4,11,2013,216393.09
41,4,12,2013,44808.96
41,4,15,2013,4279281.97
41,4,20,2013,620055.77
41,4,21,2013,1702840.1
41,4,23,2013,668.37
41,4,24,2013,267636.14
41,4,25,2013,9339.16
41,4,29,2013,81.63
41,4,30,2013,4212.46
41,4,31,2013,439.03
41,4,32,2013,228.45
41,4,33,2013,399106.99
41,4,39,2013,4732048.54
41,4,40,2013,3359.17
41,4,41,2013,1083998.02
41,4,46,2013,35612.09
41,4,47,2013,5869.0
41,4,48,2013,1808.37
41,4,49,2013,132101.64
41,4,50,2013,4828.61
41,4,62,2013,0.0
42,4,3,2013,3874047.71
42,4,5,2013,8203.42
42,4,9,2013,1023893.93
42,4,11,2013,17573.86
42,4,12,2013,725639.97
42,4,15,2013,1182702.33
42,4,21,2013,928292.01
42,4,23,2013,6220.53
42,4,24,2013,191335.08
42,4,25,2013,5219.8
42,4,29,2013,0.0
42,4,30,2013,2275.61
42,4,31,2013,244.4
42,4,32,2013,397.11
42,4,33,2013,139573.5
42,4,39,2013,425027.22
42,4,40,2013,106569.86
42,4,41,2013,783862.6
42,4,48,2013,2657.45
42,4,49,2013,88700.82
42,4,50,2013,17391.89
42,4,84,2013,23.38
42,4,91,2013,0.0
43,4,3,2013,2771808.18
43,4,9,2013,344850.35
43,4,11,2013,2382.68
43,4,12,2013,1163071.03
43,4,15,2013,596963.78
43,4,21,2013,907072.16
43,4,23,2013,519.85
43,4,24,2013,119051.49
43,4,25,2013,4411.95
43,4,29,2013,2.28
43,4,30,2013,7.09
43,4,31,2013,29.13
43,4,33,2013,119999.76
43,4,39,2013,2095357.03
43,4,40,2013,31966.03
43,4,41,2013,561185.31
43,4,48,2013,41718.2
43,4,49,2013,2435.83
43,4,50,2013,6240.4
43,4,84,2013,5.55
43,4,91,2013,0.0
43,5,3,2013,2285104.67
43,5,9,2013,653209.88
43,5,11,2013,361752.99
43,5,12,2013,6836850.52
43,5,15,2013,140.24
43,5,21,2013,1270585.57
43,5,23,2013,137136.31
43,5,24,2013,129617.62
43,5,25,2013,49218.56
43,5,29,2013,23761.15
43,5,30,2013,3498.54
43,5,31,2013,236.09
43,5,33,2013,1840574.73
43,5,39,2013,3309857.85
43,5,40,2013,351468.34
43,5,41,2013,1986312.15
43,5,48,2013,552.31
43,5,49,2013,17589.39
43,5,50,2013,128732.18
43,5,84,2013,7317.06
43,5,91,2013,0.0
50,3,3,2013,3851206.39
50,3,4,2013,1180370.91
50,3,7,2013,1.85
50,3,9,2013,589203.09
50,3,11,2013,532286.17
50,3,12,2013,136837.33
50,3,15,2013,12985441.89
50,3,20,2013,285941.36
50,3,21,2013,603759.45
50,3,24,2013,56459.85
50,3,25,2013,3687.71
50,3,29,2013,4064.52
50,3,30,2013,440.42
50,3,31,2013,171.44
50,3,33,2013,77887.31
50,3,39,2013,1314399.26
50,3,40,2013,1236.57
50,3,41,2013,597687.64
50,3,47,2013,93.02
50,3,62,2013,3603.78
50,4,3,2013,373067.7
50,4,4,2013,20.58
50,4,9,2013,5083.44
50,4,11,2013,379235.68
50,4,12,2013,17.84
50,4,15,2013,1598248.39
50,4,20,2013,193435.14
50,4,21,2013,166778.62
50,4,24,2013,15818.27
50,4,25,2013,2509.75
50,4,31,2013,326.78
50,4,33,2013,251378.14
50,4,39,2013,442037.88
50,4,40,2013,0.0
50,4,41,2013,313903.76
50,4,47,2013,147.97
50,4,48,2013,388.97
50,6,0,2013,0.25
50,6,3,2013,1492038.11
50,6,4,2013,1934987.03
50,6,7,2013,195134.8
50,6,9,2013,18.0
50,6,11,2013,1006913.1
50,6,12,2013,3424421.1
50,6,13,2013,0.0
50,6,15,2013,974616.96
50,6,21,2013,15649.18
50,6,24,2013,3040.47
50,6,25,2013,266.78
50,6,29,2013,3208.25
50,6,30,2013,696.42
50,6,33,2013,681228.39
50,6,39,2013,109.36
50,6,40,2013,6337.65
50,6,41,2013,3827.18
51,1,0,2013,487.73
51,1,3,2013,28278892.0
51,1,4,2013,839857.48
51,1,6,2013,3085106.23
51,1,7,2013,0.0
51,1,9,2013,46545.58
51,1,11,2013,962568.84
51,1,12,2013,557095.54
51,1,15,2013,11925101.25
51,1,20,2013,78209.46
51,1,21,2013,926732.57
51,1,24,2013,47028.98
51,1,25,2013,39119.8
51,1,29,2013,191514.96
51,1,30,2013,54598.92
51,1,31,2013,295.66
51,1,33,2013,302676.57
51,1,39,2013,2481217.54
51,1,41,2013,1373295.16
51,1,62,2013,1037.89
51,3,0,2013,366.05
51,3,3,2013,6606915.0
51,3,4,2013,9721510.42
51,3,6,2013,143.14
51,3,7,2013,0.17
51,3,9,2013,76482.39
51,3,11,2013,2576332.97
51,3,12,2013,1384564.72
51,3,15,2013,7079698.51
51,3,20,2013,30652.72
51,3,21,2013,259968.96
51,3,24,2013,71327.71
51,3,25,2013,12879.1
51,3,29,2013,93631.82
51,3,30,2013,14097.52
51,3,31,2013,1336.2
51,3,33,2013,178582.1
51,3,39,2013,4836443.15
51,3,41,2013,821330.53
51,3,62,2013,7292.16
51,6,0,2013,406.29
51,6,3,2013,724620.7
51,6,4,2013,1385883.88
51,6,7,2013,68959.68
51,6,9,2013,105.0
51,6,11,2013,651234.61
51,6,12,2013,1395144.26
51,6,15,2013,629988.56
51,6,20,2013,0.0
51,6,21,2013,30141.3
51,6,24,2013,2856.53
51,6,25,2013,334.83
51,6,29,2013,0.09
51,6,30,2013,34.99
51,6,31,2013,36.8
51,6,33,2013,460028.86
51,6,39,2013,251.69
51,6,41,2013,1438.92
52,3,3,2013,5665536.16
52,3,4,2013,5464145.75
52,3,9,2013,124931.48
52,3,11,2013,508519.0
52,3,12,2013,600770.6
52,3,15,2013,14982291.9
52,3,20,2013,629613.1
52,3,21,2013,850206.21
52,3,24,2013,195221.88
52,3,25,2013,13054.24
52,3,29,2013,151858.01
52,3,30,2013,7589.62
52,3,31,2013,196.87
52,3,33,2013,348225.29
52,3,39,2013,2822369.59
52,3,40,2013,3080.94
52,3,41,2013,1098085.5
52,3,46,2013,2489.97
52,3,47,2013,577.31
52,3,48,2013,20.24
52,3,62,2013,1562.5
52,3,75,2013,0.0
52,4,3,2013,71022.51
52,4,4,2013,12.42
52,4,9,2013,376.36
52,4,11,2013,30.12
52,4,12,2013,0.51
52,4,15,2013,309972.3
52,4,20,2013,49904.5
52,4,21,2013,30647.03
52,4,24,2013,963.16
52,4,25,2013,806.94
52,4,31,2013,3.4
52,4,33,2013,71523.24
52,4,39,2013,7434.84
52,4,41,2013,11240.77
53,3,3,2013,78572.59
53,3,4,2013,184135.3
53,3,9,2013,1568.31
53,3,11,2013,3377.85
53,3,12,2013,27004.45
53,3,15,2013,96465.77
53,3,21,2013,9053.27
53,3,24,2013,65893.56
53,3,25,2013,1204.05
53,3,30,2013,512.87
53,3,31,2013,33.24
53,3,33,2013,6691.25
53,3,39,2013,83536.41
53,3,41,2013,17902.94
53,3,46,2013,139.19
53,3,48,2013,0.0
53,3,62,2013,0.0
11,1,0,2014,0.87
11,1,3,2014,13304352.0
11,1,4,2014,470536.12
11,1,6,2014,769406.29
11,1,9,2014,368.74
11,1,11,2014,674564.85
11,1,12,2014,251249.92
11,1,15,2014,7140509.56
11,1,21,2014,259969.62
11,1,24,2014,51056.65
11,1,25,2014,53045.11
11,1,29,2014,54383.74
11,1,30,2014,15644.72
11,1,31,2014,5213.64
11,1,33,2014,262324.43
11,1,39,2014,84509.91
11,1,41,2014,102596.63
11,1,75,2014,0.0
11,3,0,2014,17.13
11,3,3,2014,140664.67
11,3,4,2014,67782.44
11,3,9,2014,496.65
11,3,11,2014,840.12
11,3,12,2014,5597.81
11,3,15,2014,16720.88
11,3,21,2014,1986.76
11,3,24,2014,3831.38
11,3,25,2014,207.39
11,3,29,2014,0.0
11,3,33,2014,119.23
11,3,39,2014,23789.78
11,3,41,2014,1497.92
12,1,3,2014,14433596.41
12,1,4,2014,2662.45
12,1,6,2014,71396.76
12,1,11,2014,3027.83
12,1,12,2014,1988.53
12,1,15,2014,1716808.0
12,1,21,2014,37229.44
12,1,24,2014,23986.02
12,1,25,2014,29621.31
12,1,31,2014,239.91
12,1,33,2014,60684.96
12,1,39,2014,0.0
12,1,41,2014,1764.82
13,1,3,2014,124125093.56
13,1,4,2014,227184.26
13,1,6,2014,22609548.88
13,1,11,2014,1715947.48
13,1,12,2014,592083.06
13,1,15,2014,1252576.9
13,1,20,2014,4395.32
13,1,21,2014,129113.44
13,1,24,2014,58887.73
13,1,25,2014,43302.89
13,1,29,2014,2177.61
13,1,30,2014,14036.85
13,1,31,2014,153.92
13,1,33,2014,5052864.63
13,1,35,2014,75.96
13,1,39,2014,0.0
13,1,41,2014,1071.79
14,1,3,2014,14052395.91
14,1,4,2014,285947.07
14,1,6,2014,2594411.32
14,1,9,2014,798.44
14,1,11,2014,1329792.34
14,1,12,2014,2841178.5
14,1,15,2014,656228.97
14,1,21,2014,110474.94
14,1,24,2014,18745.54
14,1,25,2014,6722.39
14,1,29,2014,81887.39
14,1,30,2014,2066.58
14,1,31,2014,1071.52
14,1,33,2014,292686.68
14,1,35,2014,571.81
14,1,39,2014,11519.66
14,1,41,2014,30078.4
15,1,0,2014,6.89
15,1,3,2014,88415403.4
15,1,4,2014,1270740.21
15,1,5,2014,231574.34
15,1,6,2014,7101898.23
15,1,9,2014,84041.27
15,1,11,2014,2316682.64
15,1,12,2014,987443.55
15,1,15,2014,17009212.01
15,1,20,2014,0.0
15,1,21,2014,733009.14
15,1,23,2014,2211.98
15,1,24,2014,143052.66
15,1,25,2014,73022.4
15,1,29,2014,227799.94
15,1,30,2014,113014.39
15,1,31,2014,178.46
15,1,32,2014,1763.42
15,1,33,2014,4403168.87
15,1,35,2014,163093.84
15,1,39,2014,133799.26
15,1,40,2014,384.62
15,1,41,2014,259047.38
15,3,0,2014,60.7
15,3,3,2014,188297.2
15,3,4,2014,182612.41
15,3,6,2014,108.44
15,3,9,2014,0.0
15,3,11,2014,69072.27
15,3,12,2014,131600.82
15,3,15,2014,264859.85
15,3,21,2014,2898.04
15,3,24,2014,1980.38
15,3,25,2014,370.32
15,3,29,2014,1.42
15,3,30,2014,47.55
15,3,31,2014,0.0
15,3,33,2014,24250.1
15,3,39,2014,4072.75
15,3,41,2014,769.94
16,1,3,2014,9951594.12
16,1,4,2014,3416.37
16,1,5,2014,97300.03
16,1,6,2014,1579377.91
16,1,9,2014,85588.74
16,1,11,2014,2013214.33
16,1,12,2014,27247.56
16,1,15,2014,33026.09
16,1,21,2014,14243.84
16,1,24,2014,14830.48
16,1,25,2014,3359.05
16,1,30,2014,4504.43
16,1,31,2014,0.0
16,1,33,2014,360992.42
16,1,39,2014,1706.1
16,1,41,2014,1359.29
17,1,0,2014,1.15
17,1,3,2014,399840.84
17,1,4,2014,19045.5
17,1,6,2014,138963.65
17,1,9,2014,361.05
17,1,11,2014,23510.36
17,1,12,2014,61105.64
17,1,15,2014,1570839.42
17,1,21,2014,159275.85
17,1,24,2014,2800.43
17,1,25,2014,1528.35
17,1,29,2014,28944.93
17,1,30,2014,30.84
17,1,31,2014,0.0
17,1,33,2014,42062.84
17,1,39,2014,192.13
17,1,40,2014,0.0
17,1,41,2014,13054.72
17,3,0,2014,18.71
17,3,3,2014,5676390.7
17,3,4,2014,9125378.23
17,3,6,2014,15.96
17,3,9,2014,46289.93
17,3,11,2014,2159933.43
17,3,12,2014,1516456.63
17,3,15,2014,5450581.61
17,3,20,2014,7366.89
17,3,21,2014,217811.08
17,3,23,2014,347.02
17,3,24,2014,54722.81
17,3,25,2014,14123.67
17,3,29,2014,41076.25
17,3,30,2014,323.72
17,3,31,2014,103.24
17,3,33,2014,291892.03
17,3,39,2014,477239.86
17,3,40,2014,67038.33
17,3,41,2014,132111.73
17,3,62,2014,1574.01
17,3,75,2014,0.0
21,1,0,2014,1.25
21,1,3,2014,4461531.19
21,1,4,2014,121549.87
21,1,5,2014,407274.22
21,1,6,2014,370257.16
21,1,9,2014,70735.45
21,1,11,2014,452736.76
21,1,12,2014,65955.37
21,1,15,2014,4781977.07
21,1,21,2014,67506.52
21,1,23,2014,5629.13
21,1,24,2014,58058.58
21,1,25,2014,12179.21
21,1,29,2014,92.02
21,1,30,2014,7215.36
21,1,31,2014,227.75
21,1,32,2014,30100.47
21,1,33,2014,276268.25
21,1,39,2014,10784.38
21,1,41,2014,39640.06
21,1,50,2014,2.68
21,3,0,2014,45.83
21,3,3,2014,10114024.05
21,3,4,2014,5931127.64
21,3,5,2014,67462.67
21,3,6,2014,49.6
21,3,9,2014,71047.1
21,3,11,2014,134874.45
21,3,12,2014,759292.91
21,3,15,2014,3086967.98
21,3,20,2014,23407.53
21,3,21,2014,212145.96
21,3,23,2014,116378.09
21,3,24,2014,64423.85
21,3,25,2014,8506.29
21,3,29,2014,6762.52
21,3,30,2014,327.11
21,3,31,2014,260.89
21,3,32,2014,7260.19
21,3,33,2014,125201.85
21,3,39,2014,666287.23
21,3,41,2014,79756.32
21,3,48,2014,0.0
21,3,50,2014,230489.41
21,3,62,2014,4.42
21,3,91,2014,0.0
22,2,3,2014,1058520.6
22,2,4,2014,9131421.67
22,2,5,2014,5406.85
22,2,9,2014,723.63
22,2,11,2014,0.98
22,2,12,2014,16852.97
22,2,15,2014,1367374.33
22,2,21,2014,93188.4
22,2,23,2014,16817.08
22,2,24,2014,29113.95
22,2,25,2014,18909.33
22,2,29,2014,14591.11
22,2,31,2014,1181.72
22,2,32,2014,1976.3
22,2,33,2014,21868.17
22,2,39,2014,3331.96
22,2,41,2014,84262.42
22,2,48,2014,3325.22
22,2,50,2014,4512.25
22,2,62,2014,2.66
22,2,75,2014,0.0
22,2,91,2014,0.0
22,3,3,2014,2363589.72
22,3,4,2014,8842044.69
22,3,5,2014,3.57
22,3,9,2014,9424.17
22,3,11,2014,92035.86
22,3,12,2014,299217.64
22,3,15,2014,598560.4
22,3,20,2014,10762.7
22,3,21,2014,75544.4
22,3,23,2014,8.3
22,3,24,2014,48120.0
22,3,25,2014,17754.89
22,3,29,2014,76272.86
22,3,30,2014,566.74
22,3,31,2014,54.5
22,3,33,2014,54805.58
22,3,39,2014,586973.05
22,3,41,2014,225686.62
22,3,48,2014,112.15
22,3,62,2014,81.02
22,3,75,2014,0.0
23,2,3,2014,801032.69
23,2,4,2014,10362915.33
23,2,5,2014,17737.44
23,2,9,2014,0.0
23,2,12,2014,141.35
23,2,15,2014,2554417.31
23,2,21,2014,289699.73
23,2,23,2014,66825.0
23,2,24,2014,134907.14
23,2,25,2014,26642.41
23,2,29,2014,1897.93
23,2,30,2014,1555.74
23,2,31,2014,7428.13
23,2,32,2014,5631.3
23,2,33,2014,137026.65
23,2,39,2014,56.16
23,2,41,2014,205915.25
23,2,48,2014,268583.47
23,2,50,2014,4451.57
23,2,75,2014,0.0
23,2,91,2014,0.0
24,2,3,2014,54478.96
24,2,4,2014,2813793.57
24,2,5,2014,5873.34
24,2,11,2014,0.18
24,2,12,2014,19617.68
24,2,13,2014,6586.93
24,2,15,2014,1450481.7
24,2,20,2014,4109.62
24,2,21,2014,211478.44
24,2,23,2014,37626.7
24,2,24,2014,48390.09
24,2,25,2014,4934.55
24,2,29,2014,4793.33
24,2,30,2014,2.49
24,2,31,2014,34659.7
24,2,32,2014,4356.62
24,2,33,2014,51261.97
24,2,41,2014,297490.06
24,2,48,2014,22185.49
24,2,49,2014,0.09
24,2,50,2014,2530.03
24,2,75,2014,0.0
24,2,91,2014,0.0
24,4,3,2014,25779.67
24,4,4,2014,885.92
24,4,5,2014,7749.33
24,4,9,2014,7.92
24,4,11,2014,4990.18
24,4,12,2014,0.0
24,4,15,2014,9249.26
24,4,20,2014,29092.19
24,4,21,2014,36792.41
24,4,23,2014,8272.13
24,4,24,2014,14785.29
24,4,25,2014,27.83
24,4,31,2014,2394.99
24,4,32,2014,636.34
24,4,33,2014,7323.12
24,4,41,2014,41128.86
24,4,48,2014,158.69
24,4,49,2014,750.96
24,4,50,2014,14785.64
24,4,91,2014,0.0
25,2,3,2014,63505.42
25,2,4,2014,3274189.93
25,2,11,2014,0.0
25,2,12,2014,13993.8
25,2,13,2014,2114.98
25,2,15,2014,1718586.83
25,2,20,2014,19350.57
25,2,21,2014,63488.36
25,2,24,2014,33041.97
25,2,25,2014,9930.96
25,2,29,2014,4572.01
25,2,30,2014,8.53
25,2,31,2014,1.69
25,2,33,2014,31028.22
25,2,41,2014,1976.85
25,2,48,2014,84.21
25,2,75,2014,0.0
25,2,91,2014,0.0
25,4,3,2014,64409.64
25,4,4,2014,13152.14
25,4,5,2014,11978.1
25,4,9,2014,583.12
25,4,11,2014,12433.62
25,4,15,2014,62154.12
25,4,20,2014,113509.99
25,4,21,2014,63914.44
25,4,23,2014,720.31
25,4,24,2014,19372.65
25,4,25,2014,115.08
25,4,30,2014,219.67
25,4,31,2014,539.73
25,4,32,2014,152.88
25,4,33,2014,4988.41
25,4,41,2014,42094.84
25,4,48,2014,0.0
25,4,50,2014,153.77
25,4,75,2014,0.0
25,4,91,2014,0.0
26,2,3,2014,51661.53
26,2,4,2014,5215642.87
26,2,12,2014,24254.06
26,2,13,2014,100283.71
26,2,15,2014,2462994.84
26,2,20,2014,720.8
26,2,21,2014,85701.34
26,2,24,2014,59182.76
26,2,25,2014,22868.06
26,2,29,2014,1133.93
26,2,30,2014,478.34
26,2,31,2014,7.69
26,2,33,2014,84816.42
26,2,41,2014,89129.69
26,2,48,2014,59982.15
26,2,75,2014,0.0
26,2,91,2014,0.0
26,4,3,2014,216222.76
26,4,4,2014,112746.84
26,4,5,2014,15314.14
26,4,9,2014,47.65
26,4,11,2014,4670.92
26,4,15,2014,600041.63
26,4,20,2014,426247.19
26,4,21,2014,99334.21
26,4,23,2014,266.95
26,4,24,2014,51873.59
26,4,25,2014,674.31
26,4,30,2014,780.46
26,4,31,2014,764.98
26,4,32,2014,517.2
26,4,33,2014,15586.17
26,4,41,2014,2.13
26,4,50,2014,9.01
26,4,75,2014,0.0
26,4,91,2014,0.0
27,2,3,2014,6944.72
27,2,4,2014,382600.83
27,2,9,2014,2.29
27,2,11,2014,0.18
27,2,12,2014,100.66
27,2,13,2014,0.0
27,2,15,2014,900803.59
27,2,20,2014,563.05
27,2,21,2014,6244.89
27,2,24,2014,8124.85
27,2,25,2014,747.59
27,2,29,2014,16.51
27,2,30,2014,0.0
27,2,31,2014,8.2
27,2,33,2014,10709.1
27,2,41,2014,4163.91
27,2,48,2014,44.3
27,4,3,2014,181799.16
27,4,4,2014,43397.78
27,4,5,2014,4514.82
27,4,9,2014,119.35
27,4,11,2014,17929.88
27,4,12,2014,0.0
27,4,15,2014,585965.65
27,4,20,2014,511498.42
27,4,21,2014,48982.36
27,4,23,2014,4103.36
27,4,24,2014,24644.97
27,4,25,2014,233.46
27,4,29,2014,0.0
27,4,31,2014,0.0
27,4,32,2014,29.53
27,4,33,2014,22867.12
27,4,41,2014,39.93
27,4,49,2014,2785.89
27,4,50,2014,12151.91
28,2,3,2014,23938.0
28,2,4,2014,302403.48
28,2,9,2014,39.04
28,2,12,2014,497.81
28,2,15,2014,833256.75
28,2,20,2014,17.32
28,2,21,2014,492.14
28,2,24,2014,5677.86
28,2,25,2014,1142.65
28,2,30,2014,58.27
28,2,31,2014,14.02
28,2,33,2014,8545.97
28,2,41,2014,37641.88
28,4,3,2014,105892.08
28,4,4,2014,3181.48
28,4,5,2014,22745.24
28,4,9,2014,3332.76
28,4,11,2014,22332.44
28,4,12,2014,15595.12
28,4,15,2014,617226.11
28,4,20,2014,10995.76
28,4,21,2014,69622.02
28,4,23,2014,7600.53
28,4,24,2014,22171.15
28,4,25,2014,473.58
28,4,29,2014,1.58
28,4,30,2014,659.27
28,4,31,2014,1259.95
28,4,32,2014,1860.03
28,4,33,2014,24820.38
28,4,41,2014,370.87
28,4,49,2014,944.55
28,4,50,2014,47633.57
28,4,91,2014,0.0
29,2,3,2014,1136025.07
29,2,4,2014,19984598.22
29,2,9,2014,7626.02
29,2,11,2014,0.0
29,2,12,2014,222364.35
29,2,13,2014,357191.19
29,2,15,2014,11021198.66
29,2,20,2014,21232.65
29,2,21,2014,1428077.67
29,2,23,2014,66134.05
29,2,24,2014,110692.93
29,2,25,2014,68949.38
29,2,29,2014,88711.11
29,2,30,2014,4702.61
29,2,31,2014,5.55
29,2,33,2014,389950.57
29,2,39,2014,2764.27
29,2,41,2014,166714.67
29,2,46,2014,9646.96
29,2,48,2014,49122.26
29,2,62,2014,5.51
29,2,75,2014,0.0
29,2,91,2014,0.0
29,3,3,2014,287106.12
29,3,4,2014,6480938.41
29,3,9,2014,12990.15
29,3,11,2014,140417.94
29,3,12,2014,481270.61
29,3,15,2014,555857.49
29,3,21,2014,141024.62
29,3,24,2014,12768.74
29,3,25,2014,11289.49
29,3,29,2014,9458.26
29,3,31,2014,9.36
29,3,33,2014,7671.93
29,3,39,2014,1042169.66
29,3,41,2014,1079478.93
29,3,46,2014,16517.77
29,3,48,2014,882.1
29,3,62,2014,63828.27
29,3,75,2014,0.0
29,3,91,2014,0.0
29,4,3,2014,3197215.43
29,4,4,2014,733178.24
29,4,5,2014,73387.3
29,4,9,2014,607381.02
29,4,11,2014,128824.83
29,4,12,2014,22381.47
29,4,15,2014,5133554.41
29,4,20,2014,6400.6
29,4,21,2014,615203.46
29,4,23,2014,8447.56
29,4,24,2014,112975.08
29,4,25,2014,3994.28
29,4,29,2014,5746.91
29,4,30,2014,1755.5
29,4,31,2014,1752.6
29,4,32,2014,5023.68
29,4,33,2014,193488.48
29,4,41,2014,1623.11
29,4,46,2014,27768.77
29,4,48,2014,130.81
29,4,49,2014,16279.45
29,4,50,2014,95898.06
31,2,3,2014,90773.07
31,2,4,2014,1619546.65
31,2,9,2014,6317.27
31,2,11,2014,0.0
31,2,12,2014,396.45
31,2,15,2014,1457982.02
31,2,20,2014,6673.97
31,2,21,2014,5881.7
31,2,24,2014,10438.84
31,2,25,2014,4174.88
31,2,29,2014,3309.69
31,2,30,2014,95.82
31,2,33,2014,22146.63
31,2,39,2014,885.89
31,2,41,2014,21254.0
31,2,46,2014,1436.19
31,2,48,2014,9647.23
31,2,62,2014,0.0
31,2,75,2014,0.0
31,3,0,2014,61.3
31,3,3,2014,4147523.49
31,3,4,2014,8535861.46
31,3,9,2014,1356330.9
31,3,11,2014,452309.74
31,3,12,2014,1490246.73
31,3,15,2014,10453093.65
31,3,20,2014,778251.92
31,3,21,2014,980895.27
31,3,24,2014,151496.76
31,3,25,2014,33529.33
31,3,29,2014,669313.38
31,3,30,2014,14039.12
31,3,31,2014,51.47
31,3,33,2014,372643.38
31,3,39,2014,1085726.43
31,3,41,2014,939715.56
31,3,46,2014,293201.71
31,3,47,2014,38924.31
31,3,48,2014,4000.09
31,3,62,2014,25.78
31,3,75,2014,0.0
31,4,3,2014,5777558.43
31,4,4,2014,2059886.48
31,4,9,2014,570284.7
31,4,11,2014,15525.27
31,4,12,2014,1017683.46
31,4,15,2014,11514681.51
31,4,20,2014,99613.18
31,4,21,2014,1002738.47
31,4,23,2014,21.59
31,4,24,2014,236199.53
31,4,25,2014,11120.84
31,4,29,2014,38962.68
31,4,30,2014,40676.51
31,4,31,2014,0.0
31,4,33,2014,259104.54
31,4,39,2014,41662.91
31,4,41,2014,364673.29
31,4,46,2014,536127.27
31,4,47,2014,5674.87
31,4,48,2014,982.16
32,4,3,2014,1036764.11
32,4,4,2014,5905.59
32,4,5,2014,7514.92
32,4,9,2014,233792.12
32,4,11,2014,138305.21
32,4,12,2014,84939.73
32,4,15,2014,2439274.04
32,4,20,2014,7282.5
32,4,21,2014,264423.06
32,4,23,2014,5549.85
32,4,24,2014,66692.76
32,4,25,2014,2954.71
32,4,29,2014,28765.97
32,4,31,2014,16.76
32,4,32,2014,334.12
32,4,33,2014,48487.14
32,4,41,2014,26867.28
32,4,46,2014,161632.02
32,4,48,2014,337.2
32,4,49,2014,17762.1
32,4,50,2014,28342.7
33,4,3,2014,1296813.59
33,4,4,2014,752.1
33,4,5,2014,10406.95
33,4,9,2014,7493.02
33,4,11,2014,124622.16
33,4,12,2014,114945.54
33,4,15,2014,2006417.74
33,4,20,2014,82.75
33,4,21,2014,244299.88
33,4,23,2014,20684.56
33,4,24,2014,217635.92
33,4,25,2014,4927.48
33,4,29,2014,5217.24
33,4,30,2014,2427.71
33,4,31,2014,2122.75
33,4,32,2014,826.08
33,4,33,2014,97438.29
33,4,39,2014,181.12
33,4,41,2014,133756.7
33,4,46,2014,0.0
33,4,48,2014,0.0
33,4,49,2014,27805.17
33,4,50,2014,53200.1
33,4,91,2014,0.0
35,3,3,2014,872471.31
35,3,4,2014,34341.71
35,3,9,2014,462300.47
35,3,11,2014,104195.7
35,3,12,2014,3722.54
35,3,15,2014,882649.94
35,3,20,2014,2441570.79
35,3,21,2014,683838.58
35,3,24,2014,114089.0
35,3,25,2014,7941.36
35,3,30,2014,570.33
35,3,31,2014,42.38
35,3,33,2014,114869.21
35,3,39,2014,433462.87
35,3,41,2014,80691.13
35,3,46,2014,44378.48
35,3,47,2014,222207.99
35,3,48,2014,14547.18
35,3,62,2014,0.0
35,4,3,2014,3676225.62
35,4,4,2014,11.33
35,4,5,2014,18606.85
35,4,9,2014,516097.72
35,4,11,2014,293353.14
35,4,12,2014,68766.57
35,4,15,2014,5326093.41
35,4,20,2014,3774550.08
35,4,21,2014,2252341.54
35,4,23,2014,1761.1
35,4,24,2014,611301.83
35,4,25,2014,15505.96
35,4,29,2014,125.92
35,4,30,2014,6760.5
35,4,31,2014,1641.15
35,4,32,2014,139.55
35,4,33,2014,485215.59
35,4,39,2014,453562.96
35,4,40,2014,115.45
35,4,41,2014,354813.26
35,4,46,2014,63967.91
35,4,47,2014,130222.42
35,4,48,2014,12211.83
35,4,49,2014,232473.21
35,4,50,2014,5006.79
35,4,62,2014,0.0
35,4,75,2014,0.0
41,3,3,2014,71839.32
41,3,4,2014,24.93
41,3,9,2014,67465.82
41,3,11,2014,1073.54
41,3,12,2014,39631.62
41,3,15,2014,12380.1
41,3,21,2014,2472.7
41,3,24,2014,2101.7
41,3,25,2014,218.26
41,3,29,2014,4229.18
41,3,33,2014,302.42
41,3,39,2014,104574.18
41,3,41,2014,6043.44
41,3,46,2014,0.0
41,3,47,2014,52.1
41,3,48,2014,0.0
41,4,3,2014,5008351.03
41,4,5,2014,20583.28
41,4,9,2014,1091163.28
41,4,11,2014,221154.75
41,4,12,2014,44432.92
41,4,15,2014,4191226.03
41,4,20,2014,652162.8
41,4,21,2014,1681835.01
41,4,23,2014,645.51
41,4,24,2014,272492.42
41,4,25,2014,10572.0
41,4,29,2014,80.9
41,4,30,2014,4416.2
41,4,31,2014,536.54
41,4,32,2014,153.34
41,4,33,2014,397311.14
41,4,39,2014,4582097.17
41,4,40,2014,3276.72
41,4,41,2014,1253630.13
41,4,46,2014,33980.27
41,4,47,2014,6526.37
41,4,48,2014,1603.08
41,4,49,2014,131561.74
41,4,50,2014,4782.31
41,4,62,2014,0.0
42,4,3,2014,3869876.68
42,4,5,2014,8251.5
42,4,9,2014,1049528.95
42,4,11,2014,17924.53
42,4,12,2014,717219.85
42,4,15,2014,1176167.32
42,4,21,2014,920689.64
42,4,23,2014,6525.36
42,4,24,2014,195283.37
42,4,25,2014,6384.81
42,4,29,2014,0.0
42,4,30,2014,2461.72
42,4,31,2014,267.75
42,4,32,2014,348.77
42,4,33,2014,141671.65
42,4,39,2014,476537.9
42,4,40,2014,108763.22
42,4,41,2014,724112.3
42,4,48,2014,2727.38
42,4,49,2014,88341.81
42,4,50,2014,16743.66
42,4,84,2014,24.32
42,4,91,2014,0.0
43,4,3,2014,2773665.83
43,4,9,2014,358823.04
43,4,11,2014,2422.99
43,4,12,2014,1145405.03
43,4,15,2014,598633.88
43,4,21,2014,874654.12
43,4,23,2014,573.27
43,4,24,2014,121550.46
43,4,25,2014,4787.47
43,4,29,2014,2.28
43,4,30,2014,8.44
43,4,31,2014,39.94
43,4,33,2014,121207.29
43,4,39,2014,2210588.97
43,4,40,2014,34346.99
43,4,41,2014,472860.57
43,4,48,2014,40601.61
43,4,49,2014,2518.79
43,4,50,2014,6380.19
43,4,84,2014,6.88
43,4,91,2014,0.0
43,5,3,2014,2298214.26
43,5,9,2014,660668.43
43,5,11,2014,359645.21
43,5,12,2014,6734781.46
43,5,15,2014,136.52
43,5,21,2014,1208661.44
43,5,23,2014,134778.64
43,5,24,2014,131018.93
43,5,25,2014,50926.17
43,5,29,2014,23758.71
43,5,30,2014,3699.25
43,5,31,2014,260.88
43,5,33,2014,1845660.96
43,5,39,2014,3448203.56
43,5,40,2014,667867.7
43,5,41,2014,1667691.18
43,5,48,2014,609.97
43,5,49,2014,18302.38
43,5,50,2014,131345.57
43,5,84,2014,7284.92
43,5,91,2014,0.0
50,3,3,2014,3843374.63
50,3,4,2014,1178710.24
50,3,7,2014,0.59
50,3,9,2014,675230.8
50,3,11,2014,531161.96
50,3,12,2014,137492.19
50,3,15,2014,12755519.74
50,3,20,2014,341745.43
50,3,21,2014,632088.23
50,3,24,2014,57392.83
50,3,25,2014,3933.13
50,3,29,2014,4063.58
50,3,30,2014,461.44
50,3,31,2014,178.09
50,3,33,2014,77553.85
50,3,39,2014,1593899.64
50,3,40,2014,1138.03
50,3,41,2014,384933.61
50,3,47,2014,65.76
50,3,62,2014,5836.2
50,4,3,2014,373051.61
50,4,4,2014,22.54
50,4,9,2014,6260.71
50,4,11,2014,391602.44
50,4,12,2014,17.59
50,4,15,2014,1522091.04
50,4,20,2014,248952.77
50,4,21,2014,157206.94
50,4,24,2014,16187.13
50,4,25,2014,2677.99
50,4,31,2014,321.76
50,4,33,2014,250601.02
50,4,39,2014,367293.16
50,4,40,2014,0.0
50,4,41,2014,405438.47
50,4,47,2014,168.27
50,4,48,2014,505.48
50,6,0,2014,3.23
50,6,3,2014,1486929.41
50,6,4,2014,1706737.24
50,6,7,2014,360040.84
50,6,9,2014,17.16
50,6,11,2014,1424241.31
50,6,12,2014,2349301.28
50,6,13,2014,0.09
50,6,15,2014,979566.42
50,6,21,2014,16355.53
50,6,24,2014,3047.47
50,6,25,2014,279.46
50,6,29,2014,3208.25
50,6,30,2014,721.26
50,6,33,2014,1402025.2
50,6,39,2014,208.05
50,6,40,2014,6264.18
50,6,41,2014,3546.65
51,1,0,2014,494.18
51,1,3,2014,28151180.97
51,1,4,2014,835703.06
51,1,6,2014,3082113.35
51,1,7,2014,0.0
51,1,9,2014,47744.36
51,1,11,2014,954927.8
51,1,12,2014,551444.77
51,1,15,2014,11688108.68
51,1,20,2014,84870.3
51,1,21,2014,904610.89
51,1,24,2014,48075.94
51,1,25,2014,36267.76
51,1,29,2014,191511.04
51,1,30,2014,55186.11
51,1,31,2014,302.87
51,1,33,2014,308998.22
51,1,39,2014,2923979.89
51,1,41,2014,1324653.35
51,1,62,2014,1208.63
51,3,0,2014,355.91
51,3,3,2014,6620766.89
51,3,4,2014,9615233.66
51,3,6,2014,141.57
51,3,7,2014,0.0
51,3,9,2014,82840.28
51,3,11,2014,2579591.63
51,3,12,2014,1380288.54
51,3,15,2014,7017578.62
51,3,20,2014,38081.75
51,3,21,2014,269392.99
51,3,24,2014,72884.66
51,3,25,2014,14423.94
51,3,29,2014,93660.83
51,3,30,2014,14783.85
51,3,31,2014,1563.11
51,3,33,2014,177772.91
51,3,39,2014,5023956.81
51,3,41,2014,745656.31
51,3,62,2014,24581.09
51,6,0,2014,416.61
51,6,3,2014,721688.15
51,6,4,2014,1285192.88
51,6,7,2014,128913.66
51,6,9,2014,115.12
51,6,11,2014,821843.24
51,6,12,2014,971133.27
51,6,15,2014,633372.02
51,6,20,2014,0.0
51,6,21,2014,32474.94
51,6,24,2014,2922.93
51,6,25,2014,348.85
51,6,29,2014,0.09
51,6,30,2014,34.73
51,6,31,2014,57.68
51,6,33,2014,751534.58
51,6,39,2014,439.47
51,6,41,2014,978.75
52,3,3,2014,5696967.88
52,3,4,2014,5360058.46
52,3,9,2014,138269.08
52,3,11,2014,504656.58
52,3,12,2014,599363.27
52,3,15,2014,14815563.66
52,3,20,2014,733896.22
52,3,21,2014,842574.69
52,3,24,2014,198490.02
52,3,25,2014,13187.07
52,3,29,2014,151924.0
52,3,30,2014,7809.82
52,3,31,2014,209.48
52,3,33,2014,341718.38
52,3,39,2014,3011633.04
52,3,40,2014,3250.18
52,3,41,2014,1044112.4
52,3,46,2014,2782.47
52,3,47,2014,825.12
52,3,48,2014,72.45
52,3,62,2014,2981.86
52,3,75,2014,0.0
52,4,3,2014,71803.4
52,4,4,2014,11.83
52,4,9,2014,455.53
52,4,11,2014,30.63
52,4,12,2014,0.51
52,4,15,2014,308362.78
52,4,20,2014,58581.15
52,4,21,2014,25259.36
52,4,24,2014,984.85
52,4,25,2014,1619.29
52,4,31,2014,2.13
52,4,33,2014,67523.94
52,4,39,2014,9716.03
52,4,41,2014,9586.69
53,3,3,2014,79299.93
53,3,4,2014,182651.92
53,3,9,2014,1867.44
53,3,11,2014,3532.12
53,3,12,2014,26871.13
53,3,15,2014,96151.57
53,3,21,2014,8555.22
53,3,24,2014,66406.21
53,3,25,2014,1140.27
53,3,30,2014,517.44
53,3,31,2014,34.36
53,3,33,2014,6712.69
53,3,39,2014,83523.2
53,3,41,2014,18668.04
53,3,46,2014,146.43
53,3,48,2014,0.0
53,3,62,2014,13.09
11,1,0,2015,0.87
11,1,3,2015,13164522.88
11,1,4,2015,470561.48
11,1,6,2015,770129.13
11,1,9,2015,426.45
11,1,11,2015,680290.61
11,1,12,2015,250200.39
11,1,15,2015,7247346.96
11,1,21,2015,245609.38
11,1,24,2015,51652.84
11,1,25,2015,54081.04
11,1,29,2015,54373.19
11,1,30,2015,15873.17
11,1,31,2015,6066.54
11,1,33,2015,258498.17
11,1,39,2015,149227.33
11,1,41,2015,80872.36
11,1,75,2015,0.0
11,3,0,2015,17.13
11,3,3,2015,141060.46
11,3,4,2015,66164.59
11,3,9,2015,500.49
11,3,11,2015,737.47
11,3,12,2015,5399.58
11,3,15,2015,17309.41
11,3,21,2015,2057.36
11,3,24,2015,3841.76
11,3,25,2015,206.51
11,3,29,2015,0.0
11,3,33,2015,120.01
11,3,39,2015,23710.37
11,3,41,2015,2427.0
12,1,3,2015,14388915.55
12,1,4,2015,2681.79
12,1,6,2015,71457.17
12,1,11,2015,3246.0
12,1,12,2015,2045.25
12,1,15,2015,1760226.54
12,1,21,2015,36176.46
12,1,24,2015,24174.39
12,1,25,2015,29317.42
12,1,31,2015,259.79
12,1,33,2015,61014.25
12,1,39,2015,0.0
12,1,41,2015,3491.82
13,1,3,2015,124041152.28
13,1,4,2015,226977.95
13,1,6,2015,22601269.09
13,1,11,2015,1774422.5
13,1,12,2015,591702.13
13,1,15,2015,1317857.92
13,1,20,2015,4402.91
13,1,21,2015,157843.82
13,1,24,2015,59426.43
13,1,25,2015,45394.1
13,1,29,2015,2177.34
13,1,30,2015,14141.12
13,1,31,2015,182.57
13,1,33,2015,4989687.04
13,1,35,2015,85.88
13,1,39,2015,0.0
13,1,41,2015,1791.2
14,1,3,2015,14023435.04
14,1,4,2015,286854.22
14,1,6,2015,2597094.19
14,1,9,2015,2664.81
14,1,11,2015,1347670.79
14,1,12,2015,2829085.74
14,1,15,2015,675649.32
14,1,21,2015,118640.87
14,1,24,2015,18917.87
14,1,25,2015,7086.66
14,1,29,2015,81887.48
14,1,30,2015,2073.11
14,1,31,2015,1104.75
14,1,33,2015,268417.65
14,1,35,2015,124.15
14,1,39,2015,17160.04
14,1,41,2015,38710.77
15,1,0,2015,6.27
15,1,3,2015,88104675.46
15,1,4,2015,1270615.23
15,1,5,2015,230937.47
15,1,6,2015,7098552.17
15,1,9,2015,86679.09
15,1,11,2015,2325756.7
15,1,12,2015,987028.77
15,1,15,2015,17143411.62
15,1,20,2015,0.0
15,1,21,2015,781844.63
15,1,23,2015,2188.83
15,1,24,2015,144942.83
15,1,25,2015,76092.9
15,1,29,2015,227800.23
15,1,30,2015,119708.17
15,1,31,2015,229.17
15,1,32,2015,1715.42
15,1,33,2015,4391136.9
15,1,35,2015,192869.41
15,1,39,2015,193921.06
15,1,40,2015,404.46
15,1,41,2015,290032.14
15,3,0,2015,57.78
15,3,3,2015,188540.31
15,3,4,2015,178113.5
15,3,6,2015,108.0
15,3,9,2015,0.0
15,3,11,2015,68555.52
15,3,12,2015,128617.69
15,3,15,2015,269888.9
15,3,21,2015,3113.69
15,3,24,2015,2048.2
15,3,25,2015,159.06
15,3,29,2015,1.42
15,3,30,2015,47.02
15,3,31,2015,0.0
15,3,33,2015,24079.51
15,3,39,2015,7277.3
15,3,41,2015,394.29
16,1,3,2015,9950660.66
16,1,4,2015,3405.14
16,1,5,2015,95480.05
16,1,6,2015,1578488.41
16,1,9,2015,85682.68
16,1,11,2015,2031498.53
16,1,12,2015,27463.4
16,1,15,2015,34728.02
16,1,21,2015,14917.9
16,1,24,2015,14973.66
16,1,25,2015,3694.15
16,1,30,2015,4552.53
16,1,31,2015,2.06
16,1,33,2015,339638.71
16,1,39,2015,3392.66
16,1,41,2015,3182.21
17,1,0,2015,1.24
17,1,3,2015,397122.69
17,1,4,2015,19375.6
17,1,6,2015,137211.91
17,1,9,2015,382.12
17,1,11,2015,23576.67
17,1,12,2015,61028.99
17,1,15,2015,1568986.26
17,1,21,2015,165656.99
17,1,24,2015,2826.91
17,1,25,2015,1626.51
17,1,29,2015,28950.48
17,1,30,2015,31.82
17,1,31,2015,0.0
17,1,33,2015,41555.27
17,1,39,2015,781.11
17,1,40,2015,0.0
17,1,41,2015,12443.17
17,3,0,2015,21.38
17,3,3,2015,5669792.52
17,3,4,2015,8930647.11
17,3,6,2015,15.96
17,3,9,2015,51455.4
17,3,11,2015,2156338.5
17,3,12,2015,1512755.21
17,3,15,2015,5500573.65
17,3,20,2015,12359.42
17,3,21,2015,217854.37
17,3,23,2015,320.12
17,3,24,2015,55577.13
17,3,25,2015,10094.15
17,3,29,2015,41089.42
17,3,30,2015,311.11
17,3,31,2015,150.85
17,3,33,2015,292072.42
17,3,39,2015,678474.4
17,3,40,2015,77084.23
17,3,41,2015,73006.09
17,3,62,2015,802.44
17,3,75,2015,0.0
21,1,0,2015,1.25
21,1,3,2015,4440374.57
21,1,4,2015,120878.28
21,1,5,2015,406296.6
21,1,6,2015,376072.01
21,1,9,2015,71360.03
21,1,11,2015,462527.76
21,1,12,2015,66053.09
21,1,15,2015,4755687.63
21,1,21,2015,83436.79
21,1,23,2015,5575.12
21,1,24,2015,59317.86
21,1,25,2015,14441.09
21,1,29,2015,91.84
21,1,30,2015,7346.39
21,1,31,2015,221.5
21,1,32,2015,30155.69
21,1,33,2015,265885.16
21,1,39,2015,13949.06
21,1,41,2015,60047.81
21,1,50,2015,3.21
21,3,0,2015,47.71
21,3,3,2015,10035951.37
21,3,4,2015,5857831.56
21,3,5,2015,67397.94
21,3,6,2015,52.45
21,3,9,2015,74235.58
21,3,11,2015,133392.48
21,3,12,2015,758901.68
21,3,15,2015,3174823.13
21,3,20,2015,18353.68
21,3,21,2015,211171.94
21,3,23,2015,116522.55
21,3,24,2015,65846.79
21,3,25,2015,8280.76
21,3,29,2015,6764.29
21,3,30,2015,334.41
21,3,31,2015,286.18
21,3,32,2015,7207.95
21,3,33,2015,124673.36
21,3,39,2015,758973.07
21,3,41,2015,54074.23
21,3,48,2015,0.0
21,3,50,2015,230980.78
21,3,62,2015,0.0
21,3,91,2015,0.0
22,2,3,2015,1057778.04
22,2,4,2015,9133390.98
22,2,5,2015,5385.24
22,2,9,2015,730.81
22,2,11,2015,0.98
22,2,12,2015,18261.29
22,2,15,2015,1362525.24
22,2,21,2015,86129.23
22,2,23,2015,16663.12
22,2,24,2015,29482.61
22,2,25,2015,18932.95
22,2,29,2015,14606.5
22,2,31,2015,1221.89
22,2,32,2015,1956.48
22,2,33,2015,21119.65
22,2,39,2015,5319.9
22,2,41,2015,91572.27
22,2,48,2015,3747.0
22,2,50,2015,4555.65
22,2,62,2015,1.76
22,2,75,2015,0.0
22,2,91,2015,0.0
22,3,3,2015,2373581.09
22,3,4,2015,8766195.41
22,3,5,2015,3.48
22,3,9,2015,10254.62
22,3,11,2015,92462.56
22,3,12,2015,299331.24
22,3,15,2015,603613.26
22,3,20,2015,11531.28
22,3,21,2015,73468.26
22,3,23,2015,7.14
22,3,24,2015,48991.16
22,3,25,2015,22011.79
22,3,29,2015,76293.87
22,3,30,2015,601.91
22,3,31,2015,32.77
22,3,33,2015,54017.29
22,3,39,2015,701519.76
22,3,41,2015,167488.58
22,3,48,2015,127.41
22,3,62,2015,85.97
22,3,75,2015,0.0
23,2,3,2015,795202.55
23,2,4,2015,10323637.46
23,2,5,2015,17645.28
23,2,9,2015,0.0
23,2,12,2015,147.89
23,2,15,2015,2580389.59
23,2,21,2015,293608.27
23,2,23,2015,66514.93
23,2,24,2015,137717.59
23,2,25,2015,26884.37
23,2,29,2015,1902.74
23,2,30,2015,1777.05
23,2,31,2015,7856.8
23,2,32,2015,5458.17
23,2,33,2015,115676.76
23,2,39,2015,143.7
23,2,41,2015,242888.51
23,2,48,2015,264924.17
23,2,50,2015,4488.73
23,2,75,2015,0.0
23,2,91,2015,0.0
24,2,3,2015,54569.82
24,2,4,2015,2796691.98
24,2,5,2015,5741.63
24,2,11,2015,0.18
24,2,12,2015,21956.29
24,2,13,2015,5918.48
24,2,15,2015,1449804.77
24,2,20,2015,4290.73
24,2,21,2015,212714.51
24,2,23,2015,37962.93
24,2,24,2015,49408.57
24,2,25,2015,4932.14
24,2,29,2015,4880.27
24,2,30,2015,7.39
24,2,31,2015,34632.28
24,2,32,2015,4389.21
24,2,33,2015,42049.23
24,2,41,2015,317732.85
24,2,48,2015,24414.12
24,2,49,2015,0.09
24,2,50,2015,2554.08
24,2,75,2015,0.0
24,2,91,2015,0.0
24,4,3,2015,25960.54
24,4,4,2015,883.88
24,4,5,2015,7745.26
24,4,9,2015,7.92
24,4,11,2015,5169.53
24,4,12,2015,0.0
24,4,15,2015,7522.31
24,4,20,2015,29047.11
24,4,21,2015,34849.36
24,4,23,2015,8186.42
24,4,24,2015,14885.07
24,4,25,2015,32.37
24,4,31,2015,2451.34
24,4,32,2015,644.16
24,4,33,2015,7094.07
24,4,41,2015,44390.02
24,4,48,2015,189.93
24,4,49,2015,770.7
24,4,50,2015,14980.74
24,4,91,2015,0.0
25,2,3,2015,63260.51
25,2,4,2015,3256736.1
25,2,11,2015,0.0
25,2,12,2015,16645.25
25,2,13,2015,1950.96
25,2,15,2015,1739194.98
25,2,20,2015,19483.09
25,2,21,2015,63054.36
25,2,24,2015,33791.11
25,2,25,2015,10762.29
25,2,29,2015,4616.48
25,2,30,2015,8.53
25,2,31,2015,3.1
25,2,33,2015,24421.5
25,2,41,2015,1872.08
25,2,48,2015,73.99
25,2,75,2015,0.0
25,2,91,2015,0.0
25,4,3,2015,64994.61
25,4,4,2015,12889.63
25,4,5,2015,11994.34
25,4,9,2015,598.47
25,4,11,2015,12641.56
25,4,15,2015,56638.48
25,4,20,2015,112966.29
25,4,21,2015,61541.23
25,4,23,2015,704.22
25,4,24,2015,19618.49
25,4,25,2015,120.31
25,4,30,2015,230.93
25,4,31,2015,571.15
25,4,32,2015,155.73
25,4,33,2015,4871.72
25,4,41,2015,49802.54
25,4,48,2015,0.0
25,4,50,2015,152.79
25,4,75,2015,0.0
25,4,91,2015,0.0
26,2,3,2015,52181.27
26,2,4,2015,5191851.31
26,2,12,2015,24055.07
26,2,13,2015,102177.65
26,2,15,2015,2470150.73
26,2,20,2015,719.56
26,2,21,2015,91435.73
26,2,24,2015,60481.03
26,2,25,2015,23083.26
26,2,29,2015,1136.15
26,2,30,2015,490.29
26,2,31,2015,14.76
26,2,33,2015,80327.43
26,2,41,2015,98466.28
26,2,48,2015,62287.64
26,2,75,2015,0.0
26,2,91,2015,0.0
26,4,3,2015,216896.44
26,4,4,2015,111800.55
26,4,5,2015,15350.82
26,4,9,2015,49.06
26,4,11,2015,4831.46
26,4,15,2015,594465.45
26,4,20,2015,426994.54
26,4,21,2015,103663.96
26,4,23,2015,272.52
26,4,24,2015,52585.77
26,4,25,2015,602.06
26,4,30,2015,771.34
26,4,31,2015,1214.24
26,4,32,2015,480.62
26,4,33,2015,15107.5
26,4,41,2015,3.64
26,4,50,2015,10.17
26,4,75,2015,0.0
26,4,91,2015,0.0
27,2,3,2015,6996.02
27,2,4,2015,381574.02
27,2,9,2015,2.29
27,2,11,2015,0.18
27,2,12,2015,192.28
27,2,13,2015,0.0
27,2,15,2015,902965.51
27,2,20,2015,566.22
27,2,21,2015,6365.16
27,2,24,2015,8307.81
27,2,25,2015,823.31
27,2,29,2015,16.42
27,2,30,2015,0.0
27,2,31,2015,4.67
27,2,33,2015,10291.94
27,2,41,2015,2907.48
27,2,48,2015,61.33
27,4,3,2015,183639.25
27,4,4,2015,43262.17
27,4,5,2015,4538.45
27,4,9,2015,153.75
27,4,11,2015,17961.07
27,4,12,2015,0.0
27,4,15,2015,581355.7
27,4,20,2015,512585.07
27,4,21,2015,50295.62
27,4,23,2015,4209.2
27,4,24,2015,25204.31
27,4,25,2015,245.89
27,4,29,2015,0.0
27,4,31,2015,0.0
27,4,32,2015,42.02
27,4,33,2015,22562.3
27,4,41,2015,84.24
27,4,49,2015,2753.16
27,4,50,2015,12171.38
28,2,3,2015,23946.39
28,2,4,2015,301049.56
28,2,9,2015,49.57
28,2,12,2015,520.12
28,2,15,2015,802442.63
28,2,20,2015,17.32
28,2,21,2015,573.99
28,2,24,2015,5876.43
28,2,25,2015,1183.6
28,2,30,2015,62.31
28,2,31,2015,5.47
28,2,33,2015,8320.4
28,2,41,2015,69677.41
28,4,3,2015,108297.63
28,4,4,2015,3287.91
28,4,5,2015,22707.5
28,4,9,2015,3553.39
28,4,11,2015,22200.37
28,4,12,2015,15489.42
28,4,15,2015,609084.61
28,4,20,2015,11390.5
28,4,21,2015,74165.35
28,4,23,2015,7755.76
28,4,24,2015,22651.2
28,4,25,2015,487.1
28,4,29,2015,1.58
28,4,30,2015,676.67
28,4,31,2015,1360.79
28,4,32,2015,1772.57
28,4,33,2015,24560.17
28,4,41,2015,885.95
28,4,49,2015,941.46
28,4,50,2015,47448.57
28,4,91,2015,0.0
29,2,3,2015,1133630.65
29,2,4,2015,19934600.87
29,2,9,2015,7693.38
29,2,11,2015,0.0
29,2,12,2015,221433.16
29,2,13,2015,363729.39
29,2,15,2015,11020952.46
29,2,20,2015,21327.78
29,2,21,2015,1482337.44
29,2,23,2015,64855.83
29,2,24,2015,112612.97
29,2,25,2015,72715.56
29,2,29,2015,88800.11
29,2,30,2015,4707.57
29,2,31,2015,5.11
29,2,33,2015,327748.33
29,2,39,2015,2929.21
29,2,41,2015,212202.73
29,2,46,2015,10997.86
29,2,48,2015,52433.28
29,2,62,2015,0.0
29,2,75,2015,0.0
29,2,91,2015,0.0
29,3,3,2015,285452.38
29,3,4,2015,6419435.04
29,3,9,2015,13376.1
29,3,11,2015,141516.6
29,3,12,2015,477231.32
29,3,15,2015,594452.3
29,3,21,2015,116992.15
29,3,24,2015,13051.31
29,3,25,2015,10322.21
29,3,29,2015,9460.27
29,3,31,2015,12.07
29,3,33,2015,7538.99
29,3,39,2015,1139209.82
29,3,41,2015,1023754.2
29,3,46,2015,16152.15
29,3,48,2015,815.58
29,3,62,2015,74907.35
29,3,75,2015,0.0
29,3,91,2015,0.0
29,4,3,2015,3198751.67
29,4,4,2015,728976.24
29,4,5,2015,73127.56
29,4,9,2015,615264.06
29,4,11,2015,127597.15
29,4,12,2015,22495.39
29,4,15,2015,5140414.57
29,4,20,2015,8324.0
29,4,21,2015,597848.87
29,4,23,2015,8603.07
29,4,24,2015,115270.31
29,4,25,2015,4234.82
29,4,29,2015,5755.64
29,4,30,2015,1827.58
29,4,31,2015,1786.62
29,4,32,2015,4888.17
29,4,33,2015,193602.02
29,4,41,2015,2291.77
29,4,46,2015,29344.33
29,4,48,2015,124.34
29,4,49,2015,16216.32
29,4,50,2015,95666.54
31,2,3,2015,90869.48
31,2,4,2015,1604357.72
31,2,9,2015,5969.43
31,2,11,2015,0.0
31,2,12,2015,279.02
31,2,15,2015,1463121.45
31,2,20,2015,7009.65
31,2,21,2015,5349.41
31,2,24,2015,10615.55
31,2,25,2015,4277.63
31,2,29,2015,3345.13
31,2,30,2015,96.43
31,2,33,2015,20568.8
31,2,39,2015,1165.61
31,2,41,2015,32495.46
31,2,46,2015,1345.17
31,2,48,2015,10094.36
31,2,62,2015,0.0
31,2,75,2015,0.0
31,3,0,2015,60.63
31,3,3,2015,4153055.08
31,3,4,2015,8495084.95
31,3,9,2015,1374935.56
31,3,11,2015,444660.1
31,3,12,2015,1481038.5
31,3,15,2015,10367328.62
31,3,20,2015,828146.88
31,3,21,2015,980230.26
31,3,24,2015,154915.76
31,3,25,2015,32818.76
31,3,29,2015,669437.97
31,3,30,2015,14309.01
31,3,31,2015,25.69
31,3,33,2015,361772.59
31,3,39,2015,1125987.25
31,3,41,2015,953124.51
31,3,46,2015,313435.65
31,3,47,2015,42097.44
31,3,48,2015,4679.89
31,3,62,2015,96.7
31,3,75,2015,0.0
31,4,3,2015,5793645.47
31,4,4,2015,2030242.55
31,4,9,2015,580158.95
31,4,11,2015,15540.68
31,4,12,2015,975047.81
31,4,15,2015,11535322.97
31,4,20,2015,103027.4
31,4,21,2015,999570.13
31,4,23,2015,21.75
31,4,24,2015,240221.64
31,4,25,2015,11981.67
31,4,29,2015,38943.7
31,4,30,2015,41334.07
31,4,31,2015,2.71
31,4,33,2015,254639.37
31,4,39,2015,45779.1
31,4,41,2015,381096.44
31,4,46,2015,539672.82
31,4,47,2015,5915.17
31,4,48,2015,1013.29
32,4,3,2015,1035726.47
32,4,4,2015,5911.73
32,4,5,2015,7427.95
32,4,9,2015,233896.06
32,4,11,2015,128062.88
32,4,12,2015,80052.4
32,4,15,2015,2449320.74
32,4,20,2015,9993.0
32,4,21,2015,255228.38
32,4,23,2015,5442.82
32,4,24,2015,67629.34
32,4,25,2015,3224.97
32,4,29,2015,28721.73
32,4,31,2015,15.04
32,4,32,2015,339.52
32,4,33,2015,47325.88
32,4,41,2015,28434.38
32,4,46,2015,172725.93
32,4,48,2015,356.01
32,4,49,2015,17745.0
32,4,50,2015,28363.66
33,4,3,2015,1302501.98
33,4,4,2015,758.09
33,4,5,2015,10609.27
33,4,9,2015,7887.49
33,4,11,2015,125796.5
33,4,12,2015,96962.16
33,4,15,2015,2017225.87
33,4,20,2015,88.16
33,4,21,2015,242746.2
33,4,23,2015,20670.31
33,4,24,2015,220318.92
33,4,25,2015,4794.92
33,4,29,2015,5211.63
33,4,30,2015,2483.49
33,4,31,2015,1972.81
33,4,32,2015,829.98
33,4,33,2015,95192.11
33,4,39,2015,337.46
33,4,41,2015,135016.78
33,4,46,2015,0.17
33,4,48,2015,0.0
33,4,49,2015,27494.76
33,4,50,2015,53157.82
33,4,91,2015,0.0
35,3,3,2015,870502.72
35,3,4,2015,33809.93
35,3,9,2015,469268.82
35,3,11,2015,102146.22
35,3,12,2015,3587.2
35,3,15,2015,857361.03
35,3,20,2015,2491923.03
35,3,21,2015,668233.77
35,3,24,2015,116569.99
35,3,25,2015,8238.43
35,3,30,2015,590.16
35,3,31,2015,44.09
35,3,33,2015,114535.47
35,3,39,2015,414050.72
35,3,41,2015,80909.89
35,3,46,2015,45451.66
35,3,47,2015,222998.79
35,3,48,2015,17669.05
35,3,62,2015,0.0
35,4,3,2015,3696842.14
35,4,4,2015,9.92
35,4,5,2015,18934.37
35,4,9,2015,533242.65
35,4,11,2015,293944.6
35,4,12,2015,69065.39
35,4,15,2015,5238364.24
35,4,20,2015,3807306.95
35,4,21,2015,2227612.69
35,4,23,2015,1667.75
35,4,24,2015,619584.86
35,4,25,2015,15526.69
35,4,29,2015,126.33
35,4,30,2015,6931.19
35,4,31,2015,1754.7
35,4,32,2015,105.98
35,4,33,2015,478173.62
35,4,39,2015,492473.34
35,4,40,2015,144.21
35,4,41,2015,351606.71
35,4,46,2015,64555.49
35,4,47,2015,132321.05
35,4,48,2015,13319.81
35,4,49,2015,232256.39
35,4,50,2015,5000.61
35,4,62,2015,0.0
35,4,75,2015,0.0
41,3,3,2015,72411.45
41,3,4,2015,41.69
41,3,9,2015,68944.83
41,3,11,2015,1064.87
41,3,12,2015,37979.37
41,3,15,2015,12333.3
41,3,21,2015,2611.8
41,3,24,2015,2143.13
41,3,25,2015,226.51
41,3,29,2015,4231.3
41,3,33,2015,303.31
41,3,39,2015,105775.29
41,3,41,2015,4278.02
41,3,46,2015,0.98
41,3,47,2015,61.09
41,3,48,2015,2.37
41,4,3,2015,5023354.63
41,4,5,2015,21049.73
41,4,9,2015,1119246.8
41,4,11,2015,224270.94
41,4,12,2015,43901.08
41,4,15,2015,4125105.67
41,4,20,2015,653101.08
41,4,21,2015,1678176.03
41,4,23,2015,609.63
41,4,24,2015,277478.07
41,4,25,2015,11745.69
41,4,29,2015,80.42
41,4,30,2015,4542.37
41,4,31,2015,694.85
41,4,32,2015,118.45
41,4,33,2015,397207.87
41,4,39,2015,4773801.02
41,4,40,2015,2683.09
41,4,41,2015,1082525.16
41,4,46,2015,29768.8
41,4,47,2015,7251.07
41,4,48,2015,1664.2
41,4,49,2015,131423.34
41,4,50,2015,4774.96
41,4,62,2015,0.0
42,4,3,2015,3872344.2
42,4,5,2015,7897.23
42,4,9,2015,1068508.45
42,4,11,2015,18406.76
42,4,12,2015,707603.93
42,4,15,2015,1177936.07
42,4,21,2015,905624.62
42,4,23,2015,6625.38
42,4,24,2015,198635.7
42,4,25,2015,7317.15
42,4,29,2015,0.0
42,4,30,2015,2510.1
42,4,31,2015,272.26
42,4,32,2015,325.35
42,4,33,2015,141439.12
42,4,39,2015,516279.93
42,4,40,2015,118284.38
42,4,41,2015,672717.67
42,4,48,2015,2793.63
42,4,49,2015,88041.28
42,4,50,2015,16264.35
42,4,84,2015,24.94
42,4,91,2015,0.0
43,4,3,2015,2776628.45
43,4,9,2015,370650.83
43,4,11,2015,2406.07
43,4,12,2015,1119920.82
43,4,15,2015,596679.66
43,4,21,2015,857117.25
43,4,23,2015,600.35
43,4,24,2015,123857.32
43,4,25,2015,5254.72
43,4,29,2015,2.28
43,4,30,2015,8.28
43,4,31,2015,40.93
43,4,33,2015,122026.4
43,4,39,2015,2303785.91
43,4,40,2015,37426.25
43,4,41,2015,401813.75
43,4,48,2015,42063.84
43,4,49,2015,2465.23
43,4,50,2015,6322.55
43,4,84,2015,7.19
43,4,91,2015,0.0
43,5,3,2015,2320635.1
43,5,9,2015,667316.21
43,5,11,2015,357769.86
43,5,12,2015,6656253.61
43,5,15,2015,138.5
43,5,21,2015,1152041.07
43,5,23,2015,133181.59
43,5,24,2015,132222.02
43,5,25,2015,50938.46
43,5,29,2015,23776.16
43,5,30,2015,3775.53
43,5,31,2015,241.08
43,5,33,2015,1848508.96
43,5,39,2015,3609352.53
43,5,40,2015,867978.85
43,5,41,2015,1411324.75
43,5,48,2015,664.61
43,5,49,2015,19455.26
43,5,50,2015,130786.17
43,5,84,2015,7155.82
43,5,91,2015,0.0
50,3,3,2015,3836280.69
50,3,4,2015,1171516.05
50,3,7,2015,0.0
50,3,9,2015,777860.51
50,3,11,2015,527766.43
50,3,12,2015,139070.27
50,3,15,2015,12551486.85
50,3,20,2015,373151.38
50,3,21,2015,639633.58
50,3,24,2015,58350.51
50,3,25,2015,4535.18
50,3,29,2015,4064.93
50,3,30,2015,467.61
50,3,31,2015,181.49
50,3,33,2015,77386.05
50,3,39,2015,1757846.43
50,3,40,2015,1099.67
50,3,41,2015,292404.35
50,3,47,2015,65.67
50,3,62,2015,11612.29
50,4,3,2015,373413.65
50,4,4,2015,22.04
50,4,9,2015,7687.66
50,4,11,2015,397726.65
50,4,12,2015,16.01
50,4,15,2015,1492744.96
50,4,20,2015,270867.05
50,4,21,2015,146777.41
50,4,24,2015,16433.31
50,4,25,2015,2715.97
50,4,31,2015,340.2
50,4,33,2015,250849.15
50,4,39,2015,592022.92
50,4,40,2015,0.0
50,4,41,2015,190081.27
50,4,47,2015,124.71
50,4,48,2015,575.96
50,6,0,2015,0.43
50,6,3,2015,1482235.95
50,6,4,2015,1933810.94
50,6,7,2015,118816.58
50,6,9,2015,17.41
50,6,11,2015,1061863.7
50,6,12,2015,3305900.18
50,6,13,2015,0.09
50,6,15,2015,985662.46
50,6,21,2015,17392.81
50,6,24,2015,3059.44
50,6,25,2015,296.54
50,6,29,2015,3208.25
50,6,30,2015,736.73
50,6,33,2015,820765.17
50,6,39,2015,309.21
50,6,40,2015,5959.76
50,6,41,2015,2457.42
51,1,0,2015,493.5
51,1,3,2015,28008295.99
51,1,4,2015,831818.11
51,1,6,2015,3075114.55
51,1,7,2015,0.0
51,1,9,2015,49501.9
51,1,11,2015,951292.25
51,1,12,2015,546056.03
51,1,15,2015,11526227.45
51,1,20,2015,86547.82
51,1,21,2015,877335.08
51,1,24,2015,49083.09
51,1,25,2015,34405.89
51,1,29,2015,191519.41
51,1,30,2015,55971.76
51,1,31,2015,376.01
51,1,33,2015,305039.74
51,1,39,2015,3346568.57
51,1,41,2015,1254908.52
51,1,62,2015,826.48
51,3,0,2015,352.95
51,3,3,2015,6644761.25
51,3,4,2015,9503375.79
51,3,6,2015,140.6
51,3,7,2015,0.0
51,3,9,2015,91247.09
51,3,11,2015,2578704.69
51,3,12,2015,1375563.62
51,3,15,2015,6987538.49
51,3,20,2015,44818.52
51,3,21,2015,250629.82
51,3,24,2015,74479.47
51,3,25,2015,12170.46
51,3,29,2015,93696.41
51,3,30,2015,15572.04
51,3,31,2015,1731.82
51,3,33,2015,177436.83
51,3,39,2015,5314792.77
51,3,41,2015,577685.48
51,3,62,2015,28857.26
51,6,0,2015,417.91
51,6,3,2015,720065.9
51,6,4,2015,1319702.26
51,6,7,2015,72390.51
51,6,9,2015,159.07
51,6,11,2015,695185.42
51,6,12,2015,1262963.7
51,6,15,2015,637906.44
51,6,20,2015,1.64
51,6,21,2015,35484.88
51,6,24,2015,2971.03
51,6,25,2015,354.86
51,6,29,2015,0.09
51,6,30,2015,35.93
51,6,31,2015,59.48
51,6,33,2015,601778.6
51,6,39,2015,1042.83
51,6,41,2015,946.39
52,3,3,2015,5723387.58
52,3,4,2015,5267096.41
52,3,9,2015,150087.38
52,3,11,2015,500020.16
52,3,12,2015,595099.52
52,3,15,2015,14703938.79
52,3,20,2015,809671.26
52,3,21,2015,865074.79
52,3,24,2015,201369.31
52,3,25,2015,13672.63
52,3,29,2015,151950.35
52,3,30,2015,8226.92
52,3,31,2015,195.05
52,3,33,2015,331348.9
52,3,39,2015,3241337.88
52,3,40,2015,3335.5
52,3,41,2015,896636.62
52,3,46,2015,4135.44
52,3,47,2015,987.42
52,3,48,2015,111.22
52,3,62,2015,2663.01
52,3,75,2015,0.0
52,4,3,2015,72567.24
52,4,4,2015,12.42
52,4,9,2015,479.3
52,4,11,2015,30.8
52,4,12,2015,0.51
52,4,15,2015,304561.61
52,4,20,2015,63409.63
52,4,21,2015,23336.42
52,4,24,2015,1013.59
52,4,25,2015,1590.94
52,4,31,2015,1.79
52,4,33,2015,67135.99
52,4,39,2015,10355.56
52,4,41,2015,9442.33
53,3,3,2015,79930.82
53,3,4,2015,180268.81
53,3,9,2015,2128.21
53,3,11,2015,3582.62
53,3,12,2015,27238.04
53,3,15,2015,95765.48
53,3,21,2015,8450.71
53,3,24,2015,66884.57
53,3,25,2015,1021.43
53,3,30,2015,513.91
53,3,31,2015,31.69
53,3,33,2015,6708.3
53,3,39,2015,85619.93
53,3,41,2015,17681.98
53,3,46,2015,264.57
53,3,48,2015,0.0
53,3,62,2015,0.0
11,1,0,2016,0.7
11,1,3,2016,13001214.8
11,1,4,2016,469086.22
11,1,6,2016,770162.99
11,1,9,2016,435.71
11,1,11,2016,687486.68
11,1,12,2016,250436.67
11,1,15,2016,7403535.57
11,1,21,2016,232711.31
11,1,24,2016,52120.76
11,1,25,2016,56232.95
11,1,29,2016,54359.09
11,1,30,2016,15981.48
11,1,31,2016,6572.33
11,1,33,2016,247353.02
11,1,39,2016,167935.84
11,1,41,2016,84106.71
11,1,75,2016,0.0
11,3,0,2016,15.64
11,3,3,2016,140941.32
11,3,4,2016,64923.74
11,3,9,2016,508.44
11,3,11,2016,593.66
11,3,12,2016,5357.48
11,3,15,2016,18643.41
11,3,21,2016,2166.52
11,3,24,2016,3863.23
11,3,25,2016,206.91
11,3,29,2016,0.0
11,3,33,2016,118.62
11,3,39,2016,24423.97
11,3,41,2016,1789.22
12,1,3,2016,14356212.62
12,1,4,2016,2687.85
12,1,6,2016,72176.74
12,1,11,2016,3507.59
12,1,12,2016,2130.33
12,1,15,2016,1794292.31
12,1,21,2016,33187.61
12,1,24,2016,24344.96
12,1,25,2016,30547.03
12,1,31,2016,301.41
12,1,33,2016,60398.72
12,1,39,2016,0.0
12,1,41,2016,3219.27
13,1,3,2016,123919838.94
13,1,4,2016,226817.56
13,1,6,2016,22577122.23
13,1,11,2016,1833933.38
13,1,12,2016,591789.9
13,1,15,2016,1413815.57
13,1,20,2016,4407.47
13,1,21,2016,210079.51
13,1,24,2016,59848.97
13,1,25,2016,48124.8
13,1,29,2016,2177.43
13,1,30,2016,14263.92
13,1,31,2016,195.95
13,1,33,2016,4924296.83
13,1,35,2016,60.5
13,1,39,2016,0.0
13,1,41,2016,1741.34
14,1,3,2016,13996045.44
14,1,4,2016,284260.37
14,1,6,2016,2597115.0
14,1,9,2016,3620.48
14,1,11,2016,1309356.96
14,1,12,2016,2816257.6
14,1,15,2016,685361.71
14,1,21,2016,139195.67
14,1,24,2016,19092.33
14,1,25,2016,6323.83
14,1,29,2016,81887.75
14,1,30,2016,2077.12
14,1,31,2016,1078.41
14,1,33,2016,310317.72
14,1,35,2016,160.17
14,1,39,2016,20329.49
14,1,41,2016,44097.41
15,1,0,2016,6.1
15,1,3,2016,87736144.1
15,1,4,2016,1269436.84
15,1,5,2016,230794.66
15,1,6,2016,7090296.07
15,1,9,2016,88800.64
15,1,11,2016,2420418.59
15,1,12,2016,987886.44
15,1,15,2016,17302772.01
15,1,20,2016,0.0
15,1,21,2016,877894.4
15,1,23,2016,2173.82
15,1,24,2016,146609.52
15,1,25,2016,80788.26
15,1,29,2016,227842.19
15,1,30,2016,127733.7
15,1,31,2016,270.77
15,1,32,2016,1611.64
15,1,33,2016,4302077.92
15,1,35,2016,201874.93
15,1,39,2016,278511.25
15,1,40,2016,498.41
15,1,41,2016,296106.67
15,3,0,2016,59.46
15,3,3,2016,189039.46
15,3,4,2016,170330.85
15,3,6,2016,109.06
15,3,9,2016,0.0
15,3,11,2016,67928.43
15,3,12,2016,121034.29
15,3,15,2016,278713.13
15,3,21,2016,3992.07
15,3,24,2016,2097.76
15,3,25,2016,110.31
15,3,29,2016,1.24
15,3,30,2016,41.44
15,3,31,2016,0.0
15,3,33,2016,23949.29
15,3,39,2016,13341.62
15,3,41,2016,253.78
16,1,3,2016,9949785.27
16,1,4,2016,3355.82
16,1,5,2016,94591.86
16,1,6,2016,1575618.8
16,1,9,2016,86446.22
16,1,11,2016,2029138.2
16,1,12,2016,27222.55
16,1,15,2016,36222.36
16,1,21,2016,16892.57
16,1,24,2016,15047.4
16,1,25,2016,3601.34
16,1,30,2016,4660.07
16,1,31,2016,2.06
16,1,33,2016,335843.09
16,1,39,2016,8575.39
16,1,41,2016,4757.77
17,1,0,2016,1.24
17,1,3,2016,396080.23
17,1,4,2016,19837.9
17,1,6,2016,136560.19
17,1,9,2016,463.56
17,1,11,2016,24131.82
17,1,12,2016,60908.57
17,1,15,2016,1560993.88
17,1,21,2016,164189.1
17,1,24,2016,2845.02
17,1,25,2016,1661.0
17,1,29,2016,28962.59
17,1,30,2016,32.26
17,1,31,2016,0.0
17,1,33,2016,40718.25
17,1,39,2016,2362.81
17,1,40,2016,0.0
17,1,41,2016,21809.31
17,3,0,2016,20.65
17,3,3,2016,5671278.02
17,3,4,2016,8793875.48
17,3,6,2016,16.32
17,3,9,2016,53177.48
17,3,11,2016,2141741.09
17,3,12,2016,1508184.88
17,3,15,2016,5526120.35
17,3,20,2016,14818.24
17,3,21,2016,232766.95
17,3,23,2016,322.84
17,3,24,2016,56169.08
17,3,25,2016,8410.05
17,3,29,2016,41118.5
17,3,30,2016,322.41
17,3,31,2016,270.28
17,3,33,2016,290727.56
17,3,39,2016,787247.96
17,3,40,2016,85770.28
17,3,41,2016,67525.06
17,3,62,2016,912.36
17,3,75,2016,0.0
21,1,0,2016,0.98
21,1,3,2016,4446373.68
21,1,4,2016,119780.37
21,1,5,2016,404496.94
21,1,6,2016,386178.95
21,1,9,2016,72050.84
21,1,11,2016,472561.49
21,1,12,2016,65279.21
21,1,15,2016,4691625.23
21,1,21,2016,98819.55
21,1,23,2016,5520.19
21,1,24,2016,60547.97
21,1,25,2016,16046.65
21,1,29,2016,91.66
21,1,30,2016,7496.1
21,1,31,2016,245.14
21,1,32,2016,30143.14
21,1,33,2016,256178.41
21,1,39,2016,28942.99
21,1,41,2016,77339.68
21,1,50,2016,3.57
21,3,0,2016,50.57
21,3,3,2016,9955940.06
21,3,4,2016,5791987.05
21,3,5,2016,67400.27
21,3,6,2016,56.38
21,3,9,2016,74745.81
21,3,11,2016,131775.41
21,3,12,2016,757323.59
21,3,15,2016,3258806.84
21,3,20,2016,20192.76
21,3,21,2016,223707.91
21,3,23,2016,116457.25
21,3,24,2016,67223.09
21,3,25,2016,7529.98
21,3,29,2016,6763.67
21,3,30,2016,328.79
21,3,31,2016,355.74
21,3,32,2016,7081.05
21,3,33,2016,125226.77
21,3,39,2016,827031.35
21,3,41,2016,34586.2
21,3,48,2016,0.0
21,3,50,2016,231533.38
21,3,62,2016,0.0
21,3,91,2016,0.0
22,2,3,2016,1057124.63
22,2,4,2016,9126897.42
22,2,5,2016,5402.47
22,2,9,2016,747.28
22,2,11,2016,0.89
22,2,12,2016,20155.6
22,2,15,2016,1353516.32
22,2,21,2016,83330.77
22,2,23,2016,16310.4
22,2,24,2016,29997.73
22,2,25,2016,18648.27
22,2,29,2016,14636.28
22,2,31,2016,1288.5
22,2,32,2016,1937.82
22,2,33,2016,24094.77
22,2,39,2016,7678.86
22,2,41,2016,102081.1
22,2,48,2016,3873.87
22,2,50,2016,4546.72
22,2,62,2016,7.4
22,2,75,2016,348.99
22,2,91,2016,755.48
22,3,3,2016,2400378.57
22,3,4,2016,8703477.23
22,3,5,2016,3.93
22,3,9,2016,10374.58
22,3,11,2016,92011.59
22,3,12,2016,299855.12
22,3,15,2016,602253.38
22,3,20,2016,12410.45
22,3,21,2016,84472.71
22,3,23,2016,6.96
22,3,24,2016,49710.29
22,3,25,2016,26604.56
22,3,29,2016,76333.41
22,3,30,2016,651.85
22,3,31,2016,31.97
22,3,33,2016,55204.27
22,3,39,2016,792267.08
22,3,41,2016,95386.37
22,3,48,2016,127.32
22,3,62,2016,57.21
22,3,75,2016,0.0
23,2,3,2016,792300.63
23,2,4,2016,10298948.16
23,2,5,2016,17496.42
23,2,9,2016,0.0
23,2,12,2016,141.42
23,2,15,2016,2603240.31
23,2,21,2016,289009.89
23,2,23,2016,65494.78
23,2,24,2016,140612.46
23,2,25,2016,26299.53
23,2,29,2016,1909.34
23,2,30,2016,2008.59
23,2,31,2016,8387.27
23,2,32,2016,5308.77
23,2,33,2016,104540.22
23,2,39,2016,250.27
23,2,41,2016,269004.85
23,2,48,2016,256761.93
23,2,50,2016,4729.7
23,2,75,2016,7.22
23,2,91,2016,412.84
24,2,3,2016,54900.21
24,2,4,2016,2789721.37
24,2,5,2016,5491.04
24,2,11,2016,0.0
24,2,12,2016,25379.18
24,2,13,2016,5000.48
24,2,15,2016,1440158.94
24,2,20,2016,4350.42
24,2,21,2016,214326.79
24,2,23,2016,37225.31
24,2,24,2016,50535.95
24,2,25,2016,5205.72
24,2,29,2016,4921.17
24,2,30,2016,8.64
24,2,31,2016,35442.73
24,2,32,2016,4512.73
24,2,33,2016,38263.07
24,2,41,2016,332434.57
24,2,48,2016,23233.72
24,2,49,2016,0.09
24,2,50,2016,2501.0
24,2,75,2016,0.0
24,2,91,2016,1038.44
24,4,3,2016,26082.59
24,4,4,2016,874.01
24,4,5,2016,7685.98
24,4,9,2016,7.74
24,4,11,2016,5267.12
24,4,12,2016,0.0
24,4,15,2016,6708.12
24,4,20,2016,28800.09
24,4,21,2016,33106.57
24,4,23,2016,8052.06
24,4,24,2016,14975.16
24,4,25,2016,34.15
24,4,31,2016,2429.39
24,4,32,2016,706.83
24,4,33,2016,7062.09
24,4,41,2016,46884.92
24,4,48,2016,194.73
24,4,49,2016,790.72
24,4,50,2016,15148.48
24,4,91,2016,0.0
25,2,3,2016,63953.32
25,2,4,2016,3239497.52
25,2,11,2016,0.0
25,2,12,2016,20007.09
25,2,13,2016,1650.73
25,2,15,2016,1754619.14
25,2,20,2016,19559.86
25,2,21,2016,63067.65
25,2,24,2016,34579.97
25,2,25,2016,10824.33
25,2,29,2016,4645.69
25,2,30,2016,8.53
25,2,31,2016,16.05
25,2,33,2016,21524.27
25,2,41,2016,1857.01
25,2,48,2016,60.14
25,2,75,2016,0.0
25,2,91,2016,3.02
25,4,3,2016,65497.67
25,4,4,2016,12693.27
25,4,5,2016,11969.13
25,4,9,2016,613.83
25,4,11,2016,12695.86
25,4,15,2016,53308.76
25,4,20,2016,111995.3
25,4,21,2016,58421.1
25,4,23,2016,689.93
25,4,24,2016,19893.94
25,4,25,2016,111.61
25,4,30,2016,236.08
25,4,31,2016,618.08
25,4,32,2016,160.08
25,4,33,2016,4990.42
25,4,41,2016,56453.79
25,4,48,2016,0.0
25,4,50,2016,143.65
25,4,75,2016,0.0
25,4,91,2016,0.0
26,2,3,2016,52614.83
26,2,4,2016,5183600.78
26,2,12,2016,25731.52
26,2,13,2016,103066.42
26,2,15,2016,2469325.38
26,2,20,2016,720.27
26,2,21,2016,94195.88
26,2,24,2016,61712.43
26,2,25,2016,22973.76
26,2,29,2016,1135.35
26,2,30,2016,511.82
26,2,31,2016,8.49
26,2,33,2016,80306.56
26,2,41,2016,99270.56
26,2,48,2016,63151.81
26,2,75,2016,0.0
26,2,91,2016,532.33
26,4,3,2016,216612.42
26,4,4,2016,110496.13
26,4,5,2016,15322.99
26,4,9,2016,50.74
26,4,11,2016,4699.71
26,4,15,2016,592470.68
26,4,20,2016,427047.45
26,4,21,2016,106504.74
26,4,23,2016,270.21
26,4,24,2016,53259.1
26,4,25,2016,542.23
26,4,30,2016,769.22
26,4,31,2016,1300.2
26,4,32,2016,476.81
26,4,33,2016,15261.49
26,4,41,2016,5.85
26,4,50,2016,10.17
26,4,75,2016,0.0
26,4,91,2016,0.0
27,2,3,2016,7039.82
27,2,4,2016,383310.17
27,2,9,2016,2.29
27,2,11,2016,0.0
27,2,12,2016,234.05
27,2,13,2016,0.0
27,2,15,2016,900622.54
27,2,20,2016,568.86
27,2,21,2016,5747.73
27,2,24,2016,8533.54
27,2,25,2016,844.37
27,2,29,2016,16.42
27,2,30,2016,0.0
27,2,31,2016,4.67
27,2,33,2016,9984.47
27,2,41,2016,4105.36
27,2,48,2016,60.36
27,4,3,2016,184540.62
27,4,4,2016,42982.86
27,4,5,2016,4528.86
27,4,9,2016,207.56
27,4,11,2016,17505.76
27,4,12,2016,0.0
27,4,15,2016,577217.1
27,4,20,2016,512962.08
27,4,21,2016,53682.05
27,4,23,2016,4340.12
27,4,24,2016,25762.57
27,4,25,2016,216.11
27,4,29,2016,0.0
27,4,31,2016,0.0
27,4,32,2016,64.71
27,4,33,2016,22240.83
27,4,41,2016,104.5
27,4,49,2016,2700.99
27,4,50,2016,12006.87
28,2,3,2016,24086.97
28,2,4,2016,299600.79
28,2,9,2016,56.84
28,2,12,2016,515.06
28,2,15,2016,780593.39
28,2,20,2016,17.32
28,2,21,2016,797.1
28,2,24,2016,6123.45
28,2,25,2016,1215.24
28,2,30,2016,62.48
28,2,31,2016,4.41
28,2,33,2016,8101.0
28,2,41,2016,92551.13
28,4,3,2016,108298.02
28,4,4,2016,3323.43
28,4,5,2016,22684.74
28,4,9,2016,3708.36
28,4,11,2016,21627.72
28,4,12,2016,15127.36
28,4,15,2016,602082.45
28,4,20,2016,11609.38
28,4,21,2016,81231.82
28,4,23,2016,7939.09
28,4,24,2016,23096.65
28,4,25,2016,471.44
28,4,29,2016,0.0
28,4,30,2016,685.63
28,4,31,2016,1676.79
28,4,32,2016,1734.32
28,4,33,2016,24260.54
28,4,41,2016,1385.69
28,4,49,2016,935.57
28,4,50,2016,46839.51
28,4,91,2016,0.0
29,2,3,2016,1132403.22
29,2,4,2016,19926359.89
29,2,9,2016,7756.78
29,2,11,2016,0.0
29,2,12,2016,225280.37
29,2,13,2016,377332.47
29,2,15,2016,10940655.38
29,2,20,2016,21344.36
29,2,21,2016,1499707.64
29,2,23,2016,67683.2
29,2,24,2016,114678.2
29,2,25,2016,73476.61
29,2,29,2016,87889.99
29,2,30,2016,4732.73
29,2,31,2016,0.0
29,2,33,2016,337584.65
29,2,39,2016,2816.93
29,2,41,2016,249270.03
29,2,46,2016,11022.11
29,2,48,2016,54656.91
29,2,62,2016,0.0
29,2,75,2016,198.93
29,2,91,2016,863.3
29,3,3,2016,282417.2
29,3,4,2016,6365374.61
29,3,9,2016,13324.77
29,3,11,2016,143328.82
29,3,12,2016,475507.08
29,3,15,2016,630966.93
29,3,21,2016,118183.3
29,3,24,2016,13272.93
29,3,25,2016,9096.77
29,3,29,2016,9459.41
29,3,31,2016,12.86
29,3,33,2016,7887.82
29,3,39,2016,1383591.28
29,3,41,2016,839584.67
29,3,46,2016,16884.07
29,3,48,2016,768.11
29,3,62,2016,32493.56
29,3,75,2016,447.37
29,3,91,2016,1078.29
29,4,3,2016,3196487.62
29,4,4,2016,726035.78
29,4,5,2016,73049.97
29,4,9,2016,622511.33
29,4,11,2016,119703.75
29,4,12,2016,21915.83
29,4,15,2016,5158235.13
29,4,20,2016,11723.86
29,4,21,2016,580654.73
29,4,23,2016,8873.69
29,4,24,2016,117018.45
29,4,25,2016,4554.57
29,4,29,2016,5757.7
29,4,30,2016,1866.96
29,4,31,2016,1987.26
29,4,32,2016,5036.15
29,4,33,2016,192520.52
29,4,41,2016,3256.75
29,4,46,2016,29906.51
29,4,48,2016,126.84
29,4,49,2016,16204.06
29,4,50,2016,94983.59
31,2,3,2016,90463.3
31,2,4,2016,1602112.42
31,2,9,2016,5182.15
31,2,11,2016,0.0
31,2,12,2016,265.3
31,2,15,2016,1464979.36
31,2,20,2016,7510.51
31,2,21,2016,4123.82
31,2,24,2016,10786.01
31,2,25,2016,4311.42
31,2,29,2016,3388.92
31,2,30,2016,98.4
31,2,33,2016,21091.36
31,2,39,2016,1164.15
31,2,41,2016,33717.59
31,2,46,2016,1264.66
31,2,48,2016,10500.92
31,2,62,2016,0.0
31,2,75,2016,0.0
31,3,0,2016,60.29
31,3,3,2016,4170111.78
31,3,4,2016,8450614.19
31,3,9,2016,1389207.31
31,3,11,2016,438658.57
31,3,12,2016,1469013.75
31,3,15,2016,10269572.52
31,3,20,2016,871974.75
31,3,21,2016,975669.71
31,3,24,2016,158320.17
31,3,25,2016,31463.53
31,3,29,2016,669482.49
31,3,30,2016,14593.86
31,3,31,2016,22.14
31,3,33,2016,361988.63
31,3,39,2016,1202167.74
31,3,41,2016,955591.16
31,3,46,2016,317130.7
31,3,47,2016,45197.76
31,3,48,2016,5702.39
31,3,62,2016,576.83
31,3,75,2016,121.53
31,4,3,2016,5805086.62
31,4,4,2016,2001185.58
31,4,9,2016,586372.75
31,4,11,2016,14833.94
31,4,12,2016,927410.51
31,4,15,2016,11534722.06
31,4,20,2016,104167.52
31,4,21,2016,1002727.04
31,4,23,2016,21.75
31,4,24,2016,244044.38
31,4,25,2016,11649.72
31,4,29,2016,38737.35
31,4,30,2016,42072.7
31,4,31,2016,5.94
31,4,33,2016,270566.73
31,4,39,2016,52668.01
31,4,41,2016,413280.88
31,4,46,2016,536545.2
31,4,47,2016,6004.33
31,4,48,2016,1074.69
32,4,3,2016,1032820.95
32,4,4,2016,5806.11
32,4,5,2016,7292.38
32,4,9,2016,232926.46
32,4,11,2016,113649.78
32,4,12,2016,76926.26
32,4,15,2016,2462901.29
32,4,20,2016,17255.79
32,4,21,2016,260161.83
32,4,23,2016,5332.19
32,4,24,2016,68572.23
32,4,25,2016,3292.01
32,4,29,2016,28695.0
32,4,31,2016,10.75
32,4,32,2016,492.21
32,4,33,2016,44244.5
32,4,41,2016,27555.5
32,4,46,2016,171484.27
32,4,48,2016,380.32
32,4,49,2016,17770.44
32,4,50,2016,28373.6
33,4,3,2016,1308428.26
33,4,4,2016,751.79
33,4,5,2016,10725.45
33,4,9,2016,7915.94
33,4,11,2016,123929.67
33,4,12,2016,87871.8
33,4,15,2016,2024901.16
33,4,20,2016,79.99
33,4,21,2016,242919.87
33,4,23,2016,20088.69
33,4,24,2016,222127.36
33,4,25,2016,4908.33
33,4,29,2016,5198.27
33,4,30,2016,2512.72
33,4,31,2016,1997.18
33,4,32,2016,845.24
33,4,33,2016,95711.17
33,4,39,2016,365.01
33,4,41,2016,130643.28
33,4,46,2016,0.08
33,4,48,2016,0.0
33,4,49,2016,27361.22
33,4,50,2016,52774.37
33,4,91,2016,0.0
35,3,3,2016,868111.9
35,3,4,2016,33345.14
35,3,9,2016,473002.0
35,3,11,2016,100527.91
35,3,12,2016,3551.08
35,3,15,2016,833823.25
35,3,20,2016,2461340.39
35,3,21,2016,660775.12
35,3,24,2016,119150.67
35,3,25,2016,8064.68
35,3,30,2016,606.55
35,3,31,2016,44.93
35,3,33,2016,116404.11
35,3,39,2016,483903.07
35,3,41,2016,67141.04
35,3,46,2016,45369.1
35,3,47,2016,223665.42
35,3,48,2016,19064.62
35,3,62,2016,0.0
35,4,3,2016,3713041.48
35,4,4,2016,9.44
35,4,5,2016,18751.08
35,4,9,2016,544698.88
35,4,11,2016,287697.45
35,4,12,2016,66130.03
35,4,15,2016,5192090.75
35,4,20,2016,3807336.66
35,4,21,2016,2173248.59
35,4,23,2016,1569.35
35,4,24,2016,627552.33
35,4,25,2016,15078.59
35,4,29,2016,128.05
35,4,30,2016,6902.33
35,4,31,2016,1818.1
35,4,32,2016,79.2
35,4,33,2016,502988.06
35,4,39,2016,602631.64
35,4,40,2016,127.35
35,4,41,2016,289467.5
35,4,46,2016,64655.24
35,4,47,2016,133797.93
35,4,48,2016,13918.14
35,4,49,2016,232173.82
35,4,50,2016,4979.71
35,4,62,2016,0.0
35,4,75,2016,0.0
41,3,3,2016,73129.48
41,3,4,2016,46.75
41,3,9,2016,69821.26
41,3,11,2016,984.4
41,3,12,2016,36198.56
41,3,15,2016,11863.87
41,3,21,2016,3071.24
41,3,24,2016,2163.65
41,3,25,2016,216.22
41,3,29,2016,4235.62
41,3,33,2016,299.72
41,3,39,2016,105841.87
41,3,41,2016,4464.89
41,3,46,2016,0.98
41,3,47,2016,68.44
41,3,48,2016,2.37
41,4,3,2016,5040269.47
41,4,5,2016,20962.67
41,4,9,2016,1126200.59
41,4,11,2016,224699.48
41,4,12,2016,42892.97
41,4,15,2016,4053029.69
41,4,20,2016,640648.88
41,4,21,2016,1686720.65
41,4,23,2016,561.35
41,4,24,2016,282233.72
41,4,25,2016,12209.92
41,4,29,2016,82.61
41,4,30,2016,4597.44
41,4,31,2016,792.18
41,4,32,2016,109.63
41,4,33,2016,402813.93
41,4,39,2016,5172895.08
41,4,40,2016,5375.74
41,4,41,2016,724631.69
41,4,46,2016,27442.71
41,4,47,2016,7499.17
41,4,48,2016,1717.64
41,4,49,2016,131387.57
41,4,50,2016,4800.18
41,4,62,2016,0.0
42,4,3,2016,3865649.35
42,4,5,2016,7536.08
42,4,9,2016,1078986.25
42,4,11,2016,18301.11
42,4,12,2016,695780.57
42,4,15,2016,1176305.45
42,4,21,2016,918632.56
42,4,23,2016,6589.37
42,4,24,2016,201801.35
42,4,25,2016,7631.98
42,4,29,2016,0.0
42,4,30,2016,2548.6
42,4,31,2016,257.1
42,4,32,2016,424.68
42,4,33,2016,142089.63
42,4,39,2016,541666.03
42,4,40,2016,120820.0
42,4,41,2016,638535.63
42,4,48,2016,2999.14
42,4,49,2016,87329.83
42,4,50,2016,15942.69
42,4,84,2016,25.1
42,4,91,2016,0.0
43,4,3,2016,2781320.02
43,4,9,2016,380779.7
43,4,11,2016,2439.29
43,4,12,2016,1093414.05
43,4,15,2016,589147.67
43,4,21,2016,853943.48
43,4,23,2016,607.84
43,4,24,2016,126046.06
43,4,25,2016,5411.71
43,4,29,2016,2.28
43,4,30,2016,8.36
43,4,31,2016,35.38
43,4,33,2016,122118.52
43,4,39,2016,2340155.14
43,4,40,2016,35972.87
43,4,41,2016,381012.81
43,4,48,2016,47945.15
43,4,49,2016,2446.01
43,4,50,2016,6260.18
43,4,84,2016,6.88
43,4,91,2016,4.67
43,5,3,2016,2337571.67
43,5,9,2016,672024.01
43,5,11,2016,354602.45
43,5,12,2016,6588614.62
43,5,15,2016,139.5
43,5,21,2016,1126958.2
43,5,23,2016,132227.46
43,5,24,2016,133296.09
43,5,25,2016,50396.2
43,5,29,2016,23778.67
43,5,30,2016,3736.23
43,5,31,2016,232.1
43,5,33,2016,1850872.93
43,5,39,2016,3658010.96
43,5,40,2016,909217.52
43,5,41,2016,1394052.32
43,5,48,2016,677.86
43,5,49,2016,19558.71
43,5,50,2016,130540.81
43,5,84,2016,6913.21
43,5,91,2016,94.63
50,3,3,2016,3829696.53
50,3,4,2016,1157551.82
50,3,7,2016,0.34
50,3,9,2016,866202.01
50,3,11,2016,523721.05
50,3,12,2016,138839.71
50,3,15,2016,12368262.17
50,3,20,2016,397814.31
50,3,21,2016,645534.74
50,3,24,2016,59205.92
50,3,25,2016,4943.35
50,3,29,2016,4063.31
50,3,30,2016,475.54
50,3,31,2016,174.01
50,3,33,2016,78037.37
50,3,39,2016,1794976.49
50,3,40,2016,608.05
50,3,41,2016,344074.24
50,3,47,2016,65.76
50,3,62,2016,10533.25
50,4,3,2016,373321.24
50,4,4,2016,18.64
50,4,9,2016,8224.15
50,4,11,2016,391485.31
50,4,12,2016,15.68
50,4,15,2016,1451960.29
50,4,20,2016,274820.03
50,4,21,2016,144431.91
50,4,24,2016,16707.52
50,4,25,2016,2536.62
50,4,31,2016,350.17
50,4,33,2016,262193.81
50,4,39,2016,643867.5
50,4,40,2016,0.0
50,4,41,2016,171598.27
50,4,47,2016,104.49
50,4,48,2016,763.28
50,6,0,2016,1.19
50,6,3,2016,1477875.39
50,6,4,2016,1872516.75
50,6,7,2016,129255.32
50,6,9,2016,17.49
50,6,11,2016,1389957.38
50,6,12,2016,2842924.05
50,6,13,2016,0.0
50,6,15,2016,1000508.92
50,6,21,2016,17570.56
50,6,24,2016,3076.69
50,6,25,2016,298.4
50,6,29,2016,3208.25
50,6,30,2016,747.04
50,6,33,2016,995776.18
50,6,39,2016,208.85
50,6,40,2016,5987.69
50,6,41,2016,2562.89
51,1,0,2016,496.77
51,1,3,2016,27902318.98
51,1,4,2016,829796.77
51,1,6,2016,3072070.34
51,1,7,2016,0.0
51,1,9,2016,49321.73
51,1,11,2016,949514.21
51,1,12,2016,543419.86
51,1,15,2016,11451540.78
51,1,20,2016,85563.32
51,1,21,2016,824946.69
51,1,24,2016,49913.86
51,1,25,2016,33921.99
51,1,29,2016,191510.53
51,1,30,2016,57090.07
51,1,31,2016,415.12
51,1,33,2016,301225.24
51,1,39,2016,3618718.87
51,1,41,2016,1227358.57
51,1,62,2016,2238.45
51,3,0,2016,352.24
51,3,3,2016,6668247.53
51,3,4,2016,9406542.45
51,3,6,2016,140.17
51,3,7,2016,0.0
51,3,9,2016,92421.41
51,3,11,2016,2568585.88
51,3,12,2016,1370617.33
51,3,15,2016,6960632.47
51,3,20,2016,48703.16
51,3,21,2016,251095.33
51,3,24,2016,75689.24
51,3,25,2016,11421.7
51,3,29,2016,93698.92
51,3,30,2016,15876.82
51,3,31,2016,1898.12
51,3,33,2016,177347.95
51,3,39,2016,5428890.7
51,3,41,2016,576897.57
51,3,62,2016,24496.36
51,6,0,2016,419.91
51,6,3,2016,718158.25
51,6,4,2016,1325983.41
51,6,7,2016,55483.56
51,6,9,2016,167.25
51,6,11,2016,638721.76
51,6,12,2016,1334095.31
51,6,15,2016,644150.43
51,6,20,2016,1.03
51,6,21,2016,39952.46
51,6,24,2016,2979.29
51,6,25,2016,360.54
51,6,29,2016,0.09
51,6,30,2016,40.92
51,6,31,2016,62.39
51,6,33,2016,588131.7
51,6,39,2016,1608.47
51,6,41,2016,1150.21
52,3,3,2016,5742049.38
52,3,4,2016,5201462.55
52,3,9,2016,153208.45
52,3,11,2016,494359.8
52,3,12,2016,590366.29
52,3,15,2016,14590597.58
52,3,20,2016,886821.9
52,3,21,2016,896144.61
52,3,24,2016,204352.94
52,3,25,2016,13624.94
52,3,29,2016,151957.17
52,3,30,2016,8510.97
52,3,31,2016,204.28
52,3,33,2016,320244.04
52,3,39,2016,3057568.93
52,3,40,2016,3506.64
52,3,41,2016,1144078.06
52,3,46,2016,4302.59
52,3,47,2016,1108.69
52,3,48,2016,153.99
52,3,62,2016,5722.34
52,3,75,2016,0.0
52,4,3,2016,72863.06
52,4,4,2016,13.1
52,4,9,2016,479.43
52,4,11,2016,30.97
52,4,12,2016,0.0
52,4,15,2016,301059.64
52,4,20,2016,66530.75
52,4,21,2016,21911.85
52,4,24,2016,1045.66
52,4,25,2016,854.45
52,4,31,2016,1.36
52,4,33,2016,69762.73
52,4,39,2016,11819.82
52,4,41,2016,7565.31
53,3,3,2016,80156.49
53,3,4,2016,179630.57
53,3,9,2016,2132.85
53,3,11,2016,3556.39
53,3,12,2016,27173.44
53,3,15,2016,94431.95
53,3,21,2016,8939.37
53,3,24,2016,67336.85
53,3,25,2016,917.48
53,3,30,2016,509.34
53,3,31,2016,27.99
53,3,33,2016,6661.02
53,3,39,2016,97664.38
53,3,41,2016,6685.45
53,3,46,2016,267.5
53,3,48,2016,0.0
53,3,62,2016,0.0
11,1,0,2017,0.79
11,1,3,2017,12853832.61
11,1,4,2017,467100.71
11,1,6,2017,768929.35
11,1,9,2017,432.92
11,1,11,2017,680683.89
11,1,12,2017,250063.12
11,1,15,2017,7531575.05
11,1,21,2017,221072.91
11,1,24,2017,52511.53
11,1,25,2017,55850.86
11,1,29,2017,54345.91
11,1,30,2017,16162.87
11,1,31,2017,6917.79
11,1,33,2017,256365.33
11,1,39,2017,186644.51
11,1,41,2017,97242.67
11,1,75,2017,0.0
11,3,0,2017,15.47
11,3,3,2017,140466.73
11,3,4,2017,64666.83
11,3,9,2017,470.44
11,3,11,2017,582.46
11,3,12,2017,5322.88
11,3,15,2017,19227.89
11,3,21,2017,2287.61
11,3,24,2017,3887.22
11,3,25,2017,233.72
11,3,29,2017,0.0
11,3,33,2017,122.89
11,3,39,2017,24128.27
11,3,41,2017,2139.73
12,1,3,2017,14320113.41
12,1,4,2017,2679.57
12,1,6,2017,72576.13
12,1,11,2017,3635.72
12,1,12,2017,2165.51
12,1,15,2017,1831584.27
12,1,21,2017,29375.64
12,1,24,2017,24509.41
12,1,25,2017,30900.59
12,1,31,2017,304.4
12,1,33,2017,61350.06
12,1,39,2017,0.0
12,1,41,2017,3811.72
13,1,3,2017,123836853.44
13,1,4,2017,226577.51
13,1,6,2017,22556230.13
13,1,11,2017,1788275.75
13,1,12,2017,591224.26
13,1,15,2017,1499548.88
13,1,20,2017,4853.93
13,1,21,2017,208222.49
13,1,24,2017,60186.39
13,1,25,2017,47824.3
13,1,29,2017,2177.43
13,1,30,2017,14426.3
13,1,31,2017,179.85
13,1,33,2017,4989428.99
13,1,35,2017,49.51
13,1,39,2017,0.0
13,1,41,2017,2455.11
14,1,3,2017,13981253.56
14,1,4,2017,283686.11
14,1,6,2017,2596646.5
14,1,9,2017,5560.1
14,1,11,2017,1295472.55
14,1,12,2017,2807807.43
14,1,15,2017,694158.84
14,1,21,2017,140003.56
14,1,24,2017,19193.03
14,1,25,2017,6319.25
14,1,29,2017,81888.02
14,1,30,2017,2133.16
14,1,31,2017,1055.09
14,1,33,2017,327933.26
14,1,35,2017,132.01
14,1,39,2017,21705.13
14,1,41,2017,51629.87
15,1,0,2017,6.98
15,1,3,2017,87454314.78
15,1,4,2017,1267625.63
15,1,5,2017,230705.73
15,1,6,2017,7074477.97
15,1,9,2017,92181.79
15,1,11,2017,2397852.41
15,1,12,2017,986110.29
15,1,15,2017,17457990.44
15,1,20,2017,22750.55
15,1,21,2017,879225.36
15,1,23,2017,2077.01
15,1,24,2017,148007.36
15,1,25,2017,82264.3
15,1,29,2017,227836.8
15,1,30,2017,137090.44
15,1,31,2017,337.49
15,1,32,2017,1510.54
15,1,33,2017,4334988.18
15,1,35,2017,220773.81
15,1,39,2017,327040.31
15,1,40,2017,857.46
15,1,41,2017,324523.29
15,3,0,2017,62.02
15,3,3,2017,189977.98
15,3,4,2017,165313.55
15,3,6,2017,107.03
15,3,9,2017,0.0
15,3,11,2017,68650.5
15,3,12,2017,117051.32
15,3,15,2017,282947.15
15,3,21,2017,4986.61
15,3,24,2017,2163.37
15,3,25,2017,120.21
15,3,29,2017,1.24
15,3,30,2017,36.75
15,3,31,2017,0.0
15,3,33,2017,23973.68
15,3,39,2017,15016.45
15,3,41,2017,594.32
16,1,3,2017,9948922.13
16,1,4,2017,3303.87
16,1,5,2017,95105.84
16,1,6,2017,1573381.4
16,1,9,2017,86917.46
16,1,11,2017,2011527.28
16,1,12,2017,27279.48
16,1,15,2017,37085.6
16,1,21,2017,18969.17
16,1,24,2017,15106.13
16,1,25,2017,3197.67
16,1,30,2017,4807.36
16,1,31,2017,0.0
16,1,33,2017,349071.45
16,1,39,2017,10891.92
16,1,41,2017,6194.0
17,1,0,2017,1.24
17,1,3,2017,392279.99
17,1,4,2017,20017.39
17,1,6,2017,135443.59
17,1,9,2017,487.57
17,1,11,2017,24051.34
17,1,12,2017,60842.45
17,1,15,2017,1553988.54
17,1,21,2017,164596.27
17,1,24,2017,2893.16
17,1,25,2017,1895.27
17,1,29,2017,28969.39
17,1,30,2017,31.91
17,1,31,2017,0.0
17,1,33,2017,40364.85
17,1,39,2017,3304.25
17,1,40,2017,0.0
17,1,41,2017,32390.52
17,3,0,2017,18.8
17,3,3,2017,5658073.83
17,3,4,2017,8668140.48
17,3,6,2017,16.67
17,3,9,2017,59214.14
17,3,11,2017,2140187.67
17,3,12,2017,1505505.26
17,3,15,2017,5511304.81
17,3,20,2017,21442.31
17,3,21,2017,252199.9
17,3,23,2017,334.89
17,3,24,2017,56688.03
17,3,25,2017,7151.74
17,3,29,2017,41138.22
17,3,30,2017,345.01
17,3,31,2017,321.77
17,3,33,2017,290168.21
17,3,39,2017,900907.77
17,3,40,2017,88134.75
17,3,41,2017,77595.77
17,3,62,2017,1905.84
17,3,75,2017,0.0
21,1,0,2017,1.78
21,1,3,2017,4475881.66
21,1,4,2017,120155.77
21,1,5,2017,403779.58
21,1,6,2017,393858.9
21,1,9,2017,72899.5
21,1,11,2017,463573.82
21,1,12,2017,65127.9
21,1,15,2017,4593333.62
21,1,21,2017,120780.69
21,1,23,2017,5337.33
21,1,24,2017,61318.75
21,1,25,2017,15487.83
21,1,29,2017,92.11
21,1,30,2017,7737.39
21,1,31,2017,289.04
21,1,32,2017,29357.37
21,1,33,2017,270640.98
21,1,39,2017,48268.96
21,1,41,2017,91797.02
21,1,50,2017,2.77
21,3,0,2017,58.05
21,3,3,2017,9876157.58
21,3,4,2017,5747593.61
21,3,5,2017,67403.47
21,3,6,2017,58.25
21,3,9,2017,81384.38
21,3,11,2017,131175.02
21,3,12,2017,753850.06
21,3,15,2017,3318000.43
21,3,20,2017,17595.43
21,3,21,2017,231516.61
21,3,23,2017,115362.37
21,3,24,2017,68331.26
21,3,25,2017,7223.89
21,3,29,2017,6764.56
21,3,30,2017,317.2
21,3,31,2017,406.88
21,3,32,2017,6814.01
21,3,33,2017,127688.71
21,3,39,2017,882289.56
21,3,41,2017,34019.56
21,3,48,2017,0.0
21,3,50,2017,231946.75
21,3,62,2017,0.0
21,3,91,2017,146.28
22,2,3,2017,1056976.8
22,2,4,2017,9117909.56
22,2,5,2017,5385.6
22,2,9,2017,851.47
22,2,11,2017,0.89
22,2,12,2017,21643.69
22,2,15,2017,1343219.6
22,2,21,2017,90509.8
22,2,23,2017,16089.36
22,2,24,2017,30381.46
22,2,25,2017,18759.51
22,2,29,2017,14682.71
22,2,31,2017,1332.42
22,2,32,2017,1932.55
22,2,33,2017,23150.41
22,2,39,2017,9473.89
22,2,41,2017,110777.05
22,2,48,2017,4248.92
22,2,50,2017,4508.51
22,2,62,2017,1.76
22,2,75,2017,535.67
22,2,91,2017,1009.97
22,3,3,2017,2418097.2
22,3,4,2017,8649701.7
22,3,5,2017,4.02
22,3,9,2017,11731.83
22,3,11,2017,91826.88
22,3,12,2017,299942.8
22,3,15,2017,599353.57
22,3,20,2017,13419.95
22,3,21,2017,81155.92
22,3,23,2017,6.61
22,3,24,2017,50440.26
22,3,25,2017,29734.93
22,3,29,2017,76392.65
22,3,30,2017,670.28
22,3,31,2017,41.41
22,3,33,2017,55770.0
22,3,39,2017,853240.06
22,3,41,2017,69877.08
22,3,48,2017,140.43
22,3,62,2017,71.28
22,3,75,2017,0.0
23,2,3,2017,788056.79
23,2,4,2017,10288143.88
23,2,5,2017,17428.19
23,2,9,2017,0.0
23,2,12,2017,106.43
23,2,15,2017,2587838.21
23,2,21,2017,275794.66
23,2,23,2017,64234.93
23,2,24,2017,143264.2
23,2,25,2017,22082.75
23,2,29,2017,1917.35
23,2,30,2017,2055.1
23,2,31,2017,8673.06
23,2,32,2017,5212.01
23,2,33,2017,118908.71
23,2,39,2017,227.87
23,2,41,2017,303215.37
23,2,48,2017,253904.33
23,2,50,2017,4911.17
23,2,75,2017,7.22
23,2,91,2017,882.31
24,2,3,2017,54649.62
24,2,4,2017,2779011.63
24,2,5,2017,5200.91
24,2,11,2017,0.09
24,2,12,2017,28500.48
24,2,13,2017,4744.35
24,2,15,2017,1412923.53
24,2,20,2017,4408.77
24,2,21,2017,211974.65
24,2,23,2017,35171.28
24,2,24,2017,51395.47
24,2,25,2017,5190.79
24,2,29,2017,5138.23
24,2,30,2017,10.06
24,2,31,2017,35806.8
24,2,32,2017,4664.29
24,2,33,2017,43653.93
24,2,41,2017,365907.25
24,2,48,2017,22190.31
24,2,49,2017,0.09
24,2,50,2017,2742.7
24,2,75,2017,247.1
24,2,91,2017,1119.22
24,4,3,2017,26025.18
24,4,4,2017,864.59
24,4,5,2017,7617.98
24,4,9,2017,8.99
24,4,11,2017,5296.95
24,4,12,2017,0.0
24,4,15,2017,5730.14
24,4,20,2017,28809.87
24,4,21,2017,32179.67
24,4,23,2017,7900.49
24,4,24,2017,15070.13
24,4,25,2017,29.26
24,4,31,2017,2340.68
24,4,32,2017,756.25
24,4,33,2017,7213.77
24,4,41,2017,48894.91
24,4,48,2017,241.53
24,4,49,2017,789.12
24,4,50,2017,15041.23
24,4,91,2017,0.0
25,2,3,2017,64541.54
25,2,4,2017,3221378.06
25,2,11,2017,0.0
25,2,12,2017,23406.54
25,2,13,2017,1581.19
25,2,15,2017,1763268.34
25,2,20,2017,20092.59
25,2,21,2017,67199.09
25,2,24,2017,35308.6
25,2,25,2017,10480.04
25,2,29,2017,4770.95
25,2,30,2017,8.61
25,2,31,2017,20.22
25,2,33,2017,21893.54
25,2,41,2017,1770.51
25,2,48,2017,61.29
25,2,75,2017,0.0
25,2,91,2017,93.21
25,4,3,2017,65573.44
25,4,4,2017,12481.97
25,4,5,2017,11936.46
25,4,9,2017,606.11
25,4,11,2017,12484.18
25,4,15,2017,50320.93
25,4,20,2017,112408.96
25,4,21,2017,57860.25
25,4,23,2017,654.95
25,4,24,2017,20048.41
25,4,25,2017,98.48
25,4,30,2017,249.02
25,4,31,2017,636.27
25,4,32,2017,162.21
25,4,33,2017,4909.9
25,4,41,2017,59918.66
25,4,48,2017,1.6
25,4,50,2017,140.72
25,4,75,2017,0.0
25,4,91,2017,0.0
26,2,3,2017,53064.52
26,2,4,2017,5184860.73
26,2,12,2017,28005.65
26,2,13,2017,102512.61
26,2,15,2017,2457685.92
26,2,20,2017,717.7
26,2,21,2017,97116.16
26,2,24,2017,62758.6
26,2,25,2017,22736.06
26,2,29,2017,1133.67
26,2,30,2017,527.5
26,2,31,2017,5.39
26,2,33,2017,80024.53
26,2,41,2017,102922.3
26,2,48,2017,64162.42
26,2,75,2017,0.0
26,2,91,2017,624.41
26,4,3,2017,216058.8
26,4,4,2017,109039.93
26,4,5,2017,15325.32
26,4,9,2017,67.83
26,4,11,2017,4422.55
26,4,15,2017,588019.22
26,4,20,2017,427489.49
26,4,21,2017,111823.62
26,4,23,2017,263.31
26,4,24,2017,53725.36
26,4,25,2017,453.32
26,4,30,2017,796.66
26,4,31,2017,1319.7
26,4,32,2017,497.53
26,4,33,2017,15778.67
26,4,41,2017,7.53
26,4,50,2017,11.32
26,4,75,2017,0.0
26,4,91,2017,0.0
27,2,3,2017,7132.43
27,2,4,2017,382242.85
27,2,9,2017,2.29
27,2,11,2017,0.0
27,2,12,2017,175.09
27,2,13,2017,0.0
27,2,15,2017,901178.83
27,2,20,2017,584.18
27,2,21,2017,4463.73
27,2,24,2017,8689.36
27,2,25,2017,662.04
27,2,29,2017,16.42
27,2,30,2017,0.0
27,2,31,2017,0.0
27,2,33,2017,10369.77
27,2,41,2017,5463.32
27,2,48,2017,94.34
27,4,3,2017,183741.06
27,4,4,2017,42920.16
27,4,5,2017,4520.3
27,4,9,2017,865.2
27,4,11,2017,16659.06
27,4,12,2017,0.0
27,4,15,2017,571868.48
27,4,20,2017,513686.38
27,4,21,2017,59201.22
27,4,23,2017,4425.31
27,4,24,2017,26132.01
27,4,25,2017,207.91
27,4,29,2017,0.0
27,4,31,2017,0.0
27,4,32,2017,88.0
27,4,33,2017,22680.83
27,4,41,2017,113.31
27,4,49,2017,2405.09
27,4,50,2017,11549.24
28,2,3,2017,24604.58
28,2,4,2017,298338.33
28,2,9,2017,56.84
28,2,12,2017,611.0
28,2,15,2017,773744.88
28,2,20,2017,17.32
28,2,21,2017,1063.57
28,2,24,2017,6300.73
28,2,25,2017,1241.96
28,2,30,2017,62.57
28,2,31,2017,0.0
28,2,33,2017,8059.43
28,2,41,2017,99623.96
28,4,3,2017,107731.22
28,4,4,2017,3299.92
28,4,5,2017,22688.27
28,4,9,2017,4168.59
28,4,11,2017,20882.33
28,4,12,2017,14306.26
28,4,15,2017,596371.98
28,4,20,2017,11717.79
28,4,21,2017,88745.59
28,4,23,2017,8251.16
28,4,24,2017,23375.97
28,4,25,2017,454.79
28,4,29,2017,0.0
28,4,30,2017,670.96
28,4,31,2017,2068.62
28,4,32,2017,1708.82
28,4,33,2017,24716.5
28,4,41,2017,1720.56
28,4,49,2017,891.03
28,4,50,2017,44919.48
28,4,91,2017,28.64
29,2,3,2017,1135643.19
29,2,4,2017,19938645.78
29,2,9,2017,8097.4
29,2,11,2017,0.0
29,2,12,2017,227625.51
29,2,13,2017,390588.79
29,2,15,2017,10839792.12
29,2,20,2017,21313.48
29,2,21,2017,1554273.83
29,2,23,2017,68405.98
29,2,24,2017,116584.87
29,2,25,2017,74798.23
29,2,29,2017,88073.95
29,2,30,2017,4809.17
29,2,31,2017,0.0
29,2,33,2017,319075.48
29,2,39,2017,3730.31
29,2,41,2017,273647.0
29,2,46,2017,11195.79
29,2,48,2017,57262.24
29,2,62,2017,3.83
29,2,75,2017,311.37
29,2,91,2017,1835.39
29,3,3,2017,285672.92
29,3,4,2017,6330090.79
29,3,9,2017,13370.8
29,3,11,2017,144482.39
29,3,12,2017,466135.94
29,3,15,2017,640110.88
29,3,21,2017,114717.79
29,3,24,2017,13445.73
29,3,25,2017,7555.59
29,3,29,2017,9462.19
29,3,31,2017,11.11
29,3,33,2017,7674.43
29,3,39,2017,1532920.69
29,3,41,2017,667630.46
29,3,46,2017,16900.04
29,3,48,2017,817.29
29,3,62,2017,90849.72
29,3,75,2017,674.87
29,3,91,2017,1156.19
29,4,3,2017,3181129.53
29,4,4,2017,719072.57
29,4,5,2017,73099.04
29,4,9,2017,637352.06
29,4,11,2017,111232.82
29,4,12,2017,20773.24
29,4,15,2017,5154861.02
29,4,20,2017,18135.68
29,4,21,2017,593617.84
29,4,23,2017,8841.28
29,4,24,2017,118668.83
29,4,25,2017,4657.58
29,4,29,2017,5760.02
29,4,30,2017,1913.79
29,4,31,2017,1988.58
29,4,32,2017,5079.03
29,4,33,2017,191121.19
29,4,41,2017,4032.93
29,4,46,2017,30642.04
29,4,48,2017,137.82
29,4,49,2017,15876.1
29,4,50,2017,94418.07
31,2,3,2017,90355.3
31,2,4,2017,1600273.4
31,2,9,2017,4519.51
31,2,11,2017,0.0
31,2,12,2017,297.22
31,2,15,2017,1465504.32
31,2,20,2017,7554.14
31,2,21,2017,3485.28
31,2,24,2017,10947.16
31,2,25,2017,4331.98
31,2,29,2017,3431.97
31,2,30,2017,98.75
31,2,33,2017,20040.99
31,2,39,2017,1052.37
31,2,41,2017,37343.85
31,2,46,2017,1328.64
31,2,48,2017,10395.41
31,2,62,2017,0.0
31,2,75,2017,0.0
31,3,0,2017,59.95
31,3,3,2017,4177892.57
31,3,4,2017,8429189.35
31,3,9,2017,1399621.02
31,3,11,2017,434379.7
31,3,12,2017,1453418.81
31,3,15,2017,10162876.66
31,3,20,2017,907101.47
31,3,21,2017,989204.62
31,3,24,2017,161536.21
31,3,25,2017,31299.3
31,3,29,2017,669557.99
31,3,30,2017,14805.72
31,3,31,2017,25.29
31,3,33,2017,355614.47
31,3,39,2017,1331260.8
31,3,41,2017,910396.39
31,3,46,2017,315627.34
31,3,47,2017,46748.26
31,3,48,2017,5968.2
31,3,62,2017,232.87
31,3,75,2017,424.8
31,4,3,2017,5816893.53
31,4,4,2017,1977685.48
31,4,9,2017,594431.76
31,4,11,2017,14783.05
31,4,12,2017,896433.54
31,4,15,2017,11515016.96
31,4,20,2017,107940.66
31,4,21,2017,1022398.51
31,4,23,2017,20.84
31,4,24,2017,247558.6
31,4,25,2017,12168.94
31,4,29,2017,38732.72
31,4,30,2017,42837.35
31,4,31,2017,8.82
31,4,33,2017,260772.83
31,4,39,2017,60302.47
31,4,41,2017,446303.27
31,4,46,2017,531679.62
31,4,47,2017,6089.68
31,4,48,2017,1119.06
32,4,3,2017,1029279.87
32,4,4,2017,5790.75
32,4,5,2017,7069.43
32,4,9,2017,234882.19
32,4,11,2017,103108.76
32,4,12,2017,73921.95
32,4,15,2017,2459038.35
32,4,20,2017,30106.14
32,4,21,2017,265960.89
32,4,23,2017,5134.07
32,4,24,2017,69324.76
32,4,25,2017,3287.7
32,4,29,2017,28586.38
32,4,31,2017,14.23
32,4,32,2017,608.98
32,4,33,2017,45269.3
32,4,41,2017,27468.89
32,4,46,2017,170692.13
32,4,48,2017,409.54
32,4,49,2017,17597.71
32,4,50,2017,28391.83
33,4,3,2017,1311078.7
33,4,4,2017,739.92
33,4,5,2017,10694.46
33,4,9,2017,7717.66
33,4,11,2017,120859.02
33,4,12,2017,82498.78
33,4,15,2017,2025680.63
33,4,20,2017,221.02
33,4,21,2017,248882.26
33,4,23,2017,19844.83
33,4,24,2017,223560.09
33,4,25,2017,4640.14
33,4,29,2017,5194.01
33,4,30,2017,2512.61
33,4,31,2017,2027.52
33,4,32,2017,835.88
33,4,33,2017,95059.17
33,4,39,2017,349.0
33,4,41,2017,130236.28
33,4,46,2017,0.08
33,4,48,2017,0.0
33,4,49,2017,27297.59
33,4,50,2017,52127.2
33,4,91,2017,0.0
35,3,3,2017,866985.01
35,3,4,2017,32851.45
35,3,9,2017,477626.28
35,3,11,2017,98616.14
35,3,12,2017,3568.91
35,3,15,2017,809401.15
35,3,20,2017,2436343.98
35,3,21,2017,660812.6
35,3,24,2017,121298.5
35,3,25,2017,7851.55
35,3,30,2017,618.46
35,3,31,2017,47.75
35,3,33,2017,115380.82
35,3,39,2017,538962.95
35,3,41,2017,60535.91
35,3,46,2017,45482.84
35,3,47,2017,222155.63
35,3,48,2017,19351.04
35,3,62,2017,0.0
35,4,3,2017,3725455.92
35,4,4,2017,7.04
35,4,5,2017,18309.13
35,4,9,2017,555191.23
35,4,11,2017,284400.42
35,4,12,2017,60342.75
35,4,15,2017,5129597.74
35,4,20,2017,3799394.45
35,4,21,2017,2172612.49
35,4,23,2017,1577.85
35,4,24,2017,635142.72
35,4,25,2017,14684.14
35,4,29,2017,131.19
35,4,30,2017,6931.12
35,4,31,2017,1836.03
35,4,32,2017,82.06
35,4,33,2017,500765.56
35,4,39,2017,669885.59
35,4,40,2017,268.88
35,4,41,2017,277530.44
35,4,46,2017,63532.69
35,4,47,2017,132545.92
35,4,48,2017,14276.16
35,4,49,2017,231295.78
35,4,50,2017,4947.21
35,4,62,2017,0.0
35,4,75,2017,127.15
41,3,3,2017,73471.37
41,3,4,2017,56.24
41,3,9,2017,70585.12
41,3,11,2017,981.54
41,3,12,2017,34756.05
41,3,15,2017,11324.91
41,3,21,2017,3519.66
41,3,24,2017,2175.01
41,3,25,2017,234.26
41,3,29,2017,4239.78
41,3,33,2017,287.47
41,3,39,2017,106302.65
41,3,41,2017,4402.47
41,3,46,2017,1.06
41,3,47,2017,69.34
41,3,48,2017,2.37
41,4,3,2017,5061992.44
41,4,5,2017,20512.9
41,4,9,2017,1130963.87
41,4,11,2017,226182.99
41,4,12,2017,42012.33
41,4,15,2017,3983592.81
41,4,20,2017,623309.05
41,4,21,2017,1693159.93
41,4,23,2017,580.58
41,4,24,2017,286532.6
41,4,25,2017,12070.34
41,4,29,2017,81.22
41,4,30,2017,4640.27
41,4,31,2017,901.36
41,4,32,2017,111.09
41,4,33,2017,397752.37
41,4,39,2017,5374450.62
41,4,40,2017,8176.27
41,4,41,2017,576329.1
41,4,46,2017,25496.97
41,4,47,2017,7782.65
41,4,48,2017,1812.86
41,4,49,2017,131326.79
41,4,50,2017,4803.54
41,4,62,2017,0.0
42,4,3,2017,3855294.58
42,4,5,2017,7429.55
42,4,9,2017,1088065.68
42,4,11,2017,18303.88
42,4,12,2017,681855.75
42,4,15,2017,1171027.42
42,4,21,2017,940744.93
42,4,23,2017,6623.99
42,4,24,2017,204839.49
42,4,25,2017,7409.38
42,4,29,2017,0.0
42,4,30,2017,2614.85
42,4,31,2017,251.3
42,4,32,2017,445.28
42,4,33,2017,140347.48
42,4,39,2017,579117.71
42,4,40,2017,122247.74
42,4,41,2017,597247.15
42,4,48,2017,3019.18
42,4,49,2017,87270.13
42,4,50,2017,15661.66
42,4,84,2017,25.1
42,4,91,2017,10.26
43,4,3,2017,2785398.36
43,4,9,2017,385346.5
43,4,11,2017,2445.08
43,4,12,2017,1067043.27
43,4,15,2017,582453.27
43,4,21,2017,857541.24
43,4,23,2017,610.49
43,4,24,2017,128226.73
43,4,25,2017,5405.51
43,4,29,2017,2.28
43,4,30,2017,8.76
43,4,31,2017,30.54
43,4,33,2017,121659.25
43,4,39,2017,2363711.97
43,4,40,2017,35011.47
43,4,41,2017,373915.37
43,4,48,2017,51655.22
43,4,49,2017,2467.63
43,4,50,2017,6133.57
43,4,84,2017,6.88
43,4,91,2017,4.67
43,5,3,2017,2350201.23
43,5,9,2017,680761.14
43,5,11,2017,352225.44
43,5,12,2017,6478626.8
43,5,15,2017,133.71
43,5,21,2017,1115952.33
43,5,23,2017,132286.11
43,5,24,2017,134430.38
43,5,25,2017,50462.25
43,5,29,2017,23776.51
43,5,30,2017,3779.79
43,5,31,2017,242.24
43,5,33,2017,1851549.78
43,5,39,2017,3773895.74
43,5,40,2017,992731.56
43,5,41,2017,1294871.73
43,5,48,2017,696.97
43,5,49,2017,19387.59
43,5,50,2017,129717.36
43,5,84,2017,6908.04
43,5,91,2017,879.44
50,3,3,2017,3818280.89
50,3,4,2017,1149333.62
50,3,7,2017,0.0
50,3,9,2017,919124.49
50,3,11,2017,522828.69
50,3,12,2017,140454.61
50,3,15,2017,12216196.9
50,3,20,2017,406891.11
50,3,21,2017,657566.91
50,3,24,2017,60066.21
50,3,25,2017,5090.76
50,3,29,2017,4056.47
50,3,30,2017,485.22
50,3,31,2017,172.02
50,3,33,2017,77755.23
50,3,39,2017,1938274.09
50,3,40,2017,21.24
50,3,41,2017,299628.05
50,3,47,2017,28.77
50,3,62,2017,8524.69
50,4,3,2017,373351.36
50,4,4,2017,18.22
50,4,9,2017,9947.07
50,4,11,2017,399821.58
50,4,12,2017,16.18
50,4,15,2017,1426635.02
50,4,20,2017,278742.86
50,4,21,2017,151296.08
50,4,24,2017,17000.75
50,4,25,2017,2453.97
50,4,31,2017,371.56
50,4,33,2017,255586.79
50,4,39,2017,665073.3
50,4,40,2017,0.0
50,4,41,2017,161336.93
50,4,47,2017,117.85
50,4,48,2017,629.4
50,6,0,2017,1.28
50,6,3,2017,1474445.36
50,6,4,2017,1874718.02
50,6,7,2017,113225.48
50,6,9,2017,17.33
50,6,11,2017,1073579.81
50,6,12,2017,3350673.89
50,6,13,2017,0.0
50,6,15,2017,1010431.04
50,6,21,2017,17125.37
50,6,24,2017,3090.87
50,6,25,2017,312.35
50,6,29,2017,3208.25
50,6,30,2017,743.23
50,6,33,2017,811988.62
50,6,39,2017,174.7
50,6,40,2017,6127.23
50,6,41,2017,2630.22
51,1,0,2017,483.37
51,1,3,2017,27788035.47
51,1,4,2017,827771.05
51,1,6,2017,3066394.6
51,1,7,2017,0.0
51,1,9,2017,51534.75
51,1,11,2017,946689.32
51,1,12,2017,540526.97
51,1,15,2017,11352008.44
51,1,20,2017,82894.43
51,1,21,2017,784891.22
51,1,24,2017,50694.87
51,1,25,2017,33598.64
51,1,29,2017,191464.89
51,1,30,2017,58388.57
51,1,31,2017,425.55
51,1,33,2017,310223.92
51,1,39,2017,3804387.42
51,1,41,2017,1299917.36
51,1,62,2017,1051.31
51,3,0,2017,349.85
51,3,3,2017,6714116.52
51,3,4,2017,9299401.3
51,3,6,2017,140.6
51,3,7,2017,0.0
51,3,9,2017,94708.06
51,3,11,2017,2564640.61
51,3,12,2017,1359401.98
51,3,15,2017,6918537.07
51,3,20,2017,50277.2
51,3,21,2017,259197.42
51,3,24,2017,76687.91
51,3,25,2017,12218.18
51,3,29,2017,93693.5
51,3,30,2017,15996.42
51,3,31,2017,2112.64
51,3,33,2017,176658.75
51,3,39,2017,5550411.81
51,3,41,2017,578758.73
51,3,62,2017,6246.81
51,6,0,2017,410.98
51,6,3,2017,717315.54
51,6,4,2017,1307478.97
51,6,7,2017,71653.02
51,6,9,2017,178.26
51,6,11,2017,722742.34
51,6,12,2017,1133410.62
51,6,15,2017,648957.69
51,6,20,2017,1.03
51,6,21,2017,41717.24
51,6,24,2017,2996.23
51,6,25,2017,371.2
51,6,29,2017,0.09
51,6,30,2017,39.98
51,6,31,2017,61.45
51,6,33,2017,701294.0
51,6,39,2017,1378.15
51,6,41,2017,1460.19
52,3,3,2017,5740894.9
52,3,4,2017,5134766.18
52,3,9,2017,155033.61
52,3,11,2017,488307.49
52,3,12,2017,583176.45
52,3,15,2017,14463545.73
52,3,20,2017,885192.32
52,3,21,2017,927560.48
52,3,24,2017,207287.35
52,3,25,2017,14450.86
52,3,29,2017,151985.72
52,3,30,2017,8789.52
52,3,31,2017,196.67
52,3,33,2017,316987.96
52,3,39,2017,3866617.67
52,3,40,2017,3492.59
52,3,41,2017,511703.65
52,3,46,2017,4447.5
52,3,47,2017,1206.87
52,3,48,2017,208.05
52,3,62,2017,4494.55
52,3,75,2017,0.0
52,4,3,2017,73247.68
52,4,4,2017,12.09
52,4,9,2017,477.4
52,4,11,2017,30.63
52,4,12,2017,0.0
52,4,15,2017,297480.21
52,4,20,2017,70179.89
52,4,21,2017,21297.2
52,4,24,2017,1071.74
52,4,25,2017,811.19
52,4,31,2017,3.73
52,4,33,2017,69014.94
52,4,39,2017,13261.87
52,4,41,2017,7049.55
53,3,3,2017,80888.15
53,3,4,2017,178223.81
53,3,9,2017,2176.0
53,3,11,2017,3386.62
53,3,12,2017,26712.4
53,3,15,2017,93916.57
53,3,21,2017,9752.11
53,3,24,2017,67773.9
53,3,25,2017,899.49
53,3,30,2017,518.82
53,3,31,2017,31.61
53,3,33,2017,6618.2
53,3,39,2017,96928.07
53,3,41,2017,8004.71
53,3,46,2017,260.61
53,3,48,2017,0.0
53,3,62,2017,0.0
11,1,0,2018,0.7
11,1,3,2018,12721536.1
11,1,4,2018,465520.67
11,1,6,2018,767128.77
11,1,9,2018,347.1
11,1,11,2018,679388.99
11,1,12,2018,249670.64
11,1,15,2018,7643657.47
11,1,21,2018,217203.95
11,1,24,2018,52771.75
11,1,25,2018,53160.38
11,1,29,2018,54329.48
11,1,30,2018,16377.42
11,1,31,2018,7300.95
11,1,33,2018,261828.28
11,1,39,2018,199657.79
11,1,41,2018,109851.75
11,1,75,2018,0.62
11,3,0,2018,14.59
11,3,3,2018,140489.87
11,3,4,2018,64643.49
11,3,9,2018,395.96
11,3,11,2018,675.98
11,3,12,2018,5277.95
11,3,15,2018,19240.7
11,3,21,2018,2728.48
11,3,24,2018,3904.41
11,3,25,2018,246.71
11,3,29,2018,0.0
11,3,33,2018,126.12
11,3,39,2018,23344.67
11,3,41,2018,2463.21
12,1,3,2018,14272155.46
12,1,4,2018,2669.2
12,1,6,2018,73000.8
12,1,11,2018,3895.61
12,1,12,2018,2191.06
12,1,15,2018,1883598.61
12,1,21,2018,27266.05
12,1,24,2018,24620.3
12,1,25,2018,30394.74
12,1,31,2018,299.33
12,1,33,2018,60963.74
12,1,39,2018,0.0
12,1,41,2018,1951.52
13,1,3,2018,123768777.01
13,1,4,2018,226485.07
13,1,6,2018,22562372.56
13,1,11,2018,1833283.09
13,1,12,2018,591719.4
13,1,15,2018,1584844.56
13,1,20,2018,4859.65
13,1,21,2018,183349.9
13,1,24,2018,60565.67
13,1,25,2018,45899.26
13,1,29,2018,2178.31
13,1,30,2018,14506.35
13,1,31,2018,188.41
13,1,33,2018,4947748.89
13,1,35,2018,52.28
13,1,39,2018,0.0
13,1,41,2018,1683.89
14,1,3,2018,13959955.02
14,1,4,2018,284207.99
14,1,6,2018,2596050.69
14,1,9,2018,6447.88
14,1,11,2018,1307432.24
14,1,12,2018,2796787.51
14,1,15,2018,714340.11
14,1,21,2018,148574.3
14,1,24,2018,19302.92
14,1,25,2018,6178.25
14,1,29,2018,81888.19
14,1,30,2018,2326.07
14,1,31,2018,1071.3
14,1,33,2018,315090.27
14,1,35,2018,174.83
14,1,39,2018,21625.21
14,1,41,2018,55124.65
15,1,0,2018,5.92
15,1,3,2018,87167772.82
15,1,4,2018,1264580.78
15,1,5,2018,230830.34
15,1,6,2018,7061253.36
15,1,9,2018,95377.66
15,1,11,2018,2397335.4
15,1,12,2018,985631.37
15,1,15,2018,17636985.22
15,1,20,2018,22645.74
15,1,21,2018,925484.04
15,1,23,2018,2060.2
15,1,24,2018,149122.88
15,1,25,2018,79072.63
15,1,29,2018,227862.05
15,1,30,2018,145495.42
15,1,31,2018,367.36
15,1,32,2018,1392.38
15,1,33,2018,4340249.69
15,1,35,2018,233256.44
15,1,39,2018,359794.94
15,1,40,2018,974.47
15,1,41,2018,342997.81
15,3,0,2018,55.58
15,3,3,2018,186821.79
15,3,4,2018,159728.34
15,3,6,2018,105.0
15,3,9,2018,0.0
15,3,11,2018,69316.44
15,3,12,2018,110852.08
15,3,15,2018,291707.29
15,3,21,2018,5697.38
15,3,24,2018,2203.34
15,3,25,2018,87.84
15,3,29,2018,1.24
15,3,30,2018,38.52
15,3,31,2018,0.0
15,3,33,2018,24146.07
15,3,39,2018,19384.0
15,3,41,2018,857.27
16,1,3,2018,9949084.04
16,1,4,2018,3306.0
16,1,5,2018,94654.73
16,1,6,2018,1575049.72
16,1,9,2018,87176.24
16,1,11,2018,2014337.47
16,1,12,2018,26907.95
16,1,15,2018,36580.86
16,1,21,2018,19150.21
16,1,24,2018,15202.12
16,1,25,2018,3134.33
16,1,30,2018,4867.69
16,1,31,2018,0.0
16,1,33,2018,344780.54
16,1,39,2018,9324.53
16,1,41,2018,8204.33
17,1,0,2018,1.77
17,1,3,2018,390533.26
17,1,4,2018,19890.74
17,1,6,2018,132795.03
17,1,9,2018,500.51
17,1,11,2018,23457.89
17,1,12,2018,60808.14
17,1,15,2018,1551640.39
17,1,21,2018,163133.07
17,1,24,2018,2932.78
17,1,25,2018,2197.97
17,1,29,2018,28970.72
17,1,30,2018,32.53
17,1,31,2018,0.0
17,1,33,2018,41420.73
17,1,39,2018,3420.65
17,1,40,2018,0.0
17,1,41,2018,39821.55
17,3,0,2018,17.81
17,3,3,2018,5681602.6
17,3,4,2018,8507724.12
17,3,6,2018,16.58
17,3,9,2018,63258.25
17,3,11,2018,2140060.09
17,3,12,2018,1500702.84
17,3,15,2018,5526121.2
17,3,20,2018,22809.89
17,3,21,2018,272400.26
17,3,23,2018,346.76
17,3,24,2018,57035.52
17,3,25,2018,8248.64
17,3,29,2018,41144.04
17,3,30,2018,327.11
17,3,31,2018,325.24
17,3,33,2018,292565.46
17,3,39,2018,991102.91
17,3,40,2018,88687.04
17,3,41,2018,83917.14
17,3,62,2018,2370.0
17,3,75,2018,12.35
21,1,0,2018,2.05
21,1,3,2018,4510128.09
21,1,4,2018,120791.26
21,1,5,2018,404433.21
21,1,6,2018,407256.52
21,1,9,2018,73518.33
21,1,11,2018,449136.32
21,1,12,2018,65877.16
21,1,15,2018,4484083.77
21,1,21,2018,155200.63
21,1,23,2018,5407.18
21,1,24,2018,62082.23
21,1,25,2018,12793.93
21,1,29,2018,92.2
21,1,30,2018,7916.51
21,1,31,2018,366.39
21,1,32,2018,28276.6
21,1,33,2018,288391.24
21,1,39,2018,72157.68
21,1,41,2018,91808.68
21,1,50,2018,2.77
21,3,0,2018,54.75
21,3,3,2018,9783248.17
21,3,4,2018,5714845.52
21,3,5,2018,67455.54
21,3,6,2018,63.87
21,3,9,2018,82651.81
21,3,11,2018,132070.67
21,3,12,2018,751852.61
21,3,15,2018,3381933.2
21,3,20,2018,24370.55
21,3,21,2018,256124.89
21,3,23,2018,113015.64
21,3,24,2018,69411.98
21,3,25,2018,8053.13
21,3,29,2018,6762.87
21,3,30,2018,330.37
21,3,31,2018,396.76
21,3,32,2018,6615.82
21,3,33,2018,131806.93
21,3,39,2018,896138.05
21,3,41,2018,46275.6
21,3,48,2018,1.16
21,3,50,2018,232476.83
21,3,62,2018,0.0
21,3,91,2018,147.17
22,2,3,2018,1057233.22
22,2,4,2018,9120193.59
22,2,5,2018,5396.22
22,2,9,2018,539.96
22,2,11,2018,0.89
22,2,12,2018,23114.48
22,2,15,2018,1322096.87
22,2,21,2018,105099.38
22,2,23,2018,15774.81
22,2,24,2018,30784.87
22,2,25,2018,19145.22
22,2,29,2018,14686.97
22,2,31,2018,1358.32
22,2,32,2018,1950.14
22,2,33,2018,24311.5
22,2,39,2018,6360.81
22,2,41,2018,114211.93
22,2,48,2018,4356.25
22,2,50,2018,4523.15
22,2,62,2018,3.7
22,2,75,2018,862.74
22,2,91,2018,1376.6
22,3,3,2018,2413215.18
22,3,4,2018,8610209.91
22,3,5,2018,3.93
22,3,9,2018,11085.99
22,3,11,2018,90928.17
22,3,12,2018,300069.18
22,3,15,2018,607207.85
22,3,20,2018,14208.14
22,3,21,2018,97532.01
22,3,23,2018,6.96
22,3,24,2018,51093.81
22,3,25,2018,31745.17
22,3,29,2018,76397.22
22,3,30,2018,679.17
22,3,31,2018,48.44
22,3,33,2018,57436.42
22,3,39,2018,865859.39
22,3,41,2018,73226.53
22,3,48,2018,141.5
22,3,62,2018,523.85
22,3,75,2018,0.0
23,2,3,2018,786784.59
23,2,4,2018,10257804.91
23,2,5,2018,17477.37
23,2,9,2018,0.0
23,2,12,2018,94.16
23,2,15,2018,2601922.79
23,2,21,2018,265806.56
23,2,23,2018,63405.65
23,2,24,2018,145550.82
23,2,25,2018,21420.7
23,2,29,2018,1911.47
23,2,30,2018,2051.25
23,2,31,2018,9041.83
23,2,32,2018,5061.83
23,2,33,2018,138219.07
23,2,39,2018,61.5
23,2,41,2018,304902.64
23,2,48,2018,258940.52
23,2,50,2018,4966.89
23,2,75,2018,506.35
23,2,91,2018,933.66
24,2,3,2018,54526.66
24,2,4,2018,2767242.45
24,2,5,2018,5218.9
24,2,11,2018,0.09
24,2,12,2018,31052.03
24,2,13,2018,5350.52
24,2,15,2018,1402948.3
24,2,20,2018,4496.9
24,2,21,2018,211563.58
24,2,23,2018,33578.62
24,2,24,2018,52436.98
24,2,25,2018,5024.81
24,2,29,2018,5202.95
24,2,30,2018,9.89
24,2,31,2018,36072.55
24,2,32,2018,4757.96
24,2,33,2018,55343.2
24,2,41,2018,371908.4
24,2,48,2018,23273.27
24,2,49,2018,0.09
24,2,50,2018,3063.6
24,2,75,2018,313.53
24,2,91,2018,1266.29
24,4,3,2018,25921.1
24,4,4,2018,847.35
24,4,5,2018,7595.68
24,4,9,2018,8.99
24,4,11,2018,5324.79
24,4,12,2018,0.0
24,4,15,2018,4611.34
24,4,20,2018,28707.15
24,4,21,2018,32048.91
24,4,23,2018,7359.92
24,4,24,2018,15202.63
24,4,25,2018,19.75
24,4,31,2018,2366.02
24,4,32,2018,782.2
24,4,33,2018,7538.34
24,4,41,2018,50390.43
24,4,48,2018,267.24
24,4,49,2018,784.85
24,4,50,2018,15034.07
24,4,91,2018,0.0
25,2,3,2018,63642.21
25,2,4,2018,3203536.71
25,2,11,2018,0.0
25,2,12,2018,27137.45
25,2,13,2018,1671.66
25,2,15,2018,1761482.8
25,2,20,2018,20806.62
25,2,21,2018,72381.1
25,2,24,2018,35961.16
25,2,25,2018,10257.15
25,2,29,2018,4804.43
25,2,30,2018,8.61
25,2,31,2018,19.78
25,2,33,2018,31769.3
25,2,41,2018,2095.87
25,2,48,2018,101.08
25,2,75,2018,105.27
25,2,91,2018,93.12
25,4,3,2018,65434.44
25,4,4,2018,12290.31
25,4,5,2018,11909.75
25,4,9,2018,579.03
25,4,11,2018,12114.22
25,4,15,2018,45959.39
25,4,20,2018,111998.75
25,4,21,2018,55976.05
25,4,23,2018,669.88
25,4,24,2018,20208.82
25,4,25,2018,106.29
25,4,30,2018,255.58
25,4,31,2018,649.23
25,4,32,2018,184.83
25,4,33,2018,4897.03
25,4,41,2018,67129.02
25,4,48,2018,2.04
25,4,50,2018,127.85
25,4,75,2018,0.0
25,4,91,2018,0.0
26,2,3,2018,53502.79
26,2,4,2018,5193612.24
26,2,12,2018,29565.54
26,2,13,2018,102035.73
26,2,15,2018,2433433.44
26,2,20,2018,715.4
26,2,21,2018,109292.78
26,2,24,2018,63686.76
26,2,25,2018,22756.77
26,2,29,2018,1132.96
26,2,30,2018,566.04
26,2,31,2018,3.27
26,2,33,2018,86353.83
26,2,41,2018,96709.09
26,2,48,2018,64710.58
26,2,75,2018,1.77
26,2,91,2018,779.16
26,4,3,2018,214984.7
26,4,4,2018,108270.7
26,4,5,2018,15307.96
26,4,9,2018,76.84
26,4,11,2018,4167.67
26,4,15,2018,582208.25
26,4,20,2018,428012.57
26,4,21,2018,118184.71
26,4,23,2018,258.25
26,4,24,2018,54350.12
26,4,25,2018,419.5
26,4,30,2018,822.24
26,4,31,2018,1337.07
26,4,32,2018,511.41
26,4,33,2018,16168.93
26,4,41,2018,7.89
26,4,50,2018,11.32
26,4,75,2018,0.0
26,4,91,2018,0.0
27,2,3,2018,7146.89
27,2,4,2018,385801.37
27,2,9,2018,2.29
27,2,11,2018,0.0
27,2,12,2018,157.96
27,2,13,2018,0.0
27,2,15,2018,897996.38
27,2,20,2018,586.2
27,2,21,2018,4018.45
27,2,24,2018,8959.52
27,2,25,2018,632.96
27,2,29,2018,16.34
27,2,30,2018,0.0
27,2,31,2018,0.0
27,2,33,2018,10348.08
27,2,41,2018,5310.6
27,2,48,2018,97.61
27,4,3,2018,183609.82
27,4,4,2018,42947.05
27,4,5,2018,4522.24
27,4,9,2018,1240.56
27,4,11,2018,15944.54
27,4,12,2018,0.0
27,4,15,2018,570771.89
27,4,20,2018,514476.6
27,4,21,2018,59956.07
27,4,23,2018,4446.96
27,4,24,2018,26618.91
27,4,25,2018,206.51
27,4,29,2018,0.0
27,4,31,2018,0.0
27,4,32,2018,77.42
27,4,33,2018,22873.9
27,4,41,2018,74.27
27,4,49,2018,2209.78
27,4,50,2018,11087.08
28,2,3,2018,24702.7
28,2,4,2018,298051.39
28,2,9,2018,57.63
28,2,12,2018,647.43
28,2,15,2018,777492.89
28,2,20,2018,17.32
28,2,21,2018,1247.62
28,2,24,2018,6536.73
28,2,25,2018,1245.48
28,2,30,2018,70.74
28,2,31,2018,0.0
28,2,33,2018,7953.48
28,2,41,2018,95701.77
28,4,3,2018,106583.06
28,4,4,2018,3298.2
28,4,5,2018,22602.13
28,4,9,2018,4324.49
28,4,11,2018,20274.48
28,4,12,2018,13602.02
28,4,15,2018,590851.91
28,4,20,2018,12037.92
28,4,21,2018,97343.27
28,4,23,2018,8559.46
28,4,24,2018,23757.69
28,4,25,2018,494.86
28,4,29,2018,0.0
28,4,30,2018,640.92
28,4,31,2018,2240.22
28,4,32,2018,1613.59
28,4,33,2018,24847.9
28,4,41,2018,1746.28
28,4,49,2018,845.26
28,4,50,2018,43018.96
28,4,91,2018,35.84
29,2,3,2018,1136527.94
29,2,4,2018,19920378.92
29,2,9,2018,8099.45
29,2,11,2018,0.0
29,2,12,2018,232501.84
29,2,13,2018,406123.18
29,2,15,2018,10763197.37
29,2,20,2018,21234.26
29,2,21,2018,1607243.29
29,2,23,2018,72086.28
29,2,24,2018,118413.84
29,2,25,2018,74177.09
29,2,29,2018,87534.67
29,2,30,2018,4812.19
29,2,31,2018,0.0
29,2,33,2018,341663.48
29,2,39,2018,2872.09
29,2,41,2018,266605.85
29,2,46,2018,10623.41
29,2,48,2018,58623.94
29,2,62,2018,1.4
29,2,75,2018,611.32
29,2,91,2018,2381.88
29,3,3,2018,283715.72
29,3,4,2018,6279300.26
29,3,9,2018,11633.2
29,3,11,2018,144096.18
29,3,12,2018,459279.84
29,3,15,2018,662773.9
29,3,21,2018,129331.57
29,3,24,2018,13635.43
29,3,25,2018,7974.13
29,3,29,2018,9462.72
29,3,31,2018,10.76
29,3,33,2018,7992.84
29,3,39,2018,1478382.52
29,3,41,2018,745243.88
29,3,46,2018,16217.45
29,3,48,2018,1115.96
29,3,62,2018,91569.03
29,3,75,2018,751.99
29,3,91,2018,1192.45
29,4,3,2018,3167884.68
29,4,4,2018,710378.09
29,4,5,2018,73269.12
29,4,9,2018,649279.75
29,4,11,2018,107835.25
29,4,12,2018,19293.76
29,4,15,2018,5136909.69
29,4,20,2018,19196.64
29,4,21,2018,623477.68
29,4,23,2018,8984.75
29,4,24,2018,120008.67
29,4,25,2018,4545.47
29,4,29,2018,5743.3
29,4,30,2018,1944.11
29,4,31,2018,2011.13
29,4,32,2018,4999.45
29,4,33,2018,191332.03
29,4,41,2018,4632.98
29,4,46,2018,30933.91
29,4,48,2018,157.37
29,4,49,2018,15570.31
29,4,50,2018,94022.9
31,2,3,2018,90229.3
31,2,4,2018,1608636.45
31,2,9,2018,4299.16
31,2,11,2018,0.0
31,2,12,2018,376.2
31,2,15,2018,1459714.08
31,2,20,2018,7561.12
31,2,21,2018,3729.89
31,2,24,2018,11152.54
31,2,25,2018,4277.29
31,2,29,2018,3533.98
31,2,30,2018,100.56
31,2,33,2018,20434.86
31,2,39,2018,978.63
31,2,41,2018,33894.75
31,2,46,2018,1330.92
31,2,48,2018,10666.25
31,2,62,2018,0.0
31,2,75,2018,44.33
31,3,0,2018,59.53
31,3,3,2018,4203125.61
31,3,4,2018,8392707.45
31,3,9,2018,1406037.14
31,3,11,2018,428610.1
31,3,12,2018,1435957.88
31,3,15,2018,10070376.22
31,3,20,2018,921247.48
31,3,21,2018,1040841.97
31,3,24,2018,164131.72
31,3,25,2018,32568.3
31,3,29,2018,669694.86
31,3,30,2018,15090.17
31,3,31,2018,18.32
31,3,33,2018,362091.27
31,3,39,2018,1379579.29
31,3,41,2018,899669.74
31,3,46,2018,319797.52
31,3,47,2018,47903.91
31,3,48,2018,6452.48
31,3,62,2018,219.0
31,3,75,2018,1061.83
31,4,3,2018,5827347.84
31,4,4,2018,1954832.43
31,4,9,2018,601457.7
31,4,11,2018,14512.07
31,4,12,2018,862944.45
31,4,15,2018,11488883.6
31,4,20,2018,108010.71
31,4,21,2018,1047600.53
31,4,23,2018,20.84
31,4,24,2018,251288.32
31,4,25,2018,12174.36
31,4,29,2018,38761.93
31,4,30,2018,43608.08
31,4,31,2018,4.39
31,4,33,2018,259837.69
31,4,39,2018,64874.24
31,4,41,2018,476765.03
31,4,46,2018,532723.75
31,4,47,2018,6347.92
31,4,48,2018,1181.81
32,4,3,2018,1025747.12
32,4,4,2018,5783.29
32,4,5,2018,7116.09
32,4,9,2018,244796.32
32,4,11,2018,101412.64
32,4,12,2018,71458.34
32,4,15,2018,2446141.15
32,4,20,2018,34486.55
32,4,21,2018,275095.0
32,4,23,2018,5002.68
32,4,24,2018,70052.19
32,4,25,2018,3097.45
32,4,29,2018,28638.23
32,4,31,2018,13.74
32,4,32,2018,574.23
32,4,33,2018,47896.35
32,4,41,2018,24892.54
32,4,46,2018,167480.83
32,4,48,2018,433.44
32,4,49,2018,17463.16
32,4,50,2018,28362.52
33,4,3,2018,1313809.79
33,4,4,2018,739.87
33,4,5,2018,10777.85
33,4,9,2018,7652.51
33,4,11,2018,116980.02
33,4,12,2018,77518.89
33,4,15,2018,2031337.45
33,4,20,2018,364.84
33,4,21,2018,257172.69
33,4,23,2018,18555.7
33,4,24,2018,224910.25
33,4,25,2018,4702.13
33,4,29,2018,5178.67
33,4,30,2018,2512.99
33,4,31,2018,2032.02
33,4,32,2018,816.94
33,4,33,2018,97725.11
33,4,39,2018,344.26
33,4,41,2018,118827.51
33,4,46,2018,0.17
33,4,48,2018,0.0
33,4,49,2018,27270.3
33,4,50,2018,52812.57
33,4,91,2018,14.33
35,3,3,2018,866200.08
35,3,4,2018,32511.09
35,3,9,2018,480837.82
35,3,11,2018,96157.15
35,3,12,2018,3568.44
35,3,15,2018,791674.45
35,3,20,2018,2440098.35
35,3,21,2018,677323.28
35,3,24,2018,123561.47
35,3,25,2018,7893.71
35,3,30,2018,645.85
35,3,31,2018,44.95
35,3,33,2018,114099.17
35,3,39,2018,537955.2
35,3,41,2018,58951.8
35,3,46,2018,45455.45
35,3,47,2018,222138.09
35,3,48,2018,18774.62
35,3,62,2018,0.0
35,4,3,2018,3741044.77
35,4,4,2018,6.21
35,4,5,2018,18323.39
35,4,9,2018,565123.83
35,4,11,2018,277987.25
35,4,12,2018,55996.51
35,4,15,2018,5095750.15
35,4,20,2018,3781401.12
35,4,21,2018,2176357.99
35,4,23,2018,1552.04
35,4,24,2018,642531.38
35,4,25,2018,14852.21
35,4,29,2018,129.46
35,4,30,2018,7018.07
35,4,31,2018,1786.1
35,4,32,2018,107.56
35,4,33,2018,497903.19
35,4,39,2018,710804.01
35,4,40,2018,370.41
35,4,41,2018,268190.46
35,4,46,2018,62017.9
35,4,47,2018,131207.73
35,4,48,2018,14012.21
35,4,49,2018,230971.3
35,4,50,2018,4918.38
35,4,62,2018,0.0
35,4,75,2018,508.02
41,3,3,2018,73914.53
41,3,4,2018,55.34
41,3,9,2018,71070.58
41,3,11,2018,902.78
41,3,12,2018,33428.26
41,3,15,2018,10831.81
41,3,21,2018,3757.28
41,3,24,2018,2176.15
41,3,25,2018,247.73
41,3,29,2018,4240.92
41,3,33,2018,259.3
41,3,39,2018,107304.64
41,3,41,2018,4150.32
41,3,46,2018,0.98
41,3,47,2018,66.4
41,3,48,2018,2.29
41,4,3,2018,5078195.6
41,4,5,2018,20170.21
41,4,9,2018,1142746.84
41,4,11,2018,226659.78
41,4,12,2018,40972.28
41,4,15,2018,3923695.7
41,4,20,2018,620664.52
41,4,21,2018,1757653.66
41,4,23,2018,602.18
41,4,24,2018,290406.95
41,4,25,2018,12295.35
41,4,29,2018,77.16
41,4,30,2018,4702.18
41,4,31,2018,1102.97
41,4,32,2018,118.7
41,4,33,2018,397416.73
41,4,39,2018,5453536.78
41,4,40,2018,9253.7
41,4,41,2018,464540.27
41,4,46,2018,24375.36
41,4,47,2018,7746.38
41,4,48,2018,1827.41
41,4,49,2018,130969.22
41,4,50,2018,4845.01
41,4,62,2018,0.0
42,4,3,2018,3837447.72
42,4,5,2018,7681.26
42,4,9,2018,1101988.51
42,4,11,2018,18327.44
42,4,12,2018,670882.73
42,4,15,2018,1180466.19
42,4,21,2018,997491.33
42,4,23,2018,6704.61
42,4,24,2018,207733.63
42,4,25,2018,7386.56
42,4,29,2018,0.0
42,4,30,2018,2709.4
42,4,31,2018,247.91
42,4,32,2018,440.32
42,4,33,2018,139061.44
42,4,39,2018,622862.6
42,4,40,2018,122162.84
42,4,41,2018,500132.59
42,4,48,2018,3212.83
42,4,49,2018,87424.91
42,4,50,2018,15430.34
42,4,84,2018,25.02
42,4,91,2018,32.31
43,4,3,2018,2773103.61
43,4,9,2018,391827.34
43,4,11,2018,2437.32
43,4,12,2018,1044010.46
43,4,15,2018,584366.41
43,4,21,2018,883771.76
43,4,23,2018,618.05
43,4,24,2018,130312.1
43,4,25,2018,5427.6
43,4,29,2018,2.13
43,4,30,2018,8.92
43,4,31,2018,24.54
43,4,33,2018,121320.69
43,4,39,2018,2433105.79
43,4,40,2018,40578.34
43,4,41,2018,293543.34
43,4,48,2018,56091.53
43,4,49,2018,2579.3
43,4,50,2018,5938.07
43,4,84,2018,5.71
43,4,91,2018,5.06
43,5,3,2018,2344993.19
43,5,9,2018,685515.08
43,5,11,2018,351835.0
43,5,12,2018,6366378.07
43,5,15,2018,140.76
43,5,21,2018,1217751.12
43,5,23,2018,131466.35
43,5,24,2018,135564.48
43,5,25,2018,50601.41
43,5,29,2018,23768.57
43,5,30,2018,3851.51
43,5,31,2018,274.4
43,5,33,2018,1848616.89
43,5,39,2018,3890000.96
43,5,40,2018,984172.33
43,5,41,2018,1200971.08
43,5,48,2018,968.2
43,5,49,2018,19841.47
43,5,50,2018,129001.98
43,5,84,2018,6838.74
43,5,91,2018,964.55
50,3,3,2018,3819123.28
50,3,4,2018,1125569.75
50,3,7,2018,0.0
50,3,9,2018,961246.53
50,3,11,2018,519768.04
50,3,12,2018,138701.03
50,3,15,2018,12080289.36
50,3,20,2018,408802.5
50,3,21,2018,679102.76
50,3,24,2018,60792.34
50,3,25,2018,4959.76
50,3,29,2018,4066.72
50,3,30,2018,510.25
50,3,31,2018,167.38
50,3,33,2018,78533.22
50,3,39,2018,2052778.2
50,3,40,2018,9.33
50,3,41,2018,278952.34
50,3,47,2018,29.17
50,3,62,2018,11377.98
50,4,3,2018,373654.72
50,4,4,2018,16.8
50,4,9,2018,10389.31
50,4,11,2018,402778.09
50,4,12,2018,14.19
50,4,15,2018,1388416.87
50,4,20,2018,279796.62
50,4,21,2018,172008.2
50,4,24,2018,17194.61
50,4,25,2018,2513.91
50,4,31,2018,342.06
50,4,33,2018,254667.65
50,4,39,2018,709721.38
50,4,40,2018,0.0
50,4,41,2018,130184.04
50,4,47,2018,127.83
50,4,48,2018,572.65
50,6,0,2018,1.79
50,6,3,2018,1469261.77
50,6,4,2018,1662098.84
50,6,7,2018,307913.92
50,6,9,2018,14.97
50,6,11,2018,1971408.32
50,6,12,2018,1689215.59
50,6,13,2018,0.09
50,6,15,2018,1013172.87
50,6,21,2018,16487.1
50,6,24,2018,3110.05
50,6,25,2018,326.97
50,6,29,2018,3208.08
50,6,30,2018,753.97
50,6,33,2018,1597037.49
50,6,39,2018,85.65
50,6,40,2018,6339.6
50,6,41,2018,2055.97
51,1,0,2018,466.16
51,1,3,2018,27654337.98
51,1,4,2018,825830.5
51,1,6,2018,3056857.49
51,1,7,2018,0.0
51,1,9,2018,51433.7
51,1,11,2018,937414.81
51,1,12,2018,538543.74
51,1,15,2018,11395048.45
51,1,20,2018,83285.46
51,1,21,2018,778264.0
51,1,24,2018,51445.12
51,1,25,2018,34487.51
51,1,29,2018,191466.91
51,1,30,2018,59761.1
51,1,31,2018,414.14
51,1,33,2018,322198.36
51,1,39,2018,3942458.79
51,1,41,2018,1266578.53
51,1,62,2018,1089.4
51,3,0,2018,345.23
51,3,3,2018,6735212.29
51,3,4,2018,9230004.47
51,3,6,2018,138.49
51,3,7,2018,0.43
51,3,9,2018,93727.39
51,3,11,2018,2565655.96
51,3,12,2018,1349454.65
51,3,15,2018,6933350.27
51,3,20,2018,47923.49
51,3,21,2018,282781.77
51,3,24,2018,77680.41
51,3,25,2018,13398.5
51,3,29,2018,93702.34
51,3,30,2018,16411.98
51,3,31,2018,2089.8
51,3,33,2018,177135.79
51,3,39,2018,5602337.6
51,3,41,2018,533754.8
51,3,62,2018,18449.7
51,6,0,2018,399.38
51,6,3,2018,715550.66
51,6,4,2018,1283592.49
51,6,7,2018,96263.3
51,6,9,2018,192.07
51,6,11,2018,761945.77
51,6,12,2018,957829.74
51,6,15,2018,654642.06
51,6,20,2018,0.17
51,6,21,2018,40575.59
51,6,24,2018,3020.48
51,6,25,2018,382.03
51,6,29,2018,0.09
51,6,30,2018,39.64
51,6,31,2018,59.22
51,6,33,2018,834651.33
51,6,39,2018,1329.63
51,6,41,2018,993.32
52,3,3,2018,5754328.59
52,3,4,2018,5072973.71
52,3,9,2018,156001.17
52,3,11,2018,483188.04
52,3,12,2018,575628.23
52,3,15,2018,14374952.55
52,3,20,2018,893844.96
52,3,21,2018,995151.73
52,3,24,2018,210246.07
52,3,25,2018,14958.26
52,3,29,2018,152013.72
52,3,30,2018,8962.29
52,3,31,2018,223.21
52,3,33,2018,320928.97
52,3,39,2018,4038069.07
52,3,40,2018,3439.04
52,3,41,2018,405414.31
52,3,46,2018,4597.92
52,3,47,2018,1400.2
52,3,48,2018,169.72
52,3,62,2018,3854.38
52,3,75,2018,0.0
52,4,3,2018,73452.05
52,4,4,2018,10.81
52,4,9,2018,466.35
52,4,11,2018,30.29
52,4,12,2018,0.0
52,4,15,2018,293827.01
52,4,20,2018,72135.83
52,4,21,2018,22318.13
52,4,24,2018,1103.26
52,4,25,2018,607.91
52,4,31,2018,3.73
52,4,33,2018,70858.72
52,4,39,2018,14282.93
52,4,41,2018,4841.09
53,3,3,2018,81401.35
53,3,4,2018,176695.23
53,3,9,2018,2313.67
53,3,11,2018,3236.9
53,3,12,2018,26280.67
53,3,15,2018,93563.85
53,3,21,2018,10788.69
53,3,24,2018,68257.76
53,3,25,2018,982.08
53,3,30,2018,526.23
53,3,31,2018,41.34
53,3,33,2018,6613.71
53,3,39,2018,98078.03
53,3,41,2018,7070.23
53,3,46,2018,241.31
53,3,48,2018,0.0
53,3,62,2018,0.0
11,1,0,2019,0.44
11,1,3,2019,12523941.47
11,1,4,2019,465885.12
11,1,6,2019,765663.59
11,1,9,2019,343.96
11,1,11,2019,680377.59
11,1,12,2019,249920.99
11,1,15,2019,7747649.49
11,1,21,2019,297030.47
11,1,24,2019,53068.64
11,1,25,2019,48749.2
11,1,29,2019,54337.29
11,1,30,2019,16681.08
11,1,31,2019,7671.46
11,1,33,2019,262339.45
11,1,39,2019,224073.3
11,1,41,2019,101982.73
11,1,75,2019,16.56
11,3,0,2019,13.81
11,3,3,2019,140224.68
11,3,4,2019,64551.36
11,3,9,2019,380.85
11,3,11,2019,677.99
11,3,12,2019,5135.47
11,3,15,2019,19628.82
11,3,21,2019,3045.71
11,3,24,2019,3927.8
11,3,25,2019,527.29
11,3,29,2019,0.17
11,3,33,2019,124.02
11,3,39,2019,23342.24
11,3,41,2019,1971.93
12,1,3,2019,14182489.46
12,1,4,2019,2662.29
12,1,6,2019,72970.33
12,1,11,2019,3968.27
12,1,12,2019,2202.05
12,1,15,2019,1946043.57
12,1,21,2019,55470.83
12,1,24,2019,24815.1
12,1,25,2019,28667.37
12,1,31,2019,351.69
12,1,33,2019,61288.15
12,1,39,2019,0.0
12,1,41,2019,2077.33
13,1,3,2019,123614446.76
13,1,4,2019,226345.77
13,1,6,2019,22548571.37
13,1,11,2019,1785079.31
13,1,12,2019,591208.71
13,1,15,2019,1688749.7
13,1,20,2019,4874.21
13,1,21,2019,224359.41
13,1,24,2019,61056.89
13,1,25,2019,42870.36
13,1,29,2019,2178.05
13,1,30,2019,14576.19
13,1,31,2019,202.23
13,1,33,2019,5022305.39
13,1,35,2019,57.82
13,1,39,2019,0.0
13,1,41,2019,1632.11
14,1,3,2019,13922675.2
14,1,4,2019,284011.54
14,1,6,2019,2594784.47
14,1,9,2019,8497.15
14,1,11,2019,1309269.46
14,1,12,2019,2786194.04
14,1,15,2019,734431.07
14,1,21,2019,169985.8
14,1,24,2019,19388.63
14,1,25,2019,6431.41
14,1,29,2019,81889.62
14,1,30,2019,2524.74
14,1,31,2019,1108.07
14,1,33,2019,313353.02
14,1,35,2019,125.32
14,1,39,2019,21024.18
14,1,41,2019,60883.72
15,1,0,2019,6.28
15,1,3,2019,86656539.39
15,1,4,2019,1260820.39
15,1,5,2019,231632.4
15,1,6,2019,7047558.57
15,1,9,2019,100791.39
15,1,11,2019,2393423.01
15,1,12,2019,985431.06
15,1,15,2019,17939563.26
15,1,20,2019,22353.05
15,1,21,2019,1094052.15
15,1,23,2019,1976.97
15,1,24,2019,150005.18
15,1,25,2019,82631.18
15,1,29,2019,227874.86
15,1,30,2019,156886.23
15,1,31,2019,366.81
15,1,32,2019,1143.97
15,1,33,2019,4346313.94
15,1,35,2019,231199.77
15,1,39,2019,381947.49
15,1,40,2019,583.24
15,1,41,2019,357448.34
15,3,0,2019,47.27
15,3,3,2019,184163.9
15,3,4,2019,156873.0
15,3,6,2019,102.97
15,3,9,2019,0.0
15,3,11,2019,69323.47
15,3,12,2019,105011.41
15,3,15,2019,299785.84
15,3,21,2019,6225.26
15,3,24,2019,2215.2
15,3,25,2019,97.12
15,3,29,2019,1.06
15,3,30,2019,118.4
15,3,31,2019,0.0
15,3,33,2019,24086.57
15,3,39,2019,21166.3
15,3,41,2019,1784.42
16,1,3,2019,9946890.85
16,1,4,2019,3291.0
16,1,5,2019,94171.44
16,1,6,2019,1574427.47
16,1,9,2019,88526.15
16,1,11,2019,2010571.38
16,1,12,2019,26410.6
16,1,15,2019,37336.59
16,1,21,2019,19208.07
16,1,24,2019,15268.17
16,1,25,2019,3322.94
16,1,30,2019,4905.59
16,1,31,2019,0.0
16,1,33,2019,348870.56
16,1,39,2019,8991.89
16,1,41,2019,9568.06
17,1,0,2019,1.86
17,1,3,2019,384444.28
17,1,4,2019,19628.31
17,1,6,2019,132497.44
17,1,9,2019,474.69
17,1,11,2019,23492.93
17,1,12,2019,60789.46
17,1,15,2019,1559712.45
17,1,21,2019,162693.05
17,1,24,2019,2964.29
17,1,25,2019,2404.89
17,1,29,2019,28957.03
17,1,30,2019,32.71
17,1,31,2019,5.25
17,1,33,2019,41237.3
17,1,39,2019,4008.62
17,1,40,2019,0.0
17,1,41,2019,38213.18
17,3,0,2019,18.44
17,3,3,2019,5656915.13
17,3,4,2019,8382638.86
17,3,6,2019,16.75
17,3,9,2019,70011.35
17,3,11,2019,2134438.7
17,3,12,2019,1487907.08
17,3,15,2019,5569919.67
17,3,20,2019,23289.25
17,3,21,2019,338263.5
17,3,23,2019,351.77
17,3,24,2019,57410.26
17,3,25,2019,10034.28
17,3,29,2019,41151.11
17,3,30,2019,323.52
17,3,31,2019,305.96
17,3,33,2019,291972.52
17,3,39,2019,1016700.42
17,3,40,2019,91523.23
17,3,41,2019,105471.59
17,3,62,2019,2120.13
17,3,75,2019,12.35
21,1,0,2019,0.89
21,1,3,2019,4525842.62
21,1,4,2019,122319.58
21,1,5,2019,407325.94
21,1,6,2019,415774.8
21,1,9,2019,75325.45
21,1,11,2019,436444.45
21,1,12,2019,66966.66
21,1,15,2019,4419051.13
21,1,21,2019,180305.94
21,1,23,2019,5441.37
21,1,24,2019,62707.37
21,1,25,2019,11757.68
21,1,29,2019,91.48
21,1,30,2019,8306.64
21,1,31,2019,369.96
21,1,32,2019,26821.03
21,1,33,2019,303967.05
21,1,39,2019,86067.66
21,1,41,2019,84832.1
21,1,50,2019,2.95
21,3,0,2019,50.65
21,3,3,2019,9651726.52
21,3,4,2019,5670408.58
21,3,5,2019,67650.41
21,3,6,2019,63.78
21,3,9,2019,87189.12
21,3,11,2019,132933.61
21,3,12,2019,744865.61
21,3,15,2019,3473538.1
21,3,20,2019,21331.33
21,3,21,2019,321403.41
21,3,23,2019,111972.53
21,3,24,2019,70050.32
21,3,25,2019,9538.14
21,3,29,2019,6767.4
21,3,30,2019,374.65
21,3,31,2019,364.32
21,3,32,2019,6671.82
21,3,33,2019,132427.61
21,3,39,2019,913081.23
21,3,41,2019,50669.11
21,3,48,2019,7.77
21,3,50,2019,232749.72
21,3,62,2019,0.0
21,3,91,2019,268.18
22,2,3,2019,1056362.2
22,2,4,2019,9123047.98
22,2,5,2019,5426.49
22,2,9,2019,634.22
22,2,11,2019,0.62
22,2,12,2019,23363.61
22,2,15,2019,1315363.81
22,2,21,2019,114407.15
22,2,23,2019,15111.19
22,2,24,2019,31151.97
22,2,25,2019,19783.58
22,2,29,2019,14668.18
22,2,31,2019,1431.26
22,2,32,2019,1922.82
22,2,33,2019,24506.22
22,2,39,2019,4699.14
22,2,41,2019,109028.57
22,2,48,2019,5160.28
22,2,50,2019,4628.23
22,2,62,2019,1.06
22,2,75,2019,972.92
22,2,91,2019,1710.07
22,3,3,2019,2407404.56
22,3,4,2019,8523758.7
22,3,5,2019,3.93
22,3,9,2019,13467.34
22,3,11,2019,90828.7
22,3,12,2019,298202.32
22,3,15,2019,620300.71
22,3,20,2019,14386.26
22,3,21,2019,145996.03
22,3,23,2019,2.41
22,3,24,2019,51738.02
22,3,25,2019,34938.38
22,3,29,2019,76403.05
22,3,30,2019,674.9
22,3,31,2019,55.31
22,3,33,2019,58070.86
22,3,39,2019,892565.6
22,3,41,2019,70611.37
22,3,48,2019,146.59
22,3,62,2019,1016.49
22,3,75,2019,1047.31
23,2,3,2019,781714.97
23,2,4,2019,10222973.19
23,2,5,2019,17633.76
23,2,9,2019,7.03
23,2,12,2019,102.75
23,2,15,2019,2630194.33
23,2,21,2019,252606.98
23,2,23,2019,61432.46
23,2,24,2019,147516.34
23,2,25,2019,20917.96
23,2,29,2019,1913.78
23,2,30,2019,1998.66
23,2,31,2019,9567.04
23,2,32,2019,4751.41
23,2,33,2019,152509.38
23,2,39,2019,10.44
23,2,41,2019,301413.43
23,2,48,2019,272093.18
23,2,50,2019,5093.75
23,2,75,2019,552.05
23,2,91,2019,1861.68
24,2,3,2019,55659.54
24,2,4,2019,2755891.77
24,2,5,2019,5134.21
24,2,11,2019,0.09
24,2,12,2019,33230.91
24,2,13,2019,6467.2
24,2,15,2019,1409540.09
24,2,20,2019,4549.21
24,2,21,2019,202985.31
24,2,23,2019,32950.23
24,2,24,2019,53394.99
24,2,25,2019,4977.92
24,2,29,2019,5251.05
24,2,30,2019,10.42
24,2,31,2019,36086.85
24,2,32,2019,4833.66
24,2,33,2019,57074.6
24,2,41,2019,373451.98
24,2,48,2019,25633.71
24,2,49,2019,0.09
24,2,50,2019,2882.73
24,2,75,2019,319.5
24,2,91,2019,4325.51
24,4,3,2019,25831.96
24,4,4,2019,835.27
24,4,5,2019,7575.96
24,4,9,2019,8.99
24,4,11,2019,5403.36
24,4,12,2019,0.0
24,4,15,2019,4402.66
24,4,20,2019,28400.14
24,4,21,2019,32054.07
24,4,23,2019,6730.94
24,4,24,2019,15300.52
24,4,25,2019,73.75
24,4,31,2019,2492.43
24,4,32,2019,785.03
24,4,33,2019,7680.6
24,4,41,2019,51051.76
24,4,48,2019,302.83
24,4,49,2019,788.5
24,4,50,2019,15011.89
24,4,91,2019,80.12
25,2,3,2019,63507.78
25,2,4,2019,3177684.53
25,2,11,2019,0.0
25,2,12,2019,31152.6
25,2,13,2019,1889.1
25,2,15,2019,1776357.07
25,2,20,2019,21077.78
25,2,21,2019,76351.06
25,2,24,2019,36590.57
25,2,25,2019,9739.73
25,2,29,2019,4924.96
25,2,30,2019,7.73
25,2,31,2019,21.02
25,2,33,2019,33954.61
25,2,41,2019,2180.25
25,2,48,2019,198.79
25,2,75,2019,104.92
25,2,91,2019,131.82
25,4,3,2019,65100.86
25,4,4,2019,12134.15
25,4,5,2019,11907.0
25,4,9,2019,591.99
25,4,11,2019,11739.97
25,4,15,2019,45137.5
25,4,20,2019,110802.0
25,4,21,2019,56953.36
25,4,23,2019,686.03
25,4,24,2019,20347.22
25,4,25,2019,117.02
25,4,30,2019,265.16
25,4,31,2019,652.87
25,4,32,2019,201.25
25,4,33,2019,4869.24
25,4,41,2019,68815.17
25,4,48,2019,2.84
25,4,50,2019,116.93
25,4,75,2019,0.0
25,4,91,2019,51.96
26,2,3,2019,53369.59
26,2,4,2019,5197364.99
26,2,12,2019,31590.47
26,2,13,2019,97858.9
26,2,15,2019,2418074.66
26,2,20,2019,690.72
26,2,21,2019,118983.96
26,2,24,2019,64531.61
26,2,25,2019,22484.71
26,2,29,2019,1131.81
26,2,30,2019,650.41
26,2,31,2019,0.0
26,2,33,2019,87718.55
26,2,41,2019,95365.48
26,2,48,2019,68160.12
26,2,75,2019,44.67
26,2,91,2019,837.52
26,4,3,2019,214645.28
26,4,4,2019,106493.18
26,4,5,2019,15299.1
26,4,9,2019,81.54
26,4,11,2019,4036.74
26,4,15,2019,584270.93
26,4,20,2019,419523.15
26,4,21,2019,126464.63
26,4,23,2019,255.86
26,4,24,2019,54905.69
26,4,25,2019,403.82
26,4,30,2019,827.9
26,4,31,2019,1364.19
26,4,32,2019,512.56
26,4,33,2019,15981.52
26,4,41,2019,22.73
26,4,50,2019,11.32
26,4,75,2019,0.0
26,4,91,2019,0.0
27,2,3,2019,7168.38
27,2,4,2019,384000.82
27,2,9,2019,1.94
27,2,11,2019,0.0
27,2,12,2019,194.61
27,2,13,2019,0.0
27,2,15,2019,899184.55
27,2,20,2019,585.15
27,2,21,2019,4583.17
27,2,24,2019,9165.43
27,2,25,2019,619.03
27,2,29,2019,16.34
27,2,30,2019,0.0
27,2,31,2019,0.0
27,2,33,2019,10264.84
27,2,41,2019,5165.26
27,2,48,2019,125.14
27,4,3,2019,184345.37
27,4,4,2019,42515.26
27,4,5,2019,4505.58
27,4,9,2019,1016.74
27,4,11,2019,15780.95
27,4,12,2019,0.0
27,4,15,2019,578254.34
27,4,20,2019,503752.08
27,4,21,2019,63539.63
27,4,23,2019,4441.24
27,4,24,2019,27070.45
27,4,25,2019,212.66
27,4,29,2019,0.0
27,4,31,2019,10.21
27,4,32,2019,76.37
27,4,33,2019,22532.59
27,4,41,2019,96.96
27,4,49,2019,2136.22
27,4,50,2019,10776.94
28,2,3,2019,24390.21
28,2,4,2019,297330.29
28,2,9,2019,58.77
28,2,12,2019,699.08
28,2,15,2019,782418.09
28,2,20,2019,17.32
28,2,21,2019,1420.39
28,2,24,2019,6678.52
28,2,25,2019,1200.13
28,2,30,2019,70.65
28,2,31,2019,0.0
28,2,33,2019,8193.63
28,2,41,2019,91248.1
28,4,3,2019,106023.1
28,4,4,2019,3340.19
28,4,5,2019,22556.66
28,4,9,2019,4554.71
28,4,11,2019,20027.94
28,4,12,2019,13221.34
28,4,15,2019,588195.08
28,4,20,2019,12638.72
28,4,21,2019,101361.74
28,4,23,2019,8573.49
28,4,24,2019,24018.01
28,4,25,2019,540.68
28,4,29,2019,0.0
28,4,30,2019,666.94
28,4,31,2019,2343.05
28,4,32,2019,1544.27
28,4,33,2019,24853.07
28,4,41,2019,1846.13
28,4,49,2019,827.7
28,4,50,2019,41547.8
28,4,91,2019,37.86
29,2,3,2019,1134914.83
29,2,4,2019,19862685.56
29,2,9,2019,8228.8
29,2,11,2019,0.0
29,2,12,2019,237625.87
29,2,13,2019,436430.26
29,2,15,2019,10730737.5
29,2,20,2019,21154.5
29,2,21,2019,1626464.52
29,2,23,2019,70362.74
29,2,24,2019,120251.34
29,2,25,2019,73738.92
29,2,29,2019,87689.84
29,2,30,2019,4820.41
29,2,31,2019,0.0
29,2,33,2019,372511.73
29,2,39,2019,2134.63
29,2,41,2019,261493.92
29,2,46,2019,10868.47
29,2,48,2019,69690.02
29,2,62,2019,28.3
29,2,75,2019,772.36
29,2,91,2019,3109.22
29,3,3,2019,282710.98
29,3,4,2019,6197842.25
29,3,9,2019,11296.58
29,3,11,2019,142828.17
29,3,12,2019,443761.06
29,3,15,2019,673772.95
29,3,21,2019,196008.01
29,3,24,2019,13799.58
29,3,25,2019,9633.82
29,3,29,2019,9466.29
29,3,31,2019,9.8
29,3,33,2019,8094.67
29,3,39,2019,1490687.79
29,3,41,2019,779298.79
29,3,46,2019,15903.49
29,3,48,2019,4047.74
29,3,62,2019,62324.79
29,3,75,2019,953.8
29,3,91,2019,1239.28
29,4,3,2019,3152887.62
29,4,4,2019,701608.33
29,4,5,2019,73276.56
29,4,9,2019,663886.13
29,4,11,2019,106840.62
29,4,12,2019,18302.93
29,4,15,2019,5131733.49
29,4,20,2019,17511.93
29,4,21,2019,638736.14
29,4,23,2019,9125.88
29,4,24,2019,121474.66
29,4,25,2019,4798.65
29,4,29,2019,5752.09
29,4,30,2019,1977.26
29,4,31,2019,2183.26
29,4,32,2019,4980.14
29,4,33,2019,191371.58
29,4,41,2019,4526.61
29,4,46,2019,32305.15
29,4,48,2019,202.11
29,4,49,2019,15470.42
29,4,50,2019,93459.49
31,2,3,2019,90131.03
31,2,4,2019,1607289.86
31,2,9,2019,4199.5
31,2,11,2019,0.0
31,2,12,2019,485.15
31,2,15,2019,1458947.78
31,2,20,2019,8087.57
31,2,21,2019,3842.16
31,2,24,2019,11294.24
31,2,25,2019,3590.37
31,2,29,2019,3692.78
31,2,30,2019,105.64
31,2,33,2019,20142.62
31,2,39,2019,1311.12
31,2,41,2019,32601.0
31,2,46,2019,1414.44
31,2,48,2019,13738.97
31,2,62,2019,8.04
31,2,75,2019,78.02
31,3,0,2019,59.19
31,3,3,2019,4205077.98
31,3,4,2019,8371067.13
31,3,9,2019,1422589.59
31,3,11,2019,427438.49
31,3,12,2019,1412854.56
31,3,15,2019,9961713.15
31,3,20,2019,938315.98
31,3,21,2019,1100934.16
31,3,24,2019,166180.21
31,3,25,2019,33839.89
31,3,29,2019,669791.73
31,3,30,2019,15311.87
31,3,31,2019,18.25
31,3,33,2019,380407.58
31,3,39,2019,1465833.74
31,3,41,2019,845691.28
31,3,46,2019,321960.97
31,3,47,2019,49576.91
31,3,48,2019,7263.01
31,3,62,2019,156.14
31,3,75,2019,1160.01
31,4,3,2019,5832758.3
31,4,4,2019,1919926.44
31,4,9,2019,607590.46
31,4,11,2019,13953.48
31,4,12,2019,831271.4
31,4,15,2019,11510069.06
31,4,20,2019,106769.2
31,4,21,2019,1056887.6
31,4,23,2019,19.1
31,4,24,2019,254209.45
31,4,25,2019,12023.52
31,4,29,2019,38725.37
31,4,30,2019,44529.83
31,4,31,2019,3.26
31,4,33,2019,261366.47
31,4,39,2019,65605.26
31,4,41,2019,492355.38
31,4,46,2019,537250.87
31,4,47,2019,6473.62
31,4,48,2019,1389.63
32,4,3,2019,1020918.02
32,4,4,2019,5802.08
32,4,5,2019,7127.64
32,4,9,2019,252548.25
32,4,11,2019,102557.92
32,4,12,2019,69079.57
32,4,15,2019,2423927.23
32,4,20,2019,31630.35
32,4,21,2019,292492.4
32,4,23,2019,5129.3
32,4,24,2019,70830.34
32,4,25,2019,3162.82
32,4,29,2019,28690.4
32,4,31,2019,8.5
32,4,32,2019,541.36
32,4,33,2019,49702.53
32,4,41,2019,24553.68
32,4,46,2019,171255.63
32,4,48,2019,473.73
32,4,49,2019,17367.61
32,4,50,2019,28144.52
33,4,3,2019,1317665.28
33,4,4,2019,736.12
33,4,5,2019,10821.37
33,4,9,2019,7774.94
33,4,11,2019,116117.65
33,4,12,2019,72031.98
33,4,15,2019,2028712.91
33,4,20,2019,901.66
33,4,21,2019,262962.96
33,4,23,2019,18054.82
33,4,24,2019,226559.1
33,4,25,2019,4725.0
33,4,29,2019,5175.52
33,4,30,2019,2495.34
33,4,31,2019,2007.07
33,4,32,2019,788.76
33,4,33,2019,98136.48
33,4,39,2019,310.33
33,4,41,2019,116027.12
33,4,46,2019,0.08
33,4,48,2019,0.0
33,4,49,2019,27212.45
33,4,50,2019,52824.68
33,4,91,2019,15.24
35,3,3,2019,863337.92
35,3,4,2019,31869.02
35,3,9,2019,484991.88
35,3,11,2019,94951.24
35,3,12,2019,3543.01
35,3,15,2019,772709.46
35,3,20,2019,2439268.02
35,3,21,2019,696503.88
35,3,24,2019,125406.37
35,3,25,2019,7869.93
35,3,30,2019,652.35
35,3,31,2019,36.35
35,3,33,2019,113274.29
35,3,39,2019,539451.34
35,3,41,2019,54351.72
35,3,46,2019,45768.59
35,3,47,2019,223388.64
35,3,48,2019,20516.95
35,3,62,2019,0.0
35,4,3,2019,3749383.3
35,4,4,2019,7.12
35,4,5,2019,18483.64
35,4,9,2019,578100.86
35,4,11,2019,270505.7
35,4,12,2019,53005.37
35,4,15,2019,5064352.83
35,4,20,2019,3742269.53
35,4,21,2019,2203445.57
35,4,23,2019,1566.47
35,4,24,2019,649271.58
35,4,25,2019,14964.7
35,4,29,2019,127.4
35,4,30,2019,7099.29
35,4,31,2019,1694.52
35,4,32,2019,131.0
35,4,33,2019,497863.25
35,4,39,2019,740396.97
35,4,40,2019,270.67
35,4,41,2019,261531.52
35,4,46,2019,62164.04
35,4,47,2019,131864.96
35,4,48,2019,16180.93
35,4,49,2019,230666.14
35,4,50,2019,4891.56
35,4,62,2019,0.0
35,4,75,2019,632.73
41,3,3,2019,73687.65
41,3,4,2019,43.24
41,3,9,2019,72518.44
41,3,11,2019,849.5
41,3,12,2019,32038.83
41,3,15,2019,10510.63
41,3,21,2019,3923.17
41,3,24,2019,2186.78
41,3,25,2019,250.86
41,3,29,2019,4246.38
41,3,33,2019,249.02
41,3,39,2019,108014.1
41,3,41,2019,3827.91
41,3,46,2019,0.0
41,3,47,2019,60.52
41,3,48,2019,2.29
41,4,3,2019,5084180.51
41,4,5,2019,20400.98
41,4,9,2019,1153151.78
41,4,11,2019,224466.51
41,4,12,2019,39885.26
41,4,15,2019,3845409.57
41,4,20,2019,609010.21
41,4,21,2019,1793818.02
41,4,23,2019,635.24
41,4,24,2019,293941.93
41,4,25,2019,12136.72
41,4,29,2019,75.37
41,4,30,2019,4799.39
41,4,31,2019,1421.62
41,4,32,2019,122.98
41,4,33,2019,394699.73
41,4,39,2019,5462948.48
41,4,40,2019,9068.84
41,4,41,2019,494450.69
41,4,46,2019,24748.99
41,4,47,2019,7733.21
41,4,48,2019,1978.64
41,4,49,2019,130672.6
41,4,50,2019,4817.68
41,4,62,2019,0.0
42,4,3,2019,3818062.87
42,4,5,2019,7699.86
42,4,9,2019,1122567.54
42,4,11,2019,18195.98
42,4,12,2019,659412.48
42,4,15,2019,1173980.47
42,4,21,2019,1004748.05
42,4,23,2019,6740.61
42,4,24,2019,210106.75
42,4,25,2019,7426.94
42,4,29,2019,0.0
42,4,30,2019,2770.02
42,4,31,2019,255.06
42,4,32,2019,448.76
42,4,33,2019,139368.61
42,4,39,2019,656654.14
42,4,40,2019,129928.05
42,4,41,2019,464615.46
42,4,48,2019,3620.78
42,4,49,2019,88108.39
42,4,50,2019,15080.56
42,4,84,2019,25.02
42,4,91,2019,36.11
43,4,3,2019,2761334.45
43,4,9,2019,400258.39
43,4,11,2019,2427.06
43,4,12,2019,1018596.51
43,4,15,2019,581455.26
43,4,21,2019,878647.81
43,4,23,2019,629.74
43,4,24,2019,132215.72
43,4,25,2019,5508.61
43,4,29,2019,0.08
43,4,30,2019,9.0
43,4,31,2019,22.59
43,4,33,2019,121286.52
43,4,39,2019,2438187.02
43,4,40,2019,41720.96
43,4,41,2019,318237.71
43,4,48,2019,60115.92
43,4,49,2019,2652.99
43,4,50,2019,5760.89
43,4,84,2019,5.71
43,4,91,2019,5.14
43,5,3,2019,2351472.38
43,5,9,2019,693388.42
43,5,11,2019,349918.4
43,5,12,2019,6215450.65
43,5,15,2019,145.02
43,5,21,2019,1294156.36
43,5,23,2019,131800.76
43,5,24,2019,136641.64
43,5,25,2019,49930.16
43,5,29,2019,23764.52
43,5,30,2019,3904.66
43,5,31,2019,273.08
43,5,33,2019,1848597.18
43,5,39,2019,3903961.86
43,5,40,2019,980956.17
43,5,41,2019,1252657.74
43,5,48,2019,1257.6
43,5,49,2019,20069.16
43,5,50,2019,127430.89
43,5,84,2019,6730.56
43,5,91,2019,1008.97
50,3,3,2019,3812267.51
50,3,4,2019,1104753.3
50,3,7,2019,0.08
50,3,9,2019,1003255.88
50,3,11,2019,511569.58
50,3,12,2019,137174.16
50,3,15,2019,11940110.59
50,3,20,2019,404601.28
50,3,21,2019,713575.97
50,3,24,2019,61483.32
50,3,25,2019,4899.19
50,3,29,2019,4074.17
50,3,30,2019,546.79
50,3,31,2019,161.16
50,3,33,2019,78775.2
50,3,39,2019,2217465.19
50,3,40,2019,9.33
50,3,41,2019,224134.37
50,3,47,2019,39.43
50,3,62,2019,5883.44
50,4,3,2019,373693.75
50,4,4,2019,13.89
50,4,9,2019,11300.31
50,4,11,2019,397071.38
50,4,12,2019,14.1
50,4,15,2019,1338259.24
50,4,20,2019,284306.18
50,4,21,2019,207111.46
50,4,24,2019,17396.26
50,4,25,2019,2571.18
50,4,31,2019,304.38
50,4,33,2019,252894.65
50,4,39,2019,664700.47
50,4,40,2019,0.0
50,4,41,2019,192053.6
50,4,47,2019,138.3
50,4,48,2019,569.75
50,6,0,2019,0.85
50,6,3,2019,1455710.91
50,6,4,2019,1854083.35
50,6,7,2019,90034.5
50,6,9,2019,14.3
50,6,11,2019,988038.96
50,6,12,2019,3545558.88
50,6,13,2019,0.0
50,6,15,2019,1048817.47
50,6,21,2019,22401.77
50,6,24,2019,3127.25
50,6,25,2019,351.32
50,6,29,2019,3207.91
50,6,30,2019,747.38
50,6,33,2019,722138.94
50,6,39,2019,53.06
50,6,40,2019,6140.4
50,6,41,2019,2065.78
51,1,0,2019,447.5
51,1,3,2019,27439635.7
51,1,4,2019,824412.19
51,1,6,2019,3041945.52
51,1,7,2019,0.0
51,1,9,2019,52903.21
51,1,11,2019,926238.16
51,1,12,2019,532708.72
51,1,15,2019,11374196.77
51,1,20,2019,82469.65
51,1,21,2019,810182.06
51,1,24,2019,52254.23
51,1,25,2019,34009.25
51,1,29,2019,191445.13
51,1,30,2019,61241.79
51,1,31,2019,368.79
51,1,33,2019,336970.86
51,1,39,2019,4156007.53
51,1,41,2019,1272578.75
51,1,62,2019,1366.33
51,3,0,2019,335.4
51,3,3,2019,6749306.96
51,3,4,2019,9139625.82
51,3,6,2019,138.58
51,3,7,2019,0.0
51,3,9,2019,93568.43
51,3,11,2019,2555988.13
51,3,12,2019,1331094.55
51,3,15,2019,6923116.69
51,3,20,2019,49200.54
51,3,21,2019,340965.13
51,3,24,2019,78681.24
51,3,25,2019,13574.03
51,3,29,2019,93719.49
51,3,30,2019,16843.63
51,3,31,2019,1872.07
51,3,33,2019,177288.98
51,3,39,2019,5681741.53
51,3,41,2019,506240.27
51,3,62,2019,20253.91
51,6,0,2019,382.28
51,6,3,2019,714423.34
51,6,4,2019,1340943.96
51,6,7,2019,52970.69
51,6,9,2019,197.23
51,6,11,2019,622886.97
51,6,12,2019,1327089.33
51,6,15,2019,668769.33
51,6,20,2019,0.0
51,6,21,2019,37940.66
51,6,24,2019,3032.86
51,6,25,2019,398.19
51,6,29,2019,0.09
51,6,30,2019,39.89
51,6,31,2019,58.19
51,6,33,2019,580470.9
51,6,39,2019,873.56
51,6,41,2019,989.51
52,3,3,2019,5741934.56
52,3,4,2019,5024550.7
52,3,9,2019,156618.3
52,3,11,2019,481498.38
52,3,12,2019,565473.36
52,3,15,2019,14269027.65
52,3,20,2019,924289.14
52,3,21,2019,1079804.28
52,3,24,2019,212953.87
52,3,25,2019,16422.14
52,3,29,2019,152000.45
52,3,30,2019,9248.84
52,3,31,2019,200.88
52,3,33,2019,321197.96
52,3,39,2019,4127604.45
52,3,40,2019,3056.5
52,3,41,2019,376259.36
52,3,46,2019,4771.89
52,3,47,2019,1571.59
52,3,48,2019,185.71
52,3,62,2019,1676.1
52,3,75,2019,0.0
52,4,3,2019,73616.59
52,4,4,2019,12.51
52,4,9,2019,456.19
52,4,11,2019,30.29
52,4,12,2019,0.0
52,4,15,2019,291799.42
52,4,20,2019,72638.55
52,4,21,2019,22633.62
52,4,24,2019,1135.29
52,4,25,2019,604.44
52,4,31,2019,0.0
52,4,33,2019,70768.37
52,4,39,2019,16238.57
52,4,41,2019,4004.27
53,3,3,2019,82004.56
53,3,4,2019,175176.1
53,3,9,2019,2380.33
53,3,11,2019,3269.77
53,3,12,2019,25664.75
53,3,15,2019,92990.13
53,3,21,2019,11449.91
53,3,24,2019,68654.15
53,3,25,2019,1082.77
53,3,30,2019,536.14
53,3,31,2019,36.6
53,3,33,2019,6642.73
53,3,39,2019,101066.38
53,3,41,2019,4889.23
53,3,46,2019,242.69
53,3,48,2019,4.82
53,3,62,2019,0.0
11,1,0,2020,0.44
11,1,3,2020,12353287.78
11,1,4,2020,466697.87
11,1,6,2020,764858.4
11,1,9,2020,348.94
11,1,11,2020,686388.39
11,1,12,2020,251429.15
11,1,15,2020,7878218.8
11,1,21,2020,323740.83
11,1,24,2020,53377.27
11,1,25,2020,45694.06
11,1,29,2020,54380.96
11,1,30,2020,17900.55
11,1,31,2020,7214.86
11,1,33,2020,253444.05
11,1,39,2020,256956.36
11,1,41,2020,85774.04
11,1,75,2020,20.09
11,3,0,2020,13.81
11,3,3,2020,140013.81
11,3,4,2020,64156.15
11,3,9,2020,378.5
11,3,11,2020,597.14
11,3,12,2020,4574.19
11,3,15,2020,19468.14
11,3,21,2020,4371.58
11,3,24,2020,3991.76
11,3,25,2020,664.99
11,3,29,2020,0.26
11,3,33,2020,119.75
11,3,39,2020,23006.05
11,3,41,2020,2196.02
12,1,3,2020,14094501.28
12,1,4,2020,3103.63
12,1,6,2020,73178.89
12,1,11,2020,4172.48
12,1,12,2020,2451.98
12,1,15,2020,2024793.28
12,1,21,2020,67393.54
12,1,24,2020,25032.3
12,1,25,2020,24024.38
12,1,31,2020,348.35
12,1,33,2020,61039.65
12,1,39,2020,15.22
12,1,41,2020,2951.44
13,1,3,2020,123457463.81
13,1,4,2020,226630.64
13,1,6,2020,22553259.95
13,1,11,2020,1839949.65
13,1,12,2020,592315.56
13,1,15,2020,1802314.4
13,1,20,2020,4882.7
13,1,21,2020,265357.82
13,1,24,2020,61516.65
13,1,25,2020,42928.24
13,1,29,2020,2178.05
13,1,30,2020,15967.57
13,1,31,2020,197.81
13,1,33,2020,4961743.69
13,1,35,2020,57.38
13,1,39,2020,8.84
13,1,41,2020,1741.52
14,1,3,2020,13903172.79
14,1,4,2020,283880.37
14,1,6,2020,2595197.58
14,1,9,2020,8781.16
14,1,11,2020,1281344.68
14,1,12,2020,2768064.42
14,1,15,2020,742832.91
14,1,21,2020,190282.95
14,1,24,2020,19521.1
14,1,25,2020,6492.16
14,1,29,2020,81888.82
14,1,30,2020,3006.91
14,1,31,2020,1181.98
14,1,33,2020,342046.8
14,1,35,2020,80.89
14,1,39,2020,41505.75
14,1,41,2020,47296.21
15,1,0,2020,5.92
15,1,3,2020,86147293.15
15,1,4,2020,1259370.57
15,1,5,2020,231097.08
15,1,6,2020,7048556.11
15,1,9,2020,102116.96
15,1,11,2020,2409691.84
15,1,12,2020,985564.46
15,1,15,2020,18240629.84
15,1,20,2020,21795.68
15,1,21,2020,1235063.01
15,1,23,2020,1936.39
15,1,24,2020,151141.77
15,1,25,2020,84843.71
15,1,29,2020,227898.57
15,1,30,2020,184458.55
15,1,31,2020,323.17
15,1,32,2020,1083.46
15,1,33,2020,4327431.36
15,1,35,2020,236535.41
15,1,39,2020,433424.72
15,1,40,2020,536.49
15,1,41,2020,339750.72
15,3,0,2020,44.44
15,3,3,2020,181914.77
15,3,4,2020,150888.85
15,3,6,2020,100.58
15,3,9,2020,0.0
15,3,11,2020,68698.32
15,3,12,2020,100478.9
15,3,15,2020,309187.35
15,3,21,2020,6879.95
15,3,24,2020,2235.56
15,3,25,2020,93.77
15,3,29,2020,1.06
15,3,30,2020,125.93
15,3,31,2020,0.0
15,3,33,2020,24053.2
15,3,39,2020,23069.24
15,3,41,2020,3230.27
16,1,3,2020,9945171.02
16,1,4,2020,3311.98
16,1,5,2020,92649.14
16,1,6,2020,1574274.46
16,1,9,2020,88368.92
16,1,11,2020,2004693.88
16,1,12,2020,26604.35
16,1,15,2020,37737.73
16,1,21,2020,18881.13
16,1,24,2020,15354.12
16,1,25,2020,3205.48
16,1,30,2020,5037.25
16,1,31,2020,0.0
16,1,33,2020,357308.36
16,1,39,2020,9928.97
16,1,41,2020,9233.98
17,1,0,2020,2.12
17,1,3,2020,384377.84
17,1,4,2020,19847.18
17,1,6,2020,135180.46
17,1,9,2020,477.71
17,1,11,2020,23850.32
17,1,12,2020,60950.21
17,1,15,2020,1563667.97
17,1,21,2020,154759.67
17,1,24,2020,3003.63
17,1,25,2020,2477.49
17,1,29,2020,28956.88
17,1,30,2020,73.39
17,1,31,2020,5.34
17,1,33,2020,40844.22
17,1,39,2020,6029.45
17,1,40,2020,0.0
17,1,41,2020,37053.87
17,3,0,2020,18.16
17,3,3,2020,5651987.54
17,3,4,2020,8230046.29
17,3,6,2020,16.75
17,3,9,2020,71707.19
17,3,11,2020,2146747.87
17,3,12,2020,1462933.18
17,3,15,2020,5647623.81
17,3,20,2020,26078.27
17,3,21,2020,399476.21
17,3,23,2020,357.57
17,3,24,2020,57754.61
17,3,25,2020,12209.16
17,3,29,2020,41149.97
17,3,30,2020,331.75
17,3,31,2020,281.24
17,3,33,2020,291646.9
17,3,39,2020,982483.79
17,3,40,2020,92039.97
17,3,41,2020,164472.33
17,3,62,2020,1420.85
17,3,75,2020,12.44
21,1,0,2020,1.61
21,1,3,2020,4501883.07
21,1,4,2020,122523.13
21,1,5,2020,406574.75
21,1,6,2020,419135.21
21,1,9,2020,75803.76
21,1,11,2020,442579.17
21,1,12,2020,67258.58
21,1,15,2020,4390490.08
21,1,21,2020,204556.65
21,1,23,2020,5465.67
21,1,24,2020,63438.34
21,1,25,2020,13188.75
21,1,29,2020,91.48
21,1,30,2020,9617.31
21,1,31,2020,305.28
21,1,32,2020,26252.24
21,1,33,2020,300743.42
21,1,39,2020,101930.4
21,1,41,2020,87881.88
21,1,50,2020,1.96
21,3,0,2020,52.25
21,3,3,2020,9447057.5
21,3,4,2020,5582196.02
21,3,5,2020,67885.55
21,3,6,2020,67.44
21,3,9,2020,89289.06
21,3,11,2020,133950.07
21,3,12,2020,731911.37
21,3,15,2020,3566316.11
21,3,20,2020,22334.55
21,3,21,2020,501603.01
21,3,23,2020,110870.51
21,3,24,2020,70715.61
21,3,25,2020,12709.94
21,3,29,2020,6768.64
21,3,30,2020,426.78
21,3,31,2020,279.67
21,3,32,2020,6580.2
21,3,33,2020,133261.92
21,3,39,2020,921772.71
21,3,41,2020,66525.19
21,3,48,2020,7.77
21,3,50,2020,233177.4
21,3,62,2020,1.77
21,3,91,2020,342.84
22,2,3,2020,1055950.36
22,2,4,2020,9126656.9
22,2,5,2020,5457.83
22,2,9,2020,759.29
22,2,11,2020,0.45
22,2,12,2020,24939.56
22,2,15,2020,1302598.12
22,2,21,2020,115652.14
22,2,23,2020,14710.55
22,2,24,2020,31650.85
22,2,25,2020,19732.75
22,2,29,2020,14685.7
22,2,31,2020,1442.78
22,2,32,2020,1873.99
22,2,33,2020,29386.08
22,2,39,2020,3982.4
22,2,41,2020,111026.48
22,2,48,2020,5186.09
22,2,50,2020,4594.12
22,2,62,2020,12.13
22,2,75,2020,1073.56
22,2,91,2020,2009.47
22,3,3,2020,2384974.5
22,3,4,2020,8421027.65
22,3,5,2020,3.93
22,3,9,2020,15311.51
22,3,11,2020,90961.55
22,3,12,2020,293805.81
22,3,15,2020,643480.93
22,3,20,2020,14789.86
22,3,21,2020,216600.55
22,3,23,2020,2.68
22,3,24,2020,52306.84
22,3,25,2020,35638.78
22,3,29,2020,76403.74
22,3,30,2020,665.9
22,3,31,2020,59.23
22,3,33,2020,58470.16
22,3,39,2020,926322.72
22,3,41,2020,68377.74
22,3,48,2020,147.12
22,3,62,2020,1136.11
22,3,75,2020,1131.57
23,2,3,2020,776510.32
23,2,4,2020,10155585.81
23,2,5,2020,17756.15
23,2,9,2020,6.59
23,2,12,2020,128.98
23,2,15,2020,2674702.78
23,2,21,2020,243553.41
23,2,23,2020,60649.67
23,2,24,2020,149775.76
23,2,25,2020,21678.79
23,2,29,2020,1931.69
23,2,30,2020,1996.63
23,2,31,2020,9963.38
23,2,32,2020,4596.7
23,2,33,2020,184461.85
23,2,39,2020,11.96
23,2,41,2020,302945.89
23,2,48,2020,272803.34
23,2,50,2020,5117.13
23,2,75,2020,559.53
23,2,91,2020,2128.22
24,2,3,2020,56291.76
24,2,4,2020,2743696.55
24,2,5,2020,5153.35
24,2,11,2020,0.09
24,2,12,2020,33358.75
24,2,13,2020,7860.29
24,2,15,2020,1409278.48
24,2,20,2020,4744.97
24,2,21,2020,198880.24
24,2,23,2020,34412.24
24,2,24,2020,54575.6
24,2,25,2020,4750.65
24,2,29,2020,5402.81
24,2,30,2020,10.42
24,2,31,2020,35998.5
24,2,32,2020,4863.4
24,2,33,2020,66921.23
24,2,41,2020,374804.37
24,2,48,2020,25613.14
24,2,49,2020,0.09
24,2,50,2020,2565.86
24,2,75,2020,325.11
24,2,91,2020,5143.66
24,4,3,2020,25829.93
24,4,4,2020,821.31
24,4,5,2020,7535.8
24,4,9,2020,8.99
24,4,11,2020,5419.82
24,4,12,2020,0.0
24,4,15,2020,3982.02
24,4,20,2020,28437.4
24,4,21,2020,31375.1
24,4,23,2020,6639.51
24,4,24,2020,15440.14
24,4,25,2020,93.95
24,4,31,2020,2523.71
24,4,32,2020,822.16
24,4,33,2020,7669.53
24,4,41,2020,52264.68
24,4,48,2020,306.21
24,4,49,2020,791.79
24,4,50,2020,14744.89
24,4,91,2020,103.8
25,2,3,2020,63311.06
25,2,4,2020,3161035.01
25,2,11,2020,0.0
25,2,12,2020,29500.22
25,2,13,2020,2109.13
25,2,15,2020,1782569.28
25,2,20,2020,20848.73
25,2,21,2020,75207.12
25,2,24,2020,37225.06
25,2,25,2020,9297.81
25,2,29,2020,4994.21
25,2,30,2020,7.73
25,2,31,2020,30.96
25,2,33,2020,46653.69
25,2,41,2020,2195.88
25,2,48,2020,198.35
25,2,75,2020,261.93
25,2,91,2020,428.18
25,4,3,2020,65058.81
25,4,4,2020,11825.83
25,4,5,2020,11897.15
25,4,9,2020,604.68
25,4,11,2020,11340.36
25,4,15,2020,43976.49
25,4,20,2020,108862.97
25,4,21,2020,54381.01
25,4,23,2020,661.16
25,4,24,2020,20644.88
25,4,25,2020,127.76
25,4,30,2020,267.9
25,4,31,2020,648.78
25,4,32,2020,213.58
25,4,33,2020,4858.26
25,4,41,2020,74951.42
25,4,48,2020,3.11
25,4,50,2020,111.6
25,4,75,2020,0.0
25,4,91,2020,56.76
26,2,3,2020,53143.14
26,2,4,2020,5191606.22
26,2,12,2020,33488.03
26,2,13,2020,92592.28
26,2,15,2020,2403846.72
26,2,20,2020,646.76
26,2,21,2020,119936.25
26,2,24,2020,65303.43
26,2,25,2020,21927.06
26,2,29,2020,1134.56
26,2,30,2020,661.49
26,2,31,2020,0.0
26,2,33,2020,101348.22
26,2,41,2020,98158.65
26,2,48,2020,74152.58
26,2,75,2020,44.76
26,2,91,2020,868.01
26,4,3,2020,214860.41
26,4,4,2020,102140.95
26,4,5,2020,15351.16
26,4,9,2020,95.73
26,4,11,2020,4007.74
26,4,15,2020,590507.84
26,4,20,2020,411729.69
26,4,21,2020,132040.91
26,4,23,2020,238.86
26,4,24,2020,55484.05
26,4,25,2020,377.35
26,4,30,2020,848.52
26,4,31,2020,1374.84
26,4,32,2020,510.15
26,4,33,2020,15500.52
26,4,41,2020,31.41
26,4,50,2020,0.0
26,4,75,2020,0.0
26,4,91,2020,0.0
27,2,3,2020,7221.57
27,2,4,2020,384709.02
27,2,9,2020,1.85
27,2,11,2020,0.0
27,2,12,2020,197.99
27,2,13,2020,0.0
27,2,15,2020,896053.99
27,2,20,2020,584.44
27,2,21,2020,5525.16
27,2,24,2020,9457.94
27,2,25,2020,604.62
27,2,29,2020,16.34
27,2,30,2020,0.0
27,2,31,2020,0.0
27,2,33,2020,11195.46
27,2,41,2020,5179.78
27,2,48,2020,326.5
27,4,3,2020,184963.57
27,4,4,2020,40641.93
27,4,5,2020,4515.03
27,4,9,2020,660.81
27,4,11,2020,15621.39
27,4,12,2020,0.0
27,4,15,2020,584089.49
27,4,20,2020,494423.01
27,4,21,2020,68741.65
27,4,23,2020,4359.4
27,4,24,2020,27551.03
27,4,25,2020,224.32
27,4,29,2020,0.0
27,4,31,2020,9.24
27,4,32,2020,64.92
27,4,33,2020,22504.78
27,4,41,2020,157.49
27,4,49,2020,2102.36
27,4,50,2020,10433.16
28,2,3,2020,24078.63
28,2,4,2020,294026.8
28,2,9,2020,65.96
28,2,12,2020,705.16
28,2,15,2020,785181.62
28,2,20,2020,17.32
28,2,21,2020,1667.7
28,2,24,2020,6829.74
28,2,25,2020,1152.83
28,2,30,2020,70.21
28,2,31,2020,0.0
28,2,33,2020,8587.15
28,2,41,2020,91342.06
28,4,3,2020,104074.02
28,4,4,2020,3205.69
28,4,5,2020,22631.62
28,4,9,2020,4746.85
28,4,11,2020,20081.28
28,4,12,2020,12912.46
28,4,15,2020,586487.08
28,4,20,2020,13616.37
28,4,21,2020,105231.59
28,4,23,2020,8341.85
28,4,24,2020,24285.64
28,4,25,2020,570.3
28,4,29,2020,0.0
28,4,30,2020,747.91
28,4,31,2020,2240.61
28,4,32,2020,1542.87
28,4,33,2020,25028.1
28,4,41,2020,1844.63
28,4,49,2020,820.93
28,4,50,2020,40270.28
28,4,91,2020,38.39
29,2,3,2020,1129951.16
29,2,4,2020,19794486.62
29,2,9,2020,8312.79
29,2,11,2020,0.0
29,2,12,2020,246964.7
29,2,13,2020,463856.71
29,2,15,2020,10702101.39
29,2,20,2020,20693.41
29,2,21,2020,1599641.48
29,2,23,2020,67101.59
29,2,24,2020,122130.94
29,2,25,2020,69678.64
29,2,29,2020,88153.49
29,2,30,2020,4796.46
29,2,31,2020,0.0
29,2,33,2020,456005.24
29,2,39,2020,2341.14
29,2,41,2020,262899.38
29,2,46,2020,10931.81
29,2,48,2020,80610.6
29,2,62,2020,193.86
29,2,75,2020,1129.58
29,2,91,2020,3732.72
29,3,3,2020,279649.99
29,3,4,2020,6097993.57
29,3,9,2020,11036.93
29,3,11,2020,142985.32
29,3,12,2020,422981.95
29,3,15,2020,666526.35
29,3,21,2020,265718.39
29,3,24,2020,14018.19
29,3,25,2020,10344.57
29,3,29,2020,9469.58
29,3,31,2020,1.14
29,3,33,2020,7749.92
29,3,39,2020,1725720.28
29,3,41,2020,500844.04
29,3,46,2020,16353.16
29,3,48,2020,16920.41
29,3,62,2020,153134.44
29,3,75,2020,957.65
29,3,91,2020,1273.97
29,4,3,2020,3137417.3
29,4,4,2020,689802.92
29,4,5,2020,73590.88
29,4,9,2020,679618.84
29,4,11,2020,108331.27
29,4,12,2020,17474.94
29,4,15,2020,5111060.84
29,4,20,2020,18871.32
29,4,21,2020,664866.6
29,4,23,2020,8860.76
29,4,24,2020,122756.87
29,4,25,2020,4600.38
29,4,29,2020,5718.52
29,4,30,2020,2132.29
29,4,31,2020,2252.43
29,4,32,2020,4962.28
29,4,33,2020,192859.59
29,4,41,2020,4826.39
29,4,46,2020,33008.84
29,4,48,2020,896.58
29,4,49,2020,15435.37
29,4,50,2020,93065.82
31,2,3,2020,89384.12
31,2,4,2020,1596430.53
31,2,9,2020,4185.45
31,2,11,2020,0.0
31,2,12,2020,1415.1
31,2,15,2020,1459630.01
31,2,20,2020,8518.03
31,2,21,2020,6565.98
31,2,24,2020,11447.18
31,2,25,2020,3123.02
31,2,29,2020,3801.91
31,2,30,2020,140.38
31,2,33,2020,22041.82
31,2,39,2020,1380.83
31,2,41,2020,32783.01
31,2,46,2020,1473.76
31,2,48,2020,18556.27
31,2,62,2020,0.0
31,2,75,2020,82.92
31,3,0,2020,59.11
31,3,3,2020,4205361.8
31,3,4,2020,8319042.72
31,3,9,2020,1428619.65
31,3,11,2020,428085.97
31,3,12,2020,1386313.45
31,3,15,2020,9821871.18
31,3,20,2020,967541.23
31,3,21,2020,1201721.51
31,3,24,2020,168094.08
31,3,25,2020,36731.19
31,3,29,2020,669985.76
31,3,30,2020,17606.31
31,3,31,2020,17.33
31,3,33,2020,397772.86
31,3,39,2020,1507603.7
31,3,41,2020,854727.15
31,3,46,2020,322599.85
31,3,47,2020,51166.08
31,3,48,2020,10789.33
31,3,62,2020,233.14
31,3,75,2020,1298.4
31,4,3,2020,5830459.78
31,4,4,2020,1882422.44
31,4,9,2020,610613.41
31,4,11,2020,13794.47
31,4,12,2020,799869.03
31,4,15,2020,11520136.47
31,4,20,2020,107723.92
31,4,21,2020,1068290.48
31,4,23,2020,17.44
31,4,24,2020,256901.81
31,4,25,2020,11571.62
31,4,29,2020,38610.58
31,4,30,2020,47325.87
31,4,31,2020,3.26
31,4,33,2020,269948.66
31,4,39,2020,67035.07
31,4,41,2020,516524.66
31,4,46,2020,542658.95
31,4,47,2020,6763.93
31,4,48,2020,2505.86
32,4,3,2020,1018935.17
32,4,4,2020,5622.45
32,4,5,2020,7132.4
32,4,9,2020,269222.66
32,4,11,2020,106863.96
32,4,12,2020,66763.13
32,4,15,2020,2389065.94
32,4,20,2020,31334.89
32,4,21,2020,301548.66
32,4,23,2020,5543.82
32,4,24,2020,71563.88
32,4,25,2020,3053.72
32,4,29,2020,28693.87
32,4,31,2020,5.7
32,4,32,2020,522.18
32,4,33,2020,52656.94
32,4,41,2020,24629.11
32,4,46,2020,175417.68
32,4,48,2020,2307.85
32,4,49,2020,17346.76
32,4,50,2020,27713.09
33,4,3,2020,1319813.65
33,4,4,2020,728.64
33,4,5,2020,10773.64
33,4,9,2020,7945.0
33,4,11,2020,113394.87
33,4,12,2020,67617.84
33,4,15,2020,2026441.19
33,4,20,2020,1140.14
33,4,21,2020,267136.87
33,4,23,2020,17576.24
33,4,24,2020,228029.38
33,4,25,2020,4696.03
33,4,29,2020,5171.95
33,4,30,2020,2861.85
33,4,31,2020,1883.67
33,4,32,2020,786.21
33,4,33,2020,100962.66
33,4,39,2020,231.27
33,4,41,2020,115690.19
33,4,46,2020,0.08
33,4,48,2020,0.0
33,4,49,2020,27285.69
33,4,50,2020,51874.71
33,4,91,2020,15.07
35,3,3,2020,859486.28
35,3,4,2020,32238.85
35,3,9,2020,488678.42
35,3,11,2020,94721.53
35,3,12,2020,3274.54
35,3,15,2020,742565.02
35,3,20,2020,2412584.74
35,3,21,2020,712049.71
35,3,24,2020,127337.79
35,3,25,2020,8310.3
35,3,30,2020,872.89
35,3,31,2020,25.87
35,3,33,2020,112468.58
35,3,39,2020,581065.78
35,3,41,2020,52900.48
35,3,46,2020,45824.63
35,3,47,2020,223077.29
35,3,48,2020,20408.28
35,3,62,2020,0.0
35,4,3,2020,3758046.53
35,4,4,2020,7.46
35,4,5,2020,18420.51
35,4,9,2020,587548.08
35,4,11,2020,260118.73
35,4,12,2020,50724.59
35,4,15,2020,4995947.22
35,4,20,2020,3740554.45
35,4,21,2020,2237894.94
35,4,23,2020,1523.28
35,4,24,2020,656254.71
35,4,25,2020,15353.38
35,4,29,2020,127.32
35,4,30,2020,7928.28
35,4,31,2020,1094.13
35,4,32,2020,158.06
35,4,33,2020,494570.42
35,4,39,2020,770477.46
35,4,40,2020,396.16
35,4,41,2020,257729.42
35,4,46,2020,62053.52
35,4,47,2020,131409.82
35,4,48,2020,16541.2
35,4,49,2020,230484.01
35,4,50,2020,4863.47
35,4,62,2020,0.0
35,4,75,2020,644.52
41,3,3,2020,73839.57
41,3,4,2020,42.75
41,3,9,2020,73074.25
41,3,11,2020,854.97
41,3,12,2020,31021.68
41,3,15,2020,10060.6
41,3,21,2020,4154.93
41,3,24,2020,2211.88
41,3,25,2020,273.58
41,3,29,2020,4251.11
41,3,33,2020,226.66
41,3,39,2020,109256.91
41,3,41,2020,3078.85
41,3,46,2020,0.0
41,3,47,2020,59.29
41,3,48,2020,2.29
41,4,3,2020,5090844.04
41,4,5,2020,20987.03
41,4,9,2020,1159745.72
41,4,11,2020,223711.66
41,4,12,2020,39042.06
41,4,15,2020,3758560.15
41,4,20,2020,610875.05
41,4,21,2020,1847063.65
41,4,23,2020,666.07
41,4,24,2020,297051.93
41,4,25,2020,12689.99
41,4,29,2020,75.29
41,4,30,2020,5114.77
41,4,31,2020,1312.72
41,4,32,2020,134.95
41,4,33,2020,391731.47
41,4,39,2020,5582191.69
41,4,40,2020,8544.65
41,4,41,2020,394720.84
41,4,46,2020,24873.31
41,4,47,2020,7770.56
41,4,48,2020,2179.07
41,4,49,2020,129941.93
41,4,50,2020,4746.35
41,4,62,2020,0.0
42,4,3,2020,3801215.32
42,4,5,2020,7531.9
42,4,9,2020,1132926.16
42,4,11,2020,18118.36
42,4,12,2020,652105.54
42,4,15,2020,1166846.06
42,4,21,2020,1041419.14
42,4,23,2020,6758.9
42,4,24,2020,212852.49
42,4,25,2020,7734.55
42,4,29,2020,0.0
42,4,30,2020,3146.47
42,4,31,2020,226.93
42,4,32,2020,405.49
42,4,33,2020,139781.87
42,4,39,2020,652573.49
42,4,40,2020,133949.82
42,4,41,2020,445250.4
42,4,48,2020,3907.54
42,4,49,2020,88271.6
42,4,50,2020,14769.47
42,4,84,2020,23.54
42,4,91,2020,37.45
43,4,3,2020,2749934.06
43,4,9,2020,412203.01
43,4,11,2020,2436.22
43,4,12,2020,1000239.62
43,4,15,2020,585317.84
43,4,21,2020,892725.42
43,4,23,2020,637.39
43,4,24,2020,133828.17
43,4,25,2020,5853.43
43,4,29,2020,0.0
43,4,30,2020,9.0
43,4,31,2020,24.24
43,4,33,2020,119262.32
43,4,39,2020,2451533.99
43,4,40,2020,40794.71
43,4,41,2020,304965.16
43,4,48,2020,61146.38
43,4,49,2020,2661.57
43,4,50,2020,5493.27
43,4,84,2020,5.71
43,4,91,2020,6.54
43,5,3,2020,2348726.36
43,5,9,2020,703301.85
43,5,11,2020,346974.07
43,5,12,2020,6124873.21
43,5,15,2020,151.08
43,5,21,2020,1379909.48
43,5,23,2020,131730.32
43,5,24,2020,137557.07
43,5,25,2020,51303.27
43,5,29,2020,23757.28
43,5,30,2020,4155.98
43,5,31,2020,192.09
43,5,33,2020,1841795.57
43,5,39,2020,3964639.99
43,5,40,2020,994443.71
43,5,41,2020,1182958.14
43,5,48,2020,1812.02
43,5,49,2020,20027.19
43,5,50,2020,127466.23
43,5,84,2020,6649.86
43,5,91,2020,1091.36
50,3,3,2020,3806348.86
50,3,4,2020,1078212.66
50,3,7,2020,0.0
50,3,9,2020,1061670.81
50,3,11,2020,505652.18
50,3,12,2020,133591.59
50,3,15,2020,11776494.16
50,3,20,2020,415727.26
50,3,21,2020,770371.72
50,3,24,2020,62214.26
50,3,25,2020,5454.31
50,3,29,2020,4086.01
50,3,30,2020,617.51
50,3,31,2020,166.73
50,3,33,2020,77187.94
50,3,39,2020,2339564.18
50,3,40,2020,4.62
50,3,41,2020,187038.82
50,3,47,2020,44.44
50,3,62,2020,331.9
50,4,3,2020,373904.3
50,4,4,2020,13.4
50,4,9,2020,11878.25
50,4,11,2020,397176.71
50,4,12,2020,14.35
50,4,15,2020,1279485.56
50,4,20,2020,289724.29
50,4,21,2020,219542.43
50,4,24,2020,17565.1
50,4,25,2020,2672.89
50,4,31,2020,290.87
50,4,33,2020,251131.86
50,4,39,2020,792928.82
50,4,40,2020,0.0
50,4,41,2020,105342.88
50,4,47,2020,159.61
50,4,48,2020,567.6
50,6,0,2020,0.17
50,6,3,2020,1442811.53
50,6,4,2020,1978777.47
50,6,7,2020,41170.94
50,6,9,2020,14.22
50,6,11,2020,397140.1
50,6,12,2020,4305051.69
50,6,13,2020,0.0
50,6,15,2020,1095919.53
50,6,21,2020,24529.32
50,6,24,2020,3168.16
50,6,25,2020,370.43
50,6,29,2020,3207.74
50,6,30,2020,743.91
50,6,33,2020,441462.24
50,6,39,2020,75.94
50,6,40,2020,5938.17
50,6,41,2020,2111.48
51,1,0,2020,444.42
51,1,3,2020,27254138.06
51,1,4,2020,823027.61
51,1,6,2020,3036654.22
51,1,7,2020,0.0
51,1,9,2020,53234.33
51,1,11,2020,921281.15
51,1,12,2020,528881.42
51,1,15,2020,11338184.5
51,1,20,2020,91781.68
51,1,21,2020,863176.55
51,1,24,2020,53205.57
51,1,25,2020,32851.69
51,1,29,2020,191450.73
51,1,30,2020,68209.63
51,1,31,2020,261.4
51,1,33,2020,332363.47
51,1,39,2020,4409602.36
51,1,41,2020,1191195.29
51,1,62,2020,1438.08
51,3,0,2020,335.28
51,3,3,2020,6784100.65
51,3,4,2020,9045554.68
51,3,6,2020,139.55
51,3,7,2020,0.0
51,3,9,2020,93396.43
51,3,11,2020,2554409.77
51,3,12,2020,1312028.3
51,3,15,2020,6903779.7
51,3,20,2020,60253.84
51,3,21,2020,414552.64
51,3,24,2020,79976.73
51,3,25,2020,15329.11
51,3,29,2020,93752.94
51,3,30,2020,18301.42
51,3,31,2020,1615.14
51,3,33,2020,176307.84
51,3,39,2020,5459611.47
51,3,41,2020,729725.41
51,3,62,2020,30384.47
51,6,0,2020,377.47
51,6,3,2020,711345.39
51,6,4,2020,1389233.56
51,6,7,2020,17372.91
51,6,9,2020,236.66
51,6,11,2020,200619.87
51,6,12,2020,2003571.92
51,6,15,2020,688047.78
51,6,20,2020,0.0
51,6,21,2020,33878.05
51,6,24,2020,3041.71
51,6,25,2020,411.0
51,6,29,2020,0.09
51,6,30,2020,46.43
51,6,31,2020,55.88
51,6,33,2020,301311.55
51,6,39,2020,916.54
51,6,41,2020,1000.16
52,3,3,2020,5728354.85
52,3,4,2020,4974646.73
52,3,9,2020,156476.84
52,3,11,2020,479516.9
52,3,12,2020,550224.19
52,3,15,2020,14143294.09
52,3,20,2020,991342.23
52,3,21,2020,1208506.54
52,3,24,2020,215864.75
52,3,25,2020,18948.69
52,3,29,2020,152033.97
52,3,30,2020,9539.33
52,3,31,2020,150.56
52,3,33,2020,332496.03
52,3,39,2020,3863327.36
52,3,40,2020,3219.37
52,3,41,2020,635026.7
52,3,46,2020,4760.16
52,3,47,2020,1638.56
52,3,48,2020,340.62
52,3,62,2020,637.67
52,3,75,2020,0.0
52,4,3,2020,73932.57
52,4,4,2020,12.17
52,4,9,2020,446.25
52,4,11,2020,30.54
52,4,12,2020,0.0
52,4,15,2020,287227.28
52,4,20,2020,74003.72
52,4,21,2020,23454.74
52,4,24,2020,1159.28
52,4,25,2020,636.98
52,4,31,2020,0.0
52,4,33,2020,71254.81
52,4,39,2020,18441.1
52,4,41,2020,3338.68
53,3,3,2020,83247.41
53,3,4,2020,172482.59
53,3,9,2020,2398.93
53,3,11,2020,3213.36
53,3,12,2020,24664.76
53,3,15,2020,92637.56
53,3,21,2020,12844.22
53,3,24,2020,69163.4
53,3,25,2020,1159.68
53,3,30,2020,541.57
53,3,31,2020,22.91
53,3,33,2020,6669.17
53,3,39,2020,103538.33
53,3,41,2020,3239.76
53,3,46,2020,223.12
53,3,48,2020,5.94
53,3,62,2020,38.33
11,1,0,2021,0.44
11,1,3,2021,12149174.82
11,1,4,2021,463699.71
11,1,6,2021,762039.87
11,1,9,2021,358.27
11,1,11,2021,688161.24
11,1,12,2021,251606.86
11,1,15,2021,7993303.97
11,1,21,2021,408073.68
11,1,24,2021,53746.67
11,1,25,2021,49062.09
11,1,29,2021,54379.25
11,1,30,2021,18715.57
11,1,31,2021,6547.82
11,1,33,2021,252497.11
11,1,39,2021,304495.34
11,1,41,2021,43845.33
11,1,75,2021,24.76
11,3,0,2021,13.81
11,3,3,2021,140380.17
11,3,4,2021,63829.47
11,3,9,2021,426.97
11,3,11,2021,513.22
11,3,12,2021,4163.91
11,3,15,2021,19646.75
11,3,21,2021,4637.18
11,3,24,2021,4050.49
11,3,25,2021,571.15
11,3,29,2021,0.26
11,3,33,2021,119.22
11,3,39,2021,23063.02
11,3,41,2021,2136.51
12,1,3,2021,13987242.1
12,1,4,2021,3146.39
12,1,6,2021,73231.68
12,1,11,2021,4470.77
12,1,12,2021,2756.9
12,1,15,2021,2117503.81
12,1,21,2021,80579.44
12,1,24,2021,25269.99
12,1,25,2021,24877.11
12,1,31,2021,388.84
12,1,33,2021,59656.45
12,1,39,2021,844.94
12,1,41,2021,3037.99
13,1,3,2021,123209720.31
13,1,4,2021,226571.27
13,1,6,2021,22512127.45
13,1,11,2021,1739974.35
13,1,12,2021,598934.81
13,1,15,2021,1955664.21
13,1,20,2021,4885.65
13,1,21,2021,351589.96
13,1,24,2021,61947.28
13,1,25,2021,42903.61
13,1,29,2021,2177.08
13,1,30,2021,18069.86
13,1,31,2021,184.15
13,1,33,2021,5100510.47
13,1,35,2021,57.38
13,1,39,2021,150.6
13,1,41,2021,3045.85
14,1,3,2021,13873789.71
14,1,4,2021,282241.43
14,1,6,2021,2593656.7
14,1,9,2021,8786.96
14,1,11,2021,1251146.69
14,1,12,2021,2756389.65
14,1,15,2021,748197.06
14,1,21,2021,221478.31
14,1,24,2021,19661.97
14,1,25,2021,6117.59
14,1,29,2021,81889.98
14,1,30,2021,3409.7
14,1,31,2021,1957.61
14,1,33,2021,376764.23
14,1,35,2021,82.41
14,1,39,2021,72482.73
14,1,41,2021,18524.74
15,1,0,2021,4.68
15,1,3,2021,85521883.73
15,1,4,2021,1256494.48
15,1,5,2021,232992.33
15,1,6,2021,7041636.79
15,1,9,2021,106018.58
15,1,11,2021,2360198.4
15,1,12,2021,988691.47
15,1,15,2021,18589556.89
15,1,20,2021,17645.6
15,1,21,2021,1466453.85
15,1,23,2021,1894.28
15,1,24,2021,151957.3
15,1,25,2021,88470.7
15,1,29,2021,227910.47
15,1,30,2021,206313.87
15,1,31,2021,351.14
15,1,32,2021,1051.1
15,1,33,2021,4371668.24
15,1,35,2021,241359.14
15,1,39,2021,595476.75
15,1,40,2021,849.78
15,1,41,2021,201669.34
15,3,0,2021,42.15
15,3,3,2021,181246.87
15,3,4,2021,143634.07
15,3,6,2021,96.17
15,3,9,2021,30.61
15,3,11,2021,67581.65
15,3,12,2021,93360.73
15,3,15,2021,320260.21
15,3,21,2021,7646.09
15,3,24,2021,2242.91
15,3,25,2021,97.47
15,3,29,2021,0.97
15,3,30,2021,131.16
15,3,31,2021,2.12
15,3,33,2021,23976.83
15,3,39,2021,27878.75
15,3,41,2021,2773.43
16,1,3,2021,9945652.6
16,1,4,2021,3422.4
16,1,5,2021,91959.62
16,1,6,2021,1573255.73
16,1,9,2021,88390.91
16,1,11,2021,1995440.41
16,1,12,2021,26350.72
16,1,15,2021,37575.23
16,1,21,2021,18563.18
16,1,24,2021,15448.19
16,1,25,2021,3316.64
16,1,30,2021,5102.41
16,1,31,2021,0.0
16,1,33,2021,368025.53
16,1,39,2021,13984.8
16,1,41,2021,5272.4
17,1,0,2021,2.65
17,1,3,2021,381746.14
17,1,4,2021,20067.88
17,1,6,2021,135907.04
17,1,9,2021,547.46
17,1,11,2021,23598.45
17,1,12,2021,61228.14
17,1,15,2021,1569014.99
17,1,21,2021,150925.9
17,1,24,2021,3020.76
17,1,25,2021,2591.99
17,1,29,2021,28934.77
17,1,30,2021,110.17
17,1,31,2021,2.31
17,1,33,2021,41091.64
17,1,39,2021,19836.6
17,1,40,2021,0.0
17,1,41,2021,22930.84
17,3,0,2021,16.56
17,3,3,2021,5664743.78
17,3,4,2021,8124349.72
17,3,6,2021,17.37
17,3,9,2021,73265.06
17,3,11,2021,2139422.7
17,3,12,2021,1432682.21
17,3,15,2021,5733838.03
17,3,20,2021,25899.1
17,3,21,2021,425491.6
17,3,23,2021,353.09
17,3,24,2021,58092.72
17,3,25,2021,14009.67
17,3,29,2021,41150.53
17,3,30,2021,386.85
17,3,31,2021,273.47
17,3,33,2021,289143.68
17,3,39,2021,1002240.95
17,3,40,2021,96151.92
17,3,41,2021,159069.46
17,3,62,2021,168.91
17,3,75,2021,28.49
21,1,0,2021,0.98
21,1,3,2021,4480186.53
21,1,4,2021,120812.55
21,1,5,2021,410563.36
21,1,6,2021,422943.41
21,1,9,2021,77339.96
21,1,11,2021,437125.39
21,1,12,2021,66037.14
21,1,15,2021,4363959.8
21,1,21,2021,243513.16
21,1,23,2021,5381.52
21,1,24,2021,64209.17
21,1,25,2021,13296.23
21,1,29,2021,90.68
21,1,30,2021,10190.64
21,1,31,2021,294.19
21,1,32,2021,26171.89
21,1,33,2021,300165.83
21,1,39,2021,141899.29
21,1,41,2021,55539.17
21,1,50,2021,1.88
21,3,0,2021,53.32
21,3,3,2021,9269391.06
21,3,4,2021,5523935.94
21,3,5,2021,68248.39
21,3,6,2021,65.74
21,3,9,2021,91716.32
21,3,11,2021,133715.65
21,3,12,2021,714662.52
21,3,15,2021,3674714.17
21,3,20,2021,23145.42
21,3,21,2021,626710.92
21,3,23,2021,110741.01
21,3,24,2021,71403.2
21,3,25,2021,16436.76
21,3,29,2021,6766.16
21,3,30,2021,463.05
21,3,31,2021,291.36
21,3,32,2021,6524.11
21,3,33,2021,131868.17
21,3,39,2021,933683.97
21,3,41,2021,61676.95
21,3,48,2021,7.77
21,3,50,2021,233359.27
21,3,62,2021,6147.49
21,3,91,2021,375.16
22,2,3,2021,1055503.55
22,2,4,2021,9095978.04
22,2,5,2021,5527.73
22,2,9,2021,1196.38
22,2,11,2021,0.27
22,2,12,2021,26044.02
22,2,15,2021,1328007.81
22,2,21,2021,119050.55
22,2,23,2021,14853.79
22,2,24,2021,31927.99
22,2,25,2021,19684.06
22,2,29,2021,14665.88
22,2,31,2021,1484.47
22,2,32,2021,1839.53
22,2,33,2021,28121.79
22,2,39,2021,4139.39
22,2,41,2021,111957.32
22,2,48,2021,5209.62
22,2,50,2021,4687.62
22,2,62,2021,0.0
22,2,75,2021,1072.85
22,2,91,2021,2428.96
22,3,3,2021,2372907.35
22,3,4,2021,8335251.2
22,3,5,2021,3.93
22,3,9,2021,17148.5
22,3,11,2021,92283.05
22,3,12,2021,288149.55
22,3,15,2021,660548.6
22,3,20,2021,15066.72
22,3,21,2021,267582.56
22,3,23,2021,2.77
22,3,24,2021,52935.29
22,3,25,2021,34878.75
22,3,29,2021,76417.18
22,3,30,2021,662.87
22,3,31,2021,46.1
22,3,33,2021,58395.08
22,3,39,2021,960124.57
22,3,41,2021,67036.22
22,3,48,2021,148.64
22,3,62,2021,443.27
22,3,75,2021,1586.67
23,2,3,2021,770564.87
23,2,4,2021,10080067.88
23,2,5,2021,18093.39
23,2,9,2021,6.41
23,2,12,2021,120.52
23,2,15,2021,2739582.44
23,2,21,2021,256485.82
23,2,23,2021,60980.05
23,2,24,2021,151904.48
23,2,25,2021,22570.26
23,2,29,2021,1937.66
23,2,30,2021,1931.58
23,2,31,2021,10075.66
23,2,32,2021,4526.7
23,2,33,2021,182378.8
23,2,39,2021,12.23
23,2,41,2021,303894.64
23,2,48,2021,272972.27
23,2,50,2021,5058.41
23,2,75,2021,1364.34
23,2,91,2021,2336.17
24,2,3,2021,57214.79
24,2,4,2021,2715816.13
24,2,5,2021,5164.82
24,2,11,2021,0.18
24,2,12,2021,31412.44
24,2,13,2021,8490.41
24,2,15,2021,1441134.17
24,2,20,2021,4934.14
24,2,21,2021,197622.37
24,2,23,2021,34397.11
24,2,24,2021,55551.43
24,2,25,2021,4746.11
24,2,29,2021,5364.24
24,2,30,2021,10.42
24,2,31,2021,35992.6
24,2,32,2021,4880.68
24,2,33,2021,62584.98
24,2,41,2021,374769.13
24,2,48,2021,25618.63
24,2,49,2021,0.09
24,2,50,2021,2416.06
24,2,75,2021,341.4
24,2,91,2021,6189.24
24,4,3,2021,25930.7
24,4,4,2021,799.36
24,4,5,2021,7572.2
24,4,9,2021,8.99
24,4,11,2021,5413.08
24,4,12,2021,0.0
24,4,15,2021,3651.82
24,4,20,2021,28786.06
24,4,21,2021,30907.88
24,4,23,2021,6797.15
24,4,24,2021,15611.44
24,4,25,2021,66.45
24,4,31,2021,2514.11
24,4,32,2021,840.38
24,4,33,2021,7119.54
24,4,41,2021,53162.46
24,4,48,2021,306.38
24,4,49,2021,794.28
24,4,50,2021,14409.95
24,4,91,2021,118.49
25,2,3,2021,62615.98
25,2,4,2021,3132269.19
25,2,11,2021,0.0
25,2,12,2021,28329.06
25,2,13,2021,2264.4
25,2,15,2021,1814263.58
25,2,20,2021,20606.48
25,2,21,2021,76500.74
25,2,24,2021,37891.08
25,2,25,2021,9215.3
25,2,29,2021,5030.58
25,2,30,2021,7.73
25,2,31,2021,65.56
25,2,33,2021,43036.07
25,2,41,2021,2698.85
25,2,48,2021,197.01
25,2,75,2021,380.95
25,2,91,2021,501.75
25,4,3,2021,64999.39
25,4,4,2021,11584.81
25,4,5,2021,11966.2
25,4,9,2021,702.56
25,4,11,2021,11125.86
25,4,15,2021,43689.73
25,4,20,2021,107193.38
25,4,21,2021,52144.73
25,4,23,2021,652.46
25,4,24,2021,20843.08
25,4,25,2021,144.16
25,4,30,2021,262.41
25,4,31,2021,669.45
25,4,32,2021,207.99
25,4,33,2021,4641.41
25,4,41,2021,79492.02
25,4,48,2021,2.84
25,4,50,2021,110.18
25,4,75,2021,0.0
25,4,91,2021,59.87
26,2,3,2021,52640.32
26,2,4,2021,5185626.66
26,2,12,2021,36322.98
26,2,13,2021,89561.05
26,2,15,2021,2410658.47
26,2,20,2021,601.28
26,2,21,2021,120630.5
26,2,24,2021,65929.72
26,2,25,2021,21980.58
26,2,29,2021,1131.28
26,2,30,2021,727.18
26,2,31,2021,0.0
26,2,33,2021,98211.19
26,2,41,2021,99244.47
26,2,48,2021,74121.9
26,2,75,2021,539.58
26,2,91,2021,931.0
26,4,3,2021,214961.47
26,4,4,2021,97822.02
26,4,5,2021,15446.11
26,4,9,2021,186.62
26,4,11,2021,4056.78
26,4,15,2021,599572.75
26,4,20,2021,402158.7
26,4,21,2021,136804.05
26,4,23,2021,235.86
26,4,24,2021,55946.17
26,4,25,2021,371.15
26,4,30,2021,859.31
26,4,31,2021,1357.96
26,4,32,2021,495.18
26,4,33,2021,14807.66
26,4,41,2021,18.34
26,4,50,2021,0.0
26,4,75,2021,0.0
26,4,91,2021,0.0
27,2,3,2021,7179.64
27,2,4,2021,384973.39
27,2,9,2021,1.85
27,2,11,2021,0.0
27,2,12,2021,184.31
27,2,13,2021,0.0
27,2,15,2021,894940.63
27,2,20,2021,590.17
27,2,21,2021,6117.56
27,2,24,2021,9680.76
27,2,25,2021,622.07
27,2,29,2021,16.34
27,2,30,2021,0.0
27,2,31,2021,0.0
27,2,33,2021,11210.58
27,2,41,2021,5230.68
27,2,48,2021,326.67
27,4,3,2021,185430.14
27,4,4,2021,39119.08
27,4,5,2021,4551.43
27,4,9,2021,567.39
27,4,11,2021,15882.32
27,4,12,2021,0.0
27,4,15,2021,589544.11
27,4,20,2021,487411.21
27,4,21,2021,70962.32
27,4,23,2021,4175.96
27,4,24,2021,28042.91
27,4,25,2021,276.18
27,4,29,2021,0.0
27,4,31,2021,7.22
27,4,32,2021,22.35
27,4,33,2021,22342.07
27,4,41,2021,307.33
27,4,49,2021,2162.79
27,4,50,2021,10258.79
28,2,3,2021,23816.24
28,2,4,2021,288913.83
28,2,9,2021,85.35
28,2,12,2021,719.82
28,2,15,2021,790056.16
28,2,20,2021,17.32
28,2,21,2021,2072.79
28,2,24,2021,6939.09
28,2,25,2021,1214.83
28,2,30,2021,70.21
28,2,31,2021,0.0
28,2,33,2021,8313.61
28,2,41,2021,91505.93
28,4,3,2021,102801.07
28,4,4,2021,3069.35
28,4,5,2021,22809.26
28,4,9,2021,5547.15
28,4,11,2021,20084.42
28,4,12,2021,12580.56
28,4,15,2021,586482.01
28,4,20,2021,13921.42
28,4,21,2021,106731.87
28,4,23,2021,8112.09
28,4,24,2021,24493.34
28,4,25,2021,596.56
28,4,29,2021,0.0
28,4,30,2021,804.65
28,4,31,2021,2235.88
28,4,32,2021,1610.93
28,4,33,2021,24760.93
28,4,41,2021,1881.65
28,4,49,2021,823.81
28,4,50,2021,39331.05
28,4,91,2021,40.5
29,2,3,2021,1124179.98
29,2,4,2021,19682772.32
29,2,9,2021,8856.06
29,2,11,2021,0.0
29,2,12,2021,244160.63
29,2,13,2021,464303.78
29,2,15,2021,10827538.25
29,2,20,2021,20691.12
29,2,21,2021,1619610.37
29,2,23,2021,61655.49
29,2,24,2021,123977.13
29,2,25,2021,71265.81
29,2,29,2021,88400.81
29,2,30,2021,4909.96
29,2,31,2021,0.0
29,2,33,2021,422241.17
29,2,39,2021,2306.73
29,2,41,2021,270826.56
29,2,46,2021,11237.83
29,2,48,2021,80556.06
29,2,62,2021,0.0
29,2,75,2021,1702.68
29,2,91,2021,4520.95
29,3,3,2021,274420.21
29,3,4,2021,5993798.76
29,3,9,2021,10873.44
29,3,11,2021,142803.61
29,3,12,2021,397464.95
29,3,15,2021,666489.55
29,3,21,2021,345047.78
29,3,24,2021,14223.19
29,3,25,2021,12956.5
29,3,29,2021,9468.46
29,3,31,2021,1.14
29,3,33,2021,7457.55
29,3,39,2021,1816244.66
29,3,41,2021,471156.45
29,3,46,2021,15344.1
29,3,48,2021,15748.26
29,3,62,2021,147927.83
29,3,75,2021,960.27
29,3,91,2021,1293.13
29,4,3,2021,3120490.32
29,4,4,2021,675865.06
29,4,5,2021,73719.47
29,4,9,2021,703931.52
29,4,11,2021,112908.38
29,4,12,2021,17023.71
29,4,15,2021,5088004.37
29,4,20,2021,22461.88
29,4,21,2021,682630.22
29,4,23,2021,8487.86
29,4,24,2021,124020.8
29,4,25,2021,5017.67
29,4,29,2021,5676.27
29,4,30,2021,2267.01
29,4,31,2021,2155.07
29,4,32,2021,4860.25
29,4,33,2021,194777.72
29,4,41,2021,5520.34
29,4,46,2021,33329.83
29,4,48,2021,902.17
29,4,49,2021,15426.73
29,4,50,2021,92934.37
31,2,3,2021,89315.4
31,2,4,2021,1578873.39
31,2,9,2021,4196.72
31,2,11,2021,0.0
31,2,12,2021,1880.87
31,2,15,2021,1470496.63
31,2,20,2021,8520.53
31,2,21,2021,11684.82
31,2,24,2021,11607.84
31,2,25,2021,3035.39
31,2,29,2021,3813.48
31,2,30,2021,146.05
31,2,33,2021,22153.72
31,2,39,2021,1800.49
31,2,41,2021,33032.44
31,2,46,2021,1469.1
31,2,48,2021,18548.61
31,2,62,2021,0.0
31,2,75,2021,384.82
31,3,0,2021,59.36
31,3,3,2021,4212313.18
31,3,4,2021,8289223.82
31,3,9,2021,1427421.41
31,3,11,2021,428373.27
31,3,12,2021,1350510.76
31,3,15,2021,9717590.54
31,3,20,2021,963866.95
31,3,21,2021,1307617.37
31,3,24,2021,170101.83
31,3,25,2021,39986.73
31,3,29,2021,670095.15
31,3,30,2021,18524.01
31,3,31,2021,27.27
31,3,33,2021,402089.29
31,3,39,2021,1644792.16
31,3,41,2021,768905.59
31,3,46,2021,322825.5
31,3,47,2021,50736.26
31,3,48,2021,10738.76
31,3,62,2021,3.11
31,3,75,2021,1439.48
31,4,3,2021,5814859.69
31,4,4,2021,1837918.18
31,4,9,2021,605342.61
31,4,11,2021,13928.99
31,4,12,2021,773539.79
31,4,15,2021,11536214.5
31,4,20,2021,105904.03
31,4,21,2021,1112177.91
31,4,23,2021,14.61
31,4,24,2021,259672.69
31,4,25,2021,11371.34
31,4,29,2021,38371.06
31,4,30,2021,49256.3
31,4,31,2021,5.21
31,4,33,2021,263162.38
31,4,39,2021,75230.8
31,4,41,2021,545625.32
31,4,46,2021,541525.26
31,4,47,2021,6545.75
31,4,48,2021,2511.27
32,4,3,2021,1017313.26
32,4,4,2021,5430.85
32,4,5,2021,7178.96
32,4,9,2021,277925.52
32,4,11,2021,115084.89
32,4,12,2021,65166.11
32,4,15,2021,2352895.48
32,4,20,2021,32560.72
32,4,21,2021,319621.99
32,4,23,2021,5849.57
32,4,24,2021,72355.45
32,4,25,2021,3076.83
32,4,29,2021,28628.33
32,4,31,2021,0.0
32,4,32,2021,462.84
32,4,33,2021,52813.37
32,4,41,2021,25285.89
32,4,46,2021,177513.71
32,4,48,2021,2323.51
32,4,49,2021,17319.36
32,4,50,2021,27137.22
33,4,3,2021,1321084.2
33,4,4,2021,720.15
33,4,5,2021,10802.31
33,4,9,2021,7931.46
33,4,11,2021,112854.1
33,4,12,2021,64162.41
33,4,15,2021,2024872.37
33,4,20,2021,1149.08
33,4,21,2021,270740.64
33,4,23,2021,17847.84
33,4,24,2021,229694.47
33,4,25,2021,4715.48
33,4,29,2021,5167.62
33,4,30,2021,2955.26
33,4,31,2021,1747.7
33,4,32,2021,781.01
33,4,33,2021,101555.78
33,4,39,2021,227.97
33,4,41,2021,115878.2
33,4,46,2021,0.08
33,4,48,2021,0.0
33,4,49,2021,27152.62
33,4,50,2021,50000.62
33,4,91,2021,15.49
35,3,3,2021,857739.28
35,3,4,2021,32164.4
35,3,9,2021,492270.68
35,3,11,2021,93056.68
35,3,12,2021,3087.07
35,3,15,2021,716663.34
35,3,20,2021,2402887.28
35,3,21,2021,737082.42
35,3,24,2021,129184.81
35,3,25,2021,8262.75
35,3,30,2021,916.48
35,3,31,2021,30.58
35,3,33,2021,112367.15
35,3,39,2021,592741.95
35,3,41,2021,50862.33
35,3,46,2021,45900.95
35,3,47,2021,222411.11
35,3,48,2021,20261.74
35,3,62,2021,0.0
35,4,3,2021,3764103.88
35,4,4,2021,7.87
35,4,5,2021,18534.69
35,4,9,2021,592463.79
35,4,11,2021,252529.12
35,4,12,2021,49130.64
35,4,15,2021,4905234.29
35,4,20,2021,3741922.81
35,4,21,2021,2309489.64
35,4,23,2021,1537.4
35,4,24,2021,663440.24
35,4,25,2021,16156.13
35,4,29,2021,125.11
35,4,30,2021,8246.85
35,4,31,2021,662.95
35,4,32,2021,166.92
35,4,33,2021,485488.16
35,4,39,2021,785446.39
35,4,40,2021,453.2
35,4,41,2021,261821.61
35,4,46,2021,62011.66
35,4,47,2021,129617.46
35,4,48,2021,16489.94
35,4,49,2021,229866.02
35,4,50,2021,4849.03
35,4,62,2021,0.0
35,4,75,2021,1075.89
41,3,3,2021,75289.71
41,3,4,2021,34.82
41,3,9,2021,73405.64
41,3,11,2021,771.5
41,3,12,2021,29120.05
41,3,15,2021,9579.12
41,3,21,2021,4713.78
41,3,24,2021,2233.38
41,3,25,2021,292.78
41,3,29,2021,4255.43
41,3,33,2021,214.81
41,3,39,2021,110354.8
41,3,41,2021,2084.37
41,3,46,2021,0.0
41,3,47,2021,56.84
41,3,48,2021,2.29
41,4,3,2021,5082658.99
41,4,5,2021,20980.59
41,4,9,2021,1169821.84
41,4,11,2021,222468.03
41,4,12,2021,38119.2
41,4,15,2021,3672378.93
41,4,20,2021,611960.39
41,4,21,2021,1913246.76
41,4,23,2021,629.95
41,4,24,2021,300384.83
41,4,25,2021,14209.15
41,4,29,2021,77.25
41,4,30,2021,5415.64
41,4,31,2021,1218.87
41,4,32,2021,139.07
41,4,33,2021,393359.86
41,4,39,2021,5623652.81
41,4,40,2021,8153.56
41,4,41,2021,366535.48
41,4,46,2021,24866.95
41,4,47,2021,7879.9
41,4,48,2021,2180.71
41,4,49,2021,129508.39
41,4,50,2021,4727.82
41,4,62,2021,0.0
42,4,3,2021,3780972.86
42,4,5,2021,7618.99
42,4,9,2021,1146771.64
42,4,11,2021,17736.37
42,4,12,2021,644832.02
42,4,15,2021,1163250.6
42,4,21,2021,1075617.38
42,4,23,2021,6737.91
42,4,24,2021,215701.34
42,4,25,2021,8793.96
42,4,29,2021,0.0
42,4,30,2021,3359.46
42,4,31,2021,217.24
42,4,32,2021,377.61
42,4,33,2021,140232.92
42,4,39,2021,660865.71
42,4,40,2021,123978.5
42,4,41,2021,426962.41
42,4,48,2021,3149.69
42,4,49,2021,87982.12
42,4,50,2021,14630.6
42,4,84,2021,25.65
42,4,91,2021,37.53
43,4,3,2021,2716748.7
43,4,9,2021,429316.04
43,4,11,2021,2505.51
43,4,12,2021,980583.05
43,4,15,2021,594752.32
43,4,21,2021,942735.98
43,4,23,2021,643.09
43,4,24,2021,135223.0
43,4,25,2021,6382.78
43,4,29,2021,0.0
43,4,30,2021,8.6
43,4,31,2021,40.26
43,4,33,2021,118645.02
43,4,39,2021,2455721.07
43,4,40,2021,40661.57
43,4,41,2021,294315.03
43,4,48,2021,42785.45
43,4,49,2021,2704.29
43,4,50,2021,5294.03
43,4,84,2021,5.71
43,4,91,2021,6.54
43,5,3,2021,2308239.03
43,5,9,2021,724828.64
43,5,11,2021,347973.91
43,5,12,2021,5971491.29
43,5,15,2021,152.57
43,5,21,2021,1531271.55
43,5,23,2021,130086.67
43,5,24,2021,138589.58
43,5,25,2021,50983.21
43,5,29,2021,23753.28
43,5,30,2021,4337.02
43,5,31,2021,183.81
43,5,33,2021,1840333.04
43,5,39,2021,3999354.69
43,5,40,2021,1088485.29
43,5,41,2021,1074818.35
43,5,48,2021,1302.96
43,5,49,2021,20041.87
43,5,50,2021,129432.36
43,5,84,2021,6672.02
43,5,91,2021,1185.01
50,3,3,2021,3779345.62
50,3,4,2021,1056744.98
50,3,7,2021,0.0
50,3,9,2021,1114107.7
50,3,11,2021,495682.93
50,3,12,2021,128490.34
50,3,15,2021,11660738.66
50,3,20,2021,409812.36
50,3,21,2021,879269.38
50,3,24,2021,62926.51
50,3,25,2021,6417.7
50,3,29,2021,4091.09
50,3,30,2021,674.11
50,3,31,2021,161.18
50,3,33,2021,75193.19
50,3,39,2021,2375432.93
50,3,40,2021,31.4
50,3,41,2021,158709.17
50,3,47,2021,46.03
50,3,62,2021,16904.69
50,4,3,2021,373818.17
50,4,4,2021,9.03
50,4,9,2021,11876.05
50,4,11,2021,390799.26
50,4,12,2021,14.76
50,4,15,2021,1215836.83
50,4,20,2021,295435.26
50,4,21,2021,273637.79
50,4,24,2021,17727.47
50,4,25,2021,2948.9
50,4,31,2021,279.09
50,4,33,2021,249918.45
50,4,39,2021,811716.4
50,4,40,2021,0.0
50,4,41,2021,97653.1
50,4,47,2021,167.05
50,4,48,2021,561.31
50,6,0,2021,0.34
50,6,3,2021,1417651.56
50,6,4,2021,2020542.73
50,6,7,2021,41164.09
50,6,9,2021,14.47
50,6,11,2021,418536.55
50,6,12,2021,4254681.9
50,6,13,2021,0.0
50,6,15,2021,1145157.74
50,6,21,2021,32029.6
50,6,24,2021,3197.33
50,6,25,2021,432.81
50,6,29,2021,3207.74
50,6,30,2021,740.53
50,6,33,2021,397012.71
50,6,39,2021,83.09
50,6,40,2021,6048.91
50,6,41,2021,1990.95
51,1,0,2021,438.99
51,1,3,2021,27038933.32
51,1,4,2021,820549.47
51,1,6,2021,3031754.38
51,1,7,2021,0.0
51,1,9,2021,57071.1
51,1,11,2021,914966.41
51,1,12,2021,523941.54
51,1,15,2021,11296004.56
51,1,20,2021,93877.38
51,1,21,2021,1012287.48
51,1,24,2021,53944.92
51,1,25,2021,33755.83
51,1,29,2021,191436.45
51,1,30,2021,71987.59
51,1,31,2021,218.99
51,1,33,2021,331594.87
51,1,39,2021,4448230.72
51,1,41,2021,1263344.86
51,1,62,2021,7043.3
51,3,0,2021,326.73
51,3,3,2021,6792427.13
51,3,4,2021,8984555.14
51,3,6,2021,138.31
51,3,7,2021,0.0
51,3,9,2021,97219.59
51,3,11,2021,2546562.26
51,3,12,2021,1283812.49
51,3,15,2021,6905303.01
51,3,20,2021,60356.19
51,3,21,2021,486713.53
51,3,24,2021,81145.45
51,3,25,2021,16499.47
51,3,29,2021,93774.7
51,3,30,2021,19250.27
51,3,31,2021,1563.38
51,3,33,2021,174184.02
51,3,39,2021,5633687.36
51,3,41,2021,567365.47
51,3,62,2021,28670.86
51,6,0,2021,371.98
51,6,3,2021,695867.54
51,6,4,2021,1434705.85
51,6,7,2021,27766.66
51,6,9,2021,285.69
51,6,11,2021,251552.92
51,6,12,2021,1936667.54
51,6,15,2021,703097.13
51,6,20,2021,0.0
51,6,21,2021,29091.73
51,6,24,2021,3051.08
51,6,25,2021,460.69
51,6,29,2021,0.09
51,6,30,2021,54.86
51,6,31,2021,54.6
51,6,33,2021,266461.07
51,6,39,2021,913.53
51,6,41,2021,1064.02
52,3,3,2021,5721293.1
52,3,4,2021,4929876.53
52,3,9,2021,159011.15
52,3,11,2021,478684.33
52,3,12,2021,533299.09
52,3,15,2021,14052195.68
52,3,20,2021,980644.74
52,3,21,2021,1335295.1
52,3,24,2021,218312.54
52,3,25,2021,23111.04
52,3,29,2021,152058.71
52,3,30,2021,9953.83
52,3,31,2021,146.78
52,3,33,2021,333801.58
52,3,39,2021,4056334.0
52,3,40,2021,3816.22
52,3,41,2021,467357.32
52,3,46,2021,4712.55
52,3,47,2021,1674.46
52,3,48,2021,340.19
52,3,62,2021,8427.19
52,3,75,2021,0.0
52,4,3,2021,74396.58
52,4,4,2021,12.26
52,4,9,2021,434.7
52,4,11,2021,30.37
52,4,12,2021,0.0
52,4,15,2021,282425.5
52,4,20,2021,75028.54
52,4,21,2021,29022.57
52,4,24,2021,1185.04
52,4,25,2021,791.65
52,4,31,2021,0.0
52,4,33,2021,68636.04
52,4,39,2021,18660.68
52,4,41,2021,3314.18
53,3,3,2021,82821.35
53,3,4,2021,173209.26
53,3,9,2021,2348.72
53,3,11,2021,3446.57
53,3,12,2021,23767.77
53,3,15,2021,90730.38
53,3,21,2021,14298.57
53,3,24,2021,69694.76
53,3,25,2021,1242.01
53,3,30,2021,550.28
53,3,31,2021,12.49
53,3,33,2021,6630.24
53,3,39,2021,104038.97
53,3,41,2021,3081.15
53,3,46,2021,206.99
53,3,48,2021,5.94
53,3,62,2021,5.6
11,1,0,2022,0.0
11,1,3,2022,11959003.95
11,1,4,2022,457652.1
11,1,6,2022,759774.1
11,1,9,2022,355.04
11,1,11,2022,672725.25
11,1,12,2022,246741.03
11,1,15,2022,8099794.41
11,1,21,2022,487991.57
11,1,24,2022,54081.05
11,1,25,2022,48907.71
11,1,29,2022,54278.73
11,1,30,2022,19230.39
11,1,31,2022,6550.68
11,1,33,2022,265270.31
11,1,39,2022,326147.45
11,1,41,2022,41203.03
11,1,75,2022,26.0
11,3,0,2022,12.06
11,3,3,2022,140754.32
11,3,4,2022,62110.02
11,3,9,2022,427.23
11,3,11,2022,526.86
11,3,12,2022,3916.15
11,3,15,2022,20488.58
11,3,21,2022,5402.7
11,3,24,2022,4106.78
11,3,25,2022,465.71
11,3,29,2022,0.26
11,3,33,2022,131.45
11,3,39,2022,24007.54
11,3,41,2022,1202.48
12,1,3,2022,13861270.67
12,1,4,2022,2728.82
12,1,6,2022,71886.73
12,1,11,2022,4129.65
12,1,12,2022,2314.98
12,1,15,2022,2183610.39
12,1,21,2022,132191.27
12,1,24,2022,25727.83
12,1,25,2022,29063.78
12,1,31,2022,390.07
12,1,33,2022,63000.67
12,1,39,2022,2758.69
12,1,41,2022,3932.88
13,1,3,2022,122913101.21
13,1,4,2022,224777.64
13,1,6,2022,22444573.2
13,1,11,2022,1521535.52
13,1,12,2022,597026.02
13,1,15,2022,2114313.26
13,1,20,2022,4881.8
13,1,21,2022,497392.72
13,1,24,2022,62361.32
13,1,25,2022,43807.73
13,1,29,2022,2176.63
13,1,30,2022,25663.43
13,1,31,2022,185.93
13,1,33,2022,5373117.12
13,1,35,2022,57.47
13,1,39,2022,550.07
13,1,41,2022,2993.21
14,1,3,2022,13853417.33
14,1,4,2022,273946.8
14,1,6,2022,2584915.54
14,1,9,2022,8786.52
14,1,11,2022,1155311.41
14,1,12,2022,2745941.79
14,1,15,2022,752290.12
14,1,21,2022,233110.56
14,1,24,2022,19911.2
14,1,25,2022,6449.1
14,1,29,2022,81885.96
14,1,30,2022,4350.78
14,1,31,2022,1969.75
14,1,33,2022,492290.4
14,1,35,2022,82.14
14,1,39,2022,84233.15
14,1,41,2022,17684.9
15,1,0,2022,4.42
15,1,3,2022,84933011.57
15,1,4,2022,1262848.86
15,1,5,2022,234694.62
15,1,6,2022,7027905.56
15,1,9,2022,105378.68
15,1,11,2022,2247975.42
15,1,12,2022,982608.35
15,1,15,2022,18936131.67
15,1,20,2022,17454.87
15,1,21,2022,1680424.7
15,1,23,2022,1823.58
15,1,24,2022,153308.56
15,1,25,2022,91243.84
15,1,29,2022,227837.9
15,1,30,2022,221012.48
15,1,31,2022,354.09
15,1,32,2022,1049.84
15,1,33,2022,4472945.01
15,1,35,2022,244096.47
15,1,39,2022,655891.47
15,1,40,2022,1600.18
15,1,41,2022,170946.78
15,3,0,2022,43.11
15,3,3,2022,180166.14
15,3,4,2022,134600.46
15,3,6,2022,89.63
15,3,9,2022,30.61
15,3,11,2022,66223.63
15,3,12,2022,86414.73
15,3,15,2022,325837.26
15,3,21,2022,9584.19
15,3,24,2022,2253.79
15,3,25,2022,177.0
15,3,29,2022,0.97
15,3,30,2022,117.25
15,3,31,2022,1.95
15,3,33,2022,24574.75
15,3,39,2022,39456.44
15,3,41,2022,1430.27
16,1,3,2022,9944596.42
16,1,4,2022,3219.86
16,1,5,2022,92047.15
16,1,6,2022,1570962.67
16,1,9,2022,88913.05
16,1,11,2022,1915298.68
16,1,12,2022,26053.77
16,1,15,2022,40339.0
16,1,21,2022,20583.1
16,1,24,2022,15574.64
16,1,25,2022,3372.56
16,1,30,2022,5705.56
16,1,31,2022,0.0
16,1,33,2022,445550.6
16,1,39,2022,14840.12
16,1,41,2022,4703.57
17,1,0,2022,2.57
17,1,3,2022,374283.58
17,1,4,2022,19213.94
17,1,6,2022,131693.34
17,1,9,2022,545.95
17,1,11,2022,15651.53
17,1,12,2022,60296.24
17,1,15,2022,1582209.23
17,1,21,2022,155550.79
17,1,24,2022,3034.36
17,1,25,2022,2662.83
17,1,29,2022,28845.72
17,1,30,2022,139.24
17,1,31,2022,2.31
17,1,33,2022,42801.11
17,1,39,2022,22318.44
17,1,40,2022,0.0
17,1,41,2022,22306.56
17,3,0,2022,19.04
17,3,3,2022,5658705.03
17,3,4,2022,7965542.27
17,3,6,2022,16.31
17,3,9,2022,73386.32
17,3,11,2022,2135060.09
17,3,12,2022,1400713.49
17,3,15,2022,5838598.35
17,3,20,2022,25882.21
17,3,21,2022,462309.26
17,3,23,2022,337.61
17,3,24,2022,58508.58
17,3,25,2022,16414.3
17,3,29,2022,41175.1
17,3,30,2022,397.9
17,3,31,2022,274.51
17,3,33,2022,294640.33
17,3,39,2022,1075844.6
17,3,40,2022,102681.42
17,3,41,2022,128363.69
17,3,62,2022,1896.68
17,3,75,2022,28.75
21,1,0,2022,0.89
21,1,3,2022,4389449.85
21,1,4,2022,118778.31
21,1,5,2022,410700.8
21,1,6,2022,417554.94
21,1,9,2022,77417.91
21,1,11,2022,405619.59
21,1,12,2022,63949.23
21,1,15,2022,4391564.82
21,1,21,2022,307955.05
21,1,23,2022,5156.37
21,1,24,2022,65182.34
21,1,25,2022,13434.54
21,1,29,2022,90.33
21,1,30,2022,11240.43
21,1,31,2022,297.41
21,1,32,2022,25868.86
21,1,33,2022,326592.37
21,1,39,2022,155275.2
21,1,41,2022,53592.0
21,1,50,2022,1.52
21,3,0,2022,50.91
21,3,3,2022,9115059.44
21,3,4,2022,5426148.94
21,3,5,2022,68230.0
21,3,6,2022,62.71
21,3,9,2022,91868.66
21,3,11,2022,130505.32
21,3,12,2022,692327.02
21,3,15,2022,3823476.81
21,3,20,2022,20274.21
21,3,21,2022,722939.18
21,3,23,2022,110542.02
21,3,24,2022,72044.62
21,3,25,2022,21621.18
21,3,29,2022,6778.31
21,3,30,2022,439.07
21,3,31,2022,287.81
21,3,32,2022,6241.4
21,3,33,2022,138520.32
21,3,39,2022,967070.57
21,3,41,2022,43557.46
21,3,48,2022,7.77
21,3,50,2022,233640.77
21,3,62,2022,13999.24
21,3,91,2022,410.17
22,2,3,2022,1055093.88
22,2,4,2022,9042941.16
22,2,5,2022,5491.66
22,2,9,2022,1226.22
22,2,11,2022,0.27
22,2,12,2022,27352.24
22,2,15,2022,1375584.63
22,2,21,2022,121147.87
22,2,23,2022,14867.14
22,2,24,2022,32282.8
22,2,25,2022,19072.21
22,2,29,2022,14697.28
22,2,31,2022,1497.87
22,2,32,2022,1772.74
22,2,33,2022,29972.17
22,2,39,2022,5866.71
22,2,41,2022,110422.47
22,2,48,2022,5209.57
22,2,50,2022,4734.24
22,2,62,2022,24.39
22,2,75,2022,1277.36
22,2,91,2022,2846.74
22,3,3,2022,2377742.41
22,3,4,2022,8139996.45
22,3,5,2022,3.48
22,3,9,2022,17179.4
22,3,11,2022,90914.4
22,3,12,2022,278479.4
22,3,15,2022,695531.23
22,3,20,2022,15271.14
22,3,21,2022,374080.38
22,3,23,2022,2.41
22,3,24,2022,53464.24
22,3,25,2022,33146.45
22,3,29,2022,76408.4
22,3,30,2022,649.43
22,3,31,2022,45.39
22,3,33,2022,63787.07
22,3,39,2022,1017991.12
22,3,41,2022,63584.41
22,3,48,2022,148.91
22,3,62,2022,1535.15
22,3,75,2022,1657.6
23,2,3,2022,763041.83
23,2,4,2022,9928946.68
23,2,5,2022,17736.33
23,2,9,2022,6.41
23,2,12,2022,123.7
23,2,15,2022,2848732.4
23,2,21,2022,276451.26
23,2,23,2022,60245.42
23,2,24,2022,154356.67
23,2,25,2022,22950.89
23,2,29,2022,1986.85
23,2,30,2022,2097.01
23,2,31,2022,10103.57
23,2,32,2022,4363.67
23,2,33,2022,209259.28
23,2,39,2022,25.08
23,2,41,2022,304399.13
23,2,48,2022,272974.36
23,2,50,2022,4998.82
23,2,75,2022,1615.98
23,2,91,2022,2449.22
24,2,3,2022,56526.53
24,2,4,2022,2692979.36
24,2,5,2022,5022.25
24,2,11,2022,0.18
24,2,12,2022,29405.43
24,2,13,2022,10120.51
24,2,15,2022,1488136.51
24,2,20,2022,5155.59
24,2,21,2022,161915.47
24,2,23,2022,34277.64
24,2,24,2022,56351.21
24,2,25,2022,4646.01
24,2,29,2022,5384.7
24,2,30,2022,10.6
24,2,31,2022,35994.2
24,2,32,2022,4787.17
24,2,33,2022,73197.16
24,2,41,2022,374623.21
24,2,48,2022,25451.59
24,2,49,2022,0.09
24,2,50,2022,2441.17
24,2,75,2022,914.78
24,2,91,2022,7310.18
24,4,3,2022,25979.94
24,4,4,2022,786.12
24,4,5,2022,7450.24
24,4,9,2022,12.64
24,4,11,2022,5259.6
24,4,12,2022,0.0
24,4,15,2022,3855.8
24,4,20,2022,29289.04
24,4,21,2022,30196.82
24,4,23,2022,6658.8
24,4,24,2022,15732.93
24,4,25,2022,62.61
24,4,31,2022,2504.42
24,4,32,2022,817.7
24,4,33,2022,7689.5
24,4,41,2022,53174.93
24,4,48,2022,307.01
24,4,49,2022,793.74
24,4,50,2022,14117.56
24,4,91,2022,121.34
25,2,3,2022,60518.15
25,2,4,2022,3086448.02
25,2,11,2022,0.0
25,2,12,2022,25594.15
25,2,13,2022,2740.1
25,2,15,2022,1868590.6
25,2,20,2022,19001.26
25,2,21,2022,67933.61
25,2,24,2022,38363.67
25,2,25,2022,9375.49
25,2,29,2022,5080.37
25,2,30,2022,8.26
25,2,31,2022,64.67
25,2,33,2022,47667.99
25,2,41,2022,2863.38
25,2,48,2022,196.3
25,2,75,2022,812.84
25,2,91,2022,615.45
25,4,3,2022,65122.63
25,4,4,2022,11413.84
25,4,5,2022,11981.27
25,4,9,2022,703.18
25,4,11,2022,10890.04
25,4,15,2022,45180.22
25,4,20,2022,103346.49
25,4,21,2022,48461.13
25,4,23,2022,638.43
25,4,24,2022,21106.05
25,4,25,2022,252.32
25,4,30,2022,257.18
25,4,31,2022,675.4
25,4,32,2022,192.38
25,4,33,2022,5026.23
25,4,41,2022,85067.5
25,4,48,2022,2.84
25,4,50,2022,112.22
25,4,75,2022,0.0
25,4,91,2022,63.15
26,2,3,2022,52300.04
26,2,4,2022,5123038.15
26,2,12,2022,40598.46
26,2,13,2022,85634.5
26,2,15,2022,2468478.0
26,2,20,2022,548.9
26,2,21,2022,120289.28
26,2,24,2022,66530.62
26,2,25,2022,22574.82
26,2,29,2022,1140.67
26,2,30,2022,787.05
26,2,31,2022,0.0
26,2,33,2022,101962.56
26,2,41,2022,99508.88
26,2,48,2022,73682.54
26,2,75,2022,746.65
26,2,91,2022,1037.04
26,4,3,2022,215577.21
26,4,4,2022,93284.23
26,4,5,2022,15292.73
26,4,9,2022,188.75
26,4,11,2022,3967.94
26,4,15,2022,621540.23
26,4,20,2022,384405.58
26,4,21,2022,133526.62
26,4,23,2022,236.04
26,4,24,2022,56446.39
26,4,25,2022,492.42
26,4,30,2022,897.01
26,4,31,2022,1340.23
26,4,32,2022,442.05
26,4,33,2022,17421.87
26,4,41,2022,20.73
26,4,50,2022,1.33
26,4,75,2022,0.0
26,4,91,2022,18.79
27,2,3,2022,7097.26
27,2,4,2022,377046.81
27,2,9,2022,1.85
27,2,11,2022,0.0
27,2,12,2022,145.62
27,2,13,2022,0.0
27,2,15,2022,900482.26
27,2,20,2022,593.07
27,2,21,2022,6554.91
27,2,24,2022,9809.0
27,2,25,2022,492.69
27,2,29,2022,16.34
27,2,30,2022,0.0
27,2,31,2022,0.0
27,2,33,2022,13276.94
27,2,41,2022,5229.81
27,2,48,2022,328.09
27,4,3,2022,186598.82
27,4,4,2022,37237.2
27,4,5,2022,4478.87
27,4,9,2022,662.88
27,4,11,2022,14840.69
27,4,12,2022,0.0
27,4,15,2022,601046.18
27,4,20,2022,474886.05
27,4,21,2022,68999.47
27,4,23,2022,4136.05
27,4,24,2022,28494.34
27,4,25,2022,406.93
27,4,29,2022,0.0
27,4,31,2022,7.57
27,4,32,2022,14.7
27,4,33,2022,26379.54
27,4,41,2022,364.79
27,4,49,2022,2268.04
27,4,50,2022,10241.46
28,2,3,2022,23396.1
28,2,4,2022,280261.78
28,2,9,2022,119.33
28,2,12,2022,757.27
28,2,15,2022,796488.37
28,2,20,2022,17.32
28,2,21,2022,2962.57
28,2,24,2022,7092.78
28,2,25,2022,1188.17
28,2,30,2022,69.77
28,2,31,2022,0.0
28,2,33,2022,9530.84
28,2,41,2022,91840.88
28,4,3,2022,102948.16
28,4,4,2022,2939.35
28,4,5,2022,22057.41
28,4,9,2022,5754.04
28,4,11,2022,18551.59
28,4,12,2022,12194.48
28,4,15,2022,589311.98
28,4,20,2022,14185.65
28,4,21,2022,102712.73
28,4,23,2022,7992.49
28,4,24,2022,24697.48
28,4,25,2022,718.1
28,4,29,2022,0.0
28,4,30,2022,862.45
28,4,31,2022,2182.33
28,4,32,2022,1569.39
28,4,33,2022,28498.77
28,4,41,2022,1945.97
28,4,49,2022,867.92
28,4,50,2022,38687.53
28,4,91,2022,40.68
29,2,3,2022,1120070.13
29,2,4,2022,19510424.67
29,2,9,2022,9426.04
29,2,11,2022,0.0
29,2,12,2022,242054.48
29,2,13,2022,481650.11
29,2,15,2022,10965282.67
29,2,20,2022,20699.94
29,2,21,2022,1577845.26
29,2,23,2022,57850.56
29,2,24,2022,125886.37
29,2,25,2022,68329.28
29,2,29,2022,89399.75
29,2,30,2022,5067.0
29,2,31,2022,0.0
29,2,33,2022,482844.05
29,2,39,2022,4405.31
29,2,41,2022,274310.14
29,2,46,2022,11232.26
29,2,48,2022,80240.29
29,2,62,2022,136.23
29,2,75,2022,3277.39
29,2,91,2022,5281.77
29,3,3,2022,274900.02
29,3,4,2022,5808806.11
29,3,9,2022,10601.95
29,3,11,2022,145421.45
29,3,12,2022,369695.31
29,3,15,2022,656082.31
29,3,21,2022,441334.66
29,3,24,2022,14494.34
29,3,25,2022,18265.3
29,3,29,2022,9469.33
29,3,31,2022,1.14
29,3,33,2022,8011.83
29,3,39,2022,2035404.06
29,3,41,2022,337377.25
29,3,46,2022,14473.29
29,3,48,2022,14232.72
29,3,62,2022,182652.52
29,3,75,2022,961.15
29,3,91,2022,1495.12
29,4,3,2022,3124402.03
29,4,4,2022,661724.66
29,4,5,2022,71754.22
29,4,9,2022,714010.06
29,4,11,2022,116944.05
29,4,12,2022,16574.17
29,4,15,2022,5105320.98
29,4,20,2022,26559.38
29,4,21,2022,646871.16
29,4,23,2022,8355.03
29,4,24,2022,125354.71
29,4,25,2022,5618.0
29,4,29,2022,5670.37
29,4,30,2022,2390.46
29,4,31,2022,2133.57
29,4,32,2022,4651.52
29,4,33,2022,205356.84
29,4,41,2022,5972.18
29,4,46,2022,33349.13
29,4,48,2022,902.95
29,4,49,2022,15656.19
29,4,50,2022,92839.37
31,2,3,2022,88226.24
31,2,4,2022,1561114.22
31,2,9,2022,4156.1
31,2,11,2022,0.0
31,2,12,2022,2474.29
31,2,15,2022,1478899.63
31,2,20,2022,8522.08
31,2,21,2022,14429.4
31,2,24,2022,11739.07
31,2,25,2022,2800.96
31,2,29,2022,3819.37
31,2,30,2022,162.05
31,2,33,2022,25700.03
31,2,39,2022,1917.71
31,2,41,2022,34168.71
31,2,46,2022,1474.88
31,2,48,2022,18468.18
31,2,62,2022,0.0
31,2,75,2022,2887.37
31,3,0,2022,60.04
31,3,3,2022,4198224.22
31,3,4,2022,8230406.09
31,3,9,2022,1429583.77
31,3,11,2022,428226.79
31,3,12,2022,1303757.58
31,3,15,2022,9634855.9
31,3,20,2022,979449.1
31,3,21,2022,1414098.93
31,3,24,2022,172375.59
31,3,25,2022,43639.18
31,3,29,2022,670334.36
31,3,30,2022,19091.98
31,3,31,2022,31.25
31,3,33,2022,443044.24
31,3,39,2022,1716656.43
31,3,41,2022,724426.93
31,3,46,2022,322360.33
31,3,47,2022,49756.69
31,3,48,2022,10698.67
31,3,62,2022,3162.45
31,3,75,2022,3001.3
31,4,3,2022,5805485.91
31,4,4,2022,1793579.49
31,4,9,2022,607353.0
31,4,11,2022,14485.29
31,4,12,2022,747362.87
31,4,15,2022,11526797.18
31,4,20,2022,107507.59
31,4,21,2022,1137686.48
31,4,23,2022,11.29
31,4,24,2022,262939.0
31,4,25,2022,11274.52
31,4,29,2022,38114.93
31,4,30,2022,50956.67
31,4,31,2022,3.37
31,4,33,2022,284231.38
31,4,39,2022,80277.39
31,4,41,2022,583610.74
31,4,46,2022,532792.47
31,4,47,2022,6236.96
31,4,48,2022,2471.17
32,4,3,2022,1016488.2
32,4,4,2022,5202.99
32,4,5,2022,7074.19
32,4,9,2022,281481.52
32,4,11,2022,120312.13
32,4,12,2022,64127.89
32,4,15,2022,2339537.26
32,4,20,2022,34102.97
32,4,21,2022,321002.55
32,4,23,2022,5733.94
32,4,24,2022,73239.19
32,4,25,2022,3429.7
32,4,29,2022,28607.54
32,4,31,2022,0.0
32,4,32,2022,406.82
32,4,33,2022,54895.5
32,4,41,2022,25918.74
32,4,46,2022,177977.83
32,4,48,2022,2286.31
32,4,49,2022,17349.35
32,4,50,2022,26769.27
33,4,3,2022,1325062.79
33,4,4,2022,715.15
33,4,5,2022,10648.21
33,4,9,2022,8018.17
33,4,11,2022,108789.51
33,4,12,2022,61177.54
33,4,15,2022,2032394.11
33,4,20,2022,1846.73
33,4,21,2022,258216.87
33,4,23,2022,18518.01
33,4,24,2022,231744.93
33,4,25,2022,4857.14
33,4,29,2022,5162.55
33,4,30,2022,3013.97
33,4,31,2022,1705.03
33,4,32,2022,744.71
33,4,33,2022,108326.04
33,4,39,2022,227.47
33,4,41,2022,115295.59
33,4,46,2022,0.08
33,4,48,2022,0.0
33,4,49,2022,27167.49
33,4,50,2022,48409.18
33,4,91,2022,15.57
35,3,3,2022,849946.27
35,3,4,2022,32911.29
35,3,9,2022,497132.48
35,3,11,2022,94616.82
35,3,12,2022,3086.0
35,3,15,2022,703463.21
35,3,20,2022,2400152.45
35,3,21,2022,742095.78
35,3,24,2022,130726.59
35,3,25,2022,9161.51
35,3,30,2022,1008.2
35,3,31,2022,29.66
35,3,33,2022,115809.28
35,3,39,2022,600977.13
35,3,41,2022,49283.15
35,3,46,2022,45824.99
35,3,47,2022,221400.43
35,3,48,2022,20065.97
35,3,62,2022,199.72
35,4,3,2022,3775510.08
35,4,4,2022,6.88
35,4,5,2022,18144.37
35,4,9,2022,609001.05
35,4,11,2022,253995.68
35,4,12,2022,47968.71
35,4,15,2022,4867722.31
35,4,20,2022,3758577.37
35,4,21,2022,2285520.26
35,4,23,2022,1497.14
35,4,24,2022,671063.89
35,4,25,2022,16604.51
35,4,29,2022,119.93
35,4,30,2022,8709.48
35,4,31,2022,662.04
35,4,32,2022,158.97
35,4,33,2022,490529.07
35,4,39,2022,791777.8
35,4,40,2022,602.38
35,4,41,2022,261485.05
35,4,46,2022,62002.87
35,4,47,2022,127798.31
35,4,48,2022,16354.68
35,4,49,2022,229004.69
35,4,50,2022,4832.47
35,4,62,2022,14.49
35,4,75,2022,1207.21
41,3,3,2022,76971.52
41,3,4,2022,35.39
41,3,9,2022,73556.03
41,3,11,2022,643.64
41,3,12,2022,26842.9
41,3,15,2022,9259.67
41,3,21,2022,5318.79
41,3,24,2022,2248.99
41,3,25,2022,326.12
41,3,29,2022,4265.29
41,3,33,2022,323.15
41,3,39,2022,110663.38
41,3,41,2022,1895.3
41,3,46,2022,0.0
41,3,47,2022,56.84
41,3,48,2022,2.29
41,4,3,2022,5075316.79
41,4,5,2022,20744.4
41,4,9,2022,1173461.57
41,4,11,2022,222536.36
41,4,12,2022,37335.83
41,4,15,2022,3604425.51
41,4,20,2022,619507.03
41,4,21,2022,1959949.42
41,4,23,2022,605.12
41,4,24,2022,303733.84
41,4,25,2022,15985.61
41,4,29,2022,77.9
41,4,30,2022,5851.42
41,4,31,2022,1219.44
41,4,32,2022,136.72
41,4,33,2022,399837.77
41,4,39,2022,5682031.59
41,4,40,2022,10113.13
41,4,41,2022,313136.19
41,4,46,2022,24770.54
41,4,47,2022,7944.59
41,4,48,2022,2176.74
41,4,49,2022,128965.21
41,4,50,2022,4710.41
41,4,62,2022,1.81
42,4,3,2022,3763374.8
42,4,5,2022,7358.66
42,4,9,2022,1145596.83
42,4,11,2022,16944.97
42,4,12,2022,637481.06
42,4,15,2022,1166380.92
42,4,21,2022,1072506.97
42,4,23,2022,6695.94
42,4,24,2022,218905.79
42,4,25,2022,9922.85
42,4,29,2022,0.0
42,4,30,2022,3649.95
42,4,31,2022,219.62
42,4,32,2022,348.45
42,4,33,2022,147596.98
42,4,39,2022,695896.32
42,4,40,2022,130884.17
42,4,41,2022,401270.2
42,4,48,2022,3217.82
42,4,49,2022,87025.69
42,4,50,2022,14511.0
42,4,84,2022,25.96
42,4,91,2022,37.53
43,4,3,2022,2700501.66
43,4,9,2022,431816.44
43,4,11,2022,2537.79
43,4,12,2022,958972.25
43,4,15,2022,604834.42
43,4,21,2022,955360.67
43,4,23,2022,650.27
43,4,24,2022,137033.84
43,4,25,2022,6967.78
43,4,29,2022,0.0
43,4,30,2022,8.84
43,4,31,2022,39.64
43,4,33,2022,121801.29
43,4,39,2022,2492051.92
43,4,40,2022,45642.14
43,4,41,2022,259464.2
43,4,48,2022,43540.49
43,4,49,2022,2737.8
43,4,50,2022,5104.4
43,4,84,2022,5.71
43,4,91,2022,6.54
43,5,3,2022,2305104.61
43,5,9,2022,727138.61
43,5,11,2022,363909.34
43,5,12,2022,5837844.39
43,5,15,2022,152.85
43,5,21,2022,1820699.06
43,5,23,2022,128856.65
43,5,24,2022,139483.27
43,5,25,2022,49602.95
43,5,29,2022,23746.25
43,5,30,2022,4410.84
43,5,31,2022,181.66
43,5,33,2022,1823315.22
43,5,39,2022,4032419.14
43,5,40,2022,1190511.18
43,5,41,2022,787286.18
43,5,48,2022,1626.57
43,5,49,2022,20432.54
43,5,50,2022,128571.5
43,5,84,2022,6798.74
43,5,91,2022,1424.59
50,3,3,2022,3750198.2
50,3,4,2022,1057037.87
50,3,7,2022,0.0
50,3,9,2022,1182176.32
50,3,11,2022,490906.88
50,3,12,2022,120682.2
50,3,15,2022,11508775.25
50,3,20,2022,412138.92
50,3,21,2022,988171.63
50,3,24,2022,63644.7
50,3,25,2022,8308.62
50,3,29,2022,4097.85
50,3,30,2022,709.58
50,3,31,2022,160.1
50,3,33,2022,77416.4
50,3,39,2022,2404591.49
50,3,40,2022,201.54
50,3,41,2022,144445.0
50,3,47,2022,53.1
50,3,62,2022,11064.3
50,4,3,2022,373509.2
50,4,4,2022,9.09
50,4,9,2022,11922.28
50,4,11,2022,393304.07
50,4,12,2022,12.02
50,4,15,2022,1165709.03
50,4,20,2022,305325.46
50,4,21,2022,309918.34
50,4,24,2022,17907.88
50,4,25,2022,3358.91
50,4,31,2022,280.51
50,4,33,2022,251513.26
50,4,39,2022,813365.49
50,4,40,2022,0.0
50,4,41,2022,95527.45
50,4,47,2022,176.51
50,4,48,2022,559.41
50,6,0,2022,0.34
50,6,3,2022,1406812.0
50,6,4,2022,2057444.39
50,6,7,2022,43441.24
50,6,9,2022,14.3
50,6,11,2022,395096.21
50,6,12,2022,4187760.87
50,6,13,2022,0.0
50,6,15,2022,1185298.27
50,6,21,2022,40534.43
50,6,24,2022,3213.78
50,6,25,2022,461.3
50,6,29,2022,3207.74
50,6,30,2022,750.84
50,6,33,2022,410381.04
50,6,39,2022,86.62
50,6,40,2022,5924.27
50,6,41,2022,2065.4
51,1,0,2022,437.37
51,1,3,2022,26778951.54
51,1,4,2022,822856.95
51,1,6,2022,3018837.25
51,1,7,2022,0.0
51,1,9,2022,57006.19
51,1,11,2022,854104.19
51,1,12,2022,521110.61
51,1,15,2022,11265433.9
51,1,20,2022,94533.07
51,1,21,2022,1222743.32
51,1,24,2022,54760.21
51,1,25,2022,33825.04
51,1,29,2022,191369.17
51,1,30,2022,74930.38
51,1,31,2022,218.28
51,1,33,2022,336381.19
51,1,39,2022,4725461.35
51,1,41,2022,1131747.66
51,1,62,2022,6674.48
51,3,0,2022,324.13
51,3,3,2022,6778364.23
51,3,4,2022,8887847.21
51,3,6,2022,137.87
51,3,7,2022,0.09
51,3,9,2022,96933.23
51,3,11,2022,2554491.13
51,3,12,2022,1257902.79
51,3,15,2022,6926055.02
51,3,20,2022,58917.43
51,3,21,2022,557316.78
51,3,24,2022,82055.49
51,3,25,2022,19963.5
51,3,29,2022,93847.41
51,3,30,2022,20083.64
51,3,31,2022,1557.35
51,3,33,2022,180715.64
51,3,39,2022,5825806.1
51,3,41,2022,401367.54
51,3,62,2022,29868.8
51,6,0,2022,367.94
51,6,3,2022,688899.97
51,6,4,2022,1388557.09
51,6,7,2022,59822.6
51,6,9,2022,285.0
51,6,11,2022,562749.5
51,6,12,2022,1485404.12
51,6,15,2022,725815.78
51,6,20,2022,0.69
51,6,21,2022,25885.59
51,6,24,2022,3053.75
51,6,25,2022,470.32
51,6,29,2022,0.09
51,6,30,2022,63.46
51,6,31,2022,54.34
51,6,33,2022,408053.25
51,6,39,2022,1056.89
51,6,41,2022,926.59
52,3,3,2022,5698765.79
52,3,4,2022,4873449.2
52,3,9,2022,158341.11
52,3,11,2022,478547.45
52,3,12,2022,514745.86
52,3,15,2022,13918451.94
52,3,20,2022,977352.6
52,3,21,2022,1480599.66
52,3,24,2022,220659.83
52,3,25,2022,30276.24
52,3,29,2022,152075.95
52,3,30,2022,10061.49
52,3,31,2022,142.34
52,3,33,2022,372277.39
52,3,39,2022,4230583.68
52,3,40,2022,4375.34
52,3,41,2022,332372.2
52,3,46,2022,4702.09
52,3,47,2022,1634.18
52,3,48,2022,335.14
52,3,62,2022,10596.65
52,3,75,2022,0.0
52,4,3,2022,75171.31
52,4,4,2022,13.45
52,4,9,2022,429.86
52,4,11,2022,28.76
52,4,12,2022,0.0
52,4,15,2022,275122.92
52,4,20,2022,75363.11
52,4,21,2022,32177.82
52,4,24,2022,1219.94
52,4,25,2022,724.67
52,4,31,2022,0.0
52,4,33,2022,71310.54
52,4,39,2022,19064.64
52,4,41,2022,3311.09
53,3,3,2022,82740.0
53,3,4,2022,172460.11
53,3,9,2022,2300.33
53,3,11,2022,3618.27
53,3,12,2022,23004.95
53,3,15,2022,89383.72
53,3,21,2022,16362.09
53,3,24,2022,70186.82
53,3,25,2022,1335.84
53,3,30,2022,529.5
53,3,31,2022,13.1
53,3,33,2022,6647.44
53,3,39,2022,104782.68
53,3,41,2022,2514.83
53,3,46,2022,206.13
53,3,48,2022,5.25
53,3,62,2022,0.0
11,1,0,2023,0.44
11,1,3,2023,11799362.97
11,1,4,2023,454109.45
11,1,6,2023,756429.17
11,1,9,2023,356.09
11,1,11,2023,675267.53
11,1,12,2023,242781.09
11,1,15,2023,8212962.07
11,1,21,2023,514641.61
11,1,24,2023,54386.21
11,1,25,2023,43026.5
11,1,29,2023,54235.31
11,1,30,2023,20148.35
11,1,31,2023,6544.53
11,1,33,2023,264345.5
11,1,39,2023,363132.39
11,1,41,2023,37977.67
11,1,75,2023,25.91
11,3,0,2023,12.93
11,3,3,2023,141239.89
11,3,4,2023,60074.38
11,3,9,2023,427.67
11,3,11,2023,667.42
11,3,12,2023,3530.07
11,3,15,2023,21559.02
11,3,21,2023,5955.41
11,3,24,2023,4116.64
11,3,25,2023,645.4
11,3,29,2023,0.26
11,3,33,2023,120.46
11,3,39,2023,24019.41
11,3,41,2023,1183.18
12,1,3,2023,13793227.18
12,1,4,2023,2655.2
12,1,6,2023,71444.72
12,1,11,2023,4229.95
12,1,12,2023,2056.93
12,1,15,2023,2281057.58
12,1,21,2023,99603.37
12,1,24,2023,26208.82
12,1,25,2023,27309.83
12,1,31,2023,307.07
12,1,33,2023,64338.74
12,1,39,2023,5932.66
12,1,41,2023,4634.37
13,1,3,2023,122776252.42
13,1,4,2023,225217.55
13,1,6,2023,22448333.11
13,1,11,2023,1781835.81
13,1,12,2023,595025.46
13,1,15,2023,2354988.41
13,1,20,2023,4877.43
13,1,21,2023,429217.39
13,1,24,2023,62701.01
13,1,25,2023,44222.52
13,1,29,2023,2177.79
13,1,30,2023,32115.28
13,1,31,2023,132.1
13,1,33,2023,5067446.85
13,1,35,2023,57.82
13,1,39,2023,1016.44
13,1,41,2023,2896.89
14,1,3,2023,13811594.44
14,1,4,2023,275068.69
14,1,6,2023,2584921.76
14,1,9,2023,8744.83
14,1,11,2023,1264502.9
14,1,12,2023,2735327.14
14,1,15,2023,777621.79
14,1,21,2023,231421.98
14,1,24,2023,20046.03
14,1,25,2023,6944.04
14,1,29,2023,81886.86
14,1,30,2023,5309.31
14,1,31,2023,2138.55
14,1,33,2023,373065.69
14,1,35,2023,81.96
14,1,39,2023,123570.75
14,1,41,2023,14330.73
15,1,0,2023,4.77
15,1,3,2023,84350121.18
15,1,4,2023,1266921.52
15,1,5,2023,236122.95
15,1,6,2023,6985022.3
15,1,9,2023,104237.1
15,1,11,2023,2406460.8
15,1,12,2023,975884.71
15,1,15,2023,19488236.22
15,1,20,2023,21417.12
15,1,21,2023,1698892.34
15,1,23,2023,1875.25
15,1,24,2023,154960.67
15,1,25,2023,86797.12
15,1,29,2023,227813.72
15,1,30,2023,230708.07
15,1,31,2023,372.16
15,1,32,2023,1002.2
15,1,33,2023,4310452.24
15,1,35,2023,245835.11
15,1,39,2023,709646.34
15,1,40,2023,1932.6
15,1,41,2023,165832.45
15,3,0,2023,35.68
15,3,3,2023,176666.47
15,3,4,2023,127744.23
15,3,6,2023,85.2
15,3,9,2023,30.61
15,3,11,2023,59171.44
15,3,12,2023,79477.06
15,3,15,2023,328262.41
15,3,21,2023,19407.13
15,3,24,2023,2268.21
15,3,25,2023,275.21
15,3,29,2023,0.97
15,3,30,2023,103.96
15,3,31,2023,0.0
15,3,33,2023,24735.64
15,3,39,2023,51474.73
15,3,41,2023,1263.21
16,1,3,2023,9942555.78
16,1,4,2023,3202.78
16,1,5,2023,92166.93
16,1,6,2023,1567260.8
16,1,9,2023,89078.6
16,1,11,2023,1961551.0
16,1,12,2023,25977.32
16,1,15,2023,41059.72
16,1,21,2023,24502.66
16,1,24,2023,15671.23
16,1,25,2023,3781.84
16,1,30,2023,6688.12
16,1,31,2023,0.0
16,1,33,2023,398489.68
16,1,39,2023,15475.32
16,1,41,2023,4298.99
17,1,0,2023,1.86
17,1,3,2023,362834.46
17,1,4,2023,18745.55
17,1,6,2023,120722.73
17,1,9,2023,543.82
17,1,11,2023,14566.3
17,1,12,2023,59086.17
17,1,15,2023,1587403.13
17,1,21,2023,173999.52
17,1,24,2023,3073.51
17,1,25,2023,2576.82
17,1,29,2023,28801.72
17,1,30,2023,159.1
17,1,31,2023,0.0
17,1,33,2023,42924.72
17,1,39,2023,24168.36
17,1,40,2023,0.0
17,1,41,2023,21949.96
17,3,0,2023,14.78
17,3,3,2023,5597376.42
17,3,4,2023,7776960.0
17,3,6,2023,14.27
17,3,9,2023,73358.63
17,3,11,2023,2115648.73
17,3,12,2023,1359717.47
17,3,15,2023,5941011.65
17,3,20,2023,24856.34
17,3,21,2023,621550.16
17,3,23,2023,332.34
17,3,24,2023,58981.33
17,3,25,2023,19855.24
17,3,29,2023,41187.75
17,3,30,2023,408.76
17,3,31,2023,296.66
17,3,33,2023,295885.42
17,3,39,2023,1118697.38
17,3,40,2023,102948.91
17,3,41,2023,129768.88
17,3,62,2023,1895.63
17,3,75,2023,29.1
21,1,0,2023,2.59
21,1,3,2023,4274987.51
21,1,4,2023,116286.03
21,1,5,2023,415840.04
21,1,6,2023,407683.47
21,1,9,2023,77498.88
21,1,11,2023,417461.56
21,1,12,2023,61902.92
21,1,15,2023,4447052.14
21,1,21,2023,358724.25
21,1,23,2023,5170.24
21,1,24,2023,66156.01
21,1,25,2023,14520.69
21,1,29,2023,90.33
21,1,30,2023,13258.4
21,1,31,2023,340.1
21,1,32,2023,25404.81
21,1,33,2023,314633.42
21,1,39,2023,173767.75
21,1,41,2023,48940.39
21,1,50,2023,1.25
21,3,0,2023,51.81
21,3,3,2023,8903054.59
21,3,4,2023,5266582.26
21,3,5,2023,68812.21
21,3,6,2023,61.02
21,3,9,2023,92101.48
21,3,11,2023,129975.95
21,3,12,2023,659403.26
21,3,15,2023,3993355.32
21,3,20,2023,19869.22
21,3,21,2023,924601.8
21,3,23,2023,112345.54
21,3,24,2023,72962.06
21,3,25,2023,32019.33
21,3,29,2023,6785.23
21,3,30,2023,370.8
21,3,31,2023,305.24
21,3,32,2023,6067.07
21,3,33,2023,137441.34
21,3,39,2023,987283.25
21,3,41,2023,44437.27
21,3,48,2023,7.77
21,3,50,2023,233779.69
21,3,62,2023,13999.33
21,3,91,2023,431.07
22,2,3,2023,1051023.47
22,2,4,2023,8970215.46
22,2,5,2023,5513.09
22,2,9,2023,1190.0
22,2,11,2023,0.45
22,2,12,2023,28297.7
22,2,15,2023,1410739.4
22,2,21,2023,157110.02
22,2,23,2023,14919.81
22,2,24,2023,32782.13
22,2,25,2023,20752.94
22,2,29,2023,14742.57
22,2,31,2023,1592.41
22,2,32,2023,1697.57
22,2,33,2023,30778.9
22,2,39,2023,7310.94
22,2,41,2023,109738.89
22,2,48,2023,5211.18
22,2,50,2023,4794.69
22,2,62,2023,25.71
22,2,75,2023,1710.56
22,2,91,2023,3233.71
22,3,3,2023,2364333.86
22,3,4,2023,7985292.21
22,3,5,2023,3.48
22,3,9,2023,17254.81
22,3,11,2023,92932.32
22,3,12,2023,271592.62
22,3,15,2023,742994.26
22,3,20,2023,15608.53
22,3,21,2023,418312.89
22,3,23,2023,2.41
22,3,24,2023,54202.29
22,3,25,2023,33951.83
22,3,29,2023,76447.79
22,3,30,2023,654.24
22,3,31,2023,51.44
22,3,33,2023,62325.7
22,3,39,2023,1084966.82
22,3,41,2023,77083.93
22,3,48,2023,150.78
22,3,62,2023,1544.91
22,3,75,2023,1911.74
23,2,3,2023,754238.63
23,2,4,2023,9741659.92
23,2,5,2023,18155.6
23,2,9,2023,6.41
23,2,12,2023,123.34
23,2,15,2023,2966596.62
23,2,21,2023,324136.43
23,2,23,2023,60104.92
23,2,24,2023,156895.22
23,2,25,2023,24363.79
23,2,29,2023,2004.94
23,2,30,2023,2204.84
23,2,31,2023,10682.08
23,2,32,2023,4095.04
23,2,33,2023,233778.9
23,2,39,2023,24.01
23,2,41,2023,304966.32
23,2,48,2023,272876.79
23,2,50,2023,4893.07
23,2,75,2023,2477.32
23,2,91,2023,2580.39
24,2,3,2023,55752.93
24,2,4,2023,2662098.87
24,2,5,2023,5010.06
24,2,11,2023,0.36
24,2,12,2023,25849.35
24,2,13,2023,12478.84
24,2,15,2023,1494068.83
24,2,20,2023,5143.8
24,2,21,2023,182919.35
24,2,23,2023,32367.49
24,2,24,2023,57416.34
24,2,25,2023,5107.61
24,2,29,2023,5435.03
24,2,30,2023,123.88
24,2,31,2023,36446.07
24,2,32,2023,4784.34
24,2,33,2023,76864.06
24,2,41,2023,374414.55
24,2,48,2023,25394.33
24,2,49,2023,0.09
24,2,50,2023,2795.63
24,2,75,2023,2144.72
24,2,91,2023,8035.03
24,4,3,2023,26144.25
24,4,4,2023,789.23
24,4,5,2023,7384.32
24,4,9,2023,13.71
24,4,11,2023,5191.97
24,4,12,2023,0.0
24,4,15,2023,4565.05
24,4,20,2023,27671.0
24,4,21,2023,31475.13
24,4,23,2023,6528.76
24,4,24,2023,15937.83
24,4,25,2023,97.36
24,4,31,2023,2533.58
24,4,32,2023,968.93
24,4,33,2023,7657.49
24,4,41,2023,52982.77
24,4,48,2023,311.01
24,4,49,2023,796.59
24,4,50,2023,13638.92
24,4,91,2023,122.86
25,2,3,2023,59282.52
25,2,4,2023,3034073.85
25,2,11,2023,0.0
25,2,12,2023,19957.95
25,2,13,2023,3443.9
25,2,15,2023,1913977.87
25,2,20,2023,16419.11
25,2,21,2023,79894.44
25,2,24,2023,38942.27
25,2,25,2023,9807.41
25,2,29,2023,5109.83
25,2,30,2023,4.09
25,2,31,2023,50.48
25,2,33,2023,50080.27
25,2,41,2023,2823.62
25,2,48,2023,196.13
25,2,75,2023,1091.84
25,2,91,2023,718.75
25,4,3,2023,65347.18
25,4,4,2023,11236.14
25,4,5,2023,11990.33
25,4,9,2023,703.72
25,4,11,2023,10976.32
25,4,15,2023,49760.38
25,4,20,2023,94777.96
25,4,21,2023,51508.92
25,4,23,2023,637.19
25,4,24,2023,21397.7
25,4,25,2023,304.41
25,4,30,2023,267.2
25,4,31,2023,699.8
25,4,32,2023,198.59
25,4,33,2023,5023.92
25,4,41,2023,85475.65
25,4,48,2023,3.2
25,4,50,2023,117.38
25,4,75,2023,0.09
25,4,91,2023,66.44
26,2,3,2023,51579.68
26,2,4,2023,5055296.5
26,2,12,2023,41380.89
26,2,13,2023,87795.91
26,2,15,2023,2518712.94
26,2,20,2023,510.16
26,2,21,2023,134411.63
26,2,24,2023,67054.05
26,2,25,2023,21903.73
26,2,29,2023,1139.61
26,2,30,2023,778.66
26,2,31,2023,0.0
26,2,33,2023,101359.25
26,2,41,2023,99721.84
26,2,48,2023,73755.27
26,2,75,2023,2346.63
26,2,91,2023,1111.44
26,4,3,2023,216218.89
26,4,4,2023,89072.61
26,4,5,2023,15306.01
26,4,9,2023,185.39
26,4,11,2023,4438.94
26,4,15,2023,637448.56
26,4,20,2023,361253.33
26,4,21,2023,143275.26
26,4,23,2023,229.67
26,4,24,2023,56881.97
26,4,25,2023,565.02
26,4,30,2023,912.4
26,4,31,2023,1371.98
26,4,32,2023,426.41
26,4,33,2023,17372.06
26,4,41,2023,28.18
26,4,50,2023,1.33
26,4,75,2023,79.52
26,4,91,2023,32.61
27,2,3,2023,7039.47
27,2,4,2023,364819.57
27,2,9,2023,1.85
27,2,11,2023,0.0
27,2,12,2023,125.04
27,2,13,2023,0.0
27,2,15,2023,907622.41
27,2,20,2023,603.29
27,2,21,2023,11617.99
27,2,24,2023,10019.04
27,2,25,2023,638.63
27,2,29,2023,16.34
27,2,30,2023,7.93
27,2,31,2023,0.0
27,2,33,2023,12997.09
27,2,41,2023,5236.94
27,2,48,2023,329.06
27,4,3,2023,187732.3
27,4,4,2023,34886.62
27,4,5,2023,4472.08
27,4,9,2023,701.34
27,4,11,2023,15477.49
27,4,12,2023,0.0
27,4,15,2023,614332.06
27,4,20,2023,458173.28
27,4,21,2023,73212.89
27,4,23,2023,4111.86
27,4,24,2023,28967.29
27,4,25,2023,553.75
27,4,29,2023,0.0
27,4,31,2023,41.64
27,4,32,2023,7.04
27,4,33,2023,25420.32
27,4,41,2023,451.23
27,4,49,2023,2345.15
27,4,50,2023,10177.24
28,2,3,2023,22850.73
28,2,4,2023,272013.3
28,2,9,2023,137.5
28,2,12,2023,785.97
28,2,15,2023,803216.05
28,2,20,2023,17.32
28,2,21,2023,5007.3
28,2,24,2023,7221.01
28,2,25,2023,1273.92
28,2,30,2023,71.7
28,2,31,2023,0.0
28,2,33,2023,9179.68
28,2,41,2023,91950.7
28,4,3,2023,103734.93
28,4,4,2023,2858.6
28,4,5,2023,22155.0
28,4,9,2023,5797.73
28,4,11,2023,18454.83
28,4,12,2023,11709.65
28,4,15,2023,591264.34
28,4,20,2023,14485.43
28,4,21,2023,101060.57
28,4,23,2023,8051.69
28,4,24,2023,24945.83
28,4,25,2023,812.6
28,4,29,2023,0.0
28,4,30,2023,880.89
28,4,31,2023,2166.34
28,4,32,2023,1366.12
28,4,33,2023,28582.63
28,4,41,2023,1987.54
28,4,49,2023,880.14
28,4,50,2023,37481.98
28,4,91,2023,41.64
29,2,3,2023,1116293.16
29,2,4,2023,19313393.64
29,2,9,2023,9550.99
29,2,11,2023,0.0
29,2,12,2023,240323.15
29,2,13,2023,484301.67
29,2,15,2023,11090128.01
29,2,20,2023,20704.62
29,2,21,2023,1650380.19
29,2,23,2023,57228.18
29,2,24,2023,127949.47
29,2,25,2023,71237.05
29,2,29,2023,91050.7
29,2,30,2023,5230.43
29,2,31,2023,5.86
29,2,33,2023,470464.36
29,2,39,2023,4838.62
29,2,41,2023,281088.3
29,2,46,2023,11252.78
29,2,48,2023,80318.85
29,2,62,2023,237.73
29,2,75,2023,3673.22
29,2,91,2023,6062.72
29,3,3,2023,271269.91
29,3,4,2023,5618967.63
29,3,9,2023,10301.71
29,3,11,2023,144322.98
29,3,12,2023,337647.68
29,3,15,2023,664721.31
29,3,21,2023,530205.49
29,3,24,2023,14729.81
29,3,25,2023,24840.6
29,3,29,2023,9467.75
29,3,31,2023,0.0
29,3,33,2023,7708.39
29,3,39,2023,2181638.63
29,3,41,2023,312426.0
29,3,46,2023,13018.24
29,3,48,2023,13784.38
29,3,62,2023,185564.12
29,3,75,2023,1490.84
29,3,91,2023,1574.37
29,4,3,2023,3123284.52
29,4,4,2023,641989.44
29,4,5,2023,71851.46
29,4,9,2023,718187.26
29,4,11,2023,121784.64
29,4,12,2023,16006.76
29,4,15,2023,5102469.59
29,4,20,2023,30290.88
29,4,21,2023,655090.99
29,4,23,2023,8523.73
29,4,24,2023,126821.13
29,4,25,2023,6418.84
29,4,29,2023,5651.99
29,4,30,2023,2498.24
29,4,31,2023,2275.49
29,4,32,2023,4359.81
29,4,33,2023,206249.85
29,4,41,2023,6630.72
29,4,46,2023,33389.85
29,4,48,2023,898.57
29,4,49,2023,15823.74
29,4,50,2023,91913.52
31,2,3,2023,88749.65
31,2,4,2023,1545379.04
31,2,9,2023,4022.51
31,2,11,2023,0.09
31,2,12,2023,2664.36
31,2,15,2023,1486518.39
31,2,20,2023,8539.79
31,2,21,2023,19385.25
31,2,24,2023,11889.89
31,2,25,2023,3095.4
31,2,29,2023,4395.63
31,2,30,2023,174.7
31,2,33,2023,24515.47
31,2,39,2023,1919.44
31,2,41,2023,35832.34
31,2,46,2023,1472.99
31,2,48,2023,18478.54
31,2,62,2023,0.0
31,2,75,2023,3926.82
31,3,0,2023,59.87
31,3,3,2023,4176717.36
31,3,4,2023,8174866.76
31,3,9,2023,1435101.0
31,3,11,2023,423753.49
31,3,12,2023,1262005.35
31,3,15,2023,9534308.92
31,3,20,2023,995759.48
31,3,21,2023,1558804.46
31,3,24,2023,174338.47
31,3,25,2023,47985.1
31,3,29,2023,670594.44
31,3,30,2023,19806.39
31,3,31,2023,54.43
31,3,33,2023,458916.03
31,3,39,2023,1746126.58
31,3,41,2023,729531.27
31,3,46,2023,321770.87
31,3,47,2023,47608.96
31,3,48,2023,10688.62
31,3,62,2023,3159.9
31,3,75,2023,5284.04
31,4,3,2023,5778496.52
31,4,4,2023,1739213.92
31,4,9,2023,605462.07
31,4,11,2023,15458.31
31,4,12,2023,724525.84
31,4,15,2023,11591736.39
31,4,20,2023,109839.44
31,4,21,2023,1167862.59
31,4,23,2023,10.55
31,4,24,2023,266114.34
31,4,25,2023,12719.42
31,4,29,2023,38011.03
31,4,30,2023,52646.0
31,4,31,2023,2.12
31,4,33,2023,299194.68
31,4,39,2023,82926.1
31,4,41,2023,565184.37
31,4,46,2023,535982.38
31,4,47,2023,5326.7
31,4,48,2023,2464.94
32,4,3,2023,1015660.82
32,4,4,2023,4831.89
32,4,5,2023,7068.66
32,4,9,2023,278989.57
32,4,11,2023,127720.95
32,4,12,2023,63158.6
32,4,15,2023,2324798.65
32,4,20,2023,35337.09
32,4,21,2023,327584.19
32,4,23,2023,5745.93
32,4,24,2023,74150.26
32,4,25,2023,3996.17
32,4,29,2023,28605.58
32,4,31,2023,0.0
32,4,32,2023,359.4
32,4,33,2023,57323.27
32,4,41,2023,26862.47
32,4,46,2023,177826.88
32,4,48,2023,2287.85
32,4,49,2023,17389.63
32,4,50,2023,26246.01
33,4,3,2023,1328778.93
33,4,4,2023,709.9
33,4,5,2023,10660.58
33,4,9,2023,7976.98
33,4,11,2023,111454.87
33,4,12,2023,59725.91
33,4,15,2023,2028947.78
33,4,20,2023,1385.67
33,4,21,2023,253444.23
33,4,23,2023,19434.03
33,4,24,2023,233995.08
33,4,25,2023,5173.93
33,4,29,2023,5168.02
33,4,30,2023,3005.32
33,4,31,2023,1758.35
33,4,32,2023,671.87
33,4,33,2023,109005.12
33,4,39,2023,226.73
33,4,41,2023,116014.13
33,4,46,2023,0.08
33,4,48,2023,0.0
33,4,49,2023,27472.54
33,4,50,2023,47031.23
33,4,91,2023,15.57
35,3,3,2023,846319.55
35,3,4,2023,33084.74
35,3,9,2023,501063.3
35,3,11,2023,93389.72
35,3,12,2023,3148.92
35,3,15,2023,675564.18
35,3,20,2023,2389731.75
35,3,21,2023,763801.12
35,3,24,2023,132190.95
35,3,25,2023,8732.26
35,3,30,2023,1175.08
35,3,31,2023,64.97
35,3,33,2023,118814.0
35,3,39,2023,620642.68
35,3,41,2023,44191.48
35,3,46,2023,45714.78
35,3,47,2023,220089.96
35,3,48,2023,19971.71
35,3,62,2023,199.81
35,4,3,2023,3785459.64
35,4,4,2023,6.46
35,4,5,2023,18256.34
35,4,9,2023,617074.94
35,4,11,2023,262853.24
35,4,12,2023,46450.55
35,4,15,2023,4784723.64
35,4,20,2023,3777287.84
35,4,21,2023,2285355.41
35,4,23,2023,1512.41
35,4,24,2023,678645.54
35,4,25,2023,17378.51
35,4,29,2023,120.66
35,4,30,2023,8817.25
35,4,31,2023,221.56
35,4,32,2023,131.34
35,4,33,2023,510978.8
35,4,39,2023,813155.56
35,4,40,2023,822.46
35,4,41,2023,252437.96
35,4,46,2023,61972.88
35,4,47,2023,126952.34
35,4,48,2023,16270.74
35,4,49,2023,227490.68
35,4,50,2023,4830.19
35,4,62,2023,14.49
35,4,75,2023,1650.24
41,3,3,2023,78091.86
41,3,4,2023,36.94
41,3,9,2023,73787.26
41,3,11,2023,586.85
41,3,12,2023,25043.78
41,3,15,2023,8831.39
41,3,21,2023,6076.26
41,3,24,2023,2259.28
41,3,25,2023,355.94
41,3,29,2023,4278.83
41,3,33,2023,315.49
41,3,39,2023,111076.16
41,3,41,2023,1611.53
41,3,46,2023,0.0
41,3,47,2023,55.45
41,3,48,2023,2.29
41,4,3,2023,5076529.36
41,4,5,2023,20758.86
41,4,9,2023,1166601.78
41,4,11,2023,223794.02
41,4,12,2023,36454.67
41,4,15,2023,3560994.28
41,4,20,2023,619368.82
41,4,21,2023,1977815.3
41,4,23,2023,607.94
41,4,24,2023,307153.95
41,4,25,2023,18141.34
41,4,29,2023,78.22
41,4,30,2023,5973.0
41,4,31,2023,1451.93
41,4,32,2023,190.48
41,4,33,2023,405101.62
41,4,39,2023,5758557.14
41,4,40,2023,13238.36
41,4,41,2023,253245.89
41,4,46,2023,24768.65
41,4,47,2023,8513.02
41,4,48,2023,2176.91
41,4,49,2023,128363.13
41,4,50,2023,4694.48
41,4,62,2023,1.81
42,4,3,2023,3752145.36
42,4,5,2023,7423.31
42,4,9,2023,1125661.64
42,4,11,2023,16634.89
42,4,12,2023,626819.1
42,4,15,2023,1177027.19
42,4,21,2023,1096293.63
42,4,23,2023,6714.36
42,4,24,2023,221809.25
42,4,25,2023,11434.52
42,4,29,2023,0.0
42,4,30,2023,3714.22
42,4,31,2023,237.04
42,4,32,2023,317.7
42,4,33,2023,150348.7
42,4,39,2023,714639.65
42,4,40,2023,138013.97
42,4,41,2023,376790.99
42,4,48,2023,3410.41
42,4,49,2023,86148.3
42,4,50,2023,14206.19
42,4,84,2023,24.47
42,4,91,2023,37.61
43,4,3,2023,2690986.25
43,4,9,2023,432015.67
43,4,11,2023,2893.01
43,4,12,2023,934906.05
43,4,15,2023,612960.8
43,4,21,2023,974624.3
43,4,23,2023,675.29
43,4,24,2023,138762.88
43,4,25,2023,7673.76
43,4,29,2023,0.0
43,4,30,2023,9.08
43,4,31,2023,43.14
43,4,33,2023,122227.49
43,4,39,2023,2535248.46
43,4,40,2023,42627.41
43,4,41,2023,220049.99
43,4,48,2023,45681.16
43,4,49,2023,2785.65
43,4,50,2023,4895.12
43,4,84,2023,6.02
43,4,91,2023,6.54
43,5,3,2023,2316274.67
43,5,9,2023,728893.41
43,5,11,2023,372011.95
43,5,12,2023,5714506.9
43,5,15,2023,143.86
43,5,21,2023,2027914.56
43,5,23,2023,128269.51
43,5,24,2023,140507.53
43,5,25,2023,50195.76
43,5,29,2023,23741.76
43,5,30,2023,4520.07
43,5,31,2023,175.38
43,5,33,2023,1820279.84
43,5,39,2023,4150087.94
43,5,40,2023,1029106.43
43,5,41,2023,728697.34
43,5,48,2023,1784.4
43,5,49,2023,21176.55
43,5,50,2023,126796.22
43,5,84,2023,6925.69
43,5,91,2023,1506.38
50,3,3,2023,3731259.43
50,3,4,2023,1044914.03
50,3,7,2023,1.26
50,3,9,2023,1286245.2
50,3,11,2023,483119.79
50,3,12,2023,116503.44
50,3,15,2023,11300301.85
50,3,20,2023,412432.48
50,3,21,2023,1120609.65
50,3,24,2023,64434.4
50,3,25,2023,10222.54
50,3,29,2023,4089.47
50,3,30,2023,781.01
50,3,31,2023,183.9
50,3,33,2023,77997.47
50,3,39,2023,2423142.69
50,3,40,2023,248.05
50,3,41,2023,137131.76
50,3,47,2023,96.9
50,3,62,2023,11064.64
50,4,3,2023,373114.26
50,4,4,2023,8.01
50,4,9,2023,11643.51
50,4,11,2023,397208.47
50,4,12,2023,12.44
50,4,15,2023,1126313.68
50,4,20,2023,309850.22
50,4,21,2023,337485.65
50,4,24,2023,18110.61
50,4,25,2023,3782.66
50,4,31,2023,312.34
50,4,33,2023,252081.68
50,4,39,2023,823707.19
50,4,40,2023,0.0
50,4,41,2023,88060.95
50,4,47,2023,147.92
50,4,48,2023,559.32
50,6,0,2023,2.47
50,6,3,2023,1387831.97
50,6,4,2023,1943273.58
50,6,7,2023,154520.79
50,6,9,2023,13.96
50,6,11,2023,1251149.49
50,6,12,2023,3076962.56
50,6,13,2023,0.0
50,6,15,2023,1241253.16
50,6,21,2023,51790.47
50,6,24,2023,3237.63
50,6,25,2023,419.7
50,6,29,2023,3207.74
50,6,30,2023,1008.69
50,6,33,2023,619794.63
50,6,39,2023,86.29
50,6,40,2023,5707.5
50,6,41,2023,2232.42
51,1,0,2023,424.41
51,1,3,2023,26523288.3
51,1,4,2023,822850.94
51,1,6,2023,2983898.73
51,1,7,2023,0.0
51,1,9,2023,56891.72
51,1,11,2023,837294.54
51,1,12,2023,512747.94
51,1,15,2023,11242301.92
51,1,20,2023,92191.5
51,1,21,2023,1393375.43
51,1,24,2023,55391.85
51,1,25,2023,31561.74
51,1,29,2023,191270.24
51,1,30,2023,80985.96
51,1,31,2023,270.17
51,1,33,2023,342043.24
51,1,39,2023,4856433.79
51,1,41,2023,1161486.38
51,1,62,2023,6673.34
51,3,0,2023,322.64
51,3,3,2023,6785512.41
51,3,4,2023,8806090.47
51,3,6,2023,134.53
51,3,7,2023,0.17
51,3,9,2023,97180.99
51,3,11,2023,2548297.39
51,3,12,2023,1231337.59
51,3,15,2023,6914984.73
51,3,20,2023,56127.14
51,3,21,2023,663146.76
51,3,24,2023,82921.95
51,3,25,2023,21173.48
51,3,29,2023,93912.03
51,3,30,2023,20699.23
51,3,31,2023,1649.26
51,3,33,2023,181787.65
51,3,39,2023,5849143.72
51,3,41,2023,389266.04
51,3,62,2023,29867.17
51,6,0,2023,356.0
51,6,3,2023,683154.4
51,6,4,2023,1382727.92
51,6,7,2023,67992.74
51,6,9,2023,285.77
51,6,11,2023,716693.87
51,6,12,2023,1302418.83
51,6,15,2023,748499.27
51,6,20,2023,0.09
51,6,21,2023,24159.74
51,6,24,2023,3063.04
51,6,25,2023,476.33
51,6,29,2023,0.09
51,6,30,2023,58.98
51,6,31,2023,55.54
51,6,33,2023,419510.37
51,6,39,2023,1487.56
51,6,41,2023,526.43
52,3,3,2023,5674718.82
52,3,4,2023,4803949.51
52,3,9,2023,157776.49
52,3,11,2023,473629.75
52,3,12,2023,503547.86
52,3,15,2023,13763960.59
52,3,20,2023,945784.43
52,3,21,2023,1697852.06
52,3,24,2023,222365.98
52,3,25,2023,35519.9
52,3,29,2023,152136.08
52,3,30,2023,10282.83
52,3,31,2023,144.09
52,3,33,2023,388198.2
52,3,39,2023,4286235.31
52,3,40,2023,4346.02
52,3,41,2023,332442.28
52,3,46,2023,4688.16
52,3,47,2023,1829.77
52,3,48,2023,334.62
52,3,62,2023,10603.39
52,3,75,2023,0.0
52,4,3,2023,76120.24
52,4,4,2023,14.9
52,4,9,2023,429.52
52,4,11,2023,28.25
52,4,12,2023,0.0
52,4,15,2023,267988.9
52,4,20,2023,75959.84
52,4,21,2023,31529.8
52,4,24,2023,1263.24
52,4,25,2023,647.88
52,4,31,2023,0.0
52,4,33,2023,77165.18
52,4,39,2023,19653.31
52,4,41,2023,3137.04
53,3,3,2023,83294.06
53,3,4,2023,171862.75
53,3,9,2023,2263.71
53,3,11,2023,3728.85
53,3,12,2023,21422.49
53,3,15,2023,88270.88
53,3,21,2023,18217.97
53,3,24,2023,70512.68
53,3,25,2023,1708.81
53,3,30,2023,526.49
53,3,31,2023,16.63
53,3,33,2023,6635.52
53,3,39,2023,104956.06
53,3,41,2023,2463.12
53,3,46,2023,205.78
53,3,48,2023,5.25
53,3,62,2023,0.0
11,1,0,2024,0.96
11,1,3,2024,11754781.17
11,1,4,2024,449915.19
11,1,6,2024,753284.62
11,1,9,2024,357.23
11,1,11,2024,674231.24
11,1,12,2024,240483.12
11,1,15,2024,8247950.34
11,1,21,2024,505680.98
11,1,24,2024,54971.41
11,1,25,2024,43009.53
11,1,29,2024,54082.94
11,1,30,2024,20705.08
11,1,31,2024,6486.21
11,1,33,2024,271535.38
11,1,39,2024,390463.74
11,1,41,2024,31766.8
11,1,75,2024,26.88
11,3,0,2024,15.12
11,3,3,2024,141403.26
11,3,4,2024,59532.59
11,3,9,2024,426.45
11,3,11,2024,641.4
11,3,12,2024,3355.69
11,3,15,2024,21862.42
11,3,21,2024,6128.21
11,3,24,2024,4142.63
11,3,25,2024,709.19
11,3,29,2024,0.35
11,3,33,2024,118.71
11,3,39,2024,24405.75
11,3,41,2024,810.37
12,1,3,2024,13738626.0
12,1,4,2024,2614.65
12,1,6,2024,71655.99
12,1,11,2024,4333.72
12,1,12,2024,1932.66
12,1,15,2024,2330813.09
12,1,21,2024,104706.5
12,1,24,2024,27264.51
12,1,25,2024,27042.7
12,1,31,2024,307.24
12,1,33,2024,62690.08
12,1,39,2024,7980.18
12,1,41,2024,3039.08
13,1,3,2024,122656366.73
13,1,4,2024,226164.44
13,1,6,2024,22469375.5
13,1,11,2024,1917494.25
13,1,12,2024,594415.18
13,1,15,2024,2490093.59
13,1,20,2024,4879.84
13,1,21,2024,453871.78
13,1,24,2024,64240.05
13,1,25,2024,44198.14
13,1,29,2024,2176.28
13,1,30,2024,35759.35
13,1,31,2024,128.62
13,1,33,2024,4865591.09
13,1,35,2024,57.47
13,1,39,2024,1119.4
13,1,41,2024,2582.58
14,1,3,2024,13752425.31
14,1,4,2024,272419.86
14,1,6,2024,2582717.15
14,1,9,2024,8769.39
14,1,11,2024,1288356.27
14,1,12,2024,2720706.82
14,1,15,2024,804569.2
14,1,21,2024,264802.09
14,1,24,2024,20420.35
14,1,25,2024,8026.62
14,1,29,2024,81891.49
14,1,30,2024,5636.0
14,1,31,2024,2112.03
14,1,33,2024,338951.08
14,1,35,2024,82.23
14,1,39,2024,153270.84
14,1,41,2024,11420.72
15,1,0,2024,4.15
15,1,3,2024,84003448.15
15,1,4,2024,1244886.2
15,1,5,2024,237514.35
15,1,6,2024,6977287.66
15,1,9,2024,102830.95
15,1,11,2024,2428160.37
15,1,12,2024,981233.38
15,1,15,2024,19769143.76
15,1,20,2024,22427.76
15,1,21,2024,1725960.05
15,1,23,2024,1866.67
15,1,24,2024,158148.04
15,1,25,2024,86106.74
15,1,29,2024,227885.4
15,1,30,2024,244499.78
15,1,31,2024,373.06
15,1,32,2024,920.68
15,1,33,2024,4274852.75
15,1,35,2024,245782.15
15,1,39,2024,769939.85
15,1,40,2024,2609.96
15,1,41,2024,164667.09
15,3,0,2024,38.87
15,3,3,2024,176115.38
15,3,4,2024,124275.53
15,3,6,2024,84.76
15,3,9,2024,30.61
15,3,11,2024,52037.43
15,3,12,2024,74925.31
15,3,15,2024,329585.19
15,3,21,2024,22459.0
15,3,24,2024,2311.15
15,3,25,2024,286.15
15,3,29,2024,0.97
15,3,30,2024,110.07
15,3,31,2024,0.0
15,3,33,2024,24428.04
15,3,39,2024,63250.8
15,3,41,2024,1062.92
16,1,3,2024,9941362.08
16,1,4,2024,3213.31
16,1,5,2024,92335.44
16,1,6,2024,1566667.0
16,1,9,2024,89142.07
16,1,11,2024,1948830.79
16,1,12,2024,25476.32
16,1,15,2024,41009.0
16,1,21,2024,27547.85
16,1,24,2024,16014.28
16,1,25,2024,3492.17
16,1,30,2024,7045.64
16,1,31,2024,0.0
16,1,33,2024,409853.18
16,1,39,2024,15485.95
16,1,41,2024,4285.67
17,1,0,2024,2.48
17,1,3,2024,359884.08
17,1,4,2024,19866.1
17,1,6,2024,120211.39
17,1,9,2024,546.65
17,1,11,2024,17079.16
17,1,12,2024,59845.24
17,1,15,2024,1580629.61
17,1,21,2024,178297.72
17,1,24,2024,3128.07
17,1,25,2024,2512.84
17,1,29,2024,28883.77
17,1,30,2024,161.22
17,1,31,2024,0.0
17,1,33,2024,42746.76
17,1,39,2024,26068.54
17,1,40,2024,0.0
17,1,41,2024,21694.09
17,3,0,2024,14.17
17,3,3,2024,5525817.95
17,3,4,2024,7692062.85
17,3,6,2024,14.18
17,3,9,2024,73618.7
17,3,11,2024,2096134.59
17,3,12,2024,1333143.77
17,3,15,2024,5998162.76
17,3,20,2024,29351.3
17,3,21,2024,727526.58
17,3,23,2024,328.2
17,3,24,2024,59850.26
17,3,25,2024,17764.84
17,3,29,2024,41184.98
17,3,30,2024,433.64
17,3,31,2024,293.56
17,3,33,2024,292901.68
17,3,39,2024,1171212.79
17,3,40,2024,103958.15
17,3,41,2024,116981.56
17,3,62,2024,0.0
17,3,75,2024,39.33
21,1,0,2024,3.12
21,1,3,2024,4221856.0
21,1,4,2024,105709.48
21,1,5,2024,416847.92
21,1,6,2024,405887.1
21,1,9,2024,77558.76
21,1,11,2024,423920.83
21,1,12,2024,55470.16
21,1,15,2024,4465271.99
21,1,21,2024,376091.88
21,1,23,2024,5888.9
21,1,24,2024,67951.0
21,1,25,2024,27954.67
21,1,29,2024,90.33
21,1,30,2024,13817.45
21,1,31,2024,335.01
21,1,32,2024,24444.92
21,1,33,2024,306039.43
21,1,39,2024,196846.54
21,1,41,2024,47735.66
21,1,50,2024,1.61
21,3,0,2024,48.51
21,3,3,2024,8765839.59
21,3,4,2024,5186929.28
21,3,5,2024,68596.19
21,3,6,2024,63.87
21,3,9,2024,92529.53
21,3,11,2024,129462.5
21,3,12,2024,638667.16
21,3,15,2024,4103596.82
21,3,20,2024,27690.34
21,3,21,2024,1019840.82
21,3,23,2024,111282.75
21,3,24,2024,75024.59
21,3,25,2024,29418.86
21,3,29,2024,6782.57
21,3,30,2024,383.11
21,3,31,2024,307.56
21,3,32,2024,5664.31
21,3,33,2024,138338.11
21,3,39,2024,1030031.29
21,3,41,2024,41797.09
21,3,48,2024,7.77
21,3,50,2024,233364.3
21,3,62,2024,0.0
21,3,91,2024,436.96
22,2,3,2024,1044945.09
22,2,4,2024,8892992.8
22,2,5,2024,5518.98
22,2,9,2024,1195.77
22,2,11,2024,0.54
22,2,12,2024,28953.5
22,2,15,2024,1438051.49
22,2,21,2024,203477.44
22,2,23,2024,14944.39
22,2,24,2024,33782.82
22,2,25,2024,27564.41
22,2,29,2024,14903.0
22,2,31,2024,1594.2
22,2,32,2024,1611.42
22,2,33,2024,29872.44
22,2,39,2024,10039.92
22,2,41,2024,108301.84
22,2,48,2024,5206.2
22,2,50,2024,4790.05
22,2,62,2024,0.0
22,2,75,2024,2284.46
22,2,91,2024,3350.85
22,3,3,2024,2346080.26
22,3,4,2024,7863639.43
22,3,5,2024,3.48
22,3,9,2024,17369.81
22,3,11,2024,92795.05
22,3,12,2024,264166.43
22,3,15,2024,773568.1
22,3,20,2024,20901.87
22,3,21,2024,463825.87
22,3,23,2024,2.41
22,3,24,2024,55274.08
22,3,25,2024,28842.36
22,3,29,2024,76441.08
22,3,30,2024,684.34
22,3,31,2024,51.44
22,3,33,2024,61677.53
22,3,39,2024,1146822.68
22,3,41,2024,86975.73
22,3,48,2024,151.32
22,3,62,2024,0.0
22,3,75,2024,2345.55
23,2,3,2024,745760.28
23,2,4,2024,9575016.75
23,2,5,2024,18113.91
23,2,9,2024,6.41
23,2,12,2024,79.28
23,2,15,2024,3049717.08
23,2,21,2024,409198.34
23,2,23,2024,60161.63
23,2,24,2024,161458.9
23,2,25,2024,27156.83
23,2,29,2024,2049.63
23,2,30,2024,2303.41
23,2,31,2024,10754.47
23,2,32,2024,3937.8
23,2,33,2024,232651.08
23,2,39,2024,26.87
23,2,41,2024,304854.94
23,2,48,2024,272789.58
23,2,50,2024,4813.3
23,2,75,2024,3366.9
23,2,91,2024,2647.2
24,2,3,2024,56308.5
24,2,4,2024,2640081.97
24,2,5,2024,5007.38
24,2,11,2024,0.18
24,2,12,2024,23779.53
24,2,13,2024,12756.12
24,2,15,2024,1481719.63
24,2,20,2024,5530.92
24,2,21,2024,214259.5
24,2,23,2024,32260.27
24,2,24,2024,58628.09
24,2,25,2024,5938.5
24,2,29,2024,5654.37
24,2,30,2024,125.75
24,2,31,2024,36559.52
24,2,32,2024,4762.08
24,2,33,2024,76773.37
24,2,41,2024,374098.08
24,2,48,2024,25384.89
24,2,49,2024,0.09
24,2,50,2024,2767.58
24,2,75,2024,3676.11
24,2,91,2024,8579.16
24,4,3,2024,26363.96
24,4,4,2024,785.85
24,4,5,2024,7389.65
24,4,9,2024,13.44
24,4,11,2024,5288.51
24,4,12,2024,0.0
24,4,15,2024,4794.16
24,4,20,2024,27712.34
24,4,21,2024,31031.51
24,4,23,2024,6375.84
24,4,24,2024,16256.68
24,4,25,2024,139.8
24,4,31,2024,2524.42
24,4,32,2024,936.58
24,4,33,2024,7782.4
24,4,41,2024,52918.15
24,4,48,2024,309.85
24,4,49,2024,809.84
24,4,50,2024,13248.22
24,4,91,2024,129.53
25,2,3,2024,58251.93
25,2,4,2024,2991288.8
25,2,11,2024,0.0
25,2,12,2024,18477.95
25,2,13,2024,3715.23
25,2,15,2024,1950550.65
25,2,20,2024,16030.83
25,2,21,2024,86651.49
25,2,24,2024,39543.62
25,2,25,2024,11760.32
25,2,29,2024,5291.57
25,2,30,2024,6.22
25,2,31,2024,50.66
25,2,33,2024,48805.63
25,2,41,2024,2893.93
25,2,48,2024,197.1
25,2,75,2024,1332.4
25,2,91,2024,1025.98
25,4,3,2024,65726.33
25,4,4,2024,11025.45
25,4,5,2024,11989.98
25,4,9,2024,705.85
25,4,11,2024,11204.99
25,4,15,2024,51438.22
25,4,20,2024,94476.85
25,4,21,2024,49043.73
25,4,23,2024,545.6
25,4,24,2024,21856.35
25,4,25,2024,332.8
25,4,30,2024,278.45
25,4,31,2024,711.61
25,4,32,2024,200.99
25,4,33,2024,5132.61
25,4,41,2024,85643.06
25,4,48,2024,3.38
25,4,50,2024,106.11
25,4,75,2024,0.09
25,4,91,2024,70.08
26,2,3,2024,50781.81
26,2,4,2024,4994842.65
26,2,12,2024,38903.06
26,2,13,2024,90849.09
26,2,15,2024,2566870.14
26,2,20,2024,503.79
26,2,21,2024,144264.39
26,2,24,2024,68253.44
26,2,25,2024,23429.48
26,2,29,2024,1143.41
26,2,30,2024,831.01
26,2,31,2024,0.0
26,2,33,2024,100720.43
26,2,41,2024,99774.91
26,2,48,2024,73801.68
26,2,75,2024,2702.21
26,2,91,2024,1186.67
26,4,3,2024,216503.69
26,4,4,2024,84993.14
26,4,5,2024,15290.69
26,4,9,2024,191.59
26,4,11,2024,4848.37
26,4,15,2024,642574.52
26,4,20,2024,359684.54
26,4,21,2024,141920.38
26,4,23,2024,139.91
26,4,24,2024,57515.12
26,4,25,2024,621.01
26,4,30,2024,936.92
26,4,31,2024,1350.9
26,4,32,2024,413.5
26,4,33,2024,17965.28
26,4,41,2024,29.06
26,4,50,2024,1.33
26,4,75,2024,86.17
26,4,91,2024,34.02
27,2,3,2024,6855.95
27,2,4,2024,354056.32
27,2,9,2024,1.85
27,2,11,2024,0.0
27,2,12,2024,155.49
27,2,13,2024,0.0
27,2,15,2024,915674.24
27,2,20,2024,762.84
27,2,21,2024,13939.68
27,2,24,2024,10208.69
27,2,25,2024,839.38
27,2,29,2024,16.69
27,2,30,2024,7.93
27,2,31,2024,0.0
27,2,33,2024,12976.62
27,2,41,2024,5249.1
27,2,48,2024,329.85
27,4,3,2024,188115.67
27,4,4,2024,32983.87
27,4,5,2024,4473.94
27,4,9,2024,895.96
27,4,11,2024,15753.54
27,4,12,2024,0.0
27,4,15,2024,612905.89
27,4,20,2024,461961.22
27,4,21,2024,70939.26
27,4,23,2024,4061.97
27,4,24,2024,29598.47
27,4,25,2024,703.69
27,4,29,2024,0.0
27,4,31,2024,44.99
27,4,32,2024,10.66
27,4,33,2024,25268.94
27,4,41,2024,443.12
27,4,49,2024,2401.57
27,4,50,2024,10500.83
28,2,3,2024,22656.71
28,2,4,2024,264710.89
28,2,9,2024,123.54
28,2,12,2024,986.39
28,2,15,2024,809239.16
28,2,20,2024,17.32
28,2,21,2024,5783.7
28,2,24,2024,7348.76
28,2,25,2024,1416.41
28,2,30,2024,73.73
28,2,31,2024,0.0
28,2,33,2024,9329.48
28,2,41,2024,92039.09
28,4,3,2024,104792.63
28,4,4,2024,2829.75
28,4,5,2024,22063.72
28,4,9,2024,5756.59
28,4,11,2024,18367.17
28,4,12,2024,11292.97
28,4,15,2024,590373.81
28,4,20,2024,19179.17
28,4,21,2024,96182.47
28,4,23,2024,8007.54
28,4,24,2024,25473.27
28,4,25,2024,1035.52
28,4,29,2024,0.0
28,4,30,2024,940.44
28,4,31,2024,2117.35
28,4,32,2024,1319.89
28,4,33,2024,28493.97
28,4,41,2024,1976.37
28,4,49,2024,901.58
28,4,50,2024,37571.23
28,4,91,2024,43.05
29,2,3,2024,1119034.05
29,2,4,2024,19209427.58
29,2,9,2024,9247.67
29,2,11,2024,0.0
29,2,12,2024,245428.82
29,2,13,2024,488814.69
29,2,15,2024,11131829.37
29,2,20,2024,20720.23
29,2,21,2024,1684939.87
29,2,23,2024,58149.28
29,2,24,2024,131419.04
29,2,25,2024,83543.08
29,2,29,2024,93538.79
29,2,30,2024,5482.21
29,2,31,2024,5.86
29,2,33,2024,460285.09
29,2,39,2024,5438.2
29,2,41,2024,286039.08
29,2,46,2024,11287.33
29,2,48,2024,80385.08
29,2,62,2024,172.67
29,2,75,2024,3899.94
29,2,91,2024,6625.77
29,3,3,2024,266922.15
29,3,4,2024,5542488.82
29,3,9,2024,9737.65
29,3,11,2024,144590.47
29,3,12,2024,322629.67
29,3,15,2024,674439.63
29,3,21,2024,505331.91
29,3,24,2024,15003.01
29,3,25,2024,22979.93
29,3,29,2024,9464.78
29,3,31,2024,0.0
29,3,33,2024,7467.81
29,3,39,2024,2341865.53
29,3,41,2024,317424.54
29,3,46,2024,12262.65
29,3,48,2024,13028.28
29,3,62,2024,134639.14
29,3,75,2024,1719.42
29,3,91,2024,1684.46
29,4,3,2024,3138841.63
29,4,4,2024,628669.58
29,4,5,2024,71758.14
29,4,9,2024,718161.2
29,4,11,2024,128186.19
29,4,12,2024,15443.76
29,4,15,2024,5063797.65
29,4,20,2024,43843.25
29,4,21,2024,668676.47
29,4,23,2024,8242.84
29,4,24,2024,129531.79
29,4,25,2024,7617.31
29,4,29,2024,5636.3
29,4,30,2024,2609.31
29,4,31,2024,2295.83
29,4,32,2024,4242.43
29,4,33,2024,206200.49
29,4,41,2024,6673.44
29,4,46,2024,33450.67
29,4,48,2024,895.93
29,4,49,2024,16012.23
29,4,50,2024,91624.59
31,2,3,2024,90226.59
31,2,4,2024,1535461.9
31,2,9,2024,3954.44
31,2,11,2024,0.09
31,2,12,2024,3037.15
31,2,15,2024,1484053.68
31,2,20,2024,8620.54
31,2,21,2024,25165.29
31,2,24,2024,12061.06
31,2,25,2024,3480.27
31,2,29,2024,5284.41
31,2,30,2024,181.75
31,2,33,2024,24200.18
31,2,39,2024,1972.09
31,2,41,2024,36829.93
31,2,46,2024,1464.27
31,2,48,2024,18498.23
31,2,62,2024,0.0
31,2,75,2024,6468.42
31,3,0,2024,59.87
31,3,3,2024,4164540.32
31,3,4,2024,8175956.53
31,3,9,2024,1439299.6
31,3,11,2024,423747.12
31,3,12,2024,1222809.91
31,3,15,2024,9381950.59
31,3,20,2024,1034197.72
31,3,21,2024,1690854.96
31,3,24,2024,176671.79
31,3,25,2024,44413.96
31,3,29,2024,670653.86
31,3,30,2024,20438.78
31,3,31,2024,52.67
31,3,33,2024,445948.42
31,3,39,2024,1787463.66
31,3,41,2024,730394.8
31,3,46,2024,321392.09
31,3,47,2024,48014.96
31,3,48,2024,10696.72
31,3,62,2024,0.0
31,3,75,2024,7683.46
31,4,3,2024,5774692.91
31,4,4,2024,1696940.58
31,4,9,2024,597529.76
31,4,11,2024,18432.86
31,4,12,2024,702263.2
31,4,15,2024,11582464.59
31,4,20,2024,123421.67
31,4,21,2024,1235976.06
31,4,23,2024,7.64
31,4,24,2024,270165.09
31,4,25,2024,13797.45
31,4,29,2024,37882.85
31,4,30,2024,57088.62
31,4,31,2024,2.12
31,4,33,2024,287017.7
31,4,39,2024,86411.69
31,4,41,2024,565871.51
31,4,46,2024,535459.05
31,4,47,2024,5286.36
31,4,48,2024,2465.99
32,4,3,2024,1017420.59
32,4,4,2024,4611.53
32,4,5,2024,7072.98
32,4,9,2024,279814.7
32,4,11,2024,134671.57
32,4,12,2024,62150.8
32,4,15,2024,2298022.82
32,4,20,2024,46106.71
32,4,21,2024,333677.42
32,4,23,2024,5618.6
32,4,24,2024,75990.07
32,4,25,2024,4409.9
32,4,29,2024,28586.21
32,4,31,2024,0.0
32,4,32,2024,343.09
32,4,33,2024,56340.96
32,4,41,2024,27397.83
32,4,46,2024,177870.58
32,4,48,2024,2293.78
32,4,49,2024,17527.9
32,4,50,2024,26015.83
33,4,3,2024,1333047.12
33,4,4,2024,706.16
33,4,5,2024,10654.28
33,4,9,2024,7750.88
33,4,11,2024,107568.9
33,4,12,2024,57723.09
33,4,15,2024,2013218.83
33,4,20,2024,14238.16
33,4,21,2024,254869.59
33,4,23,2024,19124.87
33,4,24,2024,237474.25
33,4,25,2024,5271.59
33,4,29,2024,5164.89
33,4,30,2024,3290.68
33,4,31,2024,1663.84
33,4,32,2024,626.57
33,4,33,2024,107614.24
33,4,39,2024,225.82
33,4,41,2024,117329.92
33,4,46,2024,0.08
33,4,48,2024,0.0
33,4,49,2024,27735.7
33,4,50,2024,46741.81
33,4,91,2024,15.57
35,3,3,2024,842996.31
35,3,4,2024,33299.72
35,3,9,2024,501905.21
35,3,11,2024,92788.03
35,3,12,2024,3115.25
35,3,15,2024,636294.39
35,3,20,2024,2359191.65
35,3,21,2024,793566.62
35,3,24,2024,133757.21
35,3,25,2024,7481.52
35,3,30,2024,1208.74
35,3,31,2024,64.06
35,3,33,2024,115730.29
35,3,39,2024,673019.71
35,3,41,2024,37990.61
35,3,46,2024,45717.81
35,3,47,2024,220036.42
35,3,48,2024,19727.43
35,3,62,2024,0.0
35,4,3,2024,3796272.08
35,4,4,2024,5.97
35,4,5,2024,18256.37
35,4,9,2024,612131.31
35,4,11,2024,270124.83
35,4,12,2024,44350.47
35,4,15,2024,4625261.48
35,4,20,2024,3821228.0
35,4,21,2024,2353957.85
35,4,23,2024,1292.59
35,4,24,2024,688252.13
35,4,25,2024,16527.35
35,4,29,2024,120.83
35,4,30,2024,9167.73
35,4,31,2024,218.41
35,4,32,2024,122.33
35,4,33,2024,506328.32
35,4,39,2024,847902.94
35,4,40,2024,867.93
35,4,41,2024,250067.62
35,4,46,2024,61879.34
35,4,47,2024,126804.41
35,4,48,2024,16035.21
35,4,49,2024,226858.61
35,4,50,2024,4807.94
35,4,62,2024,0.0
35,4,75,2024,2029.64
41,3,3,2024,77790.75
41,3,4,2024,41.11
41,3,9,2024,74034.07
41,3,11,2024,566.42
41,3,12,2024,24634.73
41,3,15,2024,8369.7
41,3,21,2024,6901.16
41,3,24,2024,2315.75
41,3,25,2024,318.86
41,3,29,2024,4279.8
41,3,33,2024,279.3
41,3,39,2024,111721.25
41,3,41,2024,1097.52
41,3,46,2024,0.0
41,3,47,2024,56.6
41,3,48,2024,2.29
41,4,3,2024,5085744.51
41,4,5,2024,20779.0
41,4,9,2024,1155471.13
41,4,11,2024,221676.8
41,4,12,2024,35893.42
41,4,15,2024,3495025.04
41,4,20,2024,618445.41
41,4,21,2024,2017548.79
41,4,23,2024,545.34
41,4,24,2024,312341.65
41,4,25,2024,19597.72
41,4,29,2024,75.79
41,4,30,2024,6175.04
41,4,31,2024,1447.66
41,4,32,2024,188.14
41,4,33,2024,401170.39
41,4,39,2024,5837856.69
41,4,40,2024,16286.4
41,4,41,2024,199455.18
41,4,46,2024,24827.85
41,4,47,2024,9178.46
41,4,48,2024,2169.76
41,4,49,2024,127970.83
41,4,50,2024,4703.95
41,4,62,2024,0.0
42,4,3,2024,3745105.74
42,4,5,2024,7376.0
42,4,9,2024,1113663.33
42,4,11,2024,16369.73
42,4,12,2024,616376.45
42,4,15,2024,1177052.47
42,4,21,2024,1096835.14
42,4,23,2024,6340.44
42,4,24,2024,227613.26
42,4,25,2024,11474.11
42,4,29,2024,0.0
42,4,30,2024,3905.25
42,4,31,2024,247.38
42,4,32,2024,292.9
42,4,33,2024,152233.57
42,4,39,2024,718148.72
42,4,40,2024,160047.74
42,4,41,2024,373658.33
42,4,48,2024,3660.82
42,4,49,2024,85256.93
42,4,50,2024,14132.79
42,4,84,2024,23.85
42,4,91,2024,37.53
43,4,3,2024,2682484.11
43,4,9,2024,432171.41
43,4,11,2024,2913.8
43,4,12,2024,918202.01
43,4,15,2024,605510.53
43,4,21,2024,994048.87
43,4,23,2024,545.94
43,4,24,2024,141656.93
43,4,25,2024,10047.58
43,4,29,2024,1.18
43,4,30,2024,9.16
43,4,31,2024,43.77
43,4,33,2024,126486.18
43,4,39,2024,2542562.96
43,4,40,2024,39764.55
43,4,41,2024,214307.85
43,4,48,2024,50745.51
43,4,49,2024,2785.91
43,4,50,2024,4777.5
43,4,84,2024,5.79
43,4,91,2024,6.54
43,5,3,2024,2309718.17
43,5,9,2024,730767.19
43,5,11,2024,369723.98
43,5,12,2024,5648560.2
43,5,15,2024,153.17
43,5,21,2024,2324848.42
43,5,23,2024,128515.07
43,5,24,2024,142502.58
43,5,25,2024,50446.19
43,5,29,2024,23743.55
43,5,30,2024,4756.07
43,5,31,2024,176.31
43,5,33,2024,1834411.18
43,5,39,2024,4148503.16
43,5,40,2024,825567.45
43,5,41,2024,693694.09
43,5,48,2024,2598.96
43,5,49,2024,22368.97
43,5,50,2024,124036.05
43,5,84,2024,6834.73
43,5,91,2024,1590.64
50,3,3,2024,3693677.9
50,3,4,2024,1037735.22
50,3,7,2024,0.17
50,3,9,2024,1415382.96
50,3,11,2024,481698.86
50,3,12,2024,112122.95
50,3,15,2024,11061114.79
50,3,20,2024,410497.31
50,3,21,2024,1264637.89
50,3,24,2024,65176.14
50,3,25,2024,9236.64
50,3,29,2024,4091.16
50,3,30,2024,789.47
50,3,31,2024,183.24
50,3,33,2024,76568.28
50,3,39,2024,2480934.15
50,3,40,2024,197.44
50,3,41,2024,110632.21
50,3,47,2024,103.18
50,3,62,2024,0.0
50,4,3,2024,372707.75
50,4,4,2024,7.44
50,4,9,2024,11658.69
50,4,11,2024,384882.53
50,4,12,2024,11.78
50,4,15,2024,1096358.71
50,4,20,2024,318871.63
50,4,21,2024,365524.23
50,4,24,2024,18396.97
50,4,25,2024,4160.97
50,4,31,2024,311.49
50,4,33,2024,250775.71
50,4,39,2024,848559.28
50,4,40,2024,0.0
50,4,41,2024,69463.42
50,4,47,2024,154.69
50,4,48,2024,553.61
50,6,0,2024,0.08
50,6,3,2024,1365661.67
50,6,4,2024,2045990.22
50,6,7,2024,26616.59
50,6,9,2024,13.96
50,6,11,2024,193021.3
50,6,12,2024,4398155.53
50,6,13,2024,0.0
50,6,15,2024,1314356.8
50,6,21,2024,41219.71
50,6,24,2024,3254.77
50,6,25,2024,473.3
50,6,29,2024,3207.74
50,6,30,2024,1133.85
50,6,33,2024,341287.34
50,6,39,2024,98.81
50,6,40,2024,5941.08
50,6,41,2024,2060.28
51,1,0,2024,414.33
51,1,3,2024,26373908.47
51,1,4,2024,841397.2
51,1,6,2024,2977901.15
51,1,7,2024,0.0
51,1,9,2024,56400.5
51,1,11,2024,845884.1
51,1,12,2024,500210.23
51,1,15,2024,11162305.39
51,1,20,2024,93246.36
51,1,21,2024,1517176.9
51,1,24,2024,56471.07
51,1,25,2024,32367.41
51,1,29,2024,190674.16
51,1,30,2024,84394.25
51,1,31,2024,271.83
51,1,33,2024,356478.51
51,1,39,2024,4943592.15
51,1,41,2024,1138621.87
51,1,62,2024,19666.27
51,3,0,2024,322.68
51,3,3,2024,6739987.01
51,3,4,2024,8834760.25
51,3,6,2024,133.3
51,3,7,2024,0.0
51,3,9,2024,96933.81
51,3,11,2024,2537797.26
51,3,12,2024,1199905.23
51,3,15,2024,6846980.4
51,3,20,2024,49689.54
51,3,21,2024,780313.15
51,3,24,2024,83945.72
51,3,25,2024,18103.14
51,3,29,2024,93965.04
51,3,30,2024,22184.16
51,3,31,2024,1652.36
51,3,33,2024,180129.22
51,3,39,2024,5970901.52
51,3,41,2024,312492.96
51,3,62,2024,3358.6
51,6,0,2024,346.46
51,6,3,2024,672161.47
51,6,4,2024,1429065.12
51,6,7,2024,17169.59
51,6,9,2024,285.95
51,6,11,2024,140476.02
51,6,12,2024,2080878.63
51,6,15,2024,770062.98
51,6,20,2024,0.0
51,6,21,2024,18087.48
51,6,24,2024,3072.07
51,6,25,2024,489.57
51,6,29,2024,0.09
51,6,30,2024,59.15
51,6,31,2024,55.54
51,6,33,2024,217214.9
51,6,39,2024,1524.35
51,6,41,2024,517.59
52,3,3,2024,5649872.42
52,3,4,2024,4811114.75
52,3,9,2024,158023.21
52,3,11,2024,470296.15
52,3,12,2024,486592.53
52,3,15,2024,13597392.59
52,3,20,2024,825582.26
52,3,21,2024,1854430.17
52,3,24,2024,224717.94
52,3,25,2024,31508.88
52,3,29,2024,152145.95
52,3,30,2024,10904.97
52,3,31,2024,143.33
52,3,33,2024,386135.95
52,3,39,2024,4550909.74
52,3,40,2024,4541.61
52,3,41,2024,249077.99
52,3,46,2024,4683.19
52,3,47,2024,1937.64
52,3,48,2024,334.63
52,3,62,2024,0.26
52,3,75,2024,0.0
52,4,3,2024,77968.5
52,4,4,2024,15.24
52,4,9,2024,428.33
52,4,11,2024,27.32
52,4,12,2024,0.25
52,4,15,2024,263090.48
52,4,20,2024,74515.82
52,4,21,2024,35969.07
52,4,24,2024,1281.04
52,4,25,2024,718.95
52,4,31,2024,0.0
52,4,33,2024,73127.22
52,4,39,2024,25145.4
52,4,41,2024,1650.49
53,3,3,2024,82513.71
53,3,4,2024,172109.77
53,3,9,2024,2236.15
53,3,11,2024,3678.55
53,3,12,2024,20512.45
53,3,15,2024,87764.11
53,3,21,2024,19179.2
53,3,24,2024,71404.79
53,3,25,2024,1650.21
53,3,30,2024,546.74
53,3,31,2024,16.8
53,3,33,2024,6620.54
53,3,39,2024,105452.18
53,3,41,2024,2197.81
53,3,46,2024,202.77
53,3,48,2024,5.25
53,3,62,2024,0.0
11,1,0,2025,1.4
11,1,3,2025,11729437.56
11,1,4,2025,449072.77
11,1,6,2025,745838.53
11,1,9,2025,329.21
11,1,11,2025,655917.25
11,1,12,2025,240755.28
11,1,15,2025,8231422.83
11,1,21,2025,512208.78
11,1,24,2025,55370.94
11,1,25,2025,42563.95
11,1,29,2025,53740.31
11,1,30,2025,21348.56
11,1,31,2025,7014.33
11,1,33,2025,303744.53
11,1,39,2025,420071.62
11,1,41,2025,30864.3
11,1,75,2025,30.67
11,3,0,2025,15.9
11,3,3,2025,140501.5
11,3,4,2025,57273.77
11,3,9,2025,427.93
11,3,11,2025,634.41
11,3,12,2025,3161.47
11,3,15,2025,22473.24
11,3,21,2025,8644.35
11,3,24,2025,4161.04
11,3,25,2025,620.02
11,3,29,2025,0.26
11,3,33,2025,116.79
11,3,39,2025,24738.32
11,3,41,2025,783.13
12,1,3,2025,13706598.36
12,1,4,2025,2614.2
12,1,6,2025,71581.63
12,1,11,2025,4065.83
12,1,12,2025,1823.51
12,1,15,2025,2354545.36
12,1,21,2025,109529.31
12,1,24,2025,28154.95
12,1,25,2025,26274.47
12,1,31,2025,340.05
12,1,33,2025,66461.34
12,1,39,2025,7980.18
12,1,41,2025,3037.24
13,1,3,2025,122563827.18
13,1,4,2025,225841.67
13,1,6,2025,22410535.69
13,1,11,2025,1692700.06
13,1,12,2025,584590.86
13,1,15,2025,2583239.52
13,1,20,2025,4878.14
13,1,21,2025,471652.39
13,1,24,2025,65407.12
13,1,25,2025,43248.57
13,1,29,2025,2164.53
13,1,30,2025,38049.82
13,1,31,2025,139.96
13,1,33,2025,5138477.17
13,1,35,2025,57.47
13,1,39,2025,1124.7
13,1,41,2025,2579.46
14,1,3,2025,13716272.51
14,1,4,2025,267039.28
14,1,6,2025,2578448.68
14,1,9,2025,8824.49
14,1,11,2025,1246969.5
14,1,12,2025,2707198.05
14,1,15,2025,836755.72
14,1,21,2025,283849.72
14,1,24,2025,20699.75
14,1,25,2025,6809.23
14,1,29,2025,81888.62
14,1,30,2025,5845.28
14,1,31,2025,2103.28
14,1,33,2025,387164.15
14,1,35,2025,82.14
14,1,39,2025,155193.23
14,1,41,2025,11433.84
15,1,0,2025,3.27
15,1,3,2025,83823015.1
15,1,4,2025,1243560.17
15,1,5,2025,237159.31
15,1,6,2025,6945163.03
15,1,9,2025,102901.43
15,1,11,2025,2246971.21
15,1,12,2025,973333.42
15,1,15,2025,19781658.74
15,1,20,2025,23882.74
15,1,21,2025,1858159.57
15,1,23,2025,1713.36
15,1,24,2025,161008.64
15,1,25,2025,83255.61
15,1,29,2025,226428.25
15,1,30,2025,260898.59
15,1,31,2025,405.86
15,1,32,2025,866.33
15,1,33,2025,4481187.95
15,1,35,2025,245782.59
15,1,39,2025,815925.35
15,1,40,2025,1427.4
15,1,41,2025,155841.01
15,3,0,2025,31.71
15,3,3,2025,172177.57
15,3,4,2025,104063.92
15,3,6,2025,86.79
15,3,9,2025,30.88
15,3,11,2025,45548.81
15,3,12,2025,65235.39
15,3,15,2025,369681.45
15,3,21,2025,22929.09
15,3,24,2025,2341.51
15,3,25,2025,370.82
15,3,29,2025,1.06
15,3,30,2025,119.28
15,3,31,2025,0.0
15,3,33,2025,24099.67
15,3,39,2025,63214.08
15,3,41,2025,1070.15
16,1,3,2025,9939631.71
16,1,4,2025,3214.02
16,1,5,2025,92293.73
16,1,6,2025,1564088.49
16,1,9,2025,89220.56
16,1,11,2025,1917120.43
16,1,12,2025,25310.24
16,1,15,2025,42839.11
16,1,21,2025,42401.98
16,1,24,2025,16359.45
16,1,25,2025,3469.31
16,1,30,2025,8905.7
16,1,31,2025,0.0
16,1,33,2025,427121.27
16,1,39,2025,15534.85
16,1,41,2025,4249.92
17,1,0,2025,1.59
17,1,3,2025,358805.26
17,1,4,2025,19883.1
17,1,6,2025,120073.82
17,1,9,2025,547.81
17,1,11,2025,18638.56
17,1,12,2025,58966.3
17,1,15,2025,1578155.4
17,1,21,2025,181350.41
17,1,24,2025,3201.1
17,1,25,2025,2297.76
17,1,29,2025,28342.02
17,1,30,2025,162.02
17,1,31,2025,1.51
17,1,33,2025,43355.93
17,1,39,2025,26073.41
17,1,40,2025,5.04
17,1,41,2025,21696.68
17,3,0,2025,13.2
17,3,3,2025,5463572.71
17,3,4,2025,7411837.12
17,3,6,2025,14.09
17,3,9,2025,73699.36
17,3,11,2025,2059891.52
17,3,12,2025,1308961.61
17,3,15,2025,6246019.78
17,3,20,2025,31115.62
17,3,21,2025,843209.86
17,3,23,2025,326.18
17,3,24,2025,60630.91
17,3,25,2025,15462.24
17,3,29,2025,41192.0
17,3,30,2025,447.39
17,3,31,2025,276.53
17,3,33,2025,290733.25
17,3,39,2025,1173199.15
17,3,40,2025,142849.14
17,3,41,2025,117214.74
17,3,62,2025,86.57
17,3,75,2025,42.86
21,1,0,2025,3.57
21,1,3,2025,4205904.26
21,1,4,2025,104777.7
21,1,5,2025,417384.3
21,1,6,2025,403272.59
21,1,9,2025,77667.8
21,1,11,2025,396406.82
21,1,12,2025,54748.82
21,1,15,2025,4446045.17
21,1,21,2025,408348.1
21,1,23,2025,5590.39
21,1,24,2025,69735.41
21,1,25,2025,29376.31
21,1,29,2025,79.99
21,1,30,2025,14273.37
21,1,31,2025,442.33
21,1,32,2025,23297.05
21,1,33,2025,337849.81
21,1,39,2025,196701.9
21,1,41,2025,47815.62
21,1,50,2025,1.43
21,3,0,2025,50.48
21,3,3,2025,8539005.35
21,3,4,2025,5031562.69
21,3,5,2025,69096.38
21,3,6,2025,63.24
21,3,9,2025,92152.59
21,3,11,2025,128376.25
21,3,12,2025,622097.46
21,3,15,2025,4378827.78
21,3,20,2025,27789.32
21,3,21,2025,1082714.84
21,3,23,2025,110455.05
21,3,24,2025,77394.52
21,3,25,2025,23542.54
21,3,29,2025,6786.39
21,3,30,2025,449.59
21,3,31,2025,328.97
21,3,32,2025,5380.06
21,3,33,2025,137314.07
21,3,39,2025,1100172.04
21,3,41,2025,38683.55
21,3,48,2025,7.86
21,3,50,2025,233401.55
21,3,62,2025,0.0
21,3,91,2025,451.34
22,2,3,2025,1035191.39
22,2,4,2025,8800060.31
22,2,5,2025,5718.26
22,2,9,2025,1078.53
22,2,11,2025,0.27
22,2,12,2025,32682.95
22,2,15,2025,1476507.34
22,2,21,2025,258302.15
22,2,23,2025,14916.3
22,2,24,2025,35041.13
22,2,25,2025,32288.59
22,2,29,2025,14992.53
22,2,31,2025,1612.86
22,2,32,2025,1419.73
22,2,33,2025,28325.03
22,2,39,2025,10926.77
22,2,41,2025,108526.1
22,2,48,2025,5225.29
22,2,50,2025,4806.21
22,2,62,2025,0.0
22,2,75,2025,2316.51
22,2,91,2025,3443.37
22,3,3,2025,2331988.28
22,3,4,2025,7650326.09
22,3,5,2025,3.48
22,3,9,2025,17256.15
22,3,11,2025,90478.71
22,3,12,2025,250726.67
22,3,15,2025,906581.56
22,3,20,2025,21735.19
22,3,21,2025,560855.51
22,3,23,2025,2.41
22,3,24,2025,56712.72
22,3,25,2025,24769.04
22,3,29,2025,76470.23
22,3,30,2025,718.26
22,3,31,2025,52.95
22,3,33,2025,61256.8
22,3,39,2025,1165487.49
22,3,41,2025,83415.47
22,3,48,2025,150.87
22,3,62,2025,0.0
22,3,75,2025,2630.97
23,2,3,2025,741991.16
23,2,4,2025,9300844.94
23,2,5,2025,18713.75
23,2,9,2025,6.41
23,2,12,2025,262.55
23,2,15,2025,3194065.37
23,2,21,2025,538910.0
23,2,23,2025,60542.03
23,2,24,2025,166212.77
23,2,25,2025,28653.21
23,2,29,2025,2120.67
23,2,30,2025,2427.6
23,2,31,2025,12702.46
23,2,32,2025,3425.64
23,2,33,2025,227614.06
23,2,39,2025,32.73
23,2,41,2025,304394.76
23,2,48,2025,272255.76
23,2,50,2025,4593.91
23,2,75,2025,4314.3
23,2,91,2025,2780.52
24,2,3,2025,59705.05
24,2,4,2025,2605884.22
24,2,5,2025,5197.33
24,2,11,2025,0.18
24,2,12,2025,23306.82
24,2,13,2025,15152.09
24,2,15,2025,1461213.85
24,2,20,2025,8045.78
24,2,21,2025,257993.87
24,2,23,2025,30837.62
24,2,24,2025,60870.3
24,2,25,2025,8437.05
24,2,29,2025,6049.15
24,2,30,2025,125.39
24,2,31,2025,36845.55
24,2,32,2025,4561.81
24,2,33,2025,74911.65
24,2,41,2025,374106.1
24,2,48,2025,25372.96
24,2,49,2025,0.09
24,2,50,2025,2620.99
24,2,75,2025,4350.06
24,2,91,2025,9063.65
24,4,3,2025,26436.66
24,4,4,2025,788.78
24,4,5,2025,7583.25
24,4,9,2025,13.44
24,4,11,2025,5310.12
24,4,12,2025,0.0
24,4,15,2025,5328.38
24,4,20,2025,28145.7
24,4,21,2025,29691.81
24,4,23,2025,6235.74
24,4,24,2025,16552.29
24,4,25,2025,180.6
24,4,31,2025,2549.05
24,4,32,2025,765.47
24,4,33,2025,7737.15
24,4,41,2025,52935.23
24,4,48,2025,309.76
24,4,49,2025,818.29
24,4,50,2025,13294.68
24,4,91,2025,134.34
25,2,3,2025,60064.66
25,2,4,2025,2921250.17
25,2,11,2025,0.09
25,2,12,2025,17716.42
25,2,13,2025,5289.17
25,2,15,2025,1996858.27
25,2,20,2025,16884.8
25,2,21,2025,104137.93
25,2,24,2025,40569.47
25,2,25,2025,14585.82
25,2,29,2025,5734.63
25,2,30,2025,6.39
25,2,31,2025,52.52
25,2,33,2025,47096.71
25,2,41,2025,2908.22
25,2,48,2025,196.13
25,2,75,2025,1354.32
25,2,91,2025,1168.6
25,4,3,2025,66150.66
25,4,4,2025,10995.04
25,4,5,2025,12058.21
25,4,9,2025,702.74
25,4,11,2025,11302.24
25,4,15,2025,53028.0
25,4,20,2025,95149.44
25,4,21,2025,45755.05
25,4,23,2025,504.76
25,4,24,2025,22363.06
25,4,25,2025,339.81
25,4,30,2025,289.18
25,4,31,2025,714.62
25,4,32,2025,144.46
25,4,33,2025,5203.77
25,4,41,2025,85600.01
25,4,48,2025,3.38
25,4,50,2025,114.99
25,4,75,2025,0.18
25,4,91,2025,72.92
26,2,3,2025,50695.91
26,2,4,2025,4922828.51
26,2,12,2025,37379.28
26,2,13,2025,95906.7
26,2,15,2025,2611485.59
26,2,20,2025,503.52
26,2,21,2025,165352.33
26,2,24,2025,69807.02
26,2,25,2025,25270.92
26,2,29,2025,1152.08
26,2,30,2025,886.94
26,2,31,2025,0.0
26,2,33,2025,99535.98
26,2,41,2025,99953.05
26,2,48,2025,73858.98
26,2,75,2025,3013.42
26,2,91,2025,1227.93
26,4,3,2025,217390.63
26,4,4,2025,84792.9
26,4,5,2025,15350.1
26,4,9,2025,206.61
26,4,11,2025,4898.47
26,4,15,2025,642531.89
26,4,20,2025,360337.69
26,4,21,2025,139942.73
26,4,23,2025,132.3
26,4,24,2025,58311.07
26,4,25,2025,628.54
26,4,30,2025,979.77
26,4,31,2025,1336.71
26,4,32,2025,376.23
26,4,33,2025,17732.49
26,4,41,2025,28.79
26,4,50,2025,0.0
26,4,75,2025,85.46
26,4,91,2025,37.74
27,2,3,2025,6936.76
27,2,4,2025,332942.7
27,2,9,2025,1.85
27,2,11,2025,0.0
27,2,12,2025,414.7
27,2,13,2025,0.0
27,2,15,2025,930423.27
27,2,20,2025,1016.21
27,2,21,2025,19256.11
27,2,24,2025,10494.81
27,2,25,2025,936.94
27,2,29,2025,16.69
27,2,30,2025,7.93
27,2,31,2025,10.32
27,2,33,2025,12938.8
27,2,41,2025,5345.95
27,2,48,2025,331.62
27,4,3,2025,188741.88
27,4,4,2025,32911.68
27,4,5,2025,4475.53
27,4,9,2025,2271.06
27,4,11,2025,15814.62
27,4,12,2025,0.0
27,4,15,2025,611279.04
27,4,20,2025,465311.71
27,4,21,2025,66633.93
27,4,23,2025,4027.16
27,4,24,2025,30281.05
27,4,25,2025,742.8
27,4,29,2025,0.0
27,4,31,2025,41.28
27,4,32,2025,9.95
27,4,33,2025,25184.53
27,4,41,2025,445.15
27,4,49,2025,2410.29
27,4,50,2025,10481.92
28,2,3,2025,22827.66
28,2,4,2025,253968.3
28,2,9,2025,104.05
28,2,12,2025,1012.88
28,2,15,2025,817534.52
28,2,20,2025,47.39
28,2,21,2025,7666.76
28,2,24,2025,7508.17
28,2,25,2025,1500.05
28,2,30,2025,76.01
28,2,31,2025,17.02
28,2,33,2025,9366.02
28,2,41,2025,92096.34
28,4,3,2025,105546.98
28,4,4,2025,2835.02
28,4,5,2025,22216.99
28,4,9,2025,5668.51
28,4,11,2025,18345.6
28,4,12,2025,11218.05
28,4,15,2025,573963.57
28,4,20,2025,45086.46
28,4,21,2025,85670.36
28,4,23,2025,7923.24
28,4,24,2025,25968.38
28,4,25,2025,1177.24
28,4,29,2025,0.0
28,4,30,2025,1014.4
28,4,31,2025,2127.25
28,4,32,2025,1253.0
28,4,33,2025,28539.32
28,4,41,2025,1978.57
28,4,49,2025,912.03
28,4,50,2025,37228.11
28,4,91,2025,45.42
29,2,3,2025,1119849.59
29,2,4,2025,19062823.36
29,2,9,2025,8876.82
29,2,11,2025,0.0
29,2,12,2025,257060.81
29,2,13,2025,512762.77
29,2,15,2025,11139103.26
29,2,20,2025,20739.81
29,2,21,2025,1768315.31
29,2,23,2025,57949.4
29,2,24,2025,135494.19
29,2,25,2025,87974.95
29,2,29,2025,103627.18
29,2,30,2025,5784.63
29,2,31,2025,3.41
29,2,33,2025,456389.23
29,2,39,2025,6423.91
29,2,41,2025,288554.15
29,2,46,2025,11439.78
29,2,48,2025,80427.52
29,2,62,2025,291.08
29,2,75,2025,5061.3
29,2,91,2025,6761.25
29,3,3,2025,263091.77
29,3,4,2025,5425666.98
29,3,9,2025,9740.22
29,3,11,2025,144411.01
29,3,12,2025,308177.06
29,3,15,2025,752884.31
29,3,21,2025,520725.79
29,3,24,2025,15266.07
29,3,25,2025,17606.23
29,3,29,2025,9480.25
29,3,31,2025,0.0
29,3,33,2025,6981.83
29,3,39,2025,2266884.92
29,3,41,2025,281644.04
29,3,46,2025,12215.45
29,3,48,2025,12909.53
29,3,62,2025,292541.45
29,3,75,2025,1724.05
29,3,91,2025,1728.87
29,4,3,2025,3145343.82
29,4,4,2025,627038.36
29,4,5,2025,72112.73
29,4,9,2025,715291.16
29,4,11,2025,128476.1
29,4,12,2025,15443.59
29,4,15,2025,5015419.18
29,4,20,2025,50071.47
29,4,21,2025,706269.32
29,4,23,2025,8009.68
29,4,24,2025,132227.14
29,4,25,2025,8681.84
29,4,29,2025,5641.51
29,4,30,2025,2724.19
29,4,31,2025,2333.19
29,4,32,2025,4063.84
29,4,33,2025,204098.39
29,4,41,2025,7040.06
29,4,46,2025,33602.52
29,4,48,2025,893.24
29,4,49,2025,16104.03
29,4,50,2025,91525.69
31,2,3,2025,90663.13
31,2,4,2025,1534610.66
31,2,9,2025,3737.94
31,2,11,2025,0.0
31,2,12,2025,3962.38
31,2,15,2025,1476670.49
31,2,20,2025,8652.15
31,2,21,2025,31616.69
31,2,24,2025,12247.58
31,2,25,2025,3481.8
31,2,29,2025,5297.47
31,2,30,2025,189.83
31,2,33,2025,23538.48
31,2,39,2025,2605.81
31,2,41,2025,36957.21
31,2,46,2025,1454.6
31,2,48,2025,18508.01
31,2,62,2025,0.0
31,2,75,2025,6766.05
31,3,0,2025,60.04
31,3,3,2025,4134214.34
31,3,4,2025,7928679.49
31,3,9,2025,1437397.67
31,3,11,2025,419725.77
31,3,12,2025,1180999.99
31,3,15,2025,9383177.59
31,3,20,2025,1075171.76
31,3,21,2025,1970924.37
31,3,24,2025,179120.0
31,3,25,2025,38159.51
31,3,29,2025,670902.7
31,3,30,2025,21368.12
31,3,31,2025,74.41
31,3,33,2025,437225.78
31,3,39,2025,1790850.95
31,3,41,2025,739821.58
31,3,46,2025,320947.39
31,3,47,2025,48248.59
31,3,48,2025,10679.23
31,3,62,2025,0.78
31,3,75,2025,9491.73
31,4,3,2025,5776936.59
31,4,4,2025,1692444.12
31,4,9,2025,598095.83
31,4,11,2025,18578.3
31,4,12,2025,700540.92
31,4,15,2025,11519769.24
31,4,20,2025,132871.34
31,4,21,2025,1285857.26
31,4,23,2025,7.64
31,4,24,2025,274521.84
31,4,25,2025,14803.68
31,4,29,2025,37858.24
31,4,30,2025,60004.37
31,4,31,2025,2.01
31,4,33,2025,284469.78
31,4,39,2025,86888.37
31,4,41,2025,565625.57
31,4,46,2025,536084.14
31,4,47,2025,5345.21
31,4,48,2025,2473.27
32,4,3,2025,1019759.74
32,4,4,2025,4608.66
32,4,5,2025,7125.27
32,4,9,2025,270381.99
32,4,11,2025,135129.84
32,4,12,2025,62094.01
32,4,15,2025,2278289.23
32,4,20,2025,53408.51
32,4,21,2025,350372.3
32,4,23,2025,5357.6
32,4,24,2025,77488.34
32,4,25,2025,4686.86
32,4,29,2025,28575.67
32,4,31,2025,0.0
32,4,32,2025,284.51
32,4,33,2025,56628.76
32,4,41,2025,27821.01
32,4,46,2025,177802.71
32,4,48,2025,2296.3
32,4,49,2025,17722.44
32,4,50,2025,26110.13
33,4,3,2025,1334853.39
33,4,4,2025,706.33
33,4,5,2025,10707.06
33,4,9,2025,7578.87
33,4,11,2025,107677.7
33,4,12,2025,57697.34
33,4,15,2025,1997378.55
33,4,20,2025,20305.78
33,4,21,2025,260125.96
33,4,23,2025,18441.65
33,4,24,2025,240419.83
33,4,25,2025,5434.94
33,4,29,2025,5171.37
33,4,30,2025,3391.45
33,4,31,2025,1670.97
33,4,32,2025,586.29
33,4,33,2025,106855.8
33,4,39,2025,242.78
33,4,41,2025,117645.09
33,4,46,2025,0.08
33,4,48,2025,0.0
33,4,49,2025,27921.08
33,4,50,2025,47228.98
33,4,91,2025,15.57
35,3,3,2025,835426.25
35,3,4,2025,31374.58
35,3,9,2025,502403.84
35,3,11,2025,90668.52
35,3,12,2025,2762.57
35,3,15,2025,586697.74
35,3,20,2025,2371057.27
35,3,21,2025,840567.26
35,3,24,2025,135155.5
35,3,25,2025,4052.77
35,3,30,2025,1254.44
35,3,31,2025,74.34
35,3,33,2025,114726.1
35,3,39,2025,677063.87
35,3,41,2025,39124.09
35,3,46,2025,45620.24
35,3,47,2025,220238.71
35,3,48,2025,19622.87
35,3,62,2025,0.0
35,4,3,2025,3802028.33
35,4,4,2025,4.56
35,4,5,2025,18236.0
35,4,9,2025,607704.69
35,4,11,2025,271023.72
35,4,12,2025,44243.92
35,4,15,2025,4429377.7
35,4,20,2025,3889822.4
35,4,21,2025,2460631.45
35,4,23,2025,1203.37
35,4,24,2025,697831.53
35,4,25,2025,16161.88
35,4,29,2025,120.17
35,4,30,2025,9590.22
35,4,31,2025,123.69
35,4,32,2025,108.24
35,4,33,2025,505591.88
35,4,39,2025,858454.59
35,4,40,2025,473.05
35,4,41,2025,249704.04
35,4,46,2025,61814.82
35,4,47,2025,126944.37
35,4,48,2025,16015.02
35,4,49,2025,226706.28
35,4,50,2025,4878.48
35,4,62,2025,0.0
35,4,75,2025,2077.29
41,3,3,2025,77239.41
41,3,4,2025,55.09
41,3,9,2025,74019.62
41,3,11,2025,550.41
41,3,12,2025,24148.62
41,3,15,2025,7955.68
41,3,21,2025,8462.71
41,3,24,2025,2356.78
41,3,25,2025,242.54
41,3,29,2025,4281.27
41,3,33,2025,275.71
41,3,39,2025,111668.74
41,3,41,2025,1093.76
41,3,46,2025,0.0
41,3,47,2025,56.68
41,3,48,2025,2.29
41,4,3,2025,5095609.89
41,4,5,2025,20763.08
41,4,9,2025,1150295.29
41,4,11,2025,221941.41
41,4,12,2025,35990.98
41,4,15,2025,3438641.34
41,4,20,2025,612259.44
41,4,21,2025,2002587.19
41,4,23,2025,513.51
41,4,24,2025,317592.02
41,4,25,2025,19843.88
41,4,29,2025,75.3
41,4,30,2025,6384.77
41,4,31,2025,1693.06
41,4,32,2025,182.4
41,4,33,2025,399934.88
41,4,39,2025,5912524.84
41,4,40,2025,17523.48
41,4,41,2025,192556.07
41,4,46,2025,23930.91
41,4,47,2025,9094.88
41,4,48,2025,2064.03
41,4,49,2025,127825.97
41,4,50,2025,4746.32
41,4,62,2025,0.0
42,4,3,2025,3751854.19
42,4,5,2025,7434.2
42,4,9,2025,1116845.21
42,4,11,2025,16358.14
42,4,12,2025,614780.05
42,4,15,2025,1183615.26
42,4,21,2025,1095185.36
42,4,23,2025,6319.37
42,4,24,2025,232550.57
42,4,25,2025,11691.05
42,4,29,2025,0.0
42,4,30,2025,4098.53
42,4,31,2025,284.11
42,4,32,2025,273.28
42,4,33,2025,151084.25
42,4,39,2025,729242.97
42,4,40,2025,138906.87
42,4,41,2025,366646.79
42,4,48,2025,3625.22
42,4,49,2025,85187.62
42,4,50,2025,13800.18
42,4,84,2025,24.71
42,4,91,2025,44.59
43,4,3,2025,2687270.76
43,4,9,2025,434821.28
43,4,11,2025,3005.69
43,4,12,2025,916077.65
43,4,15,2025,598557.27
43,4,21,2025,988096.37
43,4,23,2025,517.17
43,4,24,2025,144205.95
43,4,25,2025,10176.31
43,4,29,2025,1.18
43,4,30,2025,9.16
43,4,31,2025,48.09
43,4,33,2025,125378.6
43,4,39,2025,2550593.57
43,4,40,2025,41923.08
43,4,41,2025,210149.3
43,4,48,2025,50719.18
43,4,49,2025,2784.84
43,4,50,2025,4729.58
43,4,84,2025,5.79
43,4,91,2025,7.24
43,5,3,2025,2244129.09
43,5,9,2025,729246.14
43,5,11,2025,369639.76
43,5,12,2025,5573090.18
43,5,15,2025,155.68
43,5,21,2025,2316363.0
43,5,23,2025,127603.25
43,5,24,2025,144145.6
43,5,25,2025,50268.19
43,5,29,2025,23730.8
43,5,30,2025,4955.34
43,5,31,2025,179.67
43,5,33,2025,1832849.8
43,5,39,2025,4305240.8
43,5,40,2025,981480.42
43,5,41,2025,531118.28
43,5,48,2025,2526.09
43,5,49,2025,21619.98
43,5,50,2025,126535.29
43,5,84,2025,6943.14
43,5,91,2025,1695.64
50,3,3,2025,3660014.96
50,3,4,2025,1004760.32
50,3,7,2025,1.01
50,3,9,2025,1414422.39
50,3,11,2025,474177.81
50,3,12,2025,106348.0
50,3,15,2025,10744068.75
50,3,20,2025,395575.81
50,3,21,2025,1488152.67
50,3,24,2025,66076.9
50,3,25,2025,6056.73
50,3,29,2025,4092.26
50,3,30,2025,817.02
50,3,31,2025,228.76
50,3,33,2025,75842.69
50,3,39,2025,2674749.23
50,3,40,2025,1151.48
50,3,41,2025,108124.7
50,3,47,2025,118.46
50,3,62,2025,0.0
50,4,3,2025,373529.95
50,4,4,2025,7.53
50,4,9,2025,12025.79
50,4,11,2025,384585.95
50,4,12,2025,11.28
50,4,15,2025,1055106.2
50,4,20,2025,321677.67
50,4,21,2025,305600.42
50,4,24,2025,18666.14
50,4,25,2025,4347.55
50,4,31,2025,280.71
50,4,33,2025,250113.7
50,4,39,2025,946484.6
50,4,40,2025,2524.82
50,4,41,2025,66543.85
50,4,47,2025,338.99
50,4,48,2025,553.78
50,6,0,2025,0.59
50,6,3,2025,1363774.39
50,6,4,2025,1939027.79
50,6,7,2025,112623.17
50,6,9,2025,13.96
50,6,11,2025,870980.11
50,6,12,2025,3559934.1
50,6,13,2025,0.0
50,6,15,2025,1337975.49
50,6,21,2025,38661.1
50,6,24,2025,3319.5
50,6,25,2025,506.18
50,6,29,2025,3207.74
50,6,30,2025,1183.82
50,6,33,2025,502237.31
50,6,39,2025,723.02
50,6,40,2025,6327.26
50,6,41,2025,1997.52
51,1,0,2025,404.53
51,1,3,2025,26226874.17
51,1,4,2025,839780.48
51,1,6,2025,2964555.88
51,1,7,2025,0.0
51,1,9,2025,55284.15
51,1,11,2025,832135.82
51,1,12,2025,498691.73
51,1,15,2025,10973517.68
51,1,20,2025,93203.66
51,1,21,2025,1587634.78
51,1,24,2025,57180.59
51,1,25,2025,30907.89
51,1,29,2025,190059.43
51,1,30,2025,91309.98
51,1,31,2025,335.91
51,1,33,2025,387057.35
51,1,39,2025,5353638.31
51,1,41,2025,1008809.82
51,1,62,2025,0.0
51,3,0,2025,322.5
51,3,3,2025,6721235.25
51,3,4,2025,8649812.79
51,3,6,2025,135.05
51,3,7,2025,0.17
51,3,9,2025,96385.65
51,3,11,2025,2516389.63
51,3,12,2025,1155812.17
51,3,15,2025,6917300.62
51,3,20,2025,48126.33
51,3,21,2025,965525.78
51,3,24,2025,84897.68
51,3,25,2025,13035.1
51,3,29,2025,94116.27
51,3,30,2025,24656.18
51,3,31,2025,1799.96
51,3,33,2025,179259.57
51,3,39,2025,5995513.94
51,3,41,2025,309230.73
51,3,62,2025,0.0
51,6,0,2025,333.64
51,6,3,2025,672482.03
51,6,4,2025,1368255.3
51,6,7,2025,61642.2
51,6,9,2025,286.12
51,6,11,2025,624797.94
51,6,12,2025,1445441.38
51,6,15,2025,777772.64
51,6,20,2025,0.0
51,6,21,2025,26294.94
51,6,24,2025,3102.34
51,6,25,2025,484.67
51,6,29,2025,0.09
51,6,30,2025,102.67
51,6,31,2025,54.34
51,6,33,2025,368307.98
51,6,39,2025,1525.12
51,6,41,2025,583.57
52,3,3,2025,5612146.34
52,3,4,2025,4632848.4
52,3,9,2025,155330.41
52,3,11,2025,461457.77
52,3,12,2025,463397.58
52,3,15,2025,13507045.56
52,3,20,2025,848381.19
52,3,21,2025,2129597.47
52,3,24,2025,226758.34
52,3,25,2025,20353.1
52,3,29,2025,152199.08
52,3,30,2025,11338.63
52,3,31,2025,179.97
52,3,33,2025,382154.96
52,3,39,2025,4609941.47
52,3,40,2025,2932.3
52,3,41,2025,245728.81
52,3,46,2025,4674.04
52,3,47,2025,1969.43
52,3,48,2025,333.94
52,3,62,2025,1577.26
52,3,75,2025,0.09
52,4,3,2025,78261.95
52,4,4,2025,14.73
52,4,9,2025,426.72
52,4,11,2025,27.4
52,4,12,2025,0.25
52,4,15,2025,255967.22
52,4,20,2025,77607.97
52,4,21,2025,38253.93
52,4,24,2025,1316.21
52,4,25,2025,760.8
52,4,31,2025,1.27
52,4,33,2025,74456.52
52,4,39,2025,25152.38
52,4,41,2025,1690.76
53,3,3,2025,82143.04
53,3,4,2025,167360.29
53,3,9,2025,2026.79
53,3,11,2025,3626.22
53,3,12,2025,19409.6
53,3,15,2025,88447.13
53,3,21,2025,19332.13
53,3,24,2025,72030.46
53,3,25,2025,1495.06
53,3,30,2025,574.24
53,3,31,2025,24.47
53,3,33,2025,6579.82
53,3,39,2025,110953.12
53,3,41,2025,1928.86
53,3,46,2025,154.57
53,3,48,2025,5.25
53,3,62,2025,0.0
