estado_id,ano,mes,data,focos
11,1998,1,1998-01-01,0
12,1998,1,1998-01-01,0
13,1998,1,1998-01-01,0
14,1998,1,1998-01-01,0
15,1998,1,1998-01-01,0
16,1998,1,1998-01-01,0
17,1998,1,1998-01-01,0
21,1998,1,1998-01-01,0
22,1998,1,1998-01-01,0
23,1998,1,1998-01-01,0
24,1998,1,1998-01-01,0
25,1998,1,1998-01-01,0
26,1998,1,1998-01-01,0
27,1998,1,1998-01-01,0
28,1998,1,1998-01-01,0
29,1998,1,1998-01-01,0
31,1998,1,1998-01-01,0
32,1998,1,1998-01-01,0
33,1998,1,1998-01-01,0
35,1998,1,1998-01-01,0
41,1998,1,1998-01-01,0
42,1998,1,1998-01-01,0
43,1998,1,1998-01-01,0
50,1998,1,1998-01-01,0
51,1998,1,1998-01-01,0
52,1998,1,1998-01-01,0
53,1998,1,1998-01-01,0
11,1998,2,1998-02-01,0
12,1998,2,1998-02-01,0
13,1998,2,1998-02-01,0
14,1998,2,1998-02-01,0
15,1998,2,1998-02-01,0
16,1998,2,1998-02-01,0
17,1998,2,1998-02-01,0
21,1998,2,1998-02-01,0
22,1998,2,1998-02-01,0
23,1998,2,1998-02-01,0
24,1998,2,1998-02-01,0
25,1998,2,1998-02-01,0
26,1998,2,1998-02-01,0
27,1998,2,1998-02-01,0
28,1998,2,1998-02-01,0
29,1998,2,1998-02-01,0
31,1998,2,1998-02-01,0
32,1998,2,1998-02-01,0
33,1998,2,1998-02-01,0
35,1998,2,1998-02-01,0
41,1998,2,1998-02-01,0
42,1998,2,1998-02-01,0
43,1998,2,1998-02-01,0
50,1998,2,1998-02-01,0
51,1998,2,1998-02-01,0
52,1998,2,1998-02-01,0
53,1998,2,1998-02-01,0
11,1998,3,1998-03-01,0
12,1998,3,1998-03-01,0
13,1998,3,1998-03-01,0
14,1998,3,1998-03-01,0
15,1998,3,1998-03-01,0
16,1998,3,1998-03-01,0
17,1998,3,1998-03-01,0
21,1998,3,1998-03-01,0
22,1998,3,1998-03-01,0
23,1998,3,1998-03-01,0
24,1998,3,1998-03-01,0
25,1998,3,1998-03-01,0
26,1998,3,1998-03-01,0
27,1998,3,1998-03-01,0
28,1998,3,1998-03-01,0
29,1998,3,1998-03-01,0
31,1998,3,1998-03-01,0
32,1998,3,1998-03-01,0
33,1998,3,1998-03-01,0
35,1998,3,1998-03-01,0
41,1998,3,1998-03-01,0
42,1998,3,1998-03-01,0
43,1998,3,1998-03-01,0
50,1998,3,1998-03-01,0
51,1998,3,1998-03-01,0
52,1998,3,1998-03-01,0
53,1998,3,1998-03-01,0
11,1998,4,1998-04-01,0
12,1998,4,1998-04-01,0
13,1998,4,1998-04-01,0
14,1998,4,1998-04-01,0
15,1998,4,1998-04-01,0
16,1998,4,1998-04-01,0
17,1998,4,1998-04-01,0
21,1998,4,1998-04-01,0
22,1998,4,1998-04-01,0
23,1998,4,1998-04-01,0
24,1998,4,1998-04-01,0
25,1998,4,1998-04-01,0
26,1998,4,1998-04-01,0
27,1998,4,1998-04-01,0
28,1998,4,1998-04-01,0
29,1998,4,1998-04-01,0
31,1998,4,1998-04-01,0
32,1998,4,1998-04-01,0
33,1998,4,1998-04-01,0
35,1998,4,1998-04-01,0
41,1998,4,1998-04-01,0
42,1998,4,1998-04-01,0
43,1998,4,1998-04-01,0
50,1998,4,1998-04-01,0
51,1998,4,1998-04-01,0
52,1998,4,1998-04-01,0
53,1998,4,1998-04-01,0
11,1998,5,1998-05-01,0
12,1998,5,1998-05-01,0
13,1998,5,1998-05-01,0
14,1998,5,1998-05-01,0
15,1998,5,1998-05-01,0
16,1998,5,1998-05-01,0
17,1998,5,1998-05-01,0
21,1998,5,1998-05-01,0
22,1998,5,1998-05-01,0
23,1998,5,1998-05-01,0
24,1998,5,1998-05-01,0
25,1998,5,1998-05-01,0
26,1998,5,1998-05-01,0
27,1998,5,1998-05-01,0
28,1998,5,1998-05-01,0
29,1998,5,1998-05-01,0
31,1998,5,1998-05-01,0
32,1998,5,1998-05-01,0
33,1998,5,1998-05-01,0
35,1998,5,1998-05-01,0
41,1998,5,1998-05-01,0
42,1998,5,1998-05-01,0
43,1998,5,1998-05-01,0
50,1998,5,1998-05-01,0
51,1998,5,1998-05-01,0
52,1998,5,1998-05-01,0
53,1998,5,1998-05-01,0
11,1998,6,1998-06-01,27
12,1998,6,1998-06-01,3
13,1998,6,1998-06-01,2
14,1998,6,1998-06-01,0
15,1998,6,1998-06-01,58
16,1998,6,1998-06-01,0
17,1998,6,1998-06-01,252
21,1998,6,1998-06-01,78
22,1998,6,1998-06-01,46
23,1998,6,1998-06-01,1
24,1998,6,1998-06-01,1
25,1998,6,1998-06-01,3
26,1998,6,1998-06-01,1
27,1998,6,1998-06-01,0
28,1998,6,1998-06-01,0
29,1998,6,1998-06-01,55
31,1998,6,1998-06-01,70
32,1998,6,1998-06-01,6
33,1998,6,1998-06-01,3
35,1998,6,1998-06-01,451
41,1998,6,1998-06-01,36
42,1998,6,1998-06-01,2
43,1998,6,1998-06-01,0
50,1998,6,1998-06-01,82
51,1998,6,1998-06-01,2200
52,1998,6,1998-06-01,172
53,1998,6,1998-06-01,2
11,1998,7,1998-07-01,366
12,1998,7,1998-07-01,35
13,1998,7,1998-07-01,72
14,1998,7,1998-07-01,1
15,1998,7,1998-07-01,639
16,1998,7,1998-07-01,0
17,1998,7,1998-07-01,640
21,1998,7,1998-07-01,276
22,1998,7,1998-07-01,188
23,1998,7,1998-07-01,76
24,1998,7,1998-07-01,5
25,1998,7,1998-07-01,0
26,1998,7,1998-07-01,5
27,1998,7,1998-07-01,0
28,1998,7,1998-07-01,0
29,1998,7,1998-07-01,219
31,1998,7,1998-07-01,231
32,1998,7,1998-07-01,37
33,1998,7,1998-07-01,21
35,1998,7,1998-07-01,597
41,1998,7,1998-07-01,59
42,1998,7,1998-07-01,0
43,1998,7,1998-07-01,0
50,1998,7,1998-07-01,360
51,1998,7,1998-07-01,3711
52,1998,7,1998-07-01,512
53,1998,7,1998-07-01,17
11,1998,8,1998-08-01,2254
12,1998,8,1998-08-01,131
13,1998,8,1998-08-01,320
14,1998,8,1998-08-01,0
15,1998,8,1998-08-01,6816
16,1998,8,1998-08-01,1
17,1998,8,1998-08-01,3748
21,1998,8,1998-08-01,1177
22,1998,8,1998-08-01,712
23,1998,8,1998-08-01,95
24,1998,8,1998-08-01,4
25,1998,8,1998-08-01,3
26,1998,8,1998-08-01,12
27,1998,8,1998-08-01,1
28,1998,8,1998-08-01,0
29,1998,8,1998-08-01,813
31,1998,8,1998-08-01,878
32,1998,8,1998-08-01,38
33,1998,8,1998-08-01,21
35,1998,8,1998-08-01,580
41,1998,8,1998-08-01,42
42,1998,8,1998-08-01,0
43,1998,8,1998-08-01,9
50,1998,8,1998-08-01,228
51,1998,8,1998-08-01,15404
52,1998,8,1998-08-01,2216
53,1998,8,1998-08-01,48
11,1998,9,1998-09-01,3756
12,1998,9,1998-09-01,512
13,1998,9,1998-09-01,263
14,1998,9,1998-09-01,2
15,1998,9,1998-09-01,6237
16,1998,9,1998-09-01,20
17,1998,9,1998-09-01,5154
21,1998,9,1998-09-01,3933
22,1998,9,1998-09-01,1993
23,1998,9,1998-09-01,601
24,1998,9,1998-09-01,49
25,1998,9,1998-09-01,50
26,1998,9,1998-09-01,172
27,1998,9,1998-09-01,14
28,1998,9,1998-09-01,0
29,1998,9,1998-09-01,2719
31,1998,9,1998-09-01,1977
32,1998,9,1998-09-01,110
33,1998,9,1998-09-01,44
35,1998,9,1998-09-01,525
41,1998,9,1998-09-01,61
42,1998,9,1998-09-01,6
43,1998,9,1998-09-01,60
50,1998,9,1998-09-01,457
51,1998,9,1998-09-01,10360
52,1998,9,1998-09-01,2870
53,1998,9,1998-09-01,31
11,1998,10,1998-10-01,486
12,1998,10,1998-10-01,44
13,1998,10,1998-10-01,82
14,1998,10,1998-10-01,1
15,1998,10,1998-10-01,3666
16,1998,10,1998-10-01,41
17,1998,10,1998-10-01,1736
21,1998,10,1998-10-01,5140
22,1998,10,1998-10-01,2581
23,1998,10,1998-10-01,1019
24,1998,10,1998-10-01,55
25,1998,10,1998-10-01,178
26,1998,10,1998-10-01,376
27,1998,10,1998-10-01,20
28,1998,10,1998-10-01,0
29,1998,10,1998-10-01,1970
31,1998,10,1998-10-01,1091
32,1998,10,1998-10-01,20
33,1998,10,1998-10-01,6
35,1998,10,1998-10-01,433
41,1998,10,1998-10-01,61
42,1998,10,1998-10-01,4
43,1998,10,1998-10-01,169
50,1998,10,1998-10-01,576
51,1998,10,1998-10-01,2705
52,1998,10,1998-10-01,1036
53,1998,10,1998-10-01,3
11,1998,11,1998-11-01,3
12,1998,11,1998-11-01,0
13,1998,11,1998-11-01,6
14,1998,11,1998-11-01,1
15,1998,11,1998-11-01,1862
16,1998,11,1998-11-01,131
17,1998,11,1998-11-01,1
21,1998,11,1998-11-01,2235
22,1998,11,1998-11-01,425
23,1998,11,1998-11-01,575
24,1998,11,1998-11-01,41
25,1998,11,1998-11-01,47
26,1998,11,1998-11-01,140
27,1998,11,1998-11-01,19
28,1998,11,1998-11-01,12
29,1998,11,1998-11-01,49
31,1998,11,1998-11-01,31
32,1998,11,1998-11-01,4
33,1998,11,1998-11-01,6
35,1998,11,1998-11-01,487
41,1998,11,1998-11-01,143
42,1998,11,1998-11-01,21
43,1998,11,1998-11-01,28
50,1998,11,1998-11-01,307
51,1998,11,1998-11-01,182
52,1998,11,1998-11-01,48
53,1998,11,1998-11-01,0
11,1998,12,1998-12-01,33
12,1998,12,1998-12-01,7
13,1998,12,1998-12-01,196
14,1998,12,1998-12-01,16
15,1998,12,1998-12-01,1009
16,1998,12,1998-12-01,84
17,1998,12,1998-12-01,9
21,1998,12,1998-12-01,1396
22,1998,12,1998-12-01,119
23,1998,12,1998-12-01,277
24,1998,12,1998-12-01,17
25,1998,12,1998-12-01,53
26,1998,12,1998-12-01,59
27,1998,12,1998-12-01,32
28,1998,12,1998-12-01,8
29,1998,12,1998-12-01,82
31,1998,12,1998-12-01,21
32,1998,12,1998-12-01,5
33,1998,12,1998-12-01,1
35,1998,12,1998-12-01,121
41,1998,12,1998-12-01,82
42,1998,12,1998-12-01,26
43,1998,12,1998-12-01,605
50,1998,12,1998-12-01,101
51,1998,12,1998-12-01,76
52,1998,12,1998-12-01,13
53,1998,12,1998-12-01,0
11,1999,1,1999-01-01,1
12,1999,1,1999-01-01,0
13,1999,1,1999-01-01,3
14,1999,1,1999-01-01,15
15,1999,1,1999-01-01,87
16,1999,1,1999-01-01,0
17,1999,1,1999-01-01,36
21,1999,1,1999-01-01,54
22,1999,1,1999-01-01,21
23,1999,1,1999-01-01,47
24,1999,1,1999-01-01,32
25,1999,1,1999-01-01,26
26,1999,1,1999-01-01,102
27,1999,1,1999-01-01,58
28,1999,1,1999-01-01,36
29,1999,1,1999-01-01,114
31,1999,1,1999-01-01,36
32,1999,1,1999-01-01,33
33,1999,1,1999-01-01,0
35,1999,1,1999-01-01,7
41,1999,1,1999-01-01,7
42,1999,1,1999-01-01,11
43,1999,1,1999-01-01,63
50,1999,1,1999-01-01,239
51,1999,1,1999-01-01,39
52,1999,1,1999-01-01,14
53,1999,1,1999-01-01,0
11,1999,2,1999-02-01,1
12,1999,2,1999-02-01,0
13,1999,2,1999-02-01,43
14,1999,2,1999-02-01,20
15,1999,2,1999-02-01,285
16,1999,2,1999-02-01,1
17,1999,2,1999-02-01,1
21,1999,2,1999-02-01,6
22,1999,2,1999-02-01,22
23,1999,2,1999-02-01,17
24,1999,2,1999-02-01,10
25,1999,2,1999-02-01,2
26,1999,2,1999-02-01,14
27,1999,2,1999-02-01,19
28,1999,2,1999-02-01,25
29,1999,2,1999-02-01,157
31,1999,2,1999-02-01,112
32,1999,2,1999-02-01,10
33,1999,2,1999-02-01,0
35,1999,2,1999-02-01,47
41,1999,2,1999-02-01,22
42,1999,2,1999-02-01,2
43,1999,2,1999-02-01,35
50,1999,2,1999-02-01,69
51,1999,2,1999-02-01,28
52,1999,2,1999-02-01,334
53,1999,2,1999-02-01,2
11,1999,3,1999-03-01,8
12,1999,3,1999-03-01,0
13,1999,3,1999-03-01,7
14,1999,3,1999-03-01,98
15,1999,3,1999-03-01,7
16,1999,3,1999-03-01,2
17,1999,3,1999-03-01,1
21,1999,3,1999-03-01,17
22,1999,3,1999-03-01,4
23,1999,3,1999-03-01,30
24,1999,3,1999-03-01,9
25,1999,3,1999-03-01,1
26,1999,3,1999-03-01,27
27,1999,3,1999-03-01,52
28,1999,3,1999-03-01,18
29,1999,3,1999-03-01,83
31,1999,3,1999-03-01,13
32,1999,3,1999-03-01,8
33,1999,3,1999-03-01,0
35,1999,3,1999-03-01,78
41,1999,3,1999-03-01,40
42,1999,3,1999-03-01,7
43,1999,3,1999-03-01,38
50,1999,3,1999-03-01,100
51,1999,3,1999-03-01,18
52,1999,3,1999-03-01,1
53,1999,3,1999-03-01,0
11,1999,4,1999-04-01,3
12,1999,4,1999-04-01,0
13,1999,4,1999-04-01,2
14,1999,4,1999-04-01,16
15,1999,4,1999-04-01,6
16,1999,4,1999-04-01,0
17,1999,4,1999-04-01,9
21,1999,4,1999-04-01,4
22,1999,4,1999-04-01,10
23,1999,4,1999-04-01,6
24,1999,4,1999-04-01,21
25,1999,4,1999-04-01,3
26,1999,4,1999-04-01,2
27,1999,4,1999-04-01,4
28,1999,4,1999-04-01,6
29,1999,4,1999-04-01,55
31,1999,4,1999-04-01,27
32,1999,4,1999-04-01,2
33,1999,4,1999-04-01,1
35,1999,4,1999-04-01,291
41,1999,4,1999-04-01,39
42,1999,4,1999-04-01,0
43,1999,4,1999-04-01,12
50,1999,4,1999-04-01,97
51,1999,4,1999-04-01,76
52,1999,4,1999-04-01,25
53,1999,4,1999-04-01,0
11,1999,5,1999-05-01,3
12,1999,5,1999-05-01,0
13,1999,5,1999-05-01,0
14,1999,5,1999-05-01,0
15,1999,5,1999-05-01,4
16,1999,5,1999-05-01,0
17,1999,5,1999-05-01,25
21,1999,5,1999-05-01,3
22,1999,5,1999-05-01,8
23,1999,5,1999-05-01,5
24,1999,5,1999-05-01,1
25,1999,5,1999-05-01,0
26,1999,5,1999-05-01,6
27,1999,5,1999-05-01,1
28,1999,5,1999-05-01,0
29,1999,5,1999-05-01,76
31,1999,5,1999-05-01,51
32,1999,5,1999-05-01,16
33,1999,5,1999-05-01,7
35,1999,5,1999-05-01,500
41,1999,5,1999-05-01,57
42,1999,5,1999-05-01,1
43,1999,5,1999-05-01,13
50,1999,5,1999-05-01,206
51,1999,5,1999-05-01,730
52,1999,5,1999-05-01,98
53,1999,5,1999-05-01,0
11,1999,6,1999-06-01,10
12,1999,6,1999-06-01,0
13,1999,6,1999-06-01,7
14,1999,6,1999-06-01,3
15,1999,6,1999-06-01,37
16,1999,6,1999-06-01,2
17,1999,6,1999-06-01,114
21,1999,6,1999-06-01,32
22,1999,6,1999-06-01,47
23,1999,6,1999-06-01,16
24,1999,6,1999-06-01,4
25,1999,6,1999-06-01,1
26,1999,6,1999-06-01,7
27,1999,6,1999-06-01,0
28,1999,6,1999-06-01,0
29,1999,6,1999-06-01,62
31,1999,6,1999-06-01,133
32,1999,6,1999-06-01,6
33,1999,6,1999-06-01,8
35,1999,6,1999-06-01,522
41,1999,6,1999-06-01,31
42,1999,6,1999-06-01,0
43,1999,6,1999-06-01,9
50,1999,6,1999-06-01,125
51,1999,6,1999-06-01,2201
52,1999,6,1999-06-01,252
53,1999,6,1999-06-01,3
11,1999,7,1999-07-01,135
12,1999,7,1999-07-01,1
13,1999,7,1999-07-01,11
14,1999,7,1999-07-01,4
15,1999,7,1999-07-01,982
16,1999,7,1999-07-01,0
17,1999,7,1999-07-01,373
21,1999,7,1999-07-01,258
22,1999,7,1999-07-01,124
23,1999,7,1999-07-01,84
24,1999,7,1999-07-01,7
25,1999,7,1999-07-01,1
26,1999,7,1999-07-01,2
27,1999,7,1999-07-01,0
28,1999,7,1999-07-01,0
29,1999,7,1999-07-01,107
31,1999,7,1999-07-01,319
32,1999,7,1999-07-01,9
33,1999,7,1999-07-01,14
35,1999,7,1999-07-01,683
41,1999,7,1999-07-01,94
42,1999,7,1999-07-01,2
43,1999,7,1999-07-01,10
50,1999,7,1999-07-01,1297
51,1999,7,1999-07-01,3926
52,1999,7,1999-07-01,311
53,1999,7,1999-07-01,4
11,1999,8,1999-08-01,1977
12,1999,8,1999-08-01,67
13,1999,8,1999-08-01,255
14,1999,8,1999-08-01,1
15,1999,8,1999-08-01,6179
16,1999,8,1999-08-01,0
17,1999,8,1999-08-01,1284
21,1999,8,1999-08-01,897
22,1999,8,1999-08-01,498
23,1999,8,1999-08-01,135
24,1999,8,1999-08-01,38
25,1999,8,1999-08-01,4
26,1999,8,1999-08-01,3
27,1999,8,1999-08-01,3
28,1999,8,1999-08-01,0
29,1999,8,1999-08-01,453
31,1999,8,1999-08-01,1193
32,1999,8,1999-08-01,60
33,1999,8,1999-08-01,89
35,1999,8,1999-08-01,1210
41,1999,8,1999-08-01,939
42,1999,8,1999-08-01,51
43,1999,8,1999-08-01,24
50,1999,8,1999-08-01,4356
51,1999,8,1999-08-01,18563
52,1999,8,1999-08-01,1198
53,1999,8,1999-08-01,15
11,1999,9,1999-09-01,3059
12,1999,9,1999-09-01,212
13,1999,9,1999-09-01,214
14,1999,9,1999-09-01,3
15,1999,9,1999-09-01,4417
16,1999,9,1999-09-01,4
17,1999,9,1999-09-01,3421
21,1999,9,1999-09-01,1739
22,1999,9,1999-09-01,873
23,1999,9,1999-09-01,132
24,1999,9,1999-09-01,35
25,1999,9,1999-09-01,14
26,1999,9,1999-09-01,57
27,1999,9,1999-09-01,3
28,1999,9,1999-09-01,0
29,1999,9,1999-09-01,1273
31,1999,9,1999-09-01,2687
32,1999,9,1999-09-01,64
33,1999,9,1999-09-01,192
35,1999,9,1999-09-01,910
41,1999,9,1999-09-01,878
42,1999,9,1999-09-01,101
43,1999,9,1999-09-01,19
50,1999,9,1999-09-01,2971
51,1999,9,1999-09-01,11726
52,1999,9,1999-09-01,1898
53,1999,9,1999-09-01,12
11,1999,10,1999-10-01,1884
12,1999,10,1999-10-01,63
13,1999,10,1999-10-01,476
14,1999,10,1999-10-01,10
15,1999,10,1999-10-01,5026
16,1999,10,1999-10-01,25
17,1999,10,1999-10-01,1378
21,1999,10,1999-10-01,3207
22,1999,10,1999-10-01,1441
23,1999,10,1999-10-01,314
24,1999,10,1999-10-01,40
25,1999,10,1999-10-01,49
26,1999,10,1999-10-01,174
27,1999,10,1999-10-01,4
28,1999,10,1999-10-01,0
29,1999,10,1999-10-01,1308
31,1999,10,1999-10-01,1361
32,1999,10,1999-10-01,23
33,1999,10,1999-10-01,30
35,1999,10,1999-10-01,763
41,1999,10,1999-10-01,451
42,1999,10,1999-10-01,16
43,1999,10,1999-10-01,56
50,1999,10,1999-10-01,2056
51,1999,10,1999-10-01,6111
52,1999,10,1999-10-01,743
53,1999,10,1999-10-01,8
11,1999,11,1999-11-01,41
12,1999,11,1999-11-01,4
13,1999,11,1999-11-01,28
14,1999,11,1999-11-01,15
15,1999,11,1999-11-01,2682
16,1999,11,1999-11-01,26
17,1999,11,1999-11-01,29
21,1999,11,1999-11-01,1494
22,1999,11,1999-11-01,336
23,1999,11,1999-11-01,526
24,1999,11,1999-11-01,61
25,1999,11,1999-11-01,38
26,1999,11,1999-11-01,39
27,1999,11,1999-11-01,15
28,1999,11,1999-11-01,3
29,1999,11,1999-11-01,49
31,1999,11,1999-11-01,271
32,1999,11,1999-11-01,9
33,1999,11,1999-11-01,16
35,1999,11,1999-11-01,400
41,1999,11,1999-11-01,445
42,1999,11,1999-11-01,84
43,1999,11,1999-11-01,103
50,1999,11,1999-11-01,1195
51,1999,11,1999-11-01,842
52,1999,11,1999-11-01,111
53,1999,11,1999-11-01,1
11,1999,12,1999-12-01,0
12,1999,12,1999-12-01,0
13,1999,12,1999-12-01,2
14,1999,12,1999-12-01,35
15,1999,12,1999-12-01,766
16,1999,12,1999-12-01,41
17,1999,12,1999-12-01,16
21,1999,12,1999-12-01,1001
22,1999,12,1999-12-01,75
23,1999,12,1999-12-01,396
24,1999,12,1999-12-01,29
25,1999,12,1999-12-01,40
26,1999,12,1999-12-01,16
27,1999,12,1999-12-01,12
28,1999,12,1999-12-01,5
29,1999,12,1999-12-01,37
31,1999,12,1999-12-01,32
32,1999,12,1999-12-01,0
33,1999,12,1999-12-01,0
35,1999,12,1999-12-01,47
41,1999,12,1999-12-01,254
42,1999,12,1999-12-01,89
43,1999,12,1999-12-01,1110
50,1999,12,1999-12-01,306
51,1999,12,1999-12-01,47
52,1999,12,1999-12-01,20
53,1999,12,1999-12-01,0
11,2000,1,2000-01-01,0
12,2000,1,2000-01-01,0
13,2000,1,2000-01-01,7
14,2000,1,2000-01-01,18
15,2000,1,2000-01-01,30
16,2000,1,2000-01-01,2
17,2000,1,2000-01-01,15
21,2000,1,2000-01-01,19
22,2000,1,2000-01-01,5
23,2000,1,2000-01-01,1
24,2000,1,2000-01-01,1
25,2000,1,2000-01-01,0
26,2000,1,2000-01-01,3
27,2000,1,2000-01-01,11
28,2000,1,2000-01-01,1
29,2000,1,2000-01-01,31
31,2000,1,2000-01-01,24
32,2000,1,2000-01-01,5
33,2000,1,2000-01-01,0
35,2000,1,2000-01-01,36
41,2000,1,2000-01-01,49
42,2000,1,2000-01-01,14
43,2000,1,2000-01-01,126
50,2000,1,2000-01-01,326
51,2000,1,2000-01-01,44
52,2000,1,2000-01-01,10
53,2000,1,2000-01-01,0
11,2000,2,2000-02-01,6
12,2000,2,2000-02-01,0
13,2000,2,2000-02-01,62
14,2000,2,2000-02-01,57
15,2000,2,2000-02-01,29
16,2000,2,2000-02-01,0
17,2000,2,2000-02-01,6
21,2000,2,2000-02-01,11
22,2000,2,2000-02-01,12
23,2000,2,2000-02-01,7
24,2000,2,2000-02-01,7
25,2000,2,2000-02-01,11
26,2000,2,2000-02-01,4
27,2000,2,2000-02-01,16
28,2000,2,2000-02-01,6
29,2000,2,2000-02-01,32
31,2000,2,2000-02-01,20
32,2000,2,2000-02-01,5
33,2000,2,2000-02-01,1
35,2000,2,2000-02-01,25
41,2000,2,2000-02-01,67
42,2000,2,2000-02-01,8
43,2000,2,2000-02-01,43
50,2000,2,2000-02-01,81
51,2000,2,2000-02-01,35
52,2000,2,2000-02-01,11
53,2000,2,2000-02-01,0
11,2000,3,2000-03-01,9
12,2000,3,2000-03-01,11
13,2000,3,2000-03-01,69
14,2000,3,2000-03-01,125
15,2000,3,2000-03-01,181
16,2000,3,2000-03-01,0
17,2000,3,2000-03-01,4
21,2000,3,2000-03-01,6
22,2000,3,2000-03-01,14
23,2000,3,2000-03-01,10
24,2000,3,2000-03-01,10
25,2000,3,2000-03-01,5
26,2000,3,2000-03-01,14
27,2000,3,2000-03-01,32
28,2000,3,2000-03-01,6
29,2000,3,2000-03-01,65
31,2000,3,2000-03-01,24
32,2000,3,2000-03-01,1
33,2000,3,2000-03-01,0
35,2000,3,2000-03-01,27
41,2000,3,2000-03-01,51
42,2000,3,2000-03-01,46
43,2000,3,2000-03-01,51
50,2000,3,2000-03-01,23
51,2000,3,2000-03-01,60
52,2000,3,2000-03-01,4
53,2000,3,2000-03-01,0
11,2000,4,2000-04-01,0
12,2000,4,2000-04-01,1
13,2000,4,2000-04-01,18
14,2000,4,2000-04-01,0
15,2000,4,2000-04-01,40
16,2000,4,2000-04-01,0
17,2000,4,2000-04-01,0
21,2000,4,2000-04-01,6
22,2000,4,2000-04-01,15
23,2000,4,2000-04-01,16
24,2000,4,2000-04-01,16
25,2000,4,2000-04-01,1
26,2000,4,2000-04-01,1
27,2000,4,2000-04-01,20
28,2000,4,2000-04-01,1
29,2000,4,2000-04-01,23
31,2000,4,2000-04-01,49
32,2000,4,2000-04-01,3
33,2000,4,2000-04-01,2
35,2000,4,2000-04-01,102
41,2000,4,2000-04-01,51
42,2000,4,2000-04-01,7
43,2000,4,2000-04-01,1
50,2000,4,2000-04-01,90
51,2000,4,2000-04-01,59
52,2000,4,2000-04-01,16
53,2000,4,2000-04-01,0
11,2000,5,2000-05-01,15
12,2000,5,2000-05-01,1
13,2000,5,2000-05-01,51
14,2000,5,2000-05-01,7
15,2000,5,2000-05-01,12
16,2000,5,2000-05-01,0
17,2000,5,2000-05-01,69
21,2000,5,2000-05-01,28
22,2000,5,2000-05-01,25
23,2000,5,2000-05-01,7
24,2000,5,2000-05-01,3
25,2000,5,2000-05-01,0
26,2000,5,2000-05-01,7
27,2000,5,2000-05-01,1
28,2000,5,2000-05-01,0
29,2000,5,2000-05-01,71
31,2000,5,2000-05-01,67
32,2000,5,2000-05-01,2
33,2000,5,2000-05-01,5
35,2000,5,2000-05-01,300
41,2000,5,2000-05-01,43
42,2000,5,2000-05-01,0
43,2000,5,2000-05-01,4
50,2000,5,2000-05-01,127
51,2000,5,2000-05-01,1192
52,2000,5,2000-05-01,58
53,2000,5,2000-05-01,2
11,2000,6,2000-06-01,54
12,2000,6,2000-06-01,1
13,2000,6,2000-06-01,6
14,2000,6,2000-06-01,0
15,2000,6,2000-06-01,59
16,2000,6,2000-06-01,0
17,2000,6,2000-06-01,280
21,2000,6,2000-06-01,94
22,2000,6,2000-06-01,18
23,2000,6,2000-06-01,16
24,2000,6,2000-06-01,9
25,2000,6,2000-06-01,1
26,2000,6,2000-06-01,4
27,2000,6,2000-06-01,0
28,2000,6,2000-06-01,0
29,2000,6,2000-06-01,176
31,2000,6,2000-06-01,135
32,2000,6,2000-06-01,9
33,2000,6,2000-06-01,14
35,2000,6,2000-06-01,605
41,2000,6,2000-06-01,53
42,2000,6,2000-06-01,2
43,2000,6,2000-06-01,0
50,2000,6,2000-06-01,157
51,2000,6,2000-06-01,4358
52,2000,6,2000-06-01,222
53,2000,6,2000-06-01,1
11,2000,7,2000-07-01,120
12,2000,7,2000-07-01,1
13,2000,7,2000-07-01,39
14,2000,7,2000-07-01,0
15,2000,7,2000-07-01,426
16,2000,7,2000-07-01,0
17,2000,7,2000-07-01,503
21,2000,7,2000-07-01,233
22,2000,7,2000-07-01,75
23,2000,7,2000-07-01,20
24,2000,7,2000-07-01,4
25,2000,7,2000-07-01,0
26,2000,7,2000-07-01,0
27,2000,7,2000-07-01,0
28,2000,7,2000-07-01,0
29,2000,7,2000-07-01,199
31,2000,7,2000-07-01,345
32,2000,7,2000-07-01,16
33,2000,7,2000-07-01,22
35,2000,7,2000-07-01,770
41,2000,7,2000-07-01,98
42,2000,7,2000-07-01,21
43,2000,7,2000-07-01,6
50,2000,7,2000-07-01,160
51,2000,7,2000-07-01,1335
52,2000,7,2000-07-01,332
53,2000,7,2000-07-01,15
11,2000,8,2000-08-01,2200
12,2000,8,2000-08-01,136
13,2000,8,2000-08-01,180
14,2000,8,2000-08-01,9
15,2000,8,2000-08-01,5484
16,2000,8,2000-08-01,3
17,2000,8,2000-08-01,1952
21,2000,8,2000-08-01,839
22,2000,8,2000-08-01,416
23,2000,8,2000-08-01,81
24,2000,8,2000-08-01,30
25,2000,8,2000-08-01,6
26,2000,8,2000-08-01,31
27,2000,8,2000-08-01,4
28,2000,8,2000-08-01,0
29,2000,8,2000-08-01,629
31,2000,8,2000-08-01,770
32,2000,8,2000-08-01,26
33,2000,8,2000-08-01,34
35,2000,8,2000-08-01,915
41,2000,8,2000-08-01,850
42,2000,8,2000-08-01,68
43,2000,8,2000-08-01,18
50,2000,8,2000-08-01,530
51,2000,8,2000-08-01,6059
52,2000,8,2000-08-01,925
53,2000,8,2000-08-01,9
11,2000,9,2000-09-01,2440
12,2000,9,2000-09-01,261
13,2000,9,2000-09-01,193
14,2000,9,2000-09-01,12
15,2000,9,2000-09-01,2569
16,2000,9,2000-09-01,19
17,2000,9,2000-09-01,2552
21,2000,9,2000-09-01,1364
22,2000,9,2000-09-01,1095
23,2000,9,2000-09-01,130
24,2000,9,2000-09-01,17
25,2000,9,2000-09-01,9
26,2000,9,2000-09-01,134
27,2000,9,2000-09-01,22
28,2000,9,2000-09-01,0
29,2000,9,2000-09-01,2284
31,2000,9,2000-09-01,1080
32,2000,9,2000-09-01,14
33,2000,9,2000-09-01,16
35,2000,9,2000-09-01,581
41,2000,9,2000-09-01,381
42,2000,9,2000-09-01,36
43,2000,9,2000-09-01,27
50,2000,9,2000-09-01,509
51,2000,9,2000-09-01,6251
52,2000,9,2000-09-01,1294
53,2000,9,2000-09-01,3
11,2000,10,2000-10-01,641
12,2000,10,2000-10-01,18
13,2000,10,2000-10-01,145
14,2000,10,2000-10-01,25
15,2000,10,2000-10-01,4308
16,2000,10,2000-10-01,42
17,2000,10,2000-10-01,1057
21,2000,10,2000-10-01,2654
22,2000,10,2000-10-01,2559
23,2000,10,2000-10-01,876
24,2000,10,2000-10-01,28
25,2000,10,2000-10-01,127
26,2000,10,2000-10-01,408
27,2000,10,2000-10-01,13
28,2000,10,2000-10-01,3
29,2000,10,2000-10-01,3350
31,2000,10,2000-10-01,1954
32,2000,10,2000-10-01,88
33,2000,10,2000-10-01,25
35,2000,10,2000-10-01,647
41,2000,10,2000-10-01,656
42,2000,10,2000-10-01,55
43,2000,10,2000-10-01,10
50,2000,10,2000-10-01,657
51,2000,10,2000-10-01,6063
52,2000,10,2000-10-01,906
53,2000,10,2000-10-01,17
11,2000,11,2000-11-01,13
12,2000,11,2000-11-01,0
13,2000,11,2000-11-01,27
14,2000,11,2000-11-01,32
15,2000,11,2000-11-01,3366
16,2000,11,2000-11-01,157
17,2000,11,2000-11-01,96
21,2000,11,2000-11-01,2267
22,2000,11,2000-11-01,447
23,2000,11,2000-11-01,671
24,2000,11,2000-11-01,9
25,2000,11,2000-11-01,66
26,2000,11,2000-11-01,64
27,2000,11,2000-11-01,2
28,2000,11,2000-11-01,0
29,2000,11,2000-11-01,114
31,2000,11,2000-11-01,43
32,2000,11,2000-11-01,3
33,2000,11,2000-11-01,2
35,2000,11,2000-11-01,96
41,2000,11,2000-11-01,85
42,2000,11,2000-11-01,19
43,2000,11,2000-11-01,18
50,2000,11,2000-11-01,274
51,2000,11,2000-11-01,502
52,2000,11,2000-11-01,26
53,2000,11,2000-11-01,0
11,2000,12,2000-12-01,7
12,2000,12,2000-12-01,0
13,2000,12,2000-12-01,60
14,2000,12,2000-12-01,77
15,2000,12,2000-12-01,1697
16,2000,12,2000-12-01,30
17,2000,12,2000-12-01,20
21,2000,12,2000-12-01,1462
22,2000,12,2000-12-01,79
23,2000,12,2000-12-01,389
24,2000,12,2000-12-01,11
25,2000,12,2000-12-01,34
26,2000,12,2000-12-01,22
27,2000,12,2000-12-01,2
28,2000,12,2000-12-01,0
29,2000,12,2000-12-01,24
31,2000,12,2000-12-01,14
32,2000,12,2000-12-01,3
33,2000,12,2000-12-01,0
35,2000,12,2000-12-01,23
41,2000,12,2000-12-01,159
42,2000,12,2000-12-01,29
43,2000,12,2000-12-01,80
50,2000,12,2000-12-01,139
51,2000,12,2000-12-01,98
52,2000,12,2000-12-01,6
53,2000,12,2000-12-01,0
11,2001,1,2001-01-01,0
12,2001,1,2001-01-01,0
13,2001,1,2001-01-01,3
14,2001,1,2001-01-01,101
15,2001,1,2001-01-01,34
16,2001,1,2001-01-01,0
17,2001,1,2001-01-01,19
21,2001,1,2001-01-01,29
22,2001,1,2001-01-01,29
23,2001,1,2001-01-01,11
24,2001,1,2001-01-01,2
25,2001,1,2001-01-01,11
26,2001,1,2001-01-01,7
27,2001,1,2001-01-01,5
28,2001,1,2001-01-01,2
29,2001,1,2001-01-01,25
31,2001,1,2001-01-01,18
32,2001,1,2001-01-01,1
33,2001,1,2001-01-01,0
35,2001,1,2001-01-01,26
41,2001,1,2001-01-01,32
42,2001,1,2001-01-01,11
43,2001,1,2001-01-01,12
50,2001,1,2001-01-01,97
51,2001,1,2001-01-01,44
52,2001,1,2001-01-01,28
53,2001,1,2001-01-01,0
11,2001,2,2001-02-01,2
12,2001,2,2001-02-01,0
13,2001,2,2001-02-01,8
14,2001,2,2001-02-01,646
15,2001,2,2001-02-01,16
16,2001,2,2001-02-01,0
17,2001,2,2001-02-01,6
21,2001,2,2001-02-01,1
22,2001,2,2001-02-01,0
23,2001,2,2001-02-01,0
24,2001,2,2001-02-01,0
25,2001,2,2001-02-01,6
26,2001,2,2001-02-01,2
27,2001,2,2001-02-01,4
28,2001,2,2001-02-01,2
29,2001,2,2001-02-01,101
31,2001,2,2001-02-01,39
32,2001,2,2001-02-01,5
33,2001,2,2001-02-01,3
35,2001,2,2001-02-01,25
41,2001,2,2001-02-01,8
42,2001,2,2001-02-01,0
43,2001,2,2001-02-01,32
50,2001,2,2001-02-01,90
51,2001,2,2001-02-01,54
52,2001,2,2001-02-01,9
53,2001,2,2001-02-01,1
11,2001,3,2001-03-01,0
12,2001,3,2001-03-01,0
13,2001,3,2001-03-01,6
14,2001,3,2001-03-01,1107
15,2001,3,2001-03-01,0
16,2001,3,2001-03-01,0
17,2001,3,2001-03-01,0
21,2001,3,2001-03-01,0
22,2001,3,2001-03-01,2
23,2001,3,2001-03-01,0
24,2001,3,2001-03-01,0
25,2001,3,2001-03-01,0
26,2001,3,2001-03-01,0
27,2001,3,2001-03-01,0
28,2001,3,2001-03-01,1
29,2001,3,2001-03-01,4
31,2001,3,2001-03-01,13
32,2001,3,2001-03-01,2
33,2001,3,2001-03-01,0
35,2001,3,2001-03-01,35
41,2001,3,2001-03-01,12
42,2001,3,2001-03-01,1
43,2001,3,2001-03-01,11
50,2001,3,2001-03-01,39
51,2001,3,2001-03-01,24
52,2001,3,2001-03-01,10
53,2001,3,2001-03-01,0
11,2001,4,2001-04-01,0
12,2001,4,2001-04-01,0
13,2001,4,2001-04-01,1
14,2001,4,2001-04-01,380
15,2001,4,2001-04-01,0
16,2001,4,2001-04-01,0
17,2001,4,2001-04-01,19
21,2001,4,2001-04-01,2
22,2001,4,2001-04-01,1
23,2001,4,2001-04-01,2
24,2001,4,2001-04-01,10
25,2001,4,2001-04-01,0
26,2001,4,2001-04-01,2
27,2001,4,2001-04-01,0
28,2001,4,2001-04-01,0
29,2001,4,2001-04-01,26
31,2001,4,2001-04-01,60
32,2001,4,2001-04-01,2
33,2001,4,2001-04-01,2
35,2001,4,2001-04-01,61
41,2001,4,2001-04-01,43
42,2001,4,2001-04-01,1
43,2001,4,2001-04-01,3
50,2001,4,2001-04-01,108
51,2001,4,2001-04-01,309
52,2001,4,2001-04-01,49
53,2001,4,2001-04-01,0
11,2001,5,2001-05-01,7
12,2001,5,2001-05-01,0
13,2001,5,2001-05-01,0
14,2001,5,2001-05-01,9
15,2001,5,2001-05-01,7
16,2001,5,2001-05-01,0
17,2001,5,2001-05-01,49
21,2001,5,2001-05-01,21
22,2001,5,2001-05-01,36
23,2001,5,2001-05-01,81
24,2001,5,2001-05-01,56
25,2001,5,2001-05-01,4
26,2001,5,2001-05-01,5
27,2001,5,2001-05-01,2
28,2001,5,2001-05-01,3
29,2001,5,2001-05-01,84
31,2001,5,2001-05-01,83
32,2001,5,2001-05-01,8
33,2001,5,2001-05-01,4
35,2001,5,2001-05-01,211
41,2001,5,2001-05-01,26
42,2001,5,2001-05-01,2
43,2001,5,2001-05-01,4
50,2001,5,2001-05-01,112
51,2001,5,2001-05-01,1191
52,2001,5,2001-05-01,85
53,2001,5,2001-05-01,0
11,2001,6,2001-06-01,31
12,2001,6,2001-06-01,1
13,2001,6,2001-06-01,5
14,2001,6,2001-06-01,1
15,2001,6,2001-06-01,42
16,2001,6,2001-06-01,0
17,2001,6,2001-06-01,303
21,2001,6,2001-06-01,101
22,2001,6,2001-06-01,88
23,2001,6,2001-06-01,38
24,2001,6,2001-06-01,13
25,2001,6,2001-06-01,0
26,2001,6,2001-06-01,2
27,2001,6,2001-06-01,2
28,2001,6,2001-06-01,0
29,2001,6,2001-06-01,98
31,2001,6,2001-06-01,165
32,2001,6,2001-06-01,9
33,2001,6,2001-06-01,13
35,2001,6,2001-06-01,345
41,2001,6,2001-06-01,43
42,2001,6,2001-06-01,1
43,2001,6,2001-06-01,1
50,2001,6,2001-06-01,250
51,2001,6,2001-06-01,6641
52,2001,6,2001-06-01,209
53,2001,6,2001-06-01,3
11,2001,7,2001-07-01,74
12,2001,7,2001-07-01,3
13,2001,7,2001-07-01,9
14,2001,7,2001-07-01,1
15,2001,7,2001-07-01,709
16,2001,7,2001-07-01,1
17,2001,7,2001-07-01,834
21,2001,7,2001-07-01,549
22,2001,7,2001-07-01,338
23,2001,7,2001-07-01,147
24,2001,7,2001-07-01,23
25,2001,7,2001-07-01,9
26,2001,7,2001-07-01,6
27,2001,7,2001-07-01,0
28,2001,7,2001-07-01,0
29,2001,7,2001-07-01,245
31,2001,7,2001-07-01,265
32,2001,7,2001-07-01,12
33,2001,7,2001-07-01,57
35,2001,7,2001-07-01,539
41,2001,7,2001-07-01,120
42,2001,7,2001-07-01,5
43,2001,7,2001-07-01,6
50,2001,7,2001-07-01,590
51,2001,7,2001-07-01,1554
52,2001,7,2001-07-01,370
53,2001,7,2001-07-01,22
11,2001,8,2001-08-01,2133
12,2001,8,2001-08-01,399
13,2001,8,2001-08-01,499
14,2001,8,2001-08-01,4
15,2001,8,2001-08-01,9042
16,2001,8,2001-08-01,12
17,2001,8,2001-08-01,2239
21,2001,8,2001-08-01,2035
22,2001,8,2001-08-01,1131
23,2001,8,2001-08-01,224
24,2001,8,2001-08-01,55
25,2001,8,2001-08-01,34
26,2001,8,2001-08-01,27
27,2001,8,2001-08-01,1
28,2001,8,2001-08-01,0
29,2001,8,2001-08-01,978
31,2001,8,2001-08-01,858
32,2001,8,2001-08-01,31
33,2001,8,2001-08-01,127
35,2001,8,2001-08-01,587
41,2001,8,2001-08-01,343
42,2001,8,2001-08-01,25
43,2001,8,2001-08-01,36
50,2001,8,2001-08-01,2450
51,2001,8,2001-08-01,7755
52,2001,8,2001-08-01,788
53,2001,8,2001-08-01,25
11,2001,9,2001-09-01,1929
12,2001,9,2001-09-01,288
13,2001,9,2001-09-01,168
14,2001,9,2001-09-01,1
15,2001,9,2001-09-01,6136
16,2001,9,2001-09-01,95
17,2001,9,2001-09-01,4845
21,2001,9,2001-09-01,4550
22,2001,9,2001-09-01,2468
23,2001,9,2001-09-01,808
24,2001,9,2001-09-01,43
25,2001,9,2001-09-01,98
26,2001,9,2001-09-01,296
27,2001,9,2001-09-01,5
28,2001,9,2001-09-01,1
29,2001,9,2001-09-01,3957
31,2001,9,2001-09-01,1597
32,2001,9,2001-09-01,38
33,2001,9,2001-09-01,60
35,2001,9,2001-09-01,423
41,2001,9,2001-09-01,258
42,2001,9,2001-09-01,18
43,2001,9,2001-09-01,2
50,2001,9,2001-09-01,1384
51,2001,9,2001-09-01,8487
52,2001,9,2001-09-01,1861
53,2001,9,2001-09-01,13
11,2001,10,2001-10-01,797
12,2001,10,2001-10-01,137
13,2001,10,2001-10-01,332
14,2001,10,2001-10-01,13
15,2001,10,2001-10-01,5102
16,2001,10,2001-10-01,193
17,2001,10,2001-10-01,682
21,2001,10,2001-10-01,6597
22,2001,10,2001-10-01,3805
23,2001,10,2001-10-01,2051
24,2001,10,2001-10-01,34
25,2001,10,2001-10-01,278
26,2001,10,2001-10-01,455
27,2001,10,2001-10-01,15
28,2001,10,2001-10-01,5
29,2001,10,2001-10-01,1687
31,2001,10,2001-10-01,529
32,2001,10,2001-10-01,19
33,2001,10,2001-10-01,33
35,2001,10,2001-10-01,441
41,2001,10,2001-10-01,211
42,2001,10,2001-10-01,26
43,2001,10,2001-10-01,13
50,2001,10,2001-10-01,563
51,2001,10,2001-10-01,6544
52,2001,10,2001-10-01,477
53,2001,10,2001-10-01,0
11,2001,11,2001-11-01,92
12,2001,11,2001-11-01,1
13,2001,11,2001-11-01,244
14,2001,11,2001-11-01,76
15,2001,11,2001-11-01,4936
16,2001,11,2001-11-01,406
17,2001,11,2001-11-01,100
21,2001,11,2001-11-01,3521
22,2001,11,2001-11-01,1489
23,2001,11,2001-11-01,2461
24,2001,11,2001-11-01,40
25,2001,11,2001-11-01,296
26,2001,11,2001-11-01,203
27,2001,11,2001-11-01,22
28,2001,11,2001-11-01,5
29,2001,11,2001-11-01,699
31,2001,11,2001-11-01,62
32,2001,11,2001-11-01,3
33,2001,11,2001-11-01,4
35,2001,11,2001-11-01,168
41,2001,11,2001-11-01,89
42,2001,11,2001-11-01,66
43,2001,11,2001-11-01,49
50,2001,11,2001-11-01,220
51,2001,11,2001-11-01,373
52,2001,11,2001-11-01,15
53,2001,11,2001-11-01,0
11,2001,12,2001-12-01,1
12,2001,12,2001-12-01,0
13,2001,12,2001-12-01,22
14,2001,12,2001-12-01,76
15,2001,12,2001-12-01,2566
16,2001,12,2001-12-01,593
17,2001,12,2001-12-01,21
21,2001,12,2001-12-01,1290
22,2001,12,2001-12-01,233
23,2001,12,2001-12-01,545
24,2001,12,2001-12-01,20
25,2001,12,2001-12-01,70
26,2001,12,2001-12-01,62
27,2001,12,2001-12-01,30
28,2001,12,2001-12-01,5
29,2001,12,2001-12-01,158
31,2001,12,2001-12-01,44
32,2001,12,2001-12-01,1
33,2001,12,2001-12-01,2
35,2001,12,2001-12-01,52
41,2001,12,2001-12-01,85
42,2001,12,2001-12-01,45
43,2001,12,2001-12-01,80
50,2001,12,2001-12-01,143
51,2001,12,2001-12-01,37
52,2001,12,2001-12-01,18
53,2001,12,2001-12-01,1
11,2002,1,2002-01-01,6
12,2002,1,2002-01-01,0
13,2002,1,2002-01-01,17
14,2002,1,2002-01-01,302
15,2002,1,2002-01-01,144
16,2002,1,2002-01-01,7
17,2002,1,2002-01-01,36
21,2002,1,2002-01-01,49
22,2002,1,2002-01-01,32
23,2002,1,2002-01-01,33
24,2002,1,2002-01-01,4
25,2002,1,2002-01-01,5
26,2002,1,2002-01-01,10
27,2002,1,2002-01-01,12
28,2002,1,2002-01-01,1
29,2002,1,2002-01-01,124
31,2002,1,2002-01-01,29
32,2002,1,2002-01-01,2
33,2002,1,2002-01-01,0
35,2002,1,2002-01-01,19
41,2002,1,2002-01-01,47
42,2002,1,2002-01-01,22
43,2002,1,2002-01-01,263
50,2002,1,2002-01-01,305
51,2002,1,2002-01-01,172
52,2002,1,2002-01-01,12
53,2002,1,2002-01-01,0
11,2002,2,2002-02-01,8
12,2002,2,2002-02-01,1
13,2002,2,2002-02-01,2
14,2002,2,2002-02-01,476
15,2002,2,2002-02-01,120
16,2002,2,2002-02-01,2
17,2002,2,2002-02-01,48
21,2002,2,2002-02-01,116
22,2002,2,2002-02-01,159
23,2002,2,2002-02-01,76
24,2002,2,2002-02-01,17
25,2002,2,2002-02-01,18
26,2002,2,2002-02-01,19
27,2002,2,2002-02-01,15
28,2002,2,2002-02-01,6
29,2002,2,2002-02-01,204
31,2002,2,2002-02-01,62
32,2002,2,2002-02-01,4
33,2002,2,2002-02-01,1
35,2002,2,2002-02-01,19
41,2002,2,2002-02-01,24
42,2002,2,2002-02-01,5
43,2002,2,2002-02-01,38
50,2002,2,2002-02-01,98
51,2002,2,2002-02-01,22
52,2002,2,2002-02-01,9
53,2002,2,2002-02-01,0
11,2002,3,2002-03-01,1
12,2002,3,2002-03-01,0
13,2002,3,2002-03-01,5
14,2002,3,2002-03-01,819
15,2002,3,2002-03-01,14
16,2002,3,2002-03-01,0
17,2002,3,2002-03-01,33
21,2002,3,2002-03-01,16
22,2002,3,2002-03-01,63
23,2002,3,2002-03-01,17
24,2002,3,2002-03-01,3
25,2002,3,2002-03-01,3
26,2002,3,2002-03-01,24
27,2002,3,2002-03-01,27
28,2002,3,2002-03-01,7
29,2002,3,2002-03-01,146
31,2002,3,2002-03-01,62
32,2002,3,2002-03-01,4
33,2002,3,2002-03-01,1
35,2002,3,2002-03-01,111
41,2002,3,2002-03-01,18
42,2002,3,2002-03-01,12
43,2002,3,2002-03-01,26
50,2002,3,2002-03-01,115
51,2002,3,2002-03-01,103
52,2002,3,2002-03-01,48
53,2002,3,2002-03-01,0
11,2002,4,2002-04-01,3
12,2002,4,2002-04-01,0
13,2002,4,2002-04-01,2
14,2002,4,2002-04-01,41
15,2002,4,2002-04-01,11
16,2002,4,2002-04-01,0
17,2002,4,2002-04-01,39
21,2002,4,2002-04-01,28
22,2002,4,2002-04-01,87
23,2002,4,2002-04-01,6
24,2002,4,2002-04-01,0
25,2002,4,2002-04-01,1
26,2002,4,2002-04-01,5
27,2002,4,2002-04-01,6
28,2002,4,2002-04-01,12
29,2002,4,2002-04-01,108
31,2002,4,2002-04-01,99
32,2002,4,2002-04-01,2
33,2002,4,2002-04-01,8
35,2002,4,2002-04-01,178
41,2002,4,2002-04-01,84
42,2002,4,2002-04-01,7
43,2002,4,2002-04-01,6
50,2002,4,2002-04-01,230
51,2002,4,2002-04-01,641
52,2002,4,2002-04-01,78
53,2002,4,2002-04-01,1
11,2002,5,2002-05-01,15
12,2002,5,2002-05-01,0
13,2002,5,2002-05-01,8
14,2002,5,2002-05-01,0
15,2002,5,2002-05-01,18
16,2002,5,2002-05-01,3
17,2002,5,2002-05-01,139
21,2002,5,2002-05-01,71
22,2002,5,2002-05-01,84
23,2002,5,2002-05-01,10
24,2002,5,2002-05-01,6
25,2002,5,2002-05-01,1
26,2002,5,2002-05-01,13
27,2002,5,2002-05-01,1
28,2002,5,2002-05-01,0
29,2002,5,2002-05-01,164
31,2002,5,2002-05-01,98
32,2002,5,2002-05-01,5
33,2002,5,2002-05-01,4
35,2002,5,2002-05-01,319
41,2002,5,2002-05-01,65
42,2002,5,2002-05-01,3
43,2002,5,2002-05-01,7
50,2002,5,2002-05-01,88
51,2002,5,2002-05-01,2522
52,2002,5,2002-05-01,171
53,2002,5,2002-05-01,1
11,2002,6,2002-06-01,143
12,2002,6,2002-06-01,0
13,2002,6,2002-06-01,5
14,2002,6,2002-06-01,0
15,2002,6,2002-06-01,149
16,2002,6,2002-06-01,0
17,2002,6,2002-06-01,397
21,2002,6,2002-06-01,227
22,2002,6,2002-06-01,164
23,2002,6,2002-06-01,13
24,2002,6,2002-06-01,1
25,2002,6,2002-06-01,1
26,2002,6,2002-06-01,1
27,2002,6,2002-06-01,0
28,2002,6,2002-06-01,0
29,2002,6,2002-06-01,116
31,2002,6,2002-06-01,207
32,2002,6,2002-06-01,18
33,2002,6,2002-06-01,13
35,2002,6,2002-06-01,562
41,2002,6,2002-06-01,115
42,2002,6,2002-06-01,0
43,2002,6,2002-06-01,4
50,2002,6,2002-06-01,520
51,2002,6,2002-06-01,7879
52,2002,6,2002-06-01,303
53,2002,6,2002-06-01,7
11,2002,7,2002-07-01,741
12,2002,7,2002-07-01,59
13,2002,7,2002-07-01,338
14,2002,7,2002-07-01,11
15,2002,7,2002-07-01,1308
16,2002,7,2002-07-01,2
17,2002,7,2002-07-01,1126
21,2002,7,2002-07-01,1675
22,2002,7,2002-07-01,558
23,2002,7,2002-07-01,23
24,2002,7,2002-07-01,11
25,2002,7,2002-07-01,9
26,2002,7,2002-07-01,7
27,2002,7,2002-07-01,7
28,2002,7,2002-07-01,0
29,2002,7,2002-07-01,611
31,2002,7,2002-07-01,888
32,2002,7,2002-07-01,16
33,2002,7,2002-07-01,52
35,2002,7,2002-07-01,645
41,2002,7,2002-07-01,439
42,2002,7,2002-07-01,323
43,2002,7,2002-07-01,405
50,2002,7,2002-07-01,1064
51,2002,7,2002-07-01,6932
52,2002,7,2002-07-01,792
53,2002,7,2002-07-01,38
11,2002,8,2002-08-01,5484
12,2002,8,2002-08-01,1268
13,2002,8,2002-08-01,1790
14,2002,8,2002-08-01,18
15,2002,8,2002-08-01,21369
16,2002,8,2002-08-01,21
17,2002,8,2002-08-01,3313
21,2002,8,2002-08-01,3789
22,2002,8,2002-08-01,2288
23,2002,8,2002-08-01,136
24,2002,8,2002-08-01,52
25,2002,8,2002-08-01,51
26,2002,8,2002-08-01,34
27,2002,8,2002-08-01,5
28,2002,8,2002-08-01,2
29,2002,8,2002-08-01,1812
31,2002,8,2002-08-01,2142
32,2002,8,2002-08-01,76
33,2002,8,2002-08-01,251
35,2002,8,2002-08-01,909
41,2002,8,2002-08-01,2216
42,2002,8,2002-08-01,1263
43,2002,8,2002-08-01,1482
50,2002,8,2002-08-01,4183
51,2002,8,2002-08-01,16911
52,2002,8,2002-08-01,1498
53,2002,8,2002-08-01,49
11,2002,9,2002-09-01,15903
12,2002,9,2002-09-01,4337
13,2002,9,2002-09-01,2916
14,2002,9,2002-09-01,91
15,2002,9,2002-09-01,11379
16,2002,9,2002-09-01,152
17,2002,9,2002-09-01,6981
21,2002,9,2002-09-01,5543
22,2002,9,2002-09-01,3035
23,2002,9,2002-09-01,241
24,2002,9,2002-09-01,74
25,2002,9,2002-09-01,93
26,2002,9,2002-09-01,439
27,2002,9,2002-09-01,23
28,2002,9,2002-09-01,2
29,2002,9,2002-09-01,7167
31,2002,9,2002-09-01,3818
32,2002,9,2002-09-01,76
33,2002,9,2002-09-01,81
35,2002,9,2002-09-01,483
41,2002,9,2002-09-01,2451
42,2002,9,2002-09-01,1189
43,2002,9,2002-09-01,853
50,2002,9,2002-09-01,2930
51,2002,9,2002-09-01,18707
52,2002,9,2002-09-01,4412
53,2002,9,2002-09-01,41
11,2002,10,2002-10-01,5410
12,2002,10,2002-10-01,932
13,2002,10,2002-10-01,1824
14,2002,10,2002-10-01,238
15,2002,10,2002-10-01,7848
16,2002,10,2002-10-01,710
17,2002,10,2002-10-01,2137
21,2002,10,2002-10-01,7152
22,2002,10,2002-10-01,2767
23,2002,10,2002-10-01,1954
24,2002,10,2002-10-01,181
25,2002,10,2002-10-01,219
26,2002,10,2002-10-01,657
27,2002,10,2002-10-01,35
28,2002,10,2002-10-01,20
29,2002,10,2002-10-01,5415
31,2002,10,2002-10-01,4660
32,2002,10,2002-10-01,151
33,2002,10,2002-10-01,332
35,2002,10,2002-10-01,699
41,2002,10,2002-10-01,675
42,2002,10,2002-10-01,74
43,2002,10,2002-10-01,31
50,2002,10,2002-10-01,2586
51,2002,10,2002-10-01,10863
52,2002,10,2002-10-01,1665
53,2002,10,2002-10-01,22
11,2002,11,2002-11-01,875
12,2002,11,2002-11-01,139
13,2002,11,2002-11-01,1221
14,2002,11,2002-11-01,188
15,2002,11,2002-11-01,12795
16,2002,11,2002-11-01,1473
17,2002,11,2002-11-01,226
21,2002,11,2002-11-01,8421
22,2002,11,2002-11-01,1369
23,2002,11,2002-11-01,3259
24,2002,11,2002-11-01,223
25,2002,11,2002-11-01,250
26,2002,11,2002-11-01,516
27,2002,11,2002-11-01,58
28,2002,11,2002-11-01,69
29,2002,11,2002-11-01,1169
31,2002,11,2002-11-01,486
32,2002,11,2002-11-01,26
33,2002,11,2002-11-01,17
35,2002,11,2002-11-01,129
41,2002,11,2002-11-01,853
42,2002,11,2002-11-01,554
43,2002,11,2002-11-01,138
50,2002,11,2002-11-01,1938
51,2002,11,2002-11-01,3247
52,2002,11,2002-11-01,273
53,2002,11,2002-11-01,1
11,2002,12,2002-12-01,102
12,2002,12,2002-12-01,3
13,2002,12,2002-12-01,267
14,2002,12,2002-12-01,282
15,2002,12,2002-12-01,5083
16,2002,12,2002-12-01,294
17,2002,12,2002-12-01,72
21,2002,12,2002-12-01,3377
22,2002,12,2002-12-01,537
23,2002,12,2002-12-01,2409
24,2002,12,2002-12-01,259
25,2002,12,2002-12-01,167
26,2002,12,2002-12-01,260
27,2002,12,2002-12-01,102
28,2002,12,2002-12-01,126
29,2002,12,2002-12-01,1012
31,2002,12,2002-12-01,280
32,2002,12,2002-12-01,22
33,2002,12,2002-12-01,14
35,2002,12,2002-12-01,77
41,2002,12,2002-12-01,363
42,2002,12,2002-12-01,143
43,2002,12,2002-12-01,108
50,2002,12,2002-12-01,486
51,2002,12,2002-12-01,1127
52,2002,12,2002-12-01,118
53,2002,12,2002-12-01,1
11,2003,1,2003-01-01,69
12,2003,1,2003-01-01,14
13,2003,1,2003-01-01,379
14,2003,1,2003-01-01,761
15,2003,1,2003-01-01,1440
16,2003,1,2003-01-01,35
17,2003,1,2003-01-01,51
21,2003,1,2003-01-01,575
22,2003,1,2003-01-01,109
23,2003,1,2003-01-01,323
24,2003,1,2003-01-01,123
25,2003,1,2003-01-01,77
26,2003,1,2003-01-01,202
27,2003,1,2003-01-01,147
28,2003,1,2003-01-01,210
29,2003,1,2003-01-01,560
31,2003,1,2003-01-01,47
32,2003,1,2003-01-01,12
33,2003,1,2003-01-01,2
35,2003,1,2003-01-01,67
41,2003,1,2003-01-01,177
42,2003,1,2003-01-01,92
43,2003,1,2003-01-01,91
50,2003,1,2003-01-01,238
51,2003,1,2003-01-01,883
52,2003,1,2003-01-01,13
53,2003,1,2003-01-01,0
11,2003,2,2003-02-01,14
12,2003,2,2003-02-01,0
13,2003,2,2003-02-01,129
14,2003,2,2003-02-01,1063
15,2003,2,2003-02-01,23
16,2003,2,2003-02-01,0
17,2003,2,2003-02-01,12
21,2003,2,2003-02-01,13
22,2003,2,2003-02-01,6
23,2003,2,2003-02-01,10
24,2003,2,2003-02-01,20
25,2003,2,2003-02-01,3
26,2003,2,2003-02-01,43
27,2003,2,2003-02-01,52
28,2003,2,2003-02-01,63
29,2003,2,2003-02-01,306
31,2003,2,2003-02-01,181
32,2003,2,2003-02-01,14
33,2003,2,2003-02-01,17
35,2003,2,2003-02-01,184
41,2003,2,2003-02-01,100
42,2003,2,2003-02-01,64
43,2003,2,2003-02-01,18
50,2003,2,2003-02-01,142
51,2003,2,2003-02-01,566
52,2003,2,2003-02-01,55
53,2003,2,2003-02-01,1
11,2003,3,2003-03-01,12
12,2003,3,2003-03-01,0
13,2003,3,2003-03-01,94
14,2003,3,2003-03-01,1486
15,2003,3,2003-03-01,28
16,2003,3,2003-03-01,5
17,2003,3,2003-03-01,21
21,2003,3,2003-03-01,24
22,2003,3,2003-03-01,14
23,2003,3,2003-03-01,6
24,2003,3,2003-03-01,4
25,2003,3,2003-03-01,1
26,2003,3,2003-03-01,13
27,2003,3,2003-03-01,32
28,2003,3,2003-03-01,76
29,2003,3,2003-03-01,401
31,2003,3,2003-03-01,123
32,2003,3,2003-03-01,46
33,2003,3,2003-03-01,33
35,2003,3,2003-03-01,96
41,2003,3,2003-03-01,139
42,2003,3,2003-03-01,111
43,2003,3,2003-03-01,50
50,2003,3,2003-03-01,159
51,2003,3,2003-03-01,541
52,2003,3,2003-03-01,34
53,2003,3,2003-03-01,0
11,2003,4,2003-04-01,18
12,2003,4,2003-04-01,5
13,2003,4,2003-04-01,42
14,2003,4,2003-04-01,354
15,2003,4,2003-04-01,14
16,2003,4,2003-04-01,3
17,2003,4,2003-04-01,81
21,2003,4,2003-04-01,112
22,2003,4,2003-04-01,25
23,2003,4,2003-04-01,4
24,2003,4,2003-04-01,1
25,2003,4,2003-04-01,2
26,2003,4,2003-04-01,10
27,2003,4,2003-04-01,22
28,2003,4,2003-04-01,51
29,2003,4,2003-04-01,512
31,2003,4,2003-04-01,265
32,2003,4,2003-04-01,31
33,2003,4,2003-04-01,24
35,2003,4,2003-04-01,165
41,2003,4,2003-04-01,245
42,2003,4,2003-04-01,290
43,2003,4,2003-04-01,133
50,2003,4,2003-04-01,177
51,2003,4,2003-04-01,930
52,2003,4,2003-04-01,127
53,2003,4,2003-04-01,0
11,2003,5,2003-05-01,102
12,2003,5,2003-05-01,18
13,2003,5,2003-05-01,24
14,2003,5,2003-05-01,6
15,2003,5,2003-05-01,112
16,2003,5,2003-05-01,1
17,2003,5,2003-05-01,293
21,2003,5,2003-05-01,236
22,2003,5,2003-05-01,64
23,2003,5,2003-05-01,7
24,2003,5,2003-05-01,6
25,2003,5,2003-05-01,2
26,2003,5,2003-05-01,10
27,2003,5,2003-05-01,7
28,2003,5,2003-05-01,5
29,2003,5,2003-05-01,226
31,2003,5,2003-05-01,369
32,2003,5,2003-05-01,16
33,2003,5,2003-05-01,32
35,2003,5,2003-05-01,385
41,2003,5,2003-05-01,552
42,2003,5,2003-05-01,492
43,2003,5,2003-05-01,179
50,2003,5,2003-05-01,273
51,2003,5,2003-05-01,2765
52,2003,5,2003-05-01,265
53,2003,5,2003-05-01,1
11,2003,6,2003-06-01,230
12,2003,6,2003-06-01,18
13,2003,6,2003-06-01,36
14,2003,6,2003-06-01,4
15,2003,6,2003-06-01,403
16,2003,6,2003-06-01,3
17,2003,6,2003-06-01,869
21,2003,6,2003-06-01,865
22,2003,6,2003-06-01,213
23,2003,6,2003-06-01,9
24,2003,6,2003-06-01,12
25,2003,6,2003-06-01,0
26,2003,6,2003-06-01,4
27,2003,6,2003-06-01,5
28,2003,6,2003-06-01,0
29,2003,6,2003-06-01,362
31,2003,6,2003-06-01,1065
32,2003,6,2003-06-01,76
33,2003,6,2003-06-01,155
35,2003,6,2003-06-01,757
41,2003,6,2003-06-01,799
42,2003,6,2003-06-01,339
43,2003,6,2003-06-01,104
50,2003,6,2003-06-01,499
51,2003,6,2003-06-01,9038
52,2003,6,2003-06-01,855
53,2003,6,2003-06-01,32
11,2003,7,2003-07-01,1682
12,2003,7,2003-07-01,427
13,2003,7,2003-07-01,655
14,2003,7,2003-07-01,0
15,2003,7,2003-07-01,3814
16,2003,7,2003-07-01,1
17,2003,7,2003-07-01,1502
21,2003,7,2003-07-01,2675
22,2003,7,2003-07-01,738
23,2003,7,2003-07-01,41
24,2003,7,2003-07-01,13
25,2003,7,2003-07-01,13
26,2003,7,2003-07-01,12
27,2003,7,2003-07-01,4
28,2003,7,2003-07-01,3
29,2003,7,2003-07-01,557
31,2003,7,2003-07-01,1465
32,2003,7,2003-07-01,91
33,2003,7,2003-07-01,235
35,2003,7,2003-07-01,885
41,2003,7,2003-07-01,678
42,2003,7,2003-07-01,414
43,2003,7,2003-07-01,687
50,2003,7,2003-07-01,571
51,2003,7,2003-07-01,12311
52,2003,7,2003-07-01,867
53,2003,7,2003-07-01,50
11,2003,8,2003-08-01,9052
12,2003,8,2003-08-01,3163
13,2003,8,2003-08-01,3017
14,2003,8,2003-08-01,6
15,2003,8,2003-08-01,8875
16,2003,8,2003-08-01,21
17,2003,8,2003-08-01,1553
21,2003,8,2003-08-01,2407
22,2003,8,2003-08-01,884
23,2003,8,2003-08-01,133
24,2003,8,2003-08-01,108
25,2003,8,2003-08-01,15
26,2003,8,2003-08-01,35
27,2003,8,2003-08-01,7
28,2003,8,2003-08-01,0
29,2003,8,2003-08-01,1078
31,2003,8,2003-08-01,2094
32,2003,8,2003-08-01,142
33,2003,8,2003-08-01,250
35,2003,8,2003-08-01,1194
41,2003,8,2003-08-01,2770
42,2003,8,2003-08-01,2611
43,2003,8,2003-08-01,2728
50,2003,8,2003-08-01,1002
51,2003,8,2003-08-01,12841
52,2003,8,2003-08-01,975
53,2003,8,2003-08-01,43
11,2003,9,2003-09-01,10782
12,2003,9,2003-09-01,5803
13,2003,9,2003-09-01,2594
14,2003,9,2003-09-01,8
15,2003,9,2003-09-01,12633
16,2003,9,2003-09-01,135
17,2003,9,2003-09-01,5640
21,2003,9,2003-09-01,7799
22,2003,9,2003-09-01,3711
23,2003,9,2003-09-01,420
24,2003,9,2003-09-01,118
25,2003,9,2003-09-01,94
26,2003,9,2003-09-01,575
27,2003,9,2003-09-01,8
28,2003,9,2003-09-01,6
29,2003,9,2003-09-01,9547
31,2003,9,2003-09-01,7489
32,2003,9,2003-09-01,276
33,2003,9,2003-09-01,224
35,2003,9,2003-09-01,1104
41,2003,9,2003-09-01,2867
42,2003,9,2003-09-01,1641
43,2003,9,2003-09-01,1163
50,2003,9,2003-09-01,1185
51,2003,9,2003-09-01,19936
52,2003,9,2003-09-01,1978
53,2003,9,2003-09-01,22
11,2003,10,2003-10-01,7593
12,2003,10,2003-10-01,1041
13,2003,10,2003-10-01,1851
14,2003,10,2003-10-01,24
15,2003,10,2003-10-01,6673
16,2003,10,2003-10-01,526
17,2003,10,2003-10-01,1772
21,2003,10,2003-10-01,8588
22,2003,10,2003-10-01,2690
23,2003,10,2003-10-01,2465
24,2003,10,2003-10-01,344
25,2003,10,2003-10-01,427
26,2003,10,2003-10-01,989
27,2003,10,2003-10-01,18
28,2003,10,2003-10-01,4
29,2003,10,2003-10-01,4515
31,2003,10,2003-10-01,5540
32,2003,10,2003-10-01,185
33,2003,10,2003-10-01,117
35,2003,10,2003-10-01,475
41,2003,10,2003-10-01,1480
42,2003,10,2003-10-01,883
43,2003,10,2003-10-01,595
50,2003,10,2003-10-01,710
51,2003,10,2003-10-01,6660
52,2003,10,2003-10-01,1318
53,2003,10,2003-10-01,12
11,2003,11,2003-11-01,750
12,2003,11,2003-11-01,30
13,2003,11,2003-11-01,780
14,2003,11,2003-11-01,52
15,2003,11,2003-11-01,10732
16,2003,11,2003-11-01,1117
17,2003,11,2003-11-01,197
21,2003,11,2003-11-01,7536
22,2003,11,2003-11-01,1765
23,2003,11,2003-11-01,4760
24,2003,11,2003-11-01,462
25,2003,11,2003-11-01,604
26,2003,11,2003-11-01,634
27,2003,11,2003-11-01,20
28,2003,11,2003-11-01,5
29,2003,11,2003-11-01,655
31,2003,11,2003-11-01,508
32,2003,11,2003-11-01,55
33,2003,11,2003-11-01,10
35,2003,11,2003-11-01,207
41,2003,11,2003-11-01,720
42,2003,11,2003-11-01,482
43,2003,11,2003-11-01,209
50,2003,11,2003-11-01,476
51,2003,11,2003-11-01,2443
52,2003,11,2003-11-01,212
53,2003,11,2003-11-01,0
11,2003,12,2003-12-01,253
12,2003,12,2003-12-01,4
13,2003,12,2003-12-01,590
14,2003,12,2003-12-01,223
15,2003,12,2003-12-01,8293
16,2003,12,2003-12-01,669
17,2003,12,2003-12-01,133
21,2003,12,2003-12-01,3718
22,2003,12,2003-12-01,639
23,2003,12,2003-12-01,3448
24,2003,12,2003-12-01,336
25,2003,12,2003-12-01,324
26,2003,12,2003-12-01,243
27,2003,12,2003-12-01,51
28,2003,12,2003-12-01,45
29,2003,12,2003-12-01,865
31,2003,12,2003-12-01,280
32,2003,12,2003-12-01,32
33,2003,12,2003-12-01,12
35,2003,12,2003-12-01,78
41,2003,12,2003-12-01,339
42,2003,12,2003-12-01,229
43,2003,12,2003-12-01,175
50,2003,12,2003-12-01,180
51,2003,12,2003-12-01,1646
52,2003,12,2003-12-01,175
53,2003,12,2003-12-01,0
11,2004,1,2004-01-01,31
12,2004,1,2004-01-01,0
13,2004,1,2004-01-01,277
14,2004,1,2004-01-01,522
15,2004,1,2004-01-01,875
16,2004,1,2004-01-01,58
17,2004,1,2004-01-01,41
21,2004,1,2004-01-01,338
22,2004,1,2004-01-01,55
23,2004,1,2004-01-01,213
24,2004,1,2004-01-01,43
25,2004,1,2004-01-01,38
26,2004,1,2004-01-01,41
27,2004,1,2004-01-01,13
28,2004,1,2004-01-01,21
29,2004,1,2004-01-01,201
31,2004,1,2004-01-01,29
32,2004,1,2004-01-01,0
33,2004,1,2004-01-01,3
35,2004,1,2004-01-01,56
41,2004,1,2004-01-01,206
42,2004,1,2004-01-01,63
43,2004,1,2004-01-01,108
50,2004,1,2004-01-01,375
51,2004,1,2004-01-01,261
52,2004,1,2004-01-01,15
53,2004,1,2004-01-01,0
11,2004,2,2004-02-01,16
12,2004,2,2004-02-01,4
13,2004,2,2004-02-01,129
14,2004,2,2004-02-01,349
15,2004,2,2004-02-01,36
16,2004,2,2004-02-01,1
17,2004,2,2004-02-01,9
21,2004,2,2004-02-01,24
22,2004,2,2004-02-01,25
23,2004,2,2004-02-01,11
24,2004,2,2004-02-01,8
25,2004,2,2004-02-01,1
26,2004,2,2004-02-01,12
27,2004,2,2004-02-01,15
28,2004,2,2004-02-01,17
29,2004,2,2004-02-01,193
31,2004,2,2004-02-01,36
32,2004,2,2004-02-01,8
33,2004,2,2004-02-01,6
35,2004,2,2004-02-01,91
41,2004,2,2004-02-01,92
42,2004,2,2004-02-01,64
43,2004,2,2004-02-01,103
50,2004,2,2004-02-01,271
51,2004,2,2004-02-01,397
52,2004,2,2004-02-01,14
53,2004,2,2004-02-01,0
11,2004,3,2004-03-01,28
12,2004,3,2004-03-01,0
13,2004,3,2004-03-01,20
14,2004,3,2004-03-01,449
15,2004,3,2004-03-01,29
16,2004,3,2004-03-01,0
17,2004,3,2004-03-01,32
21,2004,3,2004-03-01,43
22,2004,3,2004-03-01,41
23,2004,3,2004-03-01,3
24,2004,3,2004-03-01,0
25,2004,3,2004-03-01,3
26,2004,3,2004-03-01,12
27,2004,3,2004-03-01,34
28,2004,3,2004-03-01,62
29,2004,3,2004-03-01,179
31,2004,3,2004-03-01,125
32,2004,3,2004-03-01,2
33,2004,3,2004-03-01,5
35,2004,3,2004-03-01,122
41,2004,3,2004-03-01,169
42,2004,3,2004-03-01,141
43,2004,3,2004-03-01,225
50,2004,3,2004-03-01,323
51,2004,3,2004-03-01,822
52,2004,3,2004-03-01,59
53,2004,3,2004-03-01,0
11,2004,4,2004-04-01,27
12,2004,4,2004-04-01,9
13,2004,4,2004-04-01,26
14,2004,4,2004-04-01,262
15,2004,4,2004-04-01,61
16,2004,4,2004-04-01,1
17,2004,4,2004-04-01,122
21,2004,4,2004-04-01,98
22,2004,4,2004-04-01,25
23,2004,4,2004-04-01,1
24,2004,4,2004-04-01,3
25,2004,4,2004-04-01,3
26,2004,4,2004-04-01,10
27,2004,4,2004-04-01,10
28,2004,4,2004-04-01,21
29,2004,4,2004-04-01,200
31,2004,4,2004-04-01,161
32,2004,4,2004-04-01,10
33,2004,4,2004-04-01,12
35,2004,4,2004-04-01,112
41,2004,4,2004-04-01,172
42,2004,4,2004-04-01,185
43,2004,4,2004-04-01,218
50,2004,4,2004-04-01,175
51,2004,4,2004-04-01,946
52,2004,4,2004-04-01,84
53,2004,4,2004-04-01,2
11,2004,5,2004-05-01,32
12,2004,5,2004-05-01,21
13,2004,5,2004-05-01,11
14,2004,5,2004-05-01,9
15,2004,5,2004-05-01,193
16,2004,5,2004-05-01,1
17,2004,5,2004-05-01,558
21,2004,5,2004-05-01,324
22,2004,5,2004-05-01,126
23,2004,5,2004-05-01,7
24,2004,5,2004-05-01,5
25,2004,5,2004-05-01,3
26,2004,5,2004-05-01,5
27,2004,5,2004-05-01,3
28,2004,5,2004-05-01,13
29,2004,5,2004-05-01,251
31,2004,5,2004-05-01,237
32,2004,5,2004-05-01,4
33,2004,5,2004-05-01,13
35,2004,5,2004-05-01,215
41,2004,5,2004-05-01,45
42,2004,5,2004-05-01,40
43,2004,5,2004-05-01,58
50,2004,5,2004-05-01,58
51,2004,5,2004-05-01,4053
52,2004,5,2004-05-01,313
53,2004,5,2004-05-01,11
11,2004,6,2004-06-01,297
12,2004,6,2004-06-01,12
13,2004,6,2004-06-01,43
14,2004,6,2004-06-01,9
15,2004,6,2004-06-01,637
16,2004,6,2004-06-01,7
17,2004,6,2004-06-01,1186
21,2004,6,2004-06-01,818
22,2004,6,2004-06-01,252
23,2004,6,2004-06-01,8
24,2004,6,2004-06-01,9
25,2004,6,2004-06-01,0
26,2004,6,2004-06-01,8
27,2004,6,2004-06-01,1
28,2004,6,2004-06-01,0
29,2004,6,2004-06-01,306
31,2004,6,2004-06-01,303
32,2004,6,2004-06-01,2
33,2004,6,2004-06-01,55
35,2004,6,2004-06-01,448
41,2004,6,2004-06-01,394
42,2004,6,2004-06-01,369
43,2004,6,2004-06-01,260
50,2004,6,2004-06-01,550
51,2004,6,2004-06-01,11530
52,2004,6,2004-06-01,515
53,2004,6,2004-06-01,5
11,2004,7,2004-07-01,1734
12,2004,7,2004-07-01,95
13,2004,7,2004-07-01,364
14,2004,7,2004-07-01,2
15,2004,7,2004-07-01,6620
16,2004,7,2004-07-01,4
17,2004,7,2004-07-01,1541
21,2004,7,2004-07-01,1677
22,2004,7,2004-07-01,579
23,2004,7,2004-07-01,22
24,2004,7,2004-07-01,5
25,2004,7,2004-07-01,3
26,2004,7,2004-07-01,17
27,2004,7,2004-07-01,3
28,2004,7,2004-07-01,0
29,2004,7,2004-07-01,355
31,2004,7,2004-07-01,831
32,2004,7,2004-07-01,14
33,2004,7,2004-07-01,51
35,2004,7,2004-07-01,529
41,2004,7,2004-07-01,418
42,2004,7,2004-07-01,243
43,2004,7,2004-07-01,539
50,2004,7,2004-07-01,598
51,2004,7,2004-07-01,13214
52,2004,7,2004-07-01,852
53,2004,7,2004-07-01,46
11,2004,8,2004-08-01,9259
12,2004,8,2004-08-01,1003
13,2004,8,2004-08-01,1850
14,2004,8,2004-08-01,22
15,2004,8,2004-08-01,17861
16,2004,8,2004-08-01,18
17,2004,8,2004-08-01,2036
21,2004,8,2004-08-01,2426
22,2004,8,2004-08-01,1018
23,2004,8,2004-08-01,69
24,2004,8,2004-08-01,18
25,2004,8,2004-08-01,24
26,2004,8,2004-08-01,43
27,2004,8,2004-08-01,2
28,2004,8,2004-08-01,1
29,2004,8,2004-08-01,1512
31,2004,8,2004-08-01,1865
32,2004,8,2004-08-01,31
33,2004,8,2004-08-01,151
35,2004,8,2004-08-01,1012
41,2004,8,2004-08-01,1989
42,2004,8,2004-08-01,1357
43,2004,8,2004-08-01,1142
50,2004,8,2004-08-01,1605
51,2004,8,2004-08-01,16025
52,2004,8,2004-08-01,1618
53,2004,8,2004-08-01,110
11,2004,9,2004-09-01,23419
12,2004,9,2004-09-01,5458
13,2004,9,2004-09-01,2436
14,2004,9,2004-09-01,15
15,2004,9,2004-09-01,14249
16,2004,9,2004-09-01,117
17,2004,9,2004-09-01,6748
21,2004,9,2004-09-01,6807
22,2004,9,2004-09-01,3181
23,2004,9,2004-09-01,207
24,2004,9,2004-09-01,59
25,2004,9,2004-09-01,52
26,2004,9,2004-09-01,219
27,2004,9,2004-09-01,11
28,2004,9,2004-09-01,1
29,2004,9,2004-09-01,7395
31,2004,9,2004-09-01,5288
32,2004,9,2004-09-01,77
33,2004,9,2004-09-01,338
35,2004,9,2004-09-01,1104
41,2004,9,2004-09-01,1810
42,2004,9,2004-09-01,943
43,2004,9,2004-09-01,643
50,2004,9,2004-09-01,3070
51,2004,9,2004-09-01,34088
52,2004,9,2004-09-01,3544
53,2004,9,2004-09-01,116
11,2004,10,2004-10-01,5089
12,2004,10,2004-10-01,633
13,2004,10,2004-10-01,1564
14,2004,10,2004-10-01,71
15,2004,10,2004-10-01,7464
16,2004,10,2004-10-01,534
17,2004,10,2004-10-01,2154
21,2004,10,2004-10-01,5386
22,2004,10,2004-10-01,2580
23,2004,10,2004-10-01,1610
24,2004,10,2004-10-01,120
25,2004,10,2004-10-01,205
26,2004,10,2004-10-01,659
27,2004,10,2004-10-01,23
28,2004,10,2004-10-01,2
29,2004,10,2004-10-01,5701
31,2004,10,2004-10-01,3062
32,2004,10,2004-10-01,53
33,2004,10,2004-10-01,40
35,2004,10,2004-10-01,248
41,2004,10,2004-10-01,967
42,2004,10,2004-10-01,1056
43,2004,10,2004-10-01,992
50,2004,10,2004-10-01,1104
51,2004,10,2004-10-01,11405
52,2004,10,2004-10-01,1548
53,2004,10,2004-10-01,22
11,2004,11,2004-11-01,681
12,2004,11,2004-11-01,25
13,2004,11,2004-11-01,988
14,2004,11,2004-11-01,210
15,2004,11,2004-11-01,15958
16,2004,11,2004-11-01,1406
17,2004,11,2004-11-01,569
21,2004,11,2004-11-01,10348
22,2004,11,2004-11-01,2139
23,2004,11,2004-11-01,3615
24,2004,11,2004-11-01,211
25,2004,11,2004-11-01,391
26,2004,11,2004-11-01,528
27,2004,11,2004-11-01,38
28,2004,11,2004-11-01,53
29,2004,11,2004-11-01,2016
31,2004,11,2004-11-01,1066
32,2004,11,2004-11-01,56
33,2004,11,2004-11-01,60
35,2004,11,2004-11-01,230
41,2004,11,2004-11-01,556
42,2004,11,2004-11-01,454
43,2004,11,2004-11-01,273
50,2004,11,2004-11-01,312
51,2004,11,2004-11-01,2825
52,2004,11,2004-11-01,356
53,2004,11,2004-11-01,0
11,2004,12,2004-12-01,268
12,2004,12,2004-12-01,11
13,2004,12,2004-12-01,375
14,2004,12,2004-12-01,301
15,2004,12,2004-12-01,10231
16,2004,12,2004-12-01,1266
17,2004,12,2004-12-01,151
21,2004,12,2004-12-01,5296
22,2004,12,2004-12-01,1165
23,2004,12,2004-12-01,4816
24,2004,12,2004-12-01,344
25,2004,12,2004-12-01,385
26,2004,12,2004-12-01,449
27,2004,12,2004-12-01,80
28,2004,12,2004-12-01,97
29,2004,12,2004-12-01,674
31,2004,12,2004-12-01,226
32,2004,12,2004-12-01,10
33,2004,12,2004-12-01,16
35,2004,12,2004-12-01,166
41,2004,12,2004-12-01,314
42,2004,12,2004-12-01,115
43,2004,12,2004-12-01,168
50,2004,12,2004-12-01,175
51,2004,12,2004-12-01,1446
52,2004,12,2004-12-01,94
53,2004,12,2004-12-01,0
11,2005,1,2005-01-01,122
12,2005,1,2005-01-01,20
13,2005,1,2005-01-01,225
14,2005,1,2005-01-01,155
15,2005,1,2005-01-01,2861
16,2005,1,2005-01-01,194
17,2005,1,2005-01-01,75
21,2005,1,2005-01-01,674
22,2005,1,2005-01-01,111
23,2005,1,2005-01-01,476
24,2005,1,2005-01-01,161
25,2005,1,2005-01-01,169
26,2005,1,2005-01-01,238
27,2005,1,2005-01-01,91
28,2005,1,2005-01-01,111
29,2005,1,2005-01-01,414
31,2005,1,2005-01-01,52
32,2005,1,2005-01-01,7
33,2005,1,2005-01-01,13
35,2005,1,2005-01-01,24
41,2005,1,2005-01-01,76
42,2005,1,2005-01-01,61
43,2005,1,2005-01-01,186
50,2005,1,2005-01-01,71
51,2005,1,2005-01-01,440
52,2005,1,2005-01-01,30
53,2005,1,2005-01-01,0
11,2005,2,2005-02-01,41
12,2005,2,2005-02-01,0
13,2005,2,2005-02-01,16
14,2005,2,2005-02-01,207
15,2005,2,2005-02-01,121
16,2005,2,2005-02-01,1
17,2005,2,2005-02-01,34
21,2005,2,2005-02-01,73
22,2005,2,2005-02-01,34
23,2005,2,2005-02-01,41
24,2005,2,2005-02-01,51
25,2005,2,2005-02-01,22
26,2005,2,2005-02-01,43
27,2005,2,2005-02-01,47
28,2005,2,2005-02-01,40
29,2005,2,2005-02-01,227
31,2005,2,2005-02-01,106
32,2005,2,2005-02-01,1
33,2005,2,2005-02-01,9
35,2005,2,2005-02-01,131
41,2005,2,2005-02-01,158
42,2005,2,2005-02-01,79
43,2005,2,2005-02-01,54
50,2005,2,2005-02-01,301
51,2005,2,2005-02-01,951
52,2005,2,2005-02-01,110
53,2005,2,2005-02-01,0
11,2005,3,2005-03-01,16
12,2005,3,2005-03-01,5
13,2005,3,2005-03-01,15
14,2005,3,2005-03-01,441
15,2005,3,2005-03-01,32
16,2005,3,2005-03-01,0
17,2005,3,2005-03-01,22
21,2005,3,2005-03-01,19
22,2005,3,2005-03-01,8
23,2005,3,2005-03-01,7
24,2005,3,2005-03-01,23
25,2005,3,2005-03-01,16
26,2005,3,2005-03-01,46
27,2005,3,2005-03-01,45
28,2005,3,2005-03-01,44
29,2005,3,2005-03-01,234
31,2005,3,2005-03-01,157
32,2005,3,2005-03-01,11
33,2005,3,2005-03-01,15
35,2005,3,2005-03-01,130
41,2005,3,2005-03-01,140
42,2005,3,2005-03-01,189
43,2005,3,2005-03-01,183
50,2005,3,2005-03-01,261
51,2005,3,2005-03-01,423
52,2005,3,2005-03-01,46
53,2005,3,2005-03-01,0
11,2005,4,2005-04-01,26
12,2005,4,2005-04-01,2
13,2005,4,2005-04-01,8
14,2005,4,2005-04-01,56
15,2005,4,2005-04-01,43
16,2005,4,2005-04-01,0
17,2005,4,2005-04-01,107
21,2005,4,2005-04-01,99
22,2005,4,2005-04-01,15
23,2005,4,2005-04-01,7
24,2005,4,2005-04-01,3
25,2005,4,2005-04-01,4
26,2005,4,2005-04-01,7
27,2005,4,2005-04-01,3
28,2005,4,2005-04-01,13
29,2005,4,2005-04-01,180
31,2005,4,2005-04-01,227
32,2005,4,2005-04-01,9
33,2005,4,2005-04-01,13
35,2005,4,2005-04-01,213
41,2005,4,2005-04-01,100
42,2005,4,2005-04-01,116
43,2005,4,2005-04-01,81
50,2005,4,2005-04-01,251
51,2005,4,2005-04-01,1010
52,2005,4,2005-04-01,150
53,2005,4,2005-04-01,0
11,2005,5,2005-05-01,61
12,2005,5,2005-05-01,17
13,2005,5,2005-05-01,36
14,2005,5,2005-05-01,6
15,2005,5,2005-05-01,101
16,2005,5,2005-05-01,1
17,2005,5,2005-05-01,295
21,2005,5,2005-05-01,108
22,2005,5,2005-05-01,27
23,2005,5,2005-05-01,2
24,2005,5,2005-05-01,5
25,2005,5,2005-05-01,0
26,2005,5,2005-05-01,2
27,2005,5,2005-05-01,0
28,2005,5,2005-05-01,1
29,2005,5,2005-05-01,168
31,2005,5,2005-05-01,230
32,2005,5,2005-05-01,7
33,2005,5,2005-05-01,25
35,2005,5,2005-05-01,401
41,2005,5,2005-05-01,248
42,2005,5,2005-05-01,175
43,2005,5,2005-05-01,144
50,2005,5,2005-05-01,483
51,2005,5,2005-05-01,2259
52,2005,5,2005-05-01,269
53,2005,5,2005-05-01,4
11,2005,6,2005-06-01,261
12,2005,6,2005-06-01,75
13,2005,6,2005-06-01,130
14,2005,6,2005-06-01,10
15,2005,6,2005-06-01,656
16,2005,6,2005-06-01,3
17,2005,6,2005-06-01,766
21,2005,6,2005-06-01,662
22,2005,6,2005-06-01,192
23,2005,6,2005-06-01,7
24,2005,6,2005-06-01,2
25,2005,6,2005-06-01,0
26,2005,6,2005-06-01,3
27,2005,6,2005-06-01,3
28,2005,6,2005-06-01,0
29,2005,6,2005-06-01,240
31,2005,6,2005-06-01,336
32,2005,6,2005-06-01,9
33,2005,6,2005-06-01,51
35,2005,6,2005-06-01,396
41,2005,6,2005-06-01,223
42,2005,6,2005-06-01,197
43,2005,6,2005-06-01,127
50,2005,6,2005-06-01,557
51,2005,6,2005-06-01,2696
52,2005,6,2005-06-01,248
53,2005,6,2005-06-01,4
11,2005,7,2005-07-01,1947
12,2005,7,2005-07-01,1136
13,2005,7,2005-07-01,1894
14,2005,7,2005-07-01,8
15,2005,7,2005-07-01,9464
16,2005,7,2005-07-01,1
17,2005,7,2005-07-01,1558
21,2005,7,2005-07-01,1984
22,2005,7,2005-07-01,636
23,2005,7,2005-07-01,33
24,2005,7,2005-07-01,9
25,2005,7,2005-07-01,1
26,2005,7,2005-07-01,4
27,2005,7,2005-07-01,2
28,2005,7,2005-07-01,0
29,2005,7,2005-07-01,424
31,2005,7,2005-07-01,874
32,2005,7,2005-07-01,15
33,2005,7,2005-07-01,59
35,2005,7,2005-07-01,525
41,2005,7,2005-07-01,495
42,2005,7,2005-07-01,392
43,2005,7,2005-07-01,296
50,2005,7,2005-07-01,1364
51,2005,7,2005-07-01,6543
52,2005,7,2005-07-01,536
53,2005,7,2005-07-01,38
11,2005,8,2005-08-01,12801
12,2005,8,2005-08-01,7669
13,2005,8,2005-08-01,5981
14,2005,8,2005-08-01,16
15,2005,8,2005-08-01,23635
16,2005,8,2005-08-01,15
17,2005,8,2005-08-01,2781
21,2005,8,2005-08-01,3118
22,2005,8,2005-08-01,1124
23,2005,8,2005-08-01,71
24,2005,8,2005-08-01,13
25,2005,8,2005-08-01,1
26,2005,8,2005-08-01,15
27,2005,8,2005-08-01,9
28,2005,8,2005-08-01,0
29,2005,8,2005-08-01,1141
31,2005,8,2005-08-01,1520
32,2005,8,2005-08-01,30
33,2005,8,2005-08-01,243
35,2005,8,2005-08-01,1161
41,2005,8,2005-08-01,1894
42,2005,8,2005-08-01,1357
43,2005,8,2005-08-01,824
50,2005,8,2005-08-01,6141
51,2005,8,2005-08-01,18153
52,2005,8,2005-08-01,970
53,2005,8,2005-08-01,46
11,2005,9,2005-09-01,20907
12,2005,9,2005-09-01,6092
13,2005,9,2005-09-01,4931
14,2005,9,2005-09-01,108
15,2005,9,2005-09-01,12728
16,2005,9,2005-09-01,139
17,2005,9,2005-09-01,6319
21,2005,9,2005-09-01,7805
22,2005,9,2005-09-01,3351
23,2005,9,2005-09-01,187
24,2005,9,2005-09-01,43
25,2005,9,2005-09-01,13
26,2005,9,2005-09-01,164
27,2005,9,2005-09-01,14
28,2005,9,2005-09-01,2
29,2005,9,2005-09-01,4244
31,2005,9,2005-09-01,2301
32,2005,9,2005-09-01,10
33,2005,9,2005-09-01,67
35,2005,9,2005-09-01,291
41,2005,9,2005-09-01,546
42,2005,9,2005-09-01,208
43,2005,9,2005-09-01,430
50,2005,9,2005-09-01,2291
51,2005,9,2005-09-01,27674
52,2005,9,2005-09-01,1565
53,2005,9,2005-09-01,25
11,2005,10,2005-10-01,4718
12,2005,10,2005-10-01,943
13,2005,10,2005-10-01,1499
14,2005,10,2005-10-01,121
15,2005,10,2005-10-01,8689
16,2005,10,2005-10-01,509
17,2005,10,2005-10-01,3779
21,2005,10,2005-10-01,8704
22,2005,10,2005-10-01,3625
23,2005,10,2005-10-01,1659
24,2005,10,2005-10-01,215
25,2005,10,2005-10-01,172
26,2005,10,2005-10-01,452
27,2005,10,2005-10-01,20
28,2005,10,2005-10-01,13
29,2005,10,2005-10-01,9031
31,2005,10,2005-10-01,7145
32,2005,10,2005-10-01,84
33,2005,10,2005-10-01,168
35,2005,10,2005-10-01,264
41,2005,10,2005-10-01,175
42,2005,10,2005-10-01,225
43,2005,10,2005-10-01,119
50,2005,10,2005-10-01,806
51,2005,10,2005-10-01,9852
52,2005,10,2005-10-01,2018
53,2005,10,2005-10-01,18
11,2005,11,2005-11-01,671
12,2005,11,2005-11-01,27
13,2005,11,2005-11-01,833
14,2005,11,2005-11-01,175
15,2005,11,2005-11-01,9368
16,2005,11,2005-11-01,1054
17,2005,11,2005-11-01,384
21,2005,11,2005-11-01,6670
22,2005,11,2005-11-01,1830
23,2005,11,2005-11-01,3434
24,2005,11,2005-11-01,278
25,2005,11,2005-11-01,305
26,2005,11,2005-11-01,474
27,2005,11,2005-11-01,32
28,2005,11,2005-11-01,27
29,2005,11,2005-11-01,1801
31,2005,11,2005-11-01,548
32,2005,11,2005-11-01,3
33,2005,11,2005-11-01,18
35,2005,11,2005-11-01,206
41,2005,11,2005-11-01,764
42,2005,11,2005-11-01,500
43,2005,11,2005-11-01,290
50,2005,11,2005-11-01,226
51,2005,11,2005-11-01,1539
52,2005,11,2005-11-01,169
53,2005,11,2005-11-01,5
11,2005,12,2005-12-01,78
12,2005,12,2005-12-01,7
13,2005,12,2005-12-01,76
14,2005,12,2005-12-01,158
15,2005,12,2005-12-01,3779
16,2005,12,2005-12-01,103
17,2005,12,2005-12-01,94
21,2005,12,2005-12-01,3775
22,2005,12,2005-12-01,921
23,2005,12,2005-12-01,2600
24,2005,12,2005-12-01,198
25,2005,12,2005-12-01,301
26,2005,12,2005-12-01,363
27,2005,12,2005-12-01,26
28,2005,12,2005-12-01,42
29,2005,12,2005-12-01,343
31,2005,12,2005-12-01,206
32,2005,12,2005-12-01,13
33,2005,12,2005-12-01,6
35,2005,12,2005-12-01,90
41,2005,12,2005-12-01,204
42,2005,12,2005-12-01,83
43,2005,12,2005-12-01,133
50,2005,12,2005-12-01,152
51,2005,12,2005-12-01,564
52,2005,12,2005-12-01,17
53,2005,12,2005-12-01,0
11,2006,1,2006-01-01,14
12,2006,1,2006-01-01,7
13,2006,1,2006-01-01,79
14,2006,1,2006-01-01,98
15,2006,1,2006-01-01,855
16,2006,1,2006-01-01,10
17,2006,1,2006-01-01,146
21,2006,1,2006-01-01,386
22,2006,1,2006-01-01,176
23,2006,1,2006-01-01,298
24,2006,1,2006-01-01,106
25,2006,1,2006-01-01,85
26,2006,1,2006-01-01,151
27,2006,1,2006-01-01,36
28,2006,1,2006-01-01,40
29,2006,1,2006-01-01,315
31,2006,1,2006-01-01,168
32,2006,1,2006-01-01,13
33,2006,1,2006-01-01,18
35,2006,1,2006-01-01,107
41,2006,1,2006-01-01,109
42,2006,1,2006-01-01,74
43,2006,1,2006-01-01,64
50,2006,1,2006-01-01,72
51,2006,1,2006-01-01,1000
52,2006,1,2006-01-01,104
53,2006,1,2006-01-01,0
11,2006,2,2006-02-01,19
12,2006,2,2006-02-01,1
13,2006,2,2006-02-01,31
14,2006,2,2006-02-01,441
15,2006,2,2006-02-01,110
16,2006,2,2006-02-01,1
17,2006,2,2006-02-01,19
21,2006,2,2006-02-01,36
22,2006,2,2006-02-01,27
23,2006,2,2006-02-01,31
24,2006,2,2006-02-01,21
25,2006,2,2006-02-01,10
26,2006,2,2006-02-01,49
27,2006,2,2006-02-01,32
28,2006,2,2006-02-01,52
29,2006,2,2006-02-01,433
31,2006,2,2006-02-01,135
32,2006,2,2006-02-01,53
33,2006,2,2006-02-01,11
35,2006,2,2006-02-01,91
41,2006,2,2006-02-01,95
42,2006,2,2006-02-01,35
43,2006,2,2006-02-01,63
50,2006,2,2006-02-01,149
51,2006,2,2006-02-01,414
52,2006,2,2006-02-01,28
53,2006,2,2006-02-01,0
11,2006,3,2006-03-01,15
12,2006,3,2006-03-01,0
13,2006,3,2006-03-01,30
14,2006,3,2006-03-01,524
15,2006,3,2006-03-01,18
16,2006,3,2006-03-01,0
17,2006,3,2006-03-01,19
21,2006,3,2006-03-01,19
22,2006,3,2006-03-01,16
23,2006,3,2006-03-01,8
24,2006,3,2006-03-01,18
25,2006,3,2006-03-01,8
26,2006,3,2006-03-01,25
27,2006,3,2006-03-01,46
28,2006,3,2006-03-01,68
29,2006,3,2006-03-01,291
31,2006,3,2006-03-01,103
32,2006,3,2006-03-01,26
33,2006,3,2006-03-01,14
35,2006,3,2006-03-01,186
41,2006,3,2006-03-01,92
42,2006,3,2006-03-01,90
43,2006,3,2006-03-01,128
50,2006,3,2006-03-01,166
51,2006,3,2006-03-01,474
52,2006,3,2006-03-01,42
53,2006,3,2006-03-01,0
11,2006,4,2006-04-01,9
12,2006,4,2006-04-01,2
13,2006,4,2006-04-01,28
14,2006,4,2006-04-01,376
15,2006,4,2006-04-01,11
16,2006,4,2006-04-01,4
17,2006,4,2006-04-01,21
21,2006,4,2006-04-01,20
22,2006,4,2006-04-01,4
23,2006,4,2006-04-01,4
24,2006,4,2006-04-01,4
25,2006,4,2006-04-01,1
26,2006,4,2006-04-01,8
27,2006,4,2006-04-01,7
28,2006,4,2006-04-01,11
29,2006,4,2006-04-01,117
31,2006,4,2006-04-01,153
32,2006,4,2006-04-01,6
33,2006,4,2006-04-01,16
35,2006,4,2006-04-01,285
41,2006,4,2006-04-01,187
42,2006,4,2006-04-01,227
43,2006,4,2006-04-01,172
50,2006,4,2006-04-01,106
51,2006,4,2006-04-01,428
52,2006,4,2006-04-01,61
53,2006,4,2006-04-01,1
11,2006,5,2006-05-01,105
12,2006,5,2006-05-01,58
13,2006,5,2006-05-01,20
14,2006,5,2006-05-01,5
15,2006,5,2006-05-01,8
16,2006,5,2006-05-01,0
17,2006,5,2006-05-01,204
21,2006,5,2006-05-01,89
22,2006,5,2006-05-01,26
23,2006,5,2006-05-01,0
24,2006,5,2006-05-01,4
25,2006,5,2006-05-01,0
26,2006,5,2006-05-01,5
27,2006,5,2006-05-01,2
28,2006,5,2006-05-01,0
29,2006,5,2006-05-01,172
31,2006,5,2006-05-01,379
32,2006,5,2006-05-01,16
33,2006,5,2006-05-01,56
35,2006,5,2006-05-01,587
41,2006,5,2006-05-01,452
42,2006,5,2006-05-01,346
43,2006,5,2006-05-01,267
50,2006,5,2006-05-01,298
51,2006,5,2006-05-01,1013
52,2006,5,2006-05-01,192
53,2006,5,2006-05-01,9
11,2006,6,2006-06-01,232
12,2006,6,2006-06-01,34
13,2006,6,2006-06-01,156
14,2006,6,2006-06-01,0
15,2006,6,2006-06-01,423
16,2006,6,2006-06-01,0
17,2006,6,2006-06-01,870
21,2006,6,2006-06-01,520
22,2006,6,2006-06-01,123
23,2006,6,2006-06-01,3
24,2006,6,2006-06-01,1
25,2006,6,2006-06-01,2
26,2006,6,2006-06-01,1
27,2006,6,2006-06-01,0
28,2006,6,2006-06-01,0
29,2006,6,2006-06-01,220
31,2006,6,2006-06-01,444
32,2006,6,2006-06-01,35
33,2006,6,2006-06-01,148
35,2006,6,2006-06-01,667
41,2006,6,2006-06-01,396
42,2006,6,2006-06-01,220
43,2006,6,2006-06-01,115
50,2006,6,2006-06-01,285
51,2006,6,2006-06-01,2398
52,2006,6,2006-06-01,298
53,2006,6,2006-06-01,10
11,2006,7,2006-07-01,1057
12,2006,7,2006-07-01,186
13,2006,7,2006-07-01,574
14,2006,7,2006-07-01,1
15,2006,7,2006-07-01,1955
16,2006,7,2006-07-01,0
17,2006,7,2006-07-01,1031
21,2006,7,2006-07-01,1416
22,2006,7,2006-07-01,369
23,2006,7,2006-07-01,18
24,2006,7,2006-07-01,2
25,2006,7,2006-07-01,2
26,2006,7,2006-07-01,4
27,2006,7,2006-07-01,3
28,2006,7,2006-07-01,0
29,2006,7,2006-07-01,482
31,2006,7,2006-07-01,1277
32,2006,7,2006-07-01,57
33,2006,7,2006-07-01,301
35,2006,7,2006-07-01,1011
41,2006,7,2006-07-01,891
42,2006,7,2006-07-01,707
43,2006,7,2006-07-01,615
50,2006,7,2006-07-01,728
51,2006,7,2006-07-01,4561
52,2006,7,2006-07-01,502
53,2006,7,2006-07-01,38
11,2006,8,2006-08-01,6348
12,2006,8,2006-08-01,1507
13,2006,8,2006-08-01,3399
14,2006,8,2006-08-01,21
15,2006,8,2006-08-01,15064
16,2006,8,2006-08-01,27
17,2006,8,2006-08-01,2066
21,2006,8,2006-08-01,2416
22,2006,8,2006-08-01,1244
23,2006,8,2006-08-01,80
24,2006,8,2006-08-01,19
25,2006,8,2006-08-01,8
26,2006,8,2006-08-01,13
27,2006,8,2006-08-01,5
28,2006,8,2006-08-01,2
29,2006,8,2006-08-01,1318
31,2006,8,2006-08-01,1948
32,2006,8,2006-08-01,90
33,2006,8,2006-08-01,322
35,2006,8,2006-08-01,1096
41,2006,8,2006-08-01,1681
42,2006,8,2006-08-01,1862
43,2006,8,2006-08-01,1537
50,2006,8,2006-08-01,1570
51,2006,8,2006-08-01,9975
52,2006,8,2006-08-01,948
53,2006,8,2006-08-01,64
11,2006,9,2006-09-01,14939
12,2006,9,2006-09-01,3737
13,2006,9,2006-09-01,4254
14,2006,9,2006-09-01,56
15,2006,9,2006-09-01,13225
16,2006,9,2006-09-01,159
17,2006,9,2006-09-01,3831
21,2006,9,2006-09-01,3782
22,2006,9,2006-09-01,1685
23,2006,9,2006-09-01,265
24,2006,9,2006-09-01,54
25,2006,9,2006-09-01,32
26,2006,9,2006-09-01,143
27,2006,9,2006-09-01,13
28,2006,9,2006-09-01,0
29,2006,9,2006-09-01,3171
31,2006,9,2006-09-01,3077
32,2006,9,2006-09-01,103
33,2006,9,2006-09-01,243
35,2006,9,2006-09-01,840
41,2006,9,2006-09-01,1141
42,2006,9,2006-09-01,769
43,2006,9,2006-09-01,728
50,2006,9,2006-09-01,1199
51,2006,9,2006-09-01,17382
52,2006,9,2006-09-01,1630
53,2006,9,2006-09-01,17
11,2006,10,2006-10-01,1895
12,2006,10,2006-10-01,600
13,2006,10,2006-10-01,2181
14,2006,10,2006-10-01,161
15,2006,10,2006-10-01,9346
16,2006,10,2006-10-01,565
17,2006,10,2006-10-01,1660
21,2006,10,2006-10-01,4270
22,2006,10,2006-10-01,1728
23,2006,10,2006-10-01,932
24,2006,10,2006-10-01,89
25,2006,10,2006-10-01,136
26,2006,10,2006-10-01,365
27,2006,10,2006-10-01,39
28,2006,10,2006-10-01,5
29,2006,10,2006-10-01,2395
31,2006,10,2006-10-01,815
32,2006,10,2006-10-01,18
33,2006,10,2006-10-01,34
35,2006,10,2006-10-01,233
41,2006,10,2006-10-01,562
42,2006,10,2006-10-01,379
43,2006,10,2006-10-01,213
50,2006,10,2006-10-01,333
51,2006,10,2006-10-01,2818
52,2006,10,2006-10-01,270
53,2006,10,2006-10-01,1
11,2006,11,2006-11-01,1028
12,2006,11,2006-11-01,66
13,2006,11,2006-11-01,588
14,2006,11,2006-11-01,96
15,2006,11,2006-11-01,9684
16,2006,11,2006-11-01,637
17,2006,11,2006-11-01,339
21,2006,11,2006-11-01,6879
22,2006,11,2006-11-01,1693
23,2006,11,2006-11-01,2077
24,2006,11,2006-11-01,232
25,2006,11,2006-11-01,391
26,2006,11,2006-11-01,603
27,2006,11,2006-11-01,25
28,2006,11,2006-11-01,10
29,2006,11,2006-11-01,810
31,2006,11,2006-11-01,195
32,2006,11,2006-11-01,4
33,2006,11,2006-11-01,7
35,2006,11,2006-11-01,170
41,2006,11,2006-11-01,205
42,2006,11,2006-11-01,212
43,2006,11,2006-11-01,136
50,2006,11,2006-11-01,250
51,2006,11,2006-11-01,2711
52,2006,11,2006-11-01,254
53,2006,11,2006-11-01,0
11,2006,12,2006-12-01,41
12,2006,12,2006-12-01,0
13,2006,12,2006-12-01,357
14,2006,12,2006-12-01,410
15,2006,12,2006-12-01,5141
16,2006,12,2006-12-01,262
17,2006,12,2006-12-01,93
21,2006,12,2006-12-01,3469
22,2006,12,2006-12-01,776
23,2006,12,2006-12-01,2451
24,2006,12,2006-12-01,184
25,2006,12,2006-12-01,339
26,2006,12,2006-12-01,392
27,2006,12,2006-12-01,60
28,2006,12,2006-12-01,38
29,2006,12,2006-12-01,494
31,2006,12,2006-12-01,138
32,2006,12,2006-12-01,10
33,2006,12,2006-12-01,2
35,2006,12,2006-12-01,94
41,2006,12,2006-12-01,69
42,2006,12,2006-12-01,65
43,2006,12,2006-12-01,78
50,2006,12,2006-12-01,88
51,2006,12,2006-12-01,305
52,2006,12,2006-12-01,58
53,2006,12,2006-12-01,0
11,2007,1,2007-01-01,44
12,2007,1,2007-01-01,1
13,2007,1,2007-01-01,106
14,2007,1,2007-01-01,288
15,2007,1,2007-01-01,817
16,2007,1,2007-01-01,12
17,2007,1,2007-01-01,62
21,2007,1,2007-01-01,634
22,2007,1,2007-01-01,152
23,2007,1,2007-01-01,428
24,2007,1,2007-01-01,78
25,2007,1,2007-01-01,77
26,2007,1,2007-01-01,145
27,2007,1,2007-01-01,33
28,2007,1,2007-01-01,60
29,2007,1,2007-01-01,451
31,2007,1,2007-01-01,115
32,2007,1,2007-01-01,3
33,2007,1,2007-01-01,0
35,2007,1,2007-01-01,43
41,2007,1,2007-01-01,41
42,2007,1,2007-01-01,27
43,2007,1,2007-01-01,61
50,2007,1,2007-01-01,23
51,2007,1,2007-01-01,470
52,2007,1,2007-01-01,48
53,2007,1,2007-01-01,1
11,2007,2,2007-02-01,5
12,2007,2,2007-02-01,14
13,2007,2,2007-02-01,167
14,2007,2,2007-02-01,1347
15,2007,2,2007-02-01,39
16,2007,2,2007-02-01,1
17,2007,2,2007-02-01,11
21,2007,2,2007-02-01,21
22,2007,2,2007-02-01,18
23,2007,2,2007-02-01,5
24,2007,2,2007-02-01,11
25,2007,2,2007-02-01,13
26,2007,2,2007-02-01,18
27,2007,2,2007-02-01,33
28,2007,2,2007-02-01,30
29,2007,2,2007-02-01,136
31,2007,2,2007-02-01,99
32,2007,2,2007-02-01,5
33,2007,2,2007-02-01,21
35,2007,2,2007-02-01,179
41,2007,2,2007-02-01,73
42,2007,2,2007-02-01,37
43,2007,2,2007-02-01,41
50,2007,2,2007-02-01,137
51,2007,2,2007-02-01,280
52,2007,2,2007-02-01,20
53,2007,2,2007-02-01,0
11,2007,3,2007-03-01,27
12,2007,3,2007-03-01,5
13,2007,3,2007-03-01,14
14,2007,3,2007-03-01,927
15,2007,3,2007-03-01,17
16,2007,3,2007-03-01,2
17,2007,3,2007-03-01,148
21,2007,3,2007-03-01,89
22,2007,3,2007-03-01,43
23,2007,3,2007-03-01,7
24,2007,3,2007-03-01,5
25,2007,3,2007-03-01,2
26,2007,3,2007-03-01,6
27,2007,3,2007-03-01,12
28,2007,3,2007-03-01,4
29,2007,3,2007-03-01,249
31,2007,3,2007-03-01,263
32,2007,3,2007-03-01,16
33,2007,3,2007-03-01,45
35,2007,3,2007-03-01,267
41,2007,3,2007-03-01,127
42,2007,3,2007-03-01,68
43,2007,3,2007-03-01,34
50,2007,3,2007-03-01,179
51,2007,3,2007-03-01,679
52,2007,3,2007-03-01,104
53,2007,3,2007-03-01,1
11,2007,4,2007-04-01,10
12,2007,4,2007-04-01,8
13,2007,4,2007-04-01,18
14,2007,4,2007-04-01,184
15,2007,4,2007-04-01,17
16,2007,4,2007-04-01,0
17,2007,4,2007-04-01,136
21,2007,4,2007-04-01,76
22,2007,4,2007-04-01,44
23,2007,4,2007-04-01,5
24,2007,4,2007-04-01,6
25,2007,4,2007-04-01,1
26,2007,4,2007-04-01,9
27,2007,4,2007-04-01,16
28,2007,4,2007-04-01,6
29,2007,4,2007-04-01,240
31,2007,4,2007-04-01,188
32,2007,4,2007-04-01,16
33,2007,4,2007-04-01,31
35,2007,4,2007-04-01,202
41,2007,4,2007-04-01,111
42,2007,4,2007-04-01,47
43,2007,4,2007-04-01,115
50,2007,4,2007-04-01,169
51,2007,4,2007-04-01,809
52,2007,4,2007-04-01,83
53,2007,4,2007-04-01,3
11,2007,5,2007-05-01,65
12,2007,5,2007-05-01,15
13,2007,5,2007-05-01,16
14,2007,5,2007-05-01,2
15,2007,5,2007-05-01,90
16,2007,5,2007-05-01,0
17,2007,5,2007-05-01,730
21,2007,5,2007-05-01,294
22,2007,5,2007-05-01,147
23,2007,5,2007-05-01,11
24,2007,5,2007-05-01,12
25,2007,5,2007-05-01,0
26,2007,5,2007-05-01,6
27,2007,5,2007-05-01,2
28,2007,5,2007-05-01,0
29,2007,5,2007-05-01,417
31,2007,5,2007-05-01,473
32,2007,5,2007-05-01,23
33,2007,5,2007-05-01,29
35,2007,5,2007-05-01,392
41,2007,5,2007-05-01,121
42,2007,5,2007-05-01,36
43,2007,5,2007-05-01,89
50,2007,5,2007-05-01,242
51,2007,5,2007-05-01,1546
52,2007,5,2007-05-01,349
53,2007,5,2007-05-01,16
11,2007,6,2007-06-01,314
12,2007,6,2007-06-01,76
13,2007,6,2007-06-01,180
14,2007,6,2007-06-01,3
15,2007,6,2007-06-01,671
16,2007,6,2007-06-01,0
17,2007,6,2007-06-01,1450
21,2007,6,2007-06-01,1477
22,2007,6,2007-06-01,656
23,2007,6,2007-06-01,14
24,2007,6,2007-06-01,1
25,2007,6,2007-06-01,0
26,2007,6,2007-06-01,5
27,2007,6,2007-06-01,1
28,2007,6,2007-06-01,1
29,2007,6,2007-06-01,619
31,2007,6,2007-06-01,884
32,2007,6,2007-06-01,34
33,2007,6,2007-06-01,46
35,2007,6,2007-06-01,611
41,2007,6,2007-06-01,524
42,2007,6,2007-06-01,162
43,2007,6,2007-06-01,156
50,2007,6,2007-06-01,530
51,2007,6,2007-06-01,3552
52,2007,6,2007-06-01,690
53,2007,6,2007-06-01,59
11,2007,7,2007-07-01,587
12,2007,7,2007-07-01,181
13,2007,7,2007-07-01,607
14,2007,7,2007-07-01,15
15,2007,7,2007-07-01,1885
16,2007,7,2007-07-01,19
17,2007,7,2007-07-01,1955
21,2007,7,2007-07-01,2786
22,2007,7,2007-07-01,1571
23,2007,7,2007-07-01,35
24,2007,7,2007-07-01,14
25,2007,7,2007-07-01,6
26,2007,7,2007-07-01,11
27,2007,7,2007-07-01,6
28,2007,7,2007-07-01,0
29,2007,7,2007-07-01,1375
31,2007,7,2007-07-01,1429
32,2007,7,2007-07-01,70
33,2007,7,2007-07-01,134
35,2007,7,2007-07-01,423
41,2007,7,2007-07-01,440
42,2007,7,2007-07-01,186
43,2007,7,2007-07-01,375
50,2007,7,2007-07-01,592
51,2007,7,2007-07-01,4217
52,2007,7,2007-07-01,925
53,2007,7,2007-07-01,87
11,2007,8,2007-08-01,6769
12,2007,8,2007-08-01,1942
13,2007,8,2007-08-01,3990
14,2007,8,2007-08-01,4
15,2007,8,2007-08-01,21386
16,2007,8,2007-08-01,10
17,2007,8,2007-08-01,5963
21,2007,8,2007-08-01,10780
22,2007,8,2007-08-01,4187
23,2007,8,2007-08-01,237
24,2007,8,2007-08-01,33
25,2007,8,2007-08-01,14
26,2007,8,2007-08-01,23
27,2007,8,2007-08-01,3
28,2007,8,2007-08-01,0
29,2007,8,2007-08-01,4270
31,2007,8,2007-08-01,3681
32,2007,8,2007-08-01,96
33,2007,8,2007-08-01,330
35,2007,8,2007-08-01,754
41,2007,8,2007-08-01,1187
42,2007,8,2007-08-01,848
43,2007,8,2007-08-01,823
50,2007,8,2007-08-01,2279
51,2007,8,2007-08-01,18331
52,2007,8,2007-08-01,2948
53,2007,8,2007-08-01,197
11,2007,9,2007-09-01,14051
12,2007,9,2007-09-01,5446
13,2007,9,2007-09-01,3521
14,2007,9,2007-09-01,19
15,2007,9,2007-09-01,22055
16,2007,9,2007-09-01,146
17,2007,9,2007-09-01,10066
21,2007,9,2007-09-01,11245
22,2007,9,2007-09-01,5406
23,2007,9,2007-09-01,354
24,2007,9,2007-09-01,74
25,2007,9,2007-09-01,31
26,2007,9,2007-09-01,205
27,2007,9,2007-09-01,12
28,2007,9,2007-09-01,0
29,2007,9,2007-09-01,10076
31,2007,9,2007-09-01,6800
32,2007,9,2007-09-01,92
33,2007,9,2007-09-01,422
35,2007,9,2007-09-01,779
41,2007,9,2007-09-01,1212
42,2007,9,2007-09-01,771
43,2007,9,2007-09-01,749
50,2007,9,2007-09-01,5380
51,2007,9,2007-09-01,37231
52,2007,9,2007-09-01,4978
53,2007,9,2007-09-01,99
11,2007,10,2007-10-01,5343
12,2007,10,2007-10-01,823
13,2007,10,2007-10-01,1663
14,2007,10,2007-10-01,69
15,2007,10,2007-10-01,8346
16,2007,10,2007-10-01,485
17,2007,10,2007-10-01,4366
21,2007,10,2007-10-01,9694
22,2007,10,2007-10-01,3512
23,2007,10,2007-10-01,1457
24,2007,10,2007-10-01,133
25,2007,10,2007-10-01,165
26,2007,10,2007-10-01,833
27,2007,10,2007-10-01,25
28,2007,10,2007-10-01,9
29,2007,10,2007-10-01,7548
31,2007,10,2007-10-01,5880
32,2007,10,2007-10-01,172
33,2007,10,2007-10-01,295
35,2007,10,2007-10-01,601
41,2007,10,2007-10-01,663
42,2007,10,2007-10-01,245
43,2007,10,2007-10-01,151
50,2007,10,2007-10-01,1268
51,2007,10,2007-10-01,11291
52,2007,10,2007-10-01,2169
53,2007,10,2007-10-01,22
11,2007,11,2007-11-01,235
12,2007,11,2007-11-01,38
13,2007,11,2007-11-01,833
14,2007,11,2007-11-01,357
15,2007,11,2007-11-01,10114
16,2007,11,2007-11-01,753
17,2007,11,2007-11-01,411
21,2007,11,2007-11-01,5191
22,2007,11,2007-11-01,1505
23,2007,11,2007-11-01,2639
24,2007,11,2007-11-01,219
25,2007,11,2007-11-01,429
26,2007,11,2007-11-01,557
27,2007,11,2007-11-01,44
28,2007,11,2007-11-01,18
29,2007,11,2007-11-01,3308
31,2007,11,2007-11-01,2306
32,2007,11,2007-11-01,185
33,2007,11,2007-11-01,12
35,2007,11,2007-11-01,130
41,2007,11,2007-11-01,345
42,2007,11,2007-11-01,164
43,2007,11,2007-11-01,118
50,2007,11,2007-11-01,245
51,2007,11,2007-11-01,1025
52,2007,11,2007-11-01,240
53,2007,11,2007-11-01,0
11,2007,12,2007-12-01,50
12,2007,12,2007-12-01,0
13,2007,12,2007-12-01,178
14,2007,12,2007-12-01,29
15,2007,12,2007-12-01,3054
16,2007,12,2007-12-01,56
17,2007,12,2007-12-01,91
21,2007,12,2007-12-01,2478
22,2007,12,2007-12-01,737
23,2007,12,2007-12-01,2335
24,2007,12,2007-12-01,188
25,2007,12,2007-12-01,249
26,2007,12,2007-12-01,339
27,2007,12,2007-12-01,75
28,2007,12,2007-12-01,63
29,2007,12,2007-12-01,779
31,2007,12,2007-12-01,396
32,2007,12,2007-12-01,45
33,2007,12,2007-12-01,4
35,2007,12,2007-12-01,95
41,2007,12,2007-12-01,154
42,2007,12,2007-12-01,98
43,2007,12,2007-12-01,110
50,2007,12,2007-12-01,95
51,2007,12,2007-12-01,537
52,2007,12,2007-12-01,85
53,2007,12,2007-12-01,0
11,2008,1,2008-01-01,6
12,2008,1,2008-01-01,0
13,2008,1,2008-01-01,45
14,2008,1,2008-01-01,371
15,2008,1,2008-01-01,240
16,2008,1,2008-01-01,4
17,2008,1,2008-01-01,45
21,2008,1,2008-01-01,203
22,2008,1,2008-01-01,71
23,2008,1,2008-01-01,230
24,2008,1,2008-01-01,90
25,2008,1,2008-01-01,88
26,2008,1,2008-01-01,184
27,2008,1,2008-01-01,52
28,2008,1,2008-01-01,113
29,2008,1,2008-01-01,376
31,2008,1,2008-01-01,99
32,2008,1,2008-01-01,20
33,2008,1,2008-01-01,2
35,2008,1,2008-01-01,47
41,2008,1,2008-01-01,59
42,2008,1,2008-01-01,37
43,2008,1,2008-01-01,71
50,2008,1,2008-01-01,59
51,2008,1,2008-01-01,232
52,2008,1,2008-01-01,33
53,2008,1,2008-01-01,0
11,2008,2,2008-02-01,12
12,2008,2,2008-02-01,0
13,2008,2,2008-02-01,48
14,2008,2,2008-02-01,223
15,2008,2,2008-02-01,99
16,2008,2,2008-02-01,1
17,2008,2,2008-02-01,14
21,2008,2,2008-02-01,59
22,2008,2,2008-02-01,24
23,2008,2,2008-02-01,29
24,2008,2,2008-02-01,39
25,2008,2,2008-02-01,20
26,2008,2,2008-02-01,60
27,2008,2,2008-02-01,83
28,2008,2,2008-02-01,77
29,2008,2,2008-02-01,281
31,2008,2,2008-02-01,84
32,2008,2,2008-02-01,23
33,2008,2,2008-02-01,3
35,2008,2,2008-02-01,34
41,2008,2,2008-02-01,91
42,2008,2,2008-02-01,59
43,2008,2,2008-02-01,47
50,2008,2,2008-02-01,108
51,2008,2,2008-02-01,208
52,2008,2,2008-02-01,25
53,2008,2,2008-02-01,0
11,2008,3,2008-03-01,2
12,2008,3,2008-03-01,1
13,2008,3,2008-03-01,25
14,2008,3,2008-03-01,702
15,2008,3,2008-03-01,11
16,2008,3,2008-03-01,2
17,2008,3,2008-03-01,4
21,2008,3,2008-03-01,6
22,2008,3,2008-03-01,5
23,2008,3,2008-03-01,0
24,2008,3,2008-03-01,5
25,2008,3,2008-03-01,6
26,2008,3,2008-03-01,34
27,2008,3,2008-03-01,47
28,2008,3,2008-03-01,51
29,2008,3,2008-03-01,201
31,2008,3,2008-03-01,113
32,2008,3,2008-03-01,7
33,2008,3,2008-03-01,4
35,2008,3,2008-03-01,110
41,2008,3,2008-03-01,69
42,2008,3,2008-03-01,32
43,2008,3,2008-03-01,70
50,2008,3,2008-03-01,128
51,2008,3,2008-03-01,227
52,2008,3,2008-03-01,23
53,2008,3,2008-03-01,2
11,2008,4,2008-04-01,12
12,2008,4,2008-04-01,1
13,2008,4,2008-04-01,35
14,2008,4,2008-04-01,278
15,2008,4,2008-04-01,12
16,2008,4,2008-04-01,2
17,2008,4,2008-04-01,63
21,2008,4,2008-04-01,40
22,2008,4,2008-04-01,9
23,2008,4,2008-04-01,0
24,2008,4,2008-04-01,3
25,2008,4,2008-04-01,2
26,2008,4,2008-04-01,7
27,2008,4,2008-04-01,26
28,2008,4,2008-04-01,7
29,2008,4,2008-04-01,229
31,2008,4,2008-04-01,172
32,2008,4,2008-04-01,6
33,2008,4,2008-04-01,2
35,2008,4,2008-04-01,132
41,2008,4,2008-04-01,88
42,2008,4,2008-04-01,59
43,2008,4,2008-04-01,182
50,2008,4,2008-04-01,116
51,2008,4,2008-04-01,358
52,2008,4,2008-04-01,64
53,2008,4,2008-04-01,1
11,2008,5,2008-05-01,20
12,2008,5,2008-05-01,23
13,2008,5,2008-05-01,12
14,2008,5,2008-05-01,22
15,2008,5,2008-05-01,30
16,2008,5,2008-05-01,0
17,2008,5,2008-05-01,250
21,2008,5,2008-05-01,101
22,2008,5,2008-05-01,40
23,2008,5,2008-05-01,0
24,2008,5,2008-05-01,2
25,2008,5,2008-05-01,0
26,2008,5,2008-05-01,2
27,2008,5,2008-05-01,8
28,2008,5,2008-05-01,2
29,2008,5,2008-05-01,217
31,2008,5,2008-05-01,285
32,2008,5,2008-05-01,9
33,2008,5,2008-05-01,33
35,2008,5,2008-05-01,282
41,2008,5,2008-05-01,289
42,2008,5,2008-05-01,217
43,2008,5,2008-05-01,226
50,2008,5,2008-05-01,152
51,2008,5,2008-05-01,522
52,2008,5,2008-05-01,200
53,2008,5,2008-05-01,7
11,2008,6,2008-06-01,79
12,2008,6,2008-06-01,18
13,2008,6,2008-06-01,42
14,2008,6,2008-06-01,3
15,2008,6,2008-06-01,328
16,2008,6,2008-06-01,2
17,2008,6,2008-06-01,769
21,2008,6,2008-06-01,687
22,2008,6,2008-06-01,106
23,2008,6,2008-06-01,6
24,2008,6,2008-06-01,2
25,2008,6,2008-06-01,0
26,2008,6,2008-06-01,1
27,2008,6,2008-06-01,1
28,2008,6,2008-06-01,0
29,2008,6,2008-06-01,207
31,2008,6,2008-06-01,283
32,2008,6,2008-06-01,25
33,2008,6,2008-06-01,29
35,2008,6,2008-06-01,178
41,2008,6,2008-06-01,109
42,2008,6,2008-06-01,76
43,2008,6,2008-06-01,113
50,2008,6,2008-06-01,163
51,2008,6,2008-06-01,1147
52,2008,6,2008-06-01,209
53,2008,6,2008-06-01,11
11,2008,7,2008-07-01,475
12,2008,7,2008-07-01,165
13,2008,7,2008-07-01,457
14,2008,7,2008-07-01,0
15,2008,7,2008-07-01,3020
16,2008,7,2008-07-01,4
17,2008,7,2008-07-01,1008
21,2008,7,2008-07-01,1542
22,2008,7,2008-07-01,237
23,2008,7,2008-07-01,13
24,2008,7,2008-07-01,1
25,2008,7,2008-07-01,1
26,2008,7,2008-07-01,6
27,2008,7,2008-07-01,0
28,2008,7,2008-07-01,0
29,2008,7,2008-07-01,554
31,2008,7,2008-07-01,767
32,2008,7,2008-07-01,36
33,2008,7,2008-07-01,136
35,2008,7,2008-07-01,579
41,2008,7,2008-07-01,705
42,2008,7,2008-07-01,438
43,2008,7,2008-07-01,439
50,2008,7,2008-07-01,358
51,2008,7,2008-07-01,2497
52,2008,7,2008-07-01,552
53,2008,7,2008-07-01,39
11,2008,8,2008-08-01,2840
12,2008,8,2008-08-01,1621
13,2008,8,2008-08-01,2538
14,2008,8,2008-08-01,13
15,2008,8,2008-08-01,11035
16,2008,8,2008-08-01,14
17,2008,8,2008-08-01,1679
21,2008,8,2008-08-01,1777
22,2008,8,2008-08-01,532
23,2008,8,2008-08-01,58
24,2008,8,2008-08-01,4
25,2008,8,2008-08-01,3
26,2008,8,2008-08-01,8
27,2008,8,2008-08-01,3
28,2008,8,2008-08-01,1
29,2008,8,2008-08-01,1032
31,2008,8,2008-08-01,1448
32,2008,8,2008-08-01,57
33,2008,8,2008-08-01,134
35,2008,8,2008-08-01,489
41,2008,8,2008-08-01,954
42,2008,8,2008-08-01,585
43,2008,8,2008-08-01,466
50,2008,8,2008-08-01,823
51,2008,8,2008-08-01,5259
52,2008,8,2008-08-01,987
53,2008,8,2008-08-01,71
11,2008,9,2008-09-01,5122
12,2008,9,2008-09-01,2947
13,2008,9,2008-09-01,1716
14,2008,9,2008-09-01,30
15,2008,9,2008-09-01,9463
16,2008,9,2008-09-01,133
17,2008,9,2008-09-01,2937
21,2008,9,2008-09-01,3575
22,2008,9,2008-09-01,1572
23,2008,9,2008-09-01,199
24,2008,9,2008-09-01,21
25,2008,9,2008-09-01,22
26,2008,9,2008-09-01,95
27,2008,9,2008-09-01,14
28,2008,9,2008-09-01,0
29,2008,9,2008-09-01,4961
31,2008,9,2008-09-01,2765
32,2008,9,2008-09-01,95
33,2008,9,2008-09-01,177
35,2008,9,2008-09-01,589
41,2008,9,2008-09-01,653
42,2008,9,2008-09-01,399
43,2008,9,2008-09-01,273
50,2008,9,2008-09-01,1754
51,2008,9,2008-09-01,9639
52,2008,9,2008-09-01,1464
53,2008,9,2008-09-01,56
11,2008,10,2008-10-01,2548
12,2008,10,2008-10-01,856
13,2008,10,2008-10-01,1156
14,2008,10,2008-10-01,112
15,2008,10,2008-10-01,11568
16,2008,10,2008-10-01,651
17,2008,10,2008-10-01,3547
21,2008,10,2008-10-01,5018
22,2008,10,2008-10-01,2125
23,2008,10,2008-10-01,1014
24,2008,10,2008-10-01,80
25,2008,10,2008-10-01,109
26,2008,10,2008-10-01,303
27,2008,10,2008-10-01,32
28,2008,10,2008-10-01,1
29,2008,10,2008-10-01,7949
31,2008,10,2008-10-01,4299
32,2008,10,2008-10-01,116
33,2008,10,2008-10-01,59
35,2008,10,2008-10-01,120
41,2008,10,2008-10-01,103
42,2008,10,2008-10-01,78
43,2008,10,2008-10-01,214
50,2008,10,2008-10-01,515
51,2008,10,2008-10-01,7778
52,2008,10,2008-10-01,1425
53,2008,10,2008-10-01,8
11,2008,11,2008-11-01,420
12,2008,11,2008-11-01,63
13,2008,11,2008-11-01,533
14,2008,11,2008-11-01,165
15,2008,11,2008-11-01,9456
16,2008,11,2008-11-01,1182
17,2008,11,2008-11-01,371
21,2008,11,2008-11-01,5728
22,2008,11,2008-11-01,1092
23,2008,11,2008-11-01,2668
24,2008,11,2008-11-01,147
25,2008,11,2008-11-01,299
26,2008,11,2008-11-01,517
27,2008,11,2008-11-01,73
28,2008,11,2008-11-01,30
29,2008,11,2008-11-01,4599
31,2008,11,2008-11-01,1436
32,2008,11,2008-11-01,9
33,2008,11,2008-11-01,2
35,2008,11,2008-11-01,86
41,2008,11,2008-11-01,242
42,2008,11,2008-11-01,132
43,2008,11,2008-11-01,107
50,2008,11,2008-11-01,182
51,2008,11,2008-11-01,984
52,2008,11,2008-11-01,195
53,2008,11,2008-11-01,6
11,2008,12,2008-12-01,24
12,2008,12,2008-12-01,4
13,2008,12,2008-12-01,94
14,2008,12,2008-12-01,31
15,2008,12,2008-12-01,3187
16,2008,12,2008-12-01,158
17,2008,12,2008-12-01,66
21,2008,12,2008-12-01,3386
22,2008,12,2008-12-01,843
23,2008,12,2008-12-01,3414
24,2008,12,2008-12-01,203
25,2008,12,2008-12-01,317
26,2008,12,2008-12-01,403
27,2008,12,2008-12-01,70
28,2008,12,2008-12-01,31
29,2008,12,2008-12-01,175
31,2008,12,2008-12-01,137
32,2008,12,2008-12-01,9
33,2008,12,2008-12-01,9
35,2008,12,2008-12-01,150
41,2008,12,2008-12-01,300
42,2008,12,2008-12-01,133
43,2008,12,2008-12-01,152
50,2008,12,2008-12-01,472
51,2008,12,2008-12-01,597
52,2008,12,2008-12-01,63
53,2008,12,2008-12-01,0
11,2009,1,2009-01-01,25
12,2009,1,2009-01-01,0
13,2009,1,2009-01-01,34
14,2009,1,2009-01-01,65
15,2009,1,2009-01-01,466
16,2009,1,2009-01-01,8
17,2009,1,2009-01-01,67
21,2009,1,2009-01-01,400
22,2009,1,2009-01-01,114
23,2009,1,2009-01-01,464
24,2009,1,2009-01-01,116
25,2009,1,2009-01-01,126
26,2009,1,2009-01-01,286
27,2009,1,2009-01-01,112
28,2009,1,2009-01-01,78
29,2009,1,2009-01-01,227
31,2009,1,2009-01-01,82
32,2009,1,2009-01-01,3
33,2009,1,2009-01-01,4
35,2009,1,2009-01-01,33
41,2009,1,2009-01-01,63
42,2009,1,2009-01-01,40
43,2009,1,2009-01-01,88
50,2009,1,2009-01-01,310
51,2009,1,2009-01-01,615
52,2009,1,2009-01-01,47
53,2009,1,2009-01-01,1
11,2009,2,2009-02-01,2
12,2009,2,2009-02-01,2
13,2009,2,2009-02-01,9
14,2009,2,2009-02-01,212
15,2009,2,2009-02-01,26
16,2009,2,2009-02-01,0
17,2009,2,2009-02-01,32
21,2009,2,2009-02-01,30
22,2009,2,2009-02-01,19
23,2009,2,2009-02-01,16
24,2009,2,2009-02-01,13
25,2009,2,2009-02-01,13
26,2009,2,2009-02-01,31
27,2009,2,2009-02-01,33
28,2009,2,2009-02-01,72
29,2009,2,2009-02-01,175
31,2009,2,2009-02-01,104
32,2009,2,2009-02-01,13
33,2009,2,2009-02-01,3
35,2009,2,2009-02-01,87
41,2009,2,2009-02-01,39
42,2009,2,2009-02-01,18
43,2009,2,2009-02-01,26
50,2009,2,2009-02-01,173
51,2009,2,2009-02-01,203
52,2009,2,2009-02-01,45
53,2009,2,2009-02-01,0
11,2009,3,2009-03-01,15
12,2009,3,2009-03-01,0
13,2009,3,2009-03-01,19
14,2009,3,2009-03-01,293
15,2009,3,2009-03-01,11
16,2009,3,2009-03-01,0
17,2009,3,2009-03-01,36
21,2009,3,2009-03-01,39
22,2009,3,2009-03-01,24
23,2009,3,2009-03-01,1
24,2009,3,2009-03-01,2
25,2009,3,2009-03-01,4
26,2009,3,2009-03-01,24
27,2009,3,2009-03-01,47
28,2009,3,2009-03-01,42
29,2009,3,2009-03-01,329
31,2009,3,2009-03-01,132
32,2009,3,2009-03-01,14
33,2009,3,2009-03-01,6
35,2009,3,2009-03-01,106
41,2009,3,2009-03-01,122
42,2009,3,2009-03-01,65
43,2009,3,2009-03-01,82
50,2009,3,2009-03-01,150
51,2009,3,2009-03-01,379
52,2009,3,2009-03-01,60
53,2009,3,2009-03-01,0
11,2009,4,2009-04-01,6
12,2009,4,2009-04-01,2
13,2009,4,2009-04-01,11
14,2009,4,2009-04-01,279
15,2009,4,2009-04-01,15
16,2009,4,2009-04-01,2
17,2009,4,2009-04-01,16
21,2009,4,2009-04-01,27
22,2009,4,2009-04-01,10
23,2009,4,2009-04-01,0
24,2009,4,2009-04-01,5
25,2009,4,2009-04-01,5
26,2009,4,2009-04-01,7
27,2009,4,2009-04-01,5
28,2009,4,2009-04-01,20
29,2009,4,2009-04-01,56
31,2009,4,2009-04-01,61
32,2009,4,2009-04-01,6
33,2009,4,2009-04-01,8
35,2009,4,2009-04-01,199
41,2009,4,2009-04-01,178
42,2009,4,2009-04-01,139
43,2009,4,2009-04-01,302
50,2009,4,2009-04-01,639
51,2009,4,2009-04-01,255
52,2009,4,2009-04-01,37
53,2009,4,2009-04-01,0
11,2009,5,2009-05-01,10
12,2009,5,2009-05-01,10
13,2009,5,2009-05-01,4
14,2009,5,2009-05-01,277
15,2009,5,2009-05-01,8
16,2009,5,2009-05-01,2
17,2009,5,2009-05-01,103
21,2009,5,2009-05-01,25
22,2009,5,2009-05-01,12
23,2009,5,2009-05-01,1
24,2009,5,2009-05-01,0
25,2009,5,2009-05-01,0
26,2009,5,2009-05-01,1
27,2009,5,2009-05-01,0
28,2009,5,2009-05-01,0
29,2009,5,2009-05-01,48
31,2009,5,2009-05-01,200
32,2009,5,2009-05-01,8
33,2009,5,2009-05-01,40
35,2009,5,2009-05-01,219
41,2009,5,2009-05-01,179
42,2009,5,2009-05-01,102
43,2009,5,2009-05-01,271
50,2009,5,2009-05-01,866
51,2009,5,2009-05-01,601
52,2009,5,2009-05-01,136
53,2009,5,2009-05-01,15
11,2009,6,2009-06-01,26
12,2009,6,2009-06-01,1
13,2009,6,2009-06-01,31
14,2009,6,2009-06-01,19
15,2009,6,2009-06-01,91
16,2009,6,2009-06-01,1
17,2009,6,2009-06-01,441
21,2009,6,2009-06-01,312
22,2009,6,2009-06-01,64
23,2009,6,2009-06-01,0
24,2009,6,2009-06-01,0
25,2009,6,2009-06-01,0
26,2009,6,2009-06-01,2
27,2009,6,2009-06-01,0
28,2009,6,2009-06-01,1
29,2009,6,2009-06-01,117
31,2009,6,2009-06-01,216
32,2009,6,2009-06-01,16
33,2009,6,2009-06-01,46
35,2009,6,2009-06-01,231
41,2009,6,2009-06-01,196
42,2009,6,2009-06-01,77
43,2009,6,2009-06-01,118
50,2009,6,2009-06-01,434
51,2009,6,2009-06-01,1148
52,2009,6,2009-06-01,201
53,2009,6,2009-06-01,6
11,2009,7,2009-07-01,133
12,2009,7,2009-07-01,59
13,2009,7,2009-07-01,246
14,2009,7,2009-07-01,21
15,2009,7,2009-07-01,703
16,2009,7,2009-07-01,4
17,2009,7,2009-07-01,1000
21,2009,7,2009-07-01,1182
22,2009,7,2009-07-01,316
23,2009,7,2009-07-01,9
24,2009,7,2009-07-01,2
25,2009,7,2009-07-01,4
26,2009,7,2009-07-01,2
27,2009,7,2009-07-01,1
28,2009,7,2009-07-01,0
29,2009,7,2009-07-01,340
31,2009,7,2009-07-01,515
32,2009,7,2009-07-01,28
33,2009,7,2009-07-01,67
35,2009,7,2009-07-01,159
41,2009,7,2009-07-01,78
42,2009,7,2009-07-01,76
43,2009,7,2009-07-01,267
50,2009,7,2009-07-01,369
51,2009,7,2009-07-01,1730
52,2009,7,2009-07-01,481
53,2009,7,2009-07-01,32
11,2009,8,2009-08-01,609
12,2009,8,2009-08-01,366
13,2009,8,2009-08-01,1799
14,2009,8,2009-08-01,41
15,2009,8,2009-08-01,5386
16,2009,8,2009-08-01,23
17,2009,8,2009-08-01,1141
21,2009,8,2009-08-01,2181
22,2009,8,2009-08-01,818
23,2009,8,2009-08-01,32
24,2009,8,2009-08-01,1
25,2009,8,2009-08-01,3
26,2009,8,2009-08-01,8
27,2009,8,2009-08-01,0
28,2009,8,2009-08-01,0
29,2009,8,2009-08-01,450
31,2009,8,2009-08-01,702
32,2009,8,2009-08-01,21
33,2009,8,2009-08-01,95
35,2009,8,2009-08-01,347
41,2009,8,2009-08-01,1287
42,2009,8,2009-08-01,1133
43,2009,8,2009-08-01,1520
50,2009,8,2009-08-01,818
51,2009,8,2009-08-01,2326
52,2009,8,2009-08-01,638
53,2009,8,2009-08-01,37
11,2009,9,2009-09-01,2426
12,2009,9,2009-09-01,2067
13,2009,9,2009-09-01,3595
14,2009,9,2009-09-01,148
15,2009,9,2009-09-01,8961
16,2009,9,2009-09-01,214
17,2009,9,2009-09-01,2279
21,2009,9,2009-09-01,3107
22,2009,9,2009-09-01,1785
23,2009,9,2009-09-01,93
24,2009,9,2009-09-01,26
25,2009,9,2009-09-01,29
26,2009,9,2009-09-01,165
27,2009,9,2009-09-01,16
28,2009,9,2009-09-01,0
29,2009,9,2009-09-01,3580
31,2009,9,2009-09-01,1380
32,2009,9,2009-09-01,62
33,2009,9,2009-09-01,94
35,2009,9,2009-09-01,148
41,2009,9,2009-09-01,198
42,2009,9,2009-09-01,82
43,2009,9,2009-09-01,91
50,2009,9,2009-09-01,1165
51,2009,9,2009-09-01,3692
52,2009,9,2009-09-01,709
53,2009,9,2009-09-01,4
11,2009,10,2009-10-01,1910
12,2009,10,2009-10-01,952
13,2009,10,2009-10-01,2409
14,2009,10,2009-10-01,261
15,2009,10,2009-10-01,9444
16,2009,10,2009-10-01,951
17,2009,10,2009-10-01,902
21,2009,10,2009-10-01,2839
22,2009,10,2009-10-01,1046
23,2009,10,2009-10-01,526
24,2009,10,2009-10-01,89
25,2009,10,2009-10-01,116
26,2009,10,2009-10-01,267
27,2009,10,2009-10-01,26
28,2009,10,2009-10-01,2
29,2009,10,2009-10-01,2742
31,2009,10,2009-10-01,1128
32,2009,10,2009-10-01,14
33,2009,10,2009-10-01,20
35,2009,10,2009-10-01,105
41,2009,10,2009-10-01,508
42,2009,10,2009-10-01,286
43,2009,10,2009-10-01,187
50,2009,10,2009-10-01,895
51,2009,10,2009-10-01,3173
52,2009,10,2009-10-01,413
53,2009,10,2009-10-01,4
11,2009,11,2009-11-01,214
12,2009,11,2009-11-01,50
13,2009,11,2009-11-01,983
14,2009,11,2009-11-01,394
15,2009,11,2009-11-01,12485
16,2009,11,2009-11-01,1115
17,2009,11,2009-11-01,353
21,2009,11,2009-11-01,6505
22,2009,11,2009-11-01,1660
23,2009,11,2009-11-01,1978
24,2009,11,2009-11-01,181
25,2009,11,2009-11-01,464
26,2009,11,2009-11-01,528
27,2009,11,2009-11-01,56
28,2009,11,2009-11-01,11
29,2009,11,2009-11-01,525
31,2009,11,2009-11-01,310
32,2009,11,2009-11-01,23
33,2009,11,2009-11-01,31
35,2009,11,2009-11-01,81
41,2009,11,2009-11-01,120
42,2009,11,2009-11-01,67
43,2009,11,2009-11-01,12
50,2009,11,2009-11-01,409
51,2009,11,2009-11-01,730
52,2009,11,2009-11-01,111
53,2009,11,2009-11-01,0
11,2009,12,2009-12-01,25
12,2009,12,2009-12-01,2
13,2009,12,2009-12-01,140
14,2009,12,2009-12-01,349
15,2009,12,2009-12-01,4068
16,2009,12,2009-12-01,136
17,2009,12,2009-12-01,58
21,2009,12,2009-12-01,2485
22,2009,12,2009-12-01,673
23,2009,12,2009-12-01,2327
24,2009,12,2009-12-01,224
25,2009,12,2009-12-01,292
26,2009,12,2009-12-01,393
27,2009,12,2009-12-01,64
28,2009,12,2009-12-01,27
29,2009,12,2009-12-01,367
31,2009,12,2009-12-01,106
32,2009,12,2009-12-01,31
33,2009,12,2009-12-01,8
35,2009,12,2009-12-01,48
41,2009,12,2009-12-01,57
42,2009,12,2009-12-01,36
43,2009,12,2009-12-01,24
50,2009,12,2009-12-01,85
51,2009,12,2009-12-01,207
52,2009,12,2009-12-01,42
53,2009,12,2009-12-01,0
11,2010,1,2010-01-01,26
12,2010,1,2010-01-01,1
13,2010,1,2010-01-01,93
14,2010,1,2010-01-01,457
15,2010,1,2010-01-01,701
16,2010,1,2010-01-01,4
17,2010,1,2010-01-01,101
21,2010,1,2010-01-01,457
22,2010,1,2010-01-01,116
23,2010,1,2010-01-01,355
24,2010,1,2010-01-01,37
25,2010,1,2010-01-01,52
26,2010,1,2010-01-01,62
27,2010,1,2010-01-01,32
28,2010,1,2010-01-01,34
29,2010,1,2010-01-01,368
31,2010,1,2010-01-01,132
32,2010,1,2010-01-01,55
33,2010,1,2010-01-01,6
35,2010,1,2010-01-01,56
41,2010,1,2010-01-01,22
42,2010,1,2010-01-01,6
43,2010,1,2010-01-01,42
50,2010,1,2010-01-01,80
51,2010,1,2010-01-01,327
52,2010,1,2010-01-01,60
53,2010,1,2010-01-01,1
11,2010,2,2010-02-01,9
12,2010,2,2010-02-01,0
13,2010,2,2010-02-01,76
14,2010,2,2010-02-01,634
15,2010,2,2010-02-01,147
16,2010,2,2010-02-01,0
17,2010,2,2010-02-01,51
21,2010,2,2010-02-01,104
22,2010,2,2010-02-01,75
23,2010,2,2010-02-01,76
24,2010,2,2010-02-01,20
25,2010,2,2010-02-01,15
26,2010,2,2010-02-01,54
27,2010,2,2010-02-01,39
28,2010,2,2010-02-01,37
29,2010,2,2010-02-01,272
31,2010,2,2010-02-01,185
32,2010,2,2010-02-01,27
33,2010,2,2010-02-01,86
35,2010,2,2010-02-01,183
41,2010,2,2010-02-01,58
42,2010,2,2010-02-01,19
43,2010,2,2010-02-01,29
50,2010,2,2010-02-01,167
51,2010,2,2010-02-01,440
52,2010,2,2010-02-01,100
53,2010,2,2010-02-01,5
11,2010,3,2010-03-01,13
12,2010,3,2010-03-01,1
13,2010,3,2010-03-01,64
14,2010,3,2010-03-01,536
15,2010,3,2010-03-01,141
16,2010,3,2010-03-01,3
17,2010,3,2010-03-01,125
21,2010,3,2010-03-01,129
22,2010,3,2010-03-01,36
23,2010,3,2010-03-01,46
24,2010,3,2010-03-01,28
25,2010,3,2010-03-01,18
26,2010,3,2010-03-01,69
27,2010,3,2010-03-01,87
28,2010,3,2010-03-01,46
29,2010,3,2010-03-01,192
31,2010,3,2010-03-01,121
32,2010,3,2010-03-01,5
33,2010,3,2010-03-01,4
35,2010,3,2010-03-01,153
41,2010,3,2010-03-01,39
42,2010,3,2010-03-01,25
43,2010,3,2010-03-01,43
50,2010,3,2010-03-01,178
51,2010,3,2010-03-01,663
52,2010,3,2010-03-01,96
53,2010,3,2010-03-01,2
11,2010,4,2010-04-01,43
12,2010,4,2010-04-01,10
13,2010,4,2010-04-01,9
14,2010,4,2010-04-01,19
15,2010,4,2010-04-01,30
16,2010,4,2010-04-01,0
17,2010,4,2010-04-01,431
21,2010,4,2010-04-01,143
22,2010,4,2010-04-01,63
23,2010,4,2010-04-01,11
24,2010,4,2010-04-01,9
25,2010,4,2010-04-01,2
26,2010,4,2010-04-01,6
27,2010,4,2010-04-01,5
28,2010,4,2010-04-01,4
29,2010,4,2010-04-01,136
31,2010,4,2010-04-01,144
32,2010,4,2010-04-01,13
33,2010,4,2010-04-01,6
35,2010,4,2010-04-01,148
41,2010,4,2010-04-01,99
42,2010,4,2010-04-01,36
43,2010,4,2010-04-01,107
50,2010,4,2010-04-01,162
51,2010,4,2010-04-01,893
52,2010,4,2010-04-01,144
53,2010,4,2010-04-01,8
11,2010,5,2010-05-01,70
12,2010,5,2010-05-01,33
13,2010,5,2010-05-01,37
14,2010,5,2010-05-01,6
15,2010,5,2010-05-01,97
16,2010,5,2010-05-01,2
17,2010,5,2010-05-01,632
21,2010,5,2010-05-01,300
22,2010,5,2010-05-01,253
23,2010,5,2010-05-01,6
24,2010,5,2010-05-01,2
25,2010,5,2010-05-01,12
26,2010,5,2010-05-01,8
27,2010,5,2010-05-01,0
28,2010,5,2010-05-01,1
29,2010,5,2010-05-01,254
31,2010,5,2010-05-01,246
32,2010,5,2010-05-01,11
33,2010,5,2010-05-01,23
35,2010,5,2010-05-01,254
41,2010,5,2010-05-01,102
42,2010,5,2010-05-01,3
43,2010,5,2010-05-01,28
50,2010,5,2010-05-01,132
51,2010,5,2010-05-01,1382
52,2010,5,2010-05-01,280
53,2010,5,2010-05-01,22
11,2010,6,2010-06-01,223
12,2010,6,2010-06-01,41
13,2010,6,2010-06-01,113
14,2010,6,2010-06-01,1
15,2010,6,2010-06-01,441
16,2010,6,2010-06-01,0
17,2010,6,2010-06-01,1783
21,2010,6,2010-06-01,1225
22,2010,6,2010-06-01,456
23,2010,6,2010-06-01,21
24,2010,6,2010-06-01,2
25,2010,6,2010-06-01,3
26,2010,6,2010-06-01,5
27,2010,6,2010-06-01,2
28,2010,6,2010-06-01,0
29,2010,6,2010-06-01,430
31,2010,6,2010-06-01,619
32,2010,6,2010-06-01,25
33,2010,6,2010-06-01,109
35,2010,6,2010-06-01,635
41,2010,6,2010-06-01,286
42,2010,6,2010-06-01,40
43,2010,6,2010-06-01,39
50,2010,6,2010-06-01,408
51,2010,6,2010-06-01,2186
52,2010,6,2010-06-01,723
53,2010,6,2010-06-01,78
11,2010,7,2010-07-01,871
12,2010,7,2010-07-01,210
13,2010,7,2010-07-01,788
14,2010,7,2010-07-01,2
15,2010,7,2010-07-01,2065
16,2010,7,2010-07-01,3
17,2010,7,2010-07-01,2970
21,2010,7,2010-07-01,2601
22,2010,7,2010-07-01,1826
23,2010,7,2010-07-01,58
24,2010,7,2010-07-01,9
25,2010,7,2010-07-01,7
26,2010,7,2010-07-01,11
27,2010,7,2010-07-01,1
28,2010,7,2010-07-01,0
29,2010,7,2010-07-01,663
31,2010,7,2010-07-01,1040
32,2010,7,2010-07-01,6
33,2010,7,2010-07-01,108
35,2010,7,2010-07-01,943
41,2010,7,2010-07-01,419
42,2010,7,2010-07-01,171
43,2010,7,2010-07-01,196
50,2010,7,2010-07-01,701
51,2010,7,2010-07-01,4037
52,2010,7,2010-07-01,1224
53,2010,7,2010-07-01,100
11,2010,8,2010-08-01,5837
12,2010,8,2010-08-01,2752
13,2010,8,2010-08-01,5261
14,2010,8,2010-08-01,7
15,2010,8,2010-08-01,21677
16,2010,8,2010-08-01,2
17,2010,8,2010-08-01,8299
21,2010,8,2010-08-01,6826
22,2010,8,2010-08-01,4102
23,2010,8,2010-08-01,206
24,2010,8,2010-08-01,30
25,2010,8,2010-08-01,13
26,2010,8,2010-08-01,27
27,2010,8,2010-08-01,4
28,2010,8,2010-08-01,0
29,2010,8,2010-08-01,2635
31,2010,8,2010-08-01,3634
32,2010,8,2010-08-01,39
33,2010,8,2010-08-01,355
35,2010,8,2010-08-01,2444
41,2010,8,2010-08-01,1220
42,2010,8,2010-08-01,1111
43,2010,8,2010-08-01,1086
50,2010,8,2010-08-01,1901
51,2010,8,2010-08-01,17459
52,2010,8,2010-08-01,3336
53,2010,8,2010-08-01,181
11,2010,9,2010-09-01,7575
12,2010,9,2010-09-01,5030
13,2010,9,2010-09-01,4021
14,2010,9,2010-09-01,27
15,2010,9,2010-09-01,15187
16,2010,9,2010-09-01,72
17,2010,9,2010-09-01,11611
21,2010,9,2010-09-01,11813
22,2010,9,2010-09-01,5983
23,2010,9,2010-09-01,383
24,2010,9,2010-09-01,58
25,2010,9,2010-09-01,42
26,2010,9,2010-09-01,181
27,2010,9,2010-09-01,17
28,2010,9,2010-09-01,0
29,2010,9,2010-09-01,5780
31,2010,9,2010-09-01,5200
32,2010,9,2010-09-01,65
33,2010,9,2010-09-01,361
35,2010,9,2010-09-01,1923
41,2010,9,2010-09-01,419
42,2010,9,2010-09-01,377
43,2010,9,2010-09-01,458
50,2010,9,2010-09-01,2197
51,2010,9,2010-09-01,24140
52,2010,9,2010-09-01,5906
53,2010,9,2010-09-01,204
11,2010,10,2010-10-01,1724
12,2010,10,2010-10-01,523
13,2010,10,2010-10-01,1137
14,2010,10,2010-10-01,87
15,2010,10,2010-10-01,6435
16,2010,10,2010-10-01,358
17,2010,10,2010-10-01,2635
21,2010,10,2010-10-01,4095
22,2010,10,2010-10-01,4119
23,2010,10,2010-10-01,676
24,2010,10,2010-10-01,105
25,2010,10,2010-10-01,166
26,2010,10,2010-10-01,387
27,2010,10,2010-10-01,14
28,2010,10,2010-10-01,0
29,2010,10,2010-10-01,5375
31,2010,10,2010-10-01,2196
32,2010,10,2010-10-01,34
33,2010,10,2010-10-01,43
35,2010,10,2010-10-01,327
41,2010,10,2010-10-01,429
42,2010,10,2010-10-01,191
43,2010,10,2010-10-01,178
50,2010,10,2010-10-01,746
51,2010,10,2010-10-01,5433
52,2010,10,2010-10-01,1418
53,2010,10,2010-10-01,10
11,2010,11,2010-11-01,351
12,2010,11,2010-11-01,58
13,2010,11,2010-11-01,400
14,2010,11,2010-11-01,39
15,2010,11,2010-11-01,7544
16,2010,11,2010-11-01,490
17,2010,11,2010-11-01,365
21,2010,11,2010-11-01,6082
22,2010,11,2010-11-01,1746
23,2010,11,2010-11-01,2327
24,2010,11,2010-11-01,262
25,2010,11,2010-11-01,544
26,2010,11,2010-11-01,951
27,2010,11,2010-11-01,46
28,2010,11,2010-11-01,20
29,2010,11,2010-11-01,694
31,2010,11,2010-11-01,119
32,2010,11,2010-11-01,3
33,2010,11,2010-11-01,26
35,2010,11,2010-11-01,153
41,2010,11,2010-11-01,245
42,2010,11,2010-11-01,118
43,2010,11,2010-11-01,134
50,2010,11,2010-11-01,335
51,2010,11,2010-11-01,920
52,2010,11,2010-11-01,79
53,2010,11,2010-11-01,1
11,2010,12,2010-12-01,228
12,2010,12,2010-12-01,2
13,2010,12,2010-12-01,140
14,2010,12,2010-12-01,103
15,2010,12,2010-12-01,2731
16,2010,12,2010-12-01,66
17,2010,12,2010-12-01,97
21,2010,12,2010-12-01,2502
22,2010,12,2010-12-01,417
23,2010,12,2010-12-01,769
24,2010,12,2010-12-01,66
25,2010,12,2010-12-01,82
26,2010,12,2010-12-01,158
27,2010,12,2010-12-01,52
28,2010,12,2010-12-01,23
29,2010,12,2010-12-01,264
31,2010,12,2010-12-01,130
32,2010,12,2010-12-01,12
33,2010,12,2010-12-01,10
35,2010,12,2010-12-01,72
41,2010,12,2010-12-01,60
42,2010,12,2010-12-01,66
43,2010,12,2010-12-01,175
50,2010,12,2010-12-01,349
51,2010,12,2010-12-01,1133
52,2010,12,2010-12-01,53
53,2010,12,2010-12-01,1
11,2011,1,2011-01-01,2
12,2011,1,2011-01-01,2
13,2011,1,2011-01-01,59
14,2011,1,2011-01-01,307
15,2011,1,2011-01-01,219
16,2011,1,2011-01-01,0
17,2011,1,2011-01-01,25
21,2011,1,2011-01-01,195
22,2011,1,2011-01-01,47
23,2011,1,2011-01-01,39
24,2011,1,2011-01-01,15
25,2011,1,2011-01-01,12
26,2011,1,2011-01-01,67
27,2011,1,2011-01-01,45
28,2011,1,2011-01-01,42
29,2011,1,2011-01-01,135
31,2011,1,2011-01-01,112
32,2011,1,2011-01-01,6
33,2011,1,2011-01-01,9
35,2011,1,2011-01-01,75
41,2011,1,2011-01-01,35
42,2011,1,2011-01-01,20
43,2011,1,2011-01-01,26
50,2011,1,2011-01-01,148
51,2011,1,2011-01-01,206
52,2011,1,2011-01-01,40
53,2011,1,2011-01-01,0
11,2011,2,2011-02-01,11
12,2011,2,2011-02-01,0
13,2011,2,2011-02-01,6
14,2011,2,2011-02-01,140
15,2011,2,2011-02-01,25
16,2011,2,2011-02-01,3
17,2011,2,2011-02-01,13
21,2011,2,2011-02-01,14
22,2011,2,2011-02-01,12
23,2011,2,2011-02-01,9
24,2011,2,2011-02-01,3
25,2011,2,2011-02-01,2
26,2011,2,2011-02-01,25
27,2011,2,2011-02-01,35
28,2011,2,2011-02-01,40
29,2011,2,2011-02-01,177
31,2011,2,2011-02-01,131
32,2011,2,2011-02-01,49
33,2011,2,2011-02-01,46
35,2011,2,2011-02-01,76
41,2011,2,2011-02-01,18
42,2011,2,2011-02-01,1
43,2011,2,2011-02-01,20
50,2011,2,2011-02-01,66
51,2011,2,2011-02-01,147
52,2011,2,2011-02-01,56
53,2011,2,2011-02-01,2
11,2011,3,2011-03-01,6
12,2011,3,2011-03-01,0
13,2011,3,2011-03-01,23
14,2011,3,2011-03-01,158
15,2011,3,2011-03-01,16
16,2011,3,2011-03-01,0
17,2011,3,2011-03-01,36
21,2011,3,2011-03-01,43
22,2011,3,2011-03-01,24
23,2011,3,2011-03-01,3
24,2011,3,2011-03-01,5
25,2011,3,2011-03-01,11
26,2011,3,2011-03-01,50
27,2011,3,2011-03-01,45
28,2011,3,2011-03-01,65
29,2011,3,2011-03-01,158
31,2011,3,2011-03-01,82
32,2011,3,2011-03-01,5
33,2011,3,2011-03-01,4
35,2011,3,2011-03-01,46
41,2011,3,2011-03-01,40
42,2011,3,2011-03-01,18
43,2011,3,2011-03-01,53
50,2011,3,2011-03-01,47
51,2011,3,2011-03-01,301
52,2011,3,2011-03-01,26
53,2011,3,2011-03-01,0
11,2011,4,2011-04-01,12
12,2011,4,2011-04-01,4
13,2011,4,2011-04-01,7
14,2011,4,2011-04-01,156
15,2011,4,2011-04-01,10
16,2011,4,2011-04-01,0
17,2011,4,2011-04-01,120
21,2011,4,2011-04-01,46
22,2011,4,2011-04-01,22
23,2011,4,2011-04-01,1
24,2011,4,2011-04-01,0
25,2011,4,2011-04-01,3
26,2011,4,2011-04-01,26
27,2011,4,2011-04-01,19
28,2011,4,2011-04-01,19
29,2011,4,2011-04-01,204
31,2011,4,2011-04-01,97
32,2011,4,2011-04-01,8
33,2011,4,2011-04-01,4
35,2011,4,2011-04-01,76
41,2011,4,2011-04-01,64
42,2011,4,2011-04-01,21
43,2011,4,2011-04-01,88
50,2011,4,2011-04-01,31
51,2011,4,2011-04-01,467
52,2011,4,2011-04-01,111
53,2011,4,2011-04-01,1
11,2011,5,2011-05-01,59
12,2011,5,2011-05-01,8
13,2011,5,2011-05-01,16
14,2011,5,2011-05-01,9
15,2011,5,2011-05-01,21
16,2011,5,2011-05-01,2
17,2011,5,2011-05-01,379
21,2011,5,2011-05-01,98
22,2011,5,2011-05-01,82
23,2011,5,2011-05-01,4
24,2011,5,2011-05-01,2
25,2011,5,2011-05-01,0
26,2011,5,2011-05-01,3
27,2011,5,2011-05-01,0
28,2011,5,2011-05-01,0
29,2011,5,2011-05-01,225
31,2011,5,2011-05-01,201
32,2011,5,2011-05-01,7
33,2011,5,2011-05-01,15
35,2011,5,2011-05-01,217
41,2011,5,2011-05-01,197
42,2011,5,2011-05-01,85
43,2011,5,2011-05-01,83
50,2011,5,2011-05-01,106
51,2011,5,2011-05-01,640
52,2011,5,2011-05-01,161
53,2011,5,2011-05-01,5
11,2011,6,2011-06-01,169
12,2011,6,2011-06-01,26
13,2011,6,2011-06-01,32
14,2011,6,2011-06-01,9
15,2011,6,2011-06-01,199
16,2011,6,2011-06-01,1
17,2011,6,2011-06-01,788
21,2011,6,2011-06-01,689
22,2011,6,2011-06-01,507
23,2011,6,2011-06-01,7
24,2011,6,2011-06-01,0
25,2011,6,2011-06-01,4
26,2011,6,2011-06-01,5
27,2011,6,2011-06-01,2
28,2011,6,2011-06-01,2
29,2011,6,2011-06-01,376
31,2011,6,2011-06-01,387
32,2011,6,2011-06-01,15
33,2011,6,2011-06-01,45
35,2011,6,2011-06-01,318
41,2011,6,2011-06-01,274
42,2011,6,2011-06-01,121
43,2011,6,2011-06-01,109
50,2011,6,2011-06-01,117
51,2011,6,2011-06-01,1074
52,2011,6,2011-06-01,333
53,2011,6,2011-06-01,18
11,2011,7,2011-07-01,320
12,2011,7,2011-07-01,130
13,2011,7,2011-07-01,330
14,2011,7,2011-07-01,10
15,2011,7,2011-07-01,1024
16,2011,7,2011-07-01,4
17,2011,7,2011-07-01,1006
21,2011,7,2011-07-01,1159
22,2011,7,2011-07-01,874
23,2011,7,2011-07-01,24
24,2011,7,2011-07-01,0
25,2011,7,2011-07-01,6
26,2011,7,2011-07-01,3
27,2011,7,2011-07-01,0
28,2011,7,2011-07-01,2
29,2011,7,2011-07-01,578
31,2011,7,2011-07-01,889
32,2011,7,2011-07-01,27
33,2011,7,2011-07-01,122
35,2011,7,2011-07-01,581
41,2011,7,2011-07-01,420
42,2011,7,2011-07-01,81
43,2011,7,2011-07-01,188
50,2011,7,2011-07-01,270
51,2011,7,2011-07-01,1066
52,2011,7,2011-07-01,600
53,2011,7,2011-07-01,54
11,2011,8,2011-08-01,1358
12,2011,8,2011-08-01,685
13,2011,8,2011-08-01,1543
14,2011,8,2011-08-01,47
15,2011,8,2011-08-01,3040
16,2011,8,2011-08-01,12
17,2011,8,2011-08-01,1582
21,2011,8,2011-08-01,2192
22,2011,8,2011-08-01,1843
23,2011,8,2011-08-01,42
24,2011,8,2011-08-01,10
25,2011,8,2011-08-01,12
26,2011,8,2011-08-01,29
27,2011,8,2011-08-01,11
28,2011,8,2011-08-01,2
29,2011,8,2011-08-01,1524
31,2011,8,2011-08-01,2445
32,2011,8,2011-08-01,83
33,2011,8,2011-08-01,223
35,2011,8,2011-08-01,1159
41,2011,8,2011-08-01,582
42,2011,8,2011-08-01,350
43,2011,8,2011-08-01,284
50,2011,8,2011-08-01,567
51,2011,8,2011-08-01,2652
52,2011,8,2011-08-01,1549
53,2011,8,2011-08-01,55
11,2011,9,2011-09-01,2460
12,2011,9,2011-09-01,1912
13,2011,9,2011-09-01,1524
14,2011,9,2011-09-01,66
15,2011,9,2011-09-01,6821
16,2011,9,2011-09-01,140
17,2011,9,2011-09-01,4609
21,2011,9,2011-09-01,5086
22,2011,9,2011-09-01,4389
23,2011,9,2011-09-01,226
24,2011,9,2011-09-01,30
25,2011,9,2011-09-01,53
26,2011,9,2011-09-01,205
27,2011,9,2011-09-01,3
28,2011,9,2011-09-01,0
29,2011,9,2011-09-01,6967
31,2011,9,2011-09-01,5930
32,2011,9,2011-09-01,115
33,2011,9,2011-09-01,504
35,2011,9,2011-09-01,1211
41,2011,9,2011-09-01,1156
42,2011,9,2011-09-01,772
43,2011,9,2011-09-01,785
50,2011,9,2011-09-01,1048
51,2011,9,2011-09-01,6634
52,2011,9,2011-09-01,2250
53,2011,9,2011-09-01,135
11,2011,10,2011-10-01,1281
12,2011,10,2011-10-01,264
13,2011,10,2011-10-01,844
14,2011,10,2011-10-01,81
15,2011,10,2011-10-01,4588
16,2011,10,2011-10-01,381
17,2011,10,2011-10-01,1741
21,2011,10,2011-10-01,3171
22,2011,10,2011-10-01,1693
23,2011,10,2011-10-01,478
24,2011,10,2011-10-01,94
25,2011,10,2011-10-01,225
26,2011,10,2011-10-01,530
27,2011,10,2011-10-01,24
28,2011,10,2011-10-01,6
29,2011,10,2011-10-01,2306
31,2011,10,2011-10-01,1251
32,2011,10,2011-10-01,35
33,2011,10,2011-10-01,109
35,2011,10,2011-10-01,250
41,2011,10,2011-10-01,308
42,2011,10,2011-10-01,151
43,2011,10,2011-10-01,109
50,2011,10,2011-10-01,348
51,2011,10,2011-10-01,2533
52,2011,10,2011-10-01,539
53,2011,10,2011-10-01,0
11,2011,11,2011-11-01,357
12,2011,11,2011-11-01,152
13,2011,11,2011-11-01,502
14,2011,11,2011-11-01,181
15,2011,11,2011-11-01,5760
16,2011,11,2011-11-01,407
17,2011,11,2011-11-01,203
21,2011,11,2011-11-01,4038
22,2011,11,2011-11-01,1209
23,2011,11,2011-11-01,2062
24,2011,11,2011-11-01,153
25,2011,11,2011-11-01,406
26,2011,11,2011-11-01,401
27,2011,11,2011-11-01,26
28,2011,11,2011-11-01,5
29,2011,11,2011-11-01,197
31,2011,11,2011-11-01,192
32,2011,11,2011-11-01,8
33,2011,11,2011-11-01,15
35,2011,11,2011-11-01,110
41,2011,11,2011-11-01,192
42,2011,11,2011-11-01,100
43,2011,11,2011-11-01,152
50,2011,11,2011-11-01,439
51,2011,11,2011-11-01,1198
52,2011,11,2011-11-01,76
53,2011,11,2011-11-01,0
11,2011,12,2011-12-01,45
12,2011,12,2011-12-01,8
13,2011,12,2011-12-01,142
14,2011,12,2011-12-01,311
15,2011,12,2011-12-01,4840
16,2011,12,2011-12-01,446
17,2011,12,2011-12-01,135
21,2011,12,2011-12-01,2584
22,2011,12,2011-12-01,461
23,2011,12,2011-12-01,1903
24,2011,12,2011-12-01,152
25,2011,12,2011-12-01,208
26,2011,12,2011-12-01,378
27,2011,12,2011-12-01,57
28,2011,12,2011-12-01,48
29,2011,12,2011-12-01,289
31,2011,12,2011-12-01,49
32,2011,12,2011-12-01,6
33,2011,12,2011-12-01,5
35,2011,12,2011-12-01,64
41,2011,12,2011-12-01,102
42,2011,12,2011-12-01,52
43,2011,12,2011-12-01,82
50,2011,12,2011-12-01,544
51,2011,12,2011-12-01,453
52,2011,12,2011-12-01,25
53,2011,12,2011-12-01,0
11,2012,1,2012-01-01,6
12,2012,1,2012-01-01,1
13,2012,1,2012-01-01,8
14,2012,1,2012-01-01,239
15,2012,1,2012-01-01,534
16,2012,1,2012-01-01,34
17,2012,1,2012-01-01,14
21,2012,1,2012-01-01,461
22,2012,1,2012-01-01,100
23,2012,1,2012-01-01,308
24,2012,1,2012-01-01,66
25,2012,1,2012-01-01,54
26,2012,1,2012-01-01,161
27,2012,1,2012-01-01,43
28,2012,1,2012-01-01,40
29,2012,1,2012-01-01,226
31,2012,1,2012-01-01,90
32,2012,1,2012-01-01,0
33,2012,1,2012-01-01,6
35,2012,1,2012-01-01,49
41,2012,1,2012-01-01,46
42,2012,1,2012-01-01,25
43,2012,1,2012-01-01,79
50,2012,1,2012-01-01,187
51,2012,1,2012-01-01,179
52,2012,1,2012-01-01,22
53,2012,1,2012-01-01,0
11,2012,2,2012-02-01,9
12,2012,2,2012-02-01,0
13,2012,2,2012-02-01,8
14,2012,2,2012-02-01,172
15,2012,2,2012-02-01,78
16,2012,2,2012-02-01,8
17,2012,2,2012-02-01,51
21,2012,2,2012-02-01,84
22,2012,2,2012-02-01,38
23,2012,2,2012-02-01,44
24,2012,2,2012-02-01,16
25,2012,2,2012-02-01,19
26,2012,2,2012-02-01,75
27,2012,2,2012-02-01,52
28,2012,2,2012-02-01,36
29,2012,2,2012-02-01,242
31,2012,2,2012-02-01,140
32,2012,2,2012-02-01,27
33,2012,2,2012-02-01,12
35,2012,2,2012-02-01,107
41,2012,2,2012-02-01,77
42,2012,2,2012-02-01,34
43,2012,2,2012-02-01,43
50,2012,2,2012-02-01,127
51,2012,2,2012-02-01,200
52,2012,2,2012-02-01,29
53,2012,2,2012-02-01,0
11,2012,3,2012-03-01,20
12,2012,3,2012-03-01,0
13,2012,3,2012-03-01,5
14,2012,3,2012-03-01,183
15,2012,3,2012-03-01,16
16,2012,3,2012-03-01,3
17,2012,3,2012-03-01,83
21,2012,3,2012-03-01,54
22,2012,3,2012-03-01,74
23,2012,3,2012-03-01,13
24,2012,3,2012-03-01,12
25,2012,3,2012-03-01,11
26,2012,3,2012-03-01,68
27,2012,3,2012-03-01,58
28,2012,3,2012-03-01,87
29,2012,3,2012-03-01,472
31,2012,3,2012-03-01,181
32,2012,3,2012-03-01,38
33,2012,3,2012-03-01,12
35,2012,3,2012-03-01,138
41,2012,3,2012-03-01,88
42,2012,3,2012-03-01,111
43,2012,3,2012-03-01,100
50,2012,3,2012-03-01,192
51,2012,3,2012-03-01,419
52,2012,3,2012-03-01,71
53,2012,3,2012-03-01,0
11,2012,4,2012-04-01,21
12,2012,4,2012-04-01,3
13,2012,4,2012-04-01,8
14,2012,4,2012-04-01,49
15,2012,4,2012-04-01,24
16,2012,4,2012-04-01,2
17,2012,4,2012-04-01,243
21,2012,4,2012-04-01,114
22,2012,4,2012-04-01,120
23,2012,4,2012-04-01,2
24,2012,4,2012-04-01,4
25,2012,4,2012-04-01,13
26,2012,4,2012-04-01,49
27,2012,4,2012-04-01,18
28,2012,4,2012-04-01,40
29,2012,4,2012-04-01,428
31,2012,4,2012-04-01,201
32,2012,4,2012-04-01,76
33,2012,4,2012-04-01,5
35,2012,4,2012-04-01,121
41,2012,4,2012-04-01,63
42,2012,4,2012-04-01,57
43,2012,4,2012-04-01,61
50,2012,4,2012-04-01,105
51,2012,4,2012-04-01,560
52,2012,4,2012-04-01,116
53,2012,4,2012-04-01,4
11,2012,5,2012-05-01,35
12,2012,5,2012-05-01,15
13,2012,5,2012-05-01,15
14,2012,5,2012-05-01,21
15,2012,5,2012-05-01,98
16,2012,5,2012-05-01,3
17,2012,5,2012-05-01,487
21,2012,5,2012-05-01,370
22,2012,5,2012-05-01,352
23,2012,5,2012-05-01,23
24,2012,5,2012-05-01,17
25,2012,5,2012-05-01,8
26,2012,5,2012-05-01,44
27,2012,5,2012-05-01,23
28,2012,5,2012-05-01,16
29,2012,5,2012-05-01,335
31,2012,5,2012-05-01,178
32,2012,5,2012-05-01,25
33,2012,5,2012-05-01,12
35,2012,5,2012-05-01,108
41,2012,5,2012-05-01,160
42,2012,5,2012-05-01,160
43,2012,5,2012-05-01,247
50,2012,5,2012-05-01,154
51,2012,5,2012-05-01,958
52,2012,5,2012-05-01,123
53,2012,5,2012-05-01,0
11,2012,6,2012-06-01,55
12,2012,6,2012-06-01,12
13,2012,6,2012-06-01,58
14,2012,6,2012-06-01,29
15,2012,6,2012-06-01,305
16,2012,6,2012-06-01,8
17,2012,6,2012-06-01,940
21,2012,6,2012-06-01,987
22,2012,6,2012-06-01,865
23,2012,6,2012-06-01,33
24,2012,6,2012-06-01,5
25,2012,6,2012-06-01,5
26,2012,6,2012-06-01,16
27,2012,6,2012-06-01,5
28,2012,6,2012-06-01,3
29,2012,6,2012-06-01,387
31,2012,6,2012-06-01,245
32,2012,6,2012-06-01,21
33,2012,6,2012-06-01,11
35,2012,6,2012-06-01,63
41,2012,6,2012-06-01,132
42,2012,6,2012-06-01,111
43,2012,6,2012-06-01,233
50,2012,6,2012-06-01,110
51,2012,6,2012-06-01,1933
52,2012,6,2012-06-01,254
53,2012,6,2012-06-01,4
11,2012,7,2012-07-01,253
12,2012,7,2012-07-01,132
13,2012,7,2012-07-01,316
14,2012,7,2012-07-01,3
15,2012,7,2012-07-01,1041
16,2012,7,2012-07-01,6
17,2012,7,2012-07-01,1655
21,2012,7,2012-07-01,3693
22,2012,7,2012-07-01,1746
23,2012,7,2012-07-01,50
24,2012,7,2012-07-01,4
25,2012,7,2012-07-01,4
26,2012,7,2012-07-01,11
27,2012,7,2012-07-01,1
28,2012,7,2012-07-01,1
29,2012,7,2012-07-01,909
31,2012,7,2012-07-01,701
32,2012,7,2012-07-01,45
33,2012,7,2012-07-01,62
35,2012,7,2012-07-01,235
41,2012,7,2012-07-01,203
42,2012,7,2012-07-01,102
43,2012,7,2012-07-01,439
50,2012,7,2012-07-01,553
51,2012,7,2012-07-01,2120
52,2012,7,2012-07-01,556
53,2012,7,2012-07-01,27
11,2012,8,2012-08-01,2561
12,2012,8,2012-08-01,1092
13,2012,8,2012-08-01,3616
14,2012,8,2012-08-01,8
15,2012,8,2012-08-01,9168
16,2012,8,2012-08-01,31
17,2012,8,2012-08-01,4269
21,2012,8,2012-08-01,10519
22,2012,8,2012-08-01,3615
23,2012,8,2012-08-01,267
24,2012,8,2012-08-01,28
25,2012,8,2012-08-01,19
26,2012,8,2012-08-01,25
27,2012,8,2012-08-01,0
28,2012,8,2012-08-01,0
29,2012,8,2012-08-01,1810
31,2012,8,2012-08-01,919
32,2012,8,2012-08-01,17
33,2012,8,2012-08-01,76
35,2012,8,2012-08-01,521
41,2012,8,2012-08-01,821
42,2012,8,2012-08-01,718
43,2012,8,2012-08-01,665
50,2012,8,2012-08-01,2782
51,2012,8,2012-08-01,6429
52,2012,8,2012-08-01,899
53,2012,8,2012-08-01,51
11,2012,9,2012-09-01,3141
12,2012,9,2012-09-01,2796
13,2012,9,2012-09-01,2731
14,2012,9,2012-09-01,89
15,2012,9,2012-09-01,8190
16,2012,9,2012-09-01,173
17,2012,9,2012-09-01,7015
21,2012,9,2012-09-01,7376
22,2012,9,2012-09-01,4057
23,2012,9,2012-09-01,512
24,2012,9,2012-09-01,36
25,2012,9,2012-09-01,58
26,2012,9,2012-09-01,171
27,2012,9,2012-09-01,6
28,2012,9,2012-09-01,0
29,2012,9,2012-09-01,6815
31,2012,9,2012-09-01,2919
32,2012,9,2012-09-01,39
33,2012,9,2012-09-01,173
35,2012,9,2012-09-01,908
41,2012,9,2012-09-01,544
42,2012,9,2012-09-01,274
43,2012,9,2012-09-01,198
50,2012,9,2012-09-01,2166
51,2012,9,2012-09-01,10620
52,2012,9,2012-09-01,2334
53,2012,9,2012-09-01,67
11,2012,10,2012-10-01,1866
12,2012,10,2012-10-01,627
13,2012,10,2012-10-01,1484
14,2012,10,2012-10-01,201
15,2012,10,2012-10-01,5946
16,2012,10,2012-10-01,583
17,2012,10,2012-10-01,3874
21,2012,10,2012-10-01,5911
22,2012,10,2012-10-01,2639
23,2012,10,2012-10-01,1102
24,2012,10,2012-10-01,75
25,2012,10,2012-10-01,148
26,2012,10,2012-10-01,265
27,2012,10,2012-10-01,31
28,2012,10,2012-10-01,0
29,2012,10,2012-10-01,4529
31,2012,10,2012-10-01,4038
32,2012,10,2012-10-01,66
33,2012,10,2012-10-01,162
35,2012,10,2012-10-01,259
41,2012,10,2012-10-01,227
42,2012,10,2012-10-01,63
43,2012,10,2012-10-01,134
50,2012,10,2012-10-01,689
51,2012,10,2012-10-01,3475
52,2012,10,2012-10-01,1450
53,2012,10,2012-10-01,16
11,2012,11,2012-11-01,271
12,2012,11,2012-11-01,39
13,2012,11,2012-11-01,749
14,2012,11,2012-11-01,257
15,2012,11,2012-11-01,8871
16,2012,11,2012-11-01,1157
17,2012,11,2012-11-01,243
21,2012,11,2012-11-01,2644
22,2012,11,2012-11-01,530
23,2012,11,2012-11-01,1165
24,2012,11,2012-11-01,90
25,2012,11,2012-11-01,139
26,2012,11,2012-11-01,177
27,2012,11,2012-11-01,85
28,2012,11,2012-11-01,6
29,2012,11,2012-11-01,214
31,2012,11,2012-11-01,258
32,2012,11,2012-11-01,7
33,2012,11,2012-11-01,12
35,2012,11,2012-11-01,74
41,2012,11,2012-11-01,219
42,2012,11,2012-11-01,120
43,2012,11,2012-11-01,85
50,2012,11,2012-11-01,150
51,2012,11,2012-11-01,488
52,2012,11,2012-11-01,64
53,2012,11,2012-11-01,0
11,2012,12,2012-12-01,74
12,2012,12,2012-12-01,3
13,2012,12,2012-12-01,116
14,2012,12,2012-12-01,125
15,2012,12,2012-12-01,2950
16,2012,12,2012-12-01,510
17,2012,12,2012-12-01,170
21,2012,12,2012-12-01,2086
22,2012,12,2012-12-01,401
23,2012,12,2012-12-01,789
24,2012,12,2012-12-01,79
25,2012,12,2012-12-01,70
26,2012,12,2012-12-01,123
27,2012,12,2012-12-01,55
28,2012,12,2012-12-01,22
29,2012,12,2012-12-01,529
31,2012,12,2012-12-01,238
32,2012,12,2012-12-01,23
33,2012,12,2012-12-01,8
35,2012,12,2012-12-01,79
41,2012,12,2012-12-01,88
42,2012,12,2012-12-01,45
43,2012,12,2012-12-01,38
50,2012,12,2012-12-01,213
51,2012,12,2012-12-01,572
52,2012,12,2012-12-01,113
53,2012,12,2012-12-01,0
11,2013,1,2013-01-01,16
12,2013,1,2013-01-01,0
13,2013,1,2013-01-01,43
14,2013,1,2013-01-01,482
15,2013,1,2013-01-01,291
16,2013,1,2013-01-01,2
17,2013,1,2013-01-01,59
21,2013,1,2013-01-01,316
22,2013,1,2013-01-01,78
23,2013,1,2013-01-01,135
24,2013,1,2013-01-01,23
25,2013,1,2013-01-01,39
26,2013,1,2013-01-01,56
27,2013,1,2013-01-01,45
28,2013,1,2013-01-01,32
29,2013,1,2013-01-01,161
31,2013,1,2013-01-01,93
32,2013,1,2013-01-01,14
33,2013,1,2013-01-01,5
35,2013,1,2013-01-01,51
41,2013,1,2013-01-01,49
42,2013,1,2013-01-01,27
43,2013,1,2013-01-01,47
50,2013,1,2013-01-01,161
51,2013,1,2013-01-01,276
52,2013,1,2013-01-01,43
53,2013,1,2013-01-01,0
11,2013,2,2013-02-01,8
12,2013,2,2013-02-01,0
13,2013,2,2013-02-01,4
14,2013,2,2013-02-01,71
15,2013,2,2013-02-01,47
16,2013,2,2013-02-01,2
17,2013,2,2013-02-01,37
21,2013,2,2013-02-01,72
22,2013,2,2013-02-01,70
23,2013,2,2013-02-01,55
24,2013,2,2013-02-01,26
25,2013,2,2013-02-01,11
26,2013,2,2013-02-01,33
27,2013,2,2013-02-01,22
28,2013,2,2013-02-01,47
29,2013,2,2013-02-01,282
31,2013,2,2013-02-01,161
32,2013,2,2013-02-01,21
33,2013,2,2013-02-01,15
35,2013,2,2013-02-01,100
41,2013,2,2013-02-01,20
42,2013,2,2013-02-01,11
43,2013,2,2013-02-01,51
50,2013,2,2013-02-01,107
51,2013,2,2013-02-01,374
52,2013,2,2013-02-01,67
53,2013,2,2013-02-01,1
11,2013,3,2013-03-01,30
12,2013,3,2013-03-01,0
13,2013,3,2013-03-01,23
14,2013,3,2013-03-01,265
15,2013,3,2013-03-01,20
16,2013,3,2013-03-01,1
17,2013,3,2013-03-01,63
21,2013,3,2013-03-01,45
22,2013,3,2013-03-01,15
23,2013,3,2013-03-01,24
24,2013,3,2013-03-01,7
25,2013,3,2013-03-01,5
26,2013,3,2013-03-01,39
27,2013,3,2013-03-01,36
28,2013,3,2013-03-01,59
29,2013,3,2013-03-01,441
31,2013,3,2013-03-01,136
32,2013,3,2013-03-01,18
33,2013,3,2013-03-01,3
35,2013,3,2013-03-01,60
41,2013,3,2013-03-01,36
42,2013,3,2013-03-01,30
43,2013,3,2013-03-01,56
50,2013,3,2013-03-01,160
51,2013,3,2013-03-01,636
52,2013,3,2013-03-01,74
53,2013,3,2013-03-01,1
11,2013,4,2013-04-01,27
12,2013,4,2013-04-01,46
13,2013,4,2013-04-01,26
14,2013,4,2013-04-01,113
15,2013,4,2013-04-01,29
16,2013,4,2013-04-01,2
17,2013,4,2013-04-01,162
21,2013,4,2013-04-01,83
22,2013,4,2013-04-01,34
23,2013,4,2013-04-01,7
24,2013,4,2013-04-01,8
25,2013,4,2013-04-01,7
26,2013,4,2013-04-01,8
27,2013,4,2013-04-01,20
28,2013,4,2013-04-01,14
29,2013,4,2013-04-01,125
31,2013,4,2013-04-01,80
32,2013,4,2013-04-01,19
33,2013,4,2013-04-01,4
35,2013,4,2013-04-01,172
41,2013,4,2013-04-01,137
42,2013,4,2013-04-01,105
43,2013,4,2013-04-01,98
50,2013,4,2013-04-01,93
51,2013,4,2013-04-01,411
52,2013,4,2013-04-01,61
53,2013,4,2013-04-01,0
11,2013,5,2013-05-01,19
12,2013,5,2013-05-01,11
13,2013,5,2013-05-01,21
14,2013,5,2013-05-01,6
15,2013,5,2013-05-01,74
16,2013,5,2013-05-01,1
17,2013,5,2013-05-01,411
21,2013,5,2013-05-01,132
22,2013,5,2013-05-01,49
23,2013,5,2013-05-01,9
24,2013,5,2013-05-01,2
25,2013,5,2013-05-01,4
26,2013,5,2013-05-01,9
27,2013,5,2013-05-01,2
28,2013,5,2013-05-01,2
29,2013,5,2013-05-01,176
31,2013,5,2013-05-01,182
32,2013,5,2013-05-01,13
33,2013,5,2013-05-01,14
35,2013,5,2013-05-01,170
41,2013,5,2013-05-01,134
42,2013,5,2013-05-01,98
43,2013,5,2013-05-01,58
50,2013,5,2013-05-01,96
51,2013,5,2013-05-01,962
52,2013,5,2013-05-01,187
53,2013,5,2013-05-01,2
11,2013,6,2013-06-01,32
12,2013,6,2013-06-01,19
13,2013,6,2013-06-01,81
14,2013,6,2013-06-01,6
15,2013,6,2013-06-01,323
16,2013,6,2013-06-01,6
17,2013,6,2013-06-01,895
21,2013,6,2013-06-01,603
22,2013,6,2013-06-01,272
23,2013,6,2013-06-01,12
24,2013,6,2013-06-01,2
25,2013,6,2013-06-01,3
26,2013,6,2013-06-01,14
27,2013,6,2013-06-01,2
28,2013,6,2013-06-01,1
29,2013,6,2013-06-01,228
31,2013,6,2013-06-01,191
32,2013,6,2013-06-01,24
33,2013,6,2013-06-01,21
35,2013,6,2013-06-01,70
41,2013,6,2013-06-01,97
42,2013,6,2013-06-01,81
43,2013,6,2013-06-01,41
50,2013,6,2013-06-01,46
51,2013,6,2013-06-01,1388
52,2013,6,2013-06-01,202
53,2013,6,2013-06-01,5
11,2013,7,2013-07-01,159
12,2013,7,2013-07-01,98
13,2013,7,2013-07-01,359
14,2013,7,2013-07-01,4
15,2013,7,2013-07-01,793
16,2013,7,2013-07-01,1
17,2013,7,2013-07-01,1398
21,2013,7,2013-07-01,1332
22,2013,7,2013-07-01,371
23,2013,7,2013-07-01,8
24,2013,7,2013-07-01,0
25,2013,7,2013-07-01,1
26,2013,7,2013-07-01,7
27,2013,7,2013-07-01,1
28,2013,7,2013-07-01,0
29,2013,7,2013-07-01,378
31,2013,7,2013-07-01,512
32,2013,7,2013-07-01,29
33,2013,7,2013-07-01,60
35,2013,7,2013-07-01,243
41,2013,7,2013-07-01,311
42,2013,7,2013-07-01,215
43,2013,7,2013-07-01,196
50,2013,7,2013-07-01,226
51,2013,7,2013-07-01,1711
52,2013,7,2013-07-01,356
53,2013,7,2013-07-01,25
11,2013,8,2013-08-01,1102
12,2013,8,2013-08-01,1045
13,2013,8,2013-08-01,1981
14,2013,8,2013-08-01,4
15,2013,8,2013-08-01,3173
16,2013,8,2013-08-01,18
17,2013,8,2013-08-01,1805
21,2013,8,2013-08-01,2374
22,2013,8,2013-08-01,1033
23,2013,8,2013-08-01,36
24,2013,8,2013-08-01,3
25,2013,8,2013-08-01,3
26,2013,8,2013-08-01,14
27,2013,8,2013-08-01,0
28,2013,8,2013-08-01,0
29,2013,8,2013-08-01,602
31,2013,8,2013-08-01,933
32,2013,8,2013-08-01,58
33,2013,8,2013-08-01,83
35,2013,8,2013-08-01,602
41,2013,8,2013-08-01,701
42,2013,8,2013-08-01,454
43,2013,8,2013-08-01,372
50,2013,8,2013-08-01,715
51,2013,8,2013-08-01,3739
52,2013,8,2013-08-01,527
53,2013,8,2013-08-01,33
11,2013,9,2013-09-01,2472
12,2013,9,2013-09-01,3331
13,2013,9,2013-09-01,2204
14,2013,9,2013-09-01,39
15,2013,9,2013-09-01,4363
16,2013,9,2013-09-01,126
17,2013,9,2013-09-01,2512
21,2013,9,2013-09-01,4312
22,2013,9,2013-09-01,2301
23,2013,9,2013-09-01,177
24,2013,9,2013-09-01,6
25,2013,9,2013-09-01,21
26,2013,9,2013-09-01,136
27,2013,9,2013-09-01,5
28,2013,9,2013-09-01,1
29,2013,9,2013-09-01,2617
31,2013,9,2013-09-01,1618
32,2013,9,2013-09-01,28
33,2013,9,2013-09-01,118
35,2013,9,2013-09-01,590
41,2013,9,2013-09-01,545
42,2013,9,2013-09-01,370
43,2013,9,2013-09-01,356
50,2013,9,2013-09-01,1088
51,2013,9,2013-09-01,5915
52,2013,9,2013-09-01,735
53,2013,9,2013-09-01,33
11,2013,10,2013-10-01,510
12,2013,10,2013-10-01,318
13,2013,10,2013-10-01,1235
14,2013,10,2013-10-01,116
15,2013,10,2013-10-01,5510
16,2013,10,2013-10-01,560
17,2013,10,2013-10-01,2194
21,2013,10,2013-10-01,3221
22,2013,10,2013-10-01,1241
23,2013,10,2013-10-01,472
24,2013,10,2013-10-01,63
25,2013,10,2013-10-01,53
26,2013,10,2013-10-01,157
27,2013,10,2013-10-01,23
28,2013,10,2013-10-01,3
29,2013,10,2013-10-01,1866
31,2013,10,2013-10-01,1157
32,2013,10,2013-10-01,32
33,2013,10,2013-10-01,37
35,2013,10,2013-10-01,133
41,2013,10,2013-10-01,238
42,2013,10,2013-10-01,116
43,2013,10,2013-10-01,113
50,2013,10,2013-10-01,393
51,2013,10,2013-10-01,1828
52,2013,10,2013-10-01,567
53,2013,10,2013-10-01,3
11,2013,11,2013-11-01,103
12,2013,11,2013-11-01,108
13,2013,11,2013-11-01,258
14,2013,11,2013-11-01,125
15,2013,11,2013-11-01,3844
16,2013,11,2013-11-01,613
17,2013,11,2013-11-01,320
21,2013,11,2013-11-01,2368
22,2013,11,2013-11-01,590
23,2013,11,2013-11-01,986
24,2013,11,2013-11-01,71
25,2013,11,2013-11-01,87
26,2013,11,2013-11-01,102
27,2013,11,2013-11-01,8
28,2013,11,2013-11-01,6
29,2013,11,2013-11-01,248
31,2013,11,2013-11-01,244
32,2013,11,2013-11-01,11
33,2013,11,2013-11-01,26
35,2013,11,2013-11-01,105
41,2013,11,2013-11-01,113
42,2013,11,2013-11-01,80
43,2013,11,2013-11-01,102
50,2013,11,2013-11-01,368
51,2013,11,2013-11-01,906
52,2013,11,2013-11-01,162
53,2013,11,2013-11-01,0
11,2013,12,2013-12-01,135
12,2013,12,2013-12-01,4
13,2013,12,2013-12-01,277
14,2013,12,2013-12-01,164
15,2013,12,2013-12-01,5579
16,2013,12,2013-12-01,197
17,2013,12,2013-12-01,79
21,2013,12,2013-12-01,2597
22,2013,12,2013-12-01,430
23,2013,12,2013-12-01,910
24,2013,12,2013-12-01,39
25,2013,12,2013-12-01,72
26,2013,12,2013-12-01,121
27,2013,12,2013-12-01,37
28,2013,12,2013-12-01,9
29,2013,12,2013-12-01,107
31,2013,12,2013-12-01,80
32,2013,12,2013-12-01,8
33,2013,12,2013-12-01,6
35,2013,12,2013-12-01,92
41,2013,12,2013-12-01,150
42,2013,12,2013-12-01,76
43,2013,12,2013-12-01,57
50,2013,12,2013-12-01,162
51,2013,12,2013-12-01,408
52,2013,12,2013-12-01,69
53,2013,12,2013-12-01,2
11,2014,1,2014-01-01,11
12,2014,1,2014-01-01,0
13,2014,1,2014-01-01,71
14,2014,1,2014-01-01,557
15,2014,1,2014-01-01,570
16,2014,1,2014-01-01,25
17,2014,1,2014-01-01,90
21,2014,1,2014-01-01,291
22,2014,1,2014-01-01,91
23,2014,1,2014-01-01,119
24,2014,1,2014-01-01,32
25,2014,1,2014-01-01,64
26,2014,1,2014-01-01,81
27,2014,1,2014-01-01,49
28,2014,1,2014-01-01,18
29,2014,1,2014-01-01,123
31,2014,1,2014-01-01,130
32,2014,1,2014-01-01,11
33,2014,1,2014-01-01,26
35,2014,1,2014-01-01,66
41,2014,1,2014-01-01,70
42,2014,1,2014-01-01,51
43,2014,1,2014-01-01,38
50,2014,1,2014-01-01,156
51,2014,1,2014-01-01,244
52,2014,1,2014-01-01,60
53,2014,1,2014-01-01,0
11,2014,2,2014-02-01,4
12,2014,2,2014-02-01,0
13,2014,2,2014-02-01,17
14,2014,2,2014-02-01,332
15,2014,2,2014-02-01,30
16,2014,2,2014-02-01,2
17,2014,2,2014-02-01,55
21,2014,2,2014-02-01,17
22,2014,2,2014-02-01,12
23,2014,2,2014-02-01,9
24,2014,2,2014-02-01,7
25,2014,2,2014-02-01,5
26,2014,2,2014-02-01,20
27,2014,2,2014-02-01,26
28,2014,2,2014-02-01,16
29,2014,2,2014-02-01,84
31,2014,2,2014-02-01,121
32,2014,2,2014-02-01,16
33,2014,2,2014-02-01,107
35,2014,2,2014-02-01,94
41,2014,2,2014-02-01,57
42,2014,2,2014-02-01,25
43,2014,2,2014-02-01,27
50,2014,2,2014-02-01,119
51,2014,2,2014-02-01,134
52,2014,2,2014-02-01,34
53,2014,2,2014-02-01,1
11,2014,3,2014-03-01,11
12,2014,3,2014-03-01,1
13,2014,3,2014-03-01,30
14,2014,3,2014-03-01,603
15,2014,3,2014-03-01,17
16,2014,3,2014-03-01,2
17,2014,3,2014-03-01,41
21,2014,3,2014-03-01,40
22,2014,3,2014-03-01,78
23,2014,3,2014-03-01,4
24,2014,3,2014-03-01,4
25,2014,3,2014-03-01,16
26,2014,3,2014-03-01,32
27,2014,3,2014-03-01,19
28,2014,3,2014-03-01,26
29,2014,3,2014-03-01,128
31,2014,3,2014-03-01,62
32,2014,3,2014-03-01,15
33,2014,3,2014-03-01,25
35,2014,3,2014-03-01,58
41,2014,3,2014-03-01,40
42,2014,3,2014-03-01,17
43,2014,3,2014-03-01,52
50,2014,3,2014-03-01,72
51,2014,3,2014-03-01,481
52,2014,3,2014-03-01,54
53,2014,3,2014-03-01,1
11,2014,4,2014-04-01,16
12,2014,4,2014-04-01,7
13,2014,4,2014-04-01,20
14,2014,4,2014-04-01,183
15,2014,4,2014-04-01,23
16,2014,4,2014-04-01,1
17,2014,4,2014-04-01,172
21,2014,4,2014-04-01,66
22,2014,4,2014-04-01,57
23,2014,4,2014-04-01,3
24,2014,4,2014-04-01,2
25,2014,4,2014-04-01,7
26,2014,4,2014-04-01,7
27,2014,4,2014-04-01,15
28,2014,4,2014-04-01,7
29,2014,4,2014-04-01,157
31,2014,4,2014-04-01,145
32,2014,4,2014-04-01,8
33,2014,4,2014-04-01,9
35,2014,4,2014-04-01,93
41,2014,4,2014-04-01,37
42,2014,4,2014-04-01,35
43,2014,4,2014-04-01,64
50,2014,4,2014-04-01,113
51,2014,4,2014-04-01,658
52,2014,4,2014-04-01,117
53,2014,4,2014-04-01,2
11,2014,5,2014-05-01,26
12,2014,5,2014-05-01,1
13,2014,5,2014-05-01,17
14,2014,5,2014-05-01,63
15,2014,5,2014-05-01,55
16,2014,5,2014-05-01,0
17,2014,5,2014-05-01,585
21,2014,5,2014-05-01,140
22,2014,5,2014-05-01,131
23,2014,5,2014-05-01,4
24,2014,5,2014-05-01,1
25,2014,5,2014-05-01,1
26,2014,5,2014-05-01,2
27,2014,5,2014-05-01,1
28,2014,5,2014-05-01,1
29,2014,5,2014-05-01,201
31,2014,5,2014-05-01,208
32,2014,5,2014-05-01,15
33,2014,5,2014-05-01,13
35,2014,5,2014-05-01,178
41,2014,5,2014-05-01,111
42,2014,5,2014-05-01,40
43,2014,5,2014-05-01,60
50,2014,5,2014-05-01,68
51,2014,5,2014-05-01,803
52,2014,5,2014-05-01,197
53,2014,5,2014-05-01,9
11,2014,6,2014-06-01,99
12,2014,6,2014-06-01,23
13,2014,6,2014-06-01,73
14,2014,6,2014-06-01,5
15,2014,6,2014-06-01,284
16,2014,6,2014-06-01,2
17,2014,6,2014-06-01,1343
21,2014,6,2014-06-01,786
22,2014,6,2014-06-01,372
23,2014,6,2014-06-01,15
24,2014,6,2014-06-01,1
25,2014,6,2014-06-01,0
26,2014,6,2014-06-01,4
27,2014,6,2014-06-01,2
28,2014,6,2014-06-01,0
29,2014,6,2014-06-01,235
31,2014,6,2014-06-01,344
32,2014,6,2014-06-01,8
33,2014,6,2014-06-01,39
35,2014,6,2014-06-01,312
41,2014,6,2014-06-01,114
42,2014,6,2014-06-01,3
43,2014,6,2014-06-01,63
50,2014,6,2014-06-01,81
51,2014,6,2014-06-01,1696
52,2014,6,2014-06-01,302
53,2014,6,2014-06-01,6
11,2014,7,2014-07-01,209
12,2014,7,2014-07-01,91
13,2014,7,2014-07-01,253
14,2014,7,2014-07-01,9
15,2014,7,2014-07-01,813
16,2014,7,2014-07-01,5
17,2014,7,2014-07-01,1364
21,2014,7,2014-07-01,2027
22,2014,7,2014-07-01,1151
23,2014,7,2014-07-01,39
24,2014,7,2014-07-01,2
25,2014,7,2014-07-01,9
26,2014,7,2014-07-01,11
27,2014,7,2014-07-01,1
28,2014,7,2014-07-01,0
29,2014,7,2014-07-01,235
31,2014,7,2014-07-01,537
32,2014,7,2014-07-01,11
33,2014,7,2014-07-01,44
35,2014,7,2014-07-01,462
41,2014,7,2014-07-01,213
42,2014,7,2014-07-01,83
43,2014,7,2014-07-01,206
50,2014,7,2014-07-01,190
51,2014,7,2014-07-01,2112
52,2014,7,2014-07-01,424
53,2014,7,2014-07-01,28
11,2014,8,2014-08-01,2846
12,2014,8,2014-08-01,1263
13,2014,8,2014-08-01,3604
14,2014,8,2014-08-01,16
15,2014,8,2014-08-01,8147
16,2014,8,2014-08-01,19
17,2014,8,2014-08-01,2790
21,2014,8,2014-08-01,5338
22,2014,8,2014-08-01,2169
23,2014,8,2014-08-01,133
24,2014,8,2014-08-01,19
25,2014,8,2014-08-01,28
26,2014,8,2014-08-01,16
27,2014,8,2014-08-01,3
28,2014,8,2014-08-01,0
29,2014,8,2014-08-01,606
31,2014,8,2014-08-01,1791
32,2014,8,2014-08-01,36
33,2014,8,2014-08-01,185
35,2014,8,2014-08-01,1440
41,2014,8,2014-08-01,664
42,2014,8,2014-08-01,521
43,2014,8,2014-08-01,1200
50,2014,8,2014-08-01,296
51,2014,8,2014-08-01,6418
52,2014,8,2014-08-01,1201
53,2014,8,2014-08-01,96
11,2014,9,2014-09-01,2806
12,2014,9,2014-09-01,2528
13,2014,9,2014-09-01,3148
14,2014,9,2014-09-01,80
15,2014,9,2014-09-01,6636
16,2014,9,2014-09-01,161
17,2014,9,2014-09-01,3339
21,2014,9,2014-09-01,4357
22,2014,9,2014-09-01,2494
23,2014,9,2014-09-01,136
24,2014,9,2014-09-01,26
25,2014,9,2014-09-01,49
26,2014,9,2014-09-01,60
27,2014,9,2014-09-01,11
28,2014,9,2014-09-01,1
29,2014,9,2014-09-01,2472
31,2014,9,2014-09-01,3154
32,2014,9,2014-09-01,52
33,2014,9,2014-09-01,315
35,2014,9,2014-09-01,843
41,2014,9,2014-09-01,420
42,2014,9,2014-09-01,202
43,2014,9,2014-09-01,212
50,2014,9,2014-09-01,343
51,2014,9,2014-09-01,6569
52,2014,9,2014-09-01,1568
53,2014,9,2014-09-01,67
11,2014,10,2014-10-01,978
12,2014,10,2014-10-01,406
13,2014,10,2014-10-01,793
14,2014,10,2014-10-01,65
15,2014,10,2014-10-01,6241
16,2014,10,2014-10-01,592
17,2014,10,2014-10-01,3673
21,2014,10,2014-10-01,5574
22,2014,10,2014-10-01,1657
23,2014,10,2014-10-01,444
24,2014,10,2014-10-01,69
25,2014,10,2014-10-01,67
26,2014,10,2014-10-01,172
27,2014,10,2014-10-01,3
28,2014,10,2014-10-01,3
29,2014,10,2014-10-01,2515
31,2014,10,2014-10-01,4373
32,2014,10,2014-10-01,82
33,2014,10,2014-10-01,473
35,2014,10,2014-10-01,850
41,2014,10,2014-10-01,373
42,2014,10,2014-10-01,123
43,2014,10,2014-10-01,97
50,2014,10,2014-10-01,529
51,2014,10,2014-10-01,4657
52,2014,10,2014-10-01,1728
53,2014,10,2014-10-01,31
11,2014,11,2014-11-01,187
12,2014,11,2014-11-01,70
13,2014,11,2014-11-01,692
14,2014,11,2014-11-01,197
15,2014,11,2014-11-01,7908
16,2014,11,2014-11-01,653
17,2014,11,2014-11-01,423
21,2014,11,2014-11-01,3710
22,2014,11,2014-11-01,670
23,2014,11,2014-11-01,761
24,2014,11,2014-11-01,109
25,2014,11,2014-11-01,91
26,2014,11,2014-11-01,97
27,2014,11,2014-11-01,9
28,2014,11,2014-11-01,8
29,2014,11,2014-11-01,308
31,2014,11,2014-11-01,349
32,2014,11,2014-11-01,17
33,2014,11,2014-11-01,31
35,2014,11,2014-11-01,48
41,2014,11,2014-11-01,59
42,2014,11,2014-11-01,45
43,2014,11,2014-11-01,54
50,2014,11,2014-11-01,175
51,2014,11,2014-11-01,836
52,2014,11,2014-11-01,160
53,2014,11,2014-11-01,0
11,2014,12,2014-12-01,141
12,2014,12,2014-12-01,8
13,2014,12,2014-12-01,289
14,2014,12,2014-12-01,409
15,2014,12,2014-12-01,4802
16,2014,12,2014-12-01,386
17,2014,12,2014-12-01,200
21,2014,12,2014-12-01,2329
22,2014,12,2014-12-01,328
23,2014,12,2014-12-01,660
24,2014,12,2014-12-01,45
25,2014,12,2014-12-01,58
26,2014,12,2014-12-01,91
27,2014,12,2014-12-01,26
28,2014,12,2014-12-01,9
29,2014,12,2014-12-01,126
31,2014,12,2014-12-01,123
32,2014,12,2014-12-01,25
33,2014,12,2014-12-01,16
35,2014,12,2014-12-01,40
41,2014,12,2014-12-01,75
42,2014,12,2014-12-01,35
43,2014,12,2014-12-01,31
50,2014,12,2014-12-01,72
51,2014,12,2014-12-01,347
52,2014,12,2014-12-01,52
53,2014,12,2014-12-01,0
11,2015,1,2015-01-01,24
12,2015,1,2015-01-01,3
13,2015,1,2015-01-01,38
14,2015,1,2015-01-01,411
15,2015,1,2015-01-01,866
16,2015,1,2015-01-01,27
17,2015,1,2015-01-01,196
21,2015,1,2015-01-01,458
22,2015,1,2015-01-01,77
23,2015,1,2015-01-01,189
24,2015,1,2015-01-01,38
25,2015,1,2015-01-01,36
26,2015,1,2015-01-01,101
27,2015,1,2015-01-01,64
28,2015,1,2015-01-01,37
29,2015,1,2015-01-01,240
31,2015,1,2015-01-01,127
32,2015,1,2015-01-01,77
33,2015,1,2015-01-01,86
35,2015,1,2015-01-01,82
41,2015,1,2015-01-01,87
42,2015,1,2015-01-01,18
43,2015,1,2015-01-01,29
50,2015,1,2015-01-01,176
51,2015,1,2015-01-01,720
52,2015,1,2015-01-01,105
53,2015,1,2015-01-01,1
11,2015,2,2015-02-01,17
12,2015,2,2015-02-01,2
13,2015,2,2015-02-01,71
14,2015,2,2015-02-01,571
15,2015,2,2015-02-01,92
16,2015,2,2015-02-01,0
17,2015,2,2015-02-01,48
21,2015,2,2015-02-01,78
22,2015,2,2015-02-01,24
23,2015,2,2015-02-01,20
24,2015,2,2015-02-01,14
25,2015,2,2015-02-01,15
26,2015,2,2015-02-01,48
27,2015,2,2015-02-01,40
28,2015,2,2015-02-01,33
29,2015,2,2015-02-01,124
31,2015,2,2015-02-01,69
32,2015,2,2015-02-01,59
33,2015,2,2015-02-01,28
35,2015,2,2015-02-01,37
41,2015,2,2015-02-01,42
42,2015,2,2015-02-01,15
43,2015,2,2015-02-01,34
50,2015,2,2015-02-01,106
51,2015,2,2015-02-01,396
52,2015,2,2015-02-01,43
53,2015,2,2015-02-01,0
11,2015,3,2015-03-01,10
12,2015,3,2015-03-01,1
13,2015,3,2015-03-01,25
14,2015,3,2015-03-01,175
15,2015,3,2015-03-01,31
16,2015,3,2015-03-01,1
17,2015,3,2015-03-01,66
21,2015,3,2015-03-01,41
22,2015,3,2015-03-01,31
23,2015,3,2015-03-01,14
24,2015,3,2015-03-01,3
25,2015,3,2015-03-01,6
26,2015,3,2015-03-01,27
27,2015,3,2015-03-01,27
28,2015,3,2015-03-01,45
29,2015,3,2015-03-01,183
31,2015,3,2015-03-01,62
32,2015,3,2015-03-01,23
33,2015,3,2015-03-01,15
35,2015,3,2015-03-01,45
41,2015,3,2015-03-01,43
42,2015,3,2015-03-01,31
43,2015,3,2015-03-01,70
50,2015,3,2015-03-01,119
51,2015,3,2015-03-01,517
52,2015,3,2015-03-01,48
53,2015,3,2015-03-01,0
11,2015,4,2015-04-01,12
12,2015,4,2015-04-01,3
13,2015,4,2015-04-01,20
14,2015,4,2015-04-01,307
15,2015,4,2015-04-01,22
16,2015,4,2015-04-01,0
17,2015,4,2015-04-01,65
21,2015,4,2015-04-01,103
22,2015,4,2015-04-01,41
23,2015,4,2015-04-01,0
24,2015,4,2015-04-01,5
25,2015,4,2015-04-01,11
26,2015,4,2015-04-01,26
27,2015,4,2015-04-01,46
28,2015,4,2015-04-01,24
29,2015,4,2015-04-01,122
31,2015,4,2015-04-01,85
32,2015,4,2015-04-01,25
33,2015,4,2015-04-01,8
35,2015,4,2015-04-01,70
41,2015,4,2015-04-01,77
42,2015,4,2015-04-01,36
43,2015,4,2015-04-01,166
50,2015,4,2015-04-01,54
51,2015,4,2015-04-01,638
52,2015,4,2015-04-01,58
53,2015,4,2015-04-01,0
11,2015,5,2015-05-01,13
12,2015,5,2015-05-01,2
13,2015,5,2015-05-01,11
14,2015,5,2015-05-01,14
15,2015,5,2015-05-01,84
16,2015,5,2015-05-01,0
17,2015,5,2015-05-01,487
21,2015,5,2015-05-01,184
22,2015,5,2015-05-01,57
23,2015,5,2015-05-01,17
24,2015,5,2015-05-01,4
25,2015,5,2015-05-01,6
26,2015,5,2015-05-01,12
27,2015,5,2015-05-01,17
28,2015,5,2015-05-01,9
29,2015,5,2015-05-01,133
31,2015,5,2015-05-01,109
32,2015,5,2015-05-01,11
33,2015,5,2015-05-01,16
35,2015,5,2015-05-01,63
41,2015,5,2015-05-01,74
42,2015,5,2015-05-01,70
43,2015,5,2015-05-01,166
50,2015,5,2015-05-01,54
51,2015,5,2015-05-01,437
52,2015,5,2015-05-01,117
53,2015,5,2015-05-01,2
11,2015,6,2015-06-01,120
12,2015,6,2015-06-01,42
13,2015,6,2015-06-01,34
14,2015,6,2015-06-01,5
15,2015,6,2015-06-01,241
16,2015,6,2015-06-01,2
17,2015,6,2015-06-01,1118
21,2015,6,2015-06-01,850
22,2015,6,2015-06-01,268
23,2015,6,2015-06-01,17
24,2015,6,2015-06-01,6
25,2015,6,2015-06-01,0
26,2015,6,2015-06-01,2
27,2015,6,2015-06-01,2
28,2015,6,2015-06-01,3
29,2015,6,2015-06-01,233
31,2015,6,2015-06-01,192
32,2015,6,2015-06-01,16
33,2015,6,2015-06-01,21
35,2015,6,2015-06-01,144
41,2015,6,2015-06-01,201
42,2015,6,2015-06-01,101
43,2015,6,2015-06-01,70
50,2015,6,2015-06-01,289
51,2015,6,2015-06-01,1328
52,2015,6,2015-06-01,263
53,2015,6,2015-06-01,1
11,2015,7,2015-07-01,417
12,2015,7,2015-07-01,118
13,2015,7,2015-07-01,365
14,2015,7,2015-07-01,5
15,2015,7,2015-07-01,882
16,2015,7,2015-07-01,4
17,2015,7,2015-07-01,1198
21,2015,7,2015-07-01,1616
22,2015,7,2015-07-01,706
23,2015,7,2015-07-01,23
24,2015,7,2015-07-01,3
25,2015,7,2015-07-01,2
26,2015,7,2015-07-01,12
27,2015,7,2015-07-01,0
28,2015,7,2015-07-01,0
29,2015,7,2015-07-01,300
31,2015,7,2015-07-01,272
32,2015,7,2015-07-01,25
33,2015,7,2015-07-01,67
35,2015,7,2015-07-01,139
41,2015,7,2015-07-01,131
42,2015,7,2015-07-01,46
43,2015,7,2015-07-01,59
50,2015,7,2015-07-01,355
51,2015,7,2015-07-01,1461
52,2015,7,2015-07-01,320
53,2015,7,2015-07-01,15
11,2015,8,2015-08-01,3669
12,2015,8,2015-08-01,1624
13,2015,8,2015-08-01,4235
14,2015,8,2015-08-01,14
15,2015,8,2015-08-01,7672
16,2015,8,2015-08-01,26
17,2015,8,2015-08-01,2451
21,2015,8,2015-08-01,5411
22,2015,8,2015-08-01,2039
23,2015,8,2015-08-01,118
24,2015,8,2015-08-01,16
25,2015,8,2015-08-01,5
26,2015,8,2015-08-01,21
27,2015,8,2015-08-01,3
28,2015,8,2015-08-01,0
29,2015,8,2015-08-01,791
31,2015,8,2015-08-01,962
32,2015,8,2015-08-01,28
33,2015,8,2015-08-01,141
35,2015,8,2015-08-01,627
41,2015,8,2015-08-01,640
42,2015,8,2015-08-01,382
43,2015,8,2015-08-01,381
50,2015,8,2015-08-01,1200
51,2015,8,2015-08-01,4498
52,2015,8,2015-08-01,876
53,2015,8,2015-08-01,53
11,2015,9,2015-09-01,5200
12,2015,9,2015-09-01,2949
13,2015,9,2015-09-01,5004
14,2015,9,2015-09-01,86
15,2015,9,2015-09-01,9394
16,2015,9,2015-09-01,198
17,2015,9,2015-09-01,4470
21,2015,9,2015-09-01,5502
22,2015,9,2015-09-01,5151
23,2015,9,2015-09-01,183
24,2015,9,2015-09-01,33
25,2015,9,2015-09-01,47
26,2015,9,2015-09-01,107
27,2015,9,2015-09-01,4
28,2015,9,2015-09-01,1
29,2015,9,2015-09-01,6921
31,2015,9,2015-09-01,2631
32,2015,9,2015-09-01,198
33,2015,9,2015-09-01,74
35,2015,9,2015-09-01,344
41,2015,9,2015-09-01,604
42,2015,9,2015-09-01,160
43,2015,9,2015-09-01,185
50,2015,9,2015-09-01,1263
51,2015,9,2015-09-01,8933
52,2015,9,2015-09-01,2033
53,2015,9,2015-09-01,64
11,2015,10,2015-10-01,2470
12,2015,10,2015-10-01,912
13,2015,10,2015-10-01,2233
14,2015,10,2015-10-01,194
15,2015,10,2015-10-01,7379
16,2015,10,2015-10-01,927
17,2015,10,2015-10-01,4518
21,2015,10,2015-10-01,6387
22,2015,10,2015-10-01,4000
23,2015,10,2015-10-01,603
24,2015,10,2015-10-01,115
25,2015,10,2015-10-01,113
26,2015,10,2015-10-01,172
27,2015,10,2015-10-01,28
28,2015,10,2015-10-01,4
29,2015,10,2015-10-01,4695
31,2015,10,2015-10-01,3393
32,2015,10,2015-10-01,290
33,2015,10,2015-10-01,78
35,2015,10,2015-10-01,199
41,2015,10,2015-10-01,142
42,2015,10,2015-10-01,21
43,2015,10,2015-10-01,63
50,2015,10,2015-10-01,451
51,2015,10,2015-10-01,5730
52,2015,10,2015-10-01,1607
53,2015,10,2015-10-01,17
11,2015,11,2015-11-01,901
12,2015,11,2015-11-01,115
13,2015,11,2015-11-01,909
14,2015,11,2015-11-01,298
15,2015,11,2015-11-01,9783
16,2015,11,2015-11-01,1424
17,2015,11,2015-11-01,770
21,2015,11,2015-11-01,4159
22,2015,11,2015-11-01,842
23,2015,11,2015-11-01,1009
24,2015,11,2015-11-01,87
25,2015,11,2015-11-01,190
26,2015,11,2015-11-01,263
27,2015,11,2015-11-01,118
28,2015,11,2015-11-01,41
29,2015,11,2015-11-01,1569
31,2015,11,2015-11-01,1340
32,2015,11,2015-11-01,131
33,2015,11,2015-11-01,3
35,2015,11,2015-11-01,18
41,2015,11,2015-11-01,23
42,2015,11,2015-11-01,8
43,2015,11,2015-11-01,20
50,2015,11,2015-11-01,228
51,2015,11,2015-11-01,1670
52,2015,11,2015-11-01,490
53,2015,11,2015-11-01,2
11,2015,12,2015-12-01,260
12,2015,12,2015-12-01,8
13,2015,12,2015-12-01,474
14,2015,12,2015-12-01,372
15,2015,12,2015-12-01,6718
16,2015,12,2015-12-01,327
17,2015,12,2015-12-01,318
21,2015,12,2015-12-01,3647
22,2015,12,2015-12-01,603
23,2015,12,2015-12-01,965
24,2015,12,2015-12-01,78
25,2015,12,2015-12-01,109
26,2015,12,2015-12-01,159
27,2015,12,2015-12-01,111
28,2015,12,2015-12-01,44
29,2015,12,2015-12-01,1202
31,2015,12,2015-12-01,248
32,2015,12,2015-12-01,57
33,2015,12,2015-12-01,5
35,2015,12,2015-12-01,40
41,2015,12,2015-12-01,23
42,2015,12,2015-12-01,18
43,2015,12,2015-12-01,35
50,2015,12,2015-12-01,322
51,2015,12,2015-12-01,1413
52,2015,12,2015-12-01,147
53,2015,12,2015-12-01,0
11,2016,1,2016-01-01,85
12,2016,1,2016-01-01,13
13,2016,1,2016-01-01,654
14,2016,1,2016-01-01,1958
15,2016,1,2016-01-01,1479
16,2016,1,2016-01-01,16
17,2016,1,2016-01-01,30
21,2016,1,2016-01-01,395
22,2016,1,2016-01-01,93
23,2016,1,2016-01-01,103
24,2016,1,2016-01-01,13
25,2016,1,2016-01-01,16
26,2016,1,2016-01-01,22
27,2016,1,2016-01-01,22
28,2016,1,2016-01-01,7
29,2016,1,2016-01-01,240
31,2016,1,2016-01-01,37
32,2016,1,2016-01-01,37
33,2016,1,2016-01-01,1
35,2016,1,2016-01-01,56
41,2016,1,2016-01-01,124
42,2016,1,2016-01-01,64
43,2016,1,2016-01-01,60
50,2016,1,2016-01-01,108
51,2016,1,2016-01-01,300
52,2016,1,2016-01-01,27
53,2016,1,2016-01-01,0
11,2016,2,2016-02-01,71
12,2016,2,2016-02-01,2
13,2016,2,2016-02-01,252
14,2016,2,2016-02-01,185
15,2016,2,2016-02-01,370
16,2016,2,2016-02-01,1
17,2016,2,2016-02-01,318
21,2016,2,2016-02-01,268
22,2016,2,2016-02-01,83
23,2016,2,2016-02-01,12
24,2016,2,2016-02-01,2
25,2016,2,2016-02-01,3
26,2016,2,2016-02-01,22
27,2016,2,2016-02-01,14
28,2016,2,2016-02-01,15
29,2016,2,2016-02-01,340
31,2016,2,2016-02-01,127
32,2016,2,2016-02-01,19
33,2016,2,2016-02-01,6
35,2016,2,2016-02-01,107
41,2016,2,2016-02-01,20
42,2016,2,2016-02-01,2
43,2016,2,2016-02-01,47
50,2016,2,2016-02-01,119
51,2016,2,2016-02-01,763
52,2016,2,2016-02-01,69
53,2016,2,2016-02-01,1
11,2016,3,2016-03-01,30
12,2016,3,2016-03-01,0
13,2016,3,2016-03-01,105
14,2016,3,2016-03-01,1195
15,2016,3,2016-03-01,53
16,2016,3,2016-03-01,0
17,2016,3,2016-03-01,132
21,2016,3,2016-03-01,70
22,2016,3,2016-03-01,33
23,2016,3,2016-03-01,6
24,2016,3,2016-03-01,2
25,2016,3,2016-03-01,3
26,2016,3,2016-03-01,3
27,2016,3,2016-03-01,10
28,2016,3,2016-03-01,25
29,2016,3,2016-03-01,237
31,2016,3,2016-03-01,91
32,2016,3,2016-03-01,103
33,2016,3,2016-03-01,3
35,2016,3,2016-03-01,65
41,2016,3,2016-03-01,63
42,2016,3,2016-03-01,20
43,2016,3,2016-03-01,33
50,2016,3,2016-03-01,101
51,2016,3,2016-03-01,934
52,2016,3,2016-03-01,107
53,2016,3,2016-03-01,1
11,2016,4,2016-04-01,56
12,2016,4,2016-04-01,1
13,2016,4,2016-04-01,13
14,2016,4,2016-04-01,154
15,2016,4,2016-04-01,51
16,2016,4,2016-04-01,0
17,2016,4,2016-04-01,340
21,2016,4,2016-04-01,103
22,2016,4,2016-04-01,31
23,2016,4,2016-04-01,11
24,2016,4,2016-04-01,2
25,2016,4,2016-04-01,1
26,2016,4,2016-04-01,8
27,2016,4,2016-04-01,14
28,2016,4,2016-04-01,13
29,2016,4,2016-04-01,193
31,2016,4,2016-04-01,166
32,2016,4,2016-04-01,49
33,2016,4,2016-04-01,40
35,2016,4,2016-04-01,293
41,2016,4,2016-04-01,162
42,2016,4,2016-04-01,33
43,2016,4,2016-04-01,26
50,2016,4,2016-04-01,141
51,2016,4,2016-04-01,1351
52,2016,4,2016-04-01,152
53,2016,4,2016-04-01,4
11,2016,5,2016-05-01,52
12,2016,5,2016-05-01,23
13,2016,5,2016-05-01,26
14,2016,5,2016-05-01,22
15,2016,5,2016-05-01,148
16,2016,5,2016-05-01,3
17,2016,5,2016-05-01,725
21,2016,5,2016-05-01,186
22,2016,5,2016-05-01,53
23,2016,5,2016-05-01,7
24,2016,5,2016-05-01,1
25,2016,5,2016-05-01,1
26,2016,5,2016-05-01,3
27,2016,5,2016-05-01,4
28,2016,5,2016-05-01,9
29,2016,5,2016-05-01,240
31,2016,5,2016-05-01,178
32,2016,5,2016-05-01,42
33,2016,5,2016-05-01,24
35,2016,5,2016-05-01,138
41,2016,5,2016-05-01,77
42,2016,5,2016-05-01,36
43,2016,5,2016-05-01,39
50,2016,5,2016-05-01,98
51,2016,5,2016-05-01,929
52,2016,5,2016-05-01,210
53,2016,5,2016-05-01,13
11,2016,6,2016-06-01,174
12,2016,6,2016-06-01,101
13,2016,6,2016-06-01,84
14,2016,6,2016-06-01,10
15,2016,6,2016-06-01,509
16,2016,6,2016-06-01,2
17,2016,6,2016-06-01,1100
21,2016,6,2016-06-01,693
22,2016,6,2016-06-01,151
23,2016,6,2016-06-01,32
24,2016,6,2016-06-01,5
25,2016,6,2016-06-01,3
26,2016,6,2016-06-01,4
27,2016,6,2016-06-01,5
28,2016,6,2016-06-01,0
29,2016,6,2016-06-01,388
31,2016,6,2016-06-01,241
32,2016,6,2016-06-01,45
33,2016,6,2016-06-01,30
35,2016,6,2016-06-01,196
41,2016,6,2016-06-01,261
42,2016,6,2016-06-01,104
43,2016,6,2016-06-01,311
50,2016,6,2016-06-01,132
51,2016,6,2016-06-01,1306
52,2016,6,2016-06-01,261
53,2016,6,2016-06-01,37
11,2016,7,2016-07-01,947
12,2016,7,2016-07-01,588
13,2016,7,2016-07-01,1087
14,2016,7,2016-07-01,1
15,2016,7,2016-07-01,1732
16,2016,7,2016-07-01,1
17,2016,7,2016-07-01,2607
21,2016,7,2016-07-01,2182
22,2016,7,2016-07-01,746
23,2016,7,2016-07-01,106
24,2016,7,2016-07-01,10
25,2016,7,2016-07-01,20
26,2016,7,2016-07-01,14
27,2016,7,2016-07-01,5
28,2016,7,2016-07-01,0
29,2016,7,2016-07-01,340
31,2016,7,2016-07-01,986
32,2016,7,2016-07-01,38
33,2016,7,2016-07-01,127
35,2016,7,2016-07-01,734
41,2016,7,2016-07-01,552
42,2016,7,2016-07-01,610
43,2016,7,2016-07-01,942
50,2016,7,2016-07-01,673
51,2016,7,2016-07-01,3301
52,2016,7,2016-07-01,815
53,2016,7,2016-07-01,78
11,2016,8,2016-08-01,3551
12,2016,8,2016-08-01,2526
13,2016,8,2016-08-01,3652
14,2016,8,2016-08-01,17
15,2016,8,2016-08-01,5185
16,2016,8,2016-08-01,39
17,2016,8,2016-08-01,3213
21,2016,8,2016-08-01,3849
22,2016,8,2016-08-01,1730
23,2016,8,2016-08-01,286
24,2016,8,2016-08-01,23
25,2016,8,2016-08-01,50
26,2016,8,2016-08-01,33
27,2016,8,2016-08-01,4
28,2016,8,2016-08-01,2
29,2016,8,2016-08-01,727
31,2016,8,2016-08-01,1563
32,2016,8,2016-08-01,75
33,2016,8,2016-08-01,219
35,2016,8,2016-08-01,840
41,2016,8,2016-08-01,994
42,2016,8,2016-08-01,795
43,2016,8,2016-08-01,1182
50,2016,8,2016-08-01,1292
51,2016,8,2016-08-01,6168
52,2016,8,2016-08-01,1038
53,2016,8,2016-08-01,35
11,2016,9,2016-09-01,3916
12,2016,9,2016-09-01,3863
13,2016,9,2016-09-01,2785
14,2016,9,2016-09-01,18
15,2016,9,2016-09-01,3878
16,2016,9,2016-09-01,150
17,2016,9,2016-09-01,3073
21,2016,9,2016-09-01,3109
22,2016,9,2016-09-01,1344
23,2016,9,2016-09-01,335
24,2016,9,2016-09-01,38
25,2016,9,2016-09-01,111
26,2016,9,2016-09-01,137
27,2016,9,2016-09-01,15
28,2016,9,2016-09-01,2
29,2016,9,2016-09-01,1729
31,2016,9,2016-09-01,1979
32,2016,9,2016-09-01,112
33,2016,9,2016-09-01,177
35,2016,9,2016-09-01,506
41,2016,9,2016-09-01,1428
42,2016,9,2016-09-01,677
43,2016,9,2016-09-01,629
50,2016,9,2016-09-01,2292
51,2016,9,2016-09-01,8284
52,2016,9,2016-09-01,1571
53,2016,9,2016-09-01,51
11,2016,10,2016-10-01,2041
12,2016,10,2016-10-01,515
13,2016,10,2016-10-01,1913
14,2016,10,2016-10-01,107
15,2016,10,2016-10-01,5954
16,2016,10,2016-10-01,816
17,2016,10,2016-10-01,2255
21,2016,10,2016-10-01,5617
22,2016,10,2016-10-01,2544
23,2016,10,2016-10-01,1241
24,2016,10,2016-10-01,109
25,2016,10,2016-10-01,283
26,2016,10,2016-10-01,274
27,2016,10,2016-10-01,63
28,2016,10,2016-10-01,7
29,2016,10,2016-10-01,1312
31,2016,10,2016-10-01,911
32,2016,10,2016-10-01,60
33,2016,10,2016-10-01,28
35,2016,10,2016-10-01,172
41,2016,10,2016-10-01,166
42,2016,10,2016-10-01,56
43,2016,10,2016-10-01,84
50,2016,10,2016-10-01,1070
51,2016,10,2016-10-01,2715
52,2016,10,2016-10-01,488
53,2016,10,2016-10-01,8
11,2016,11,2016-11-01,413
12,2016,11,2016-11-01,46
13,2016,11,2016-11-01,497
14,2016,11,2016-11-01,69
15,2016,11,2016-11-01,7314
16,2016,11,2016-11-01,1104
17,2016,11,2016-11-01,586
21,2016,11,2016-11-01,3826
22,2016,11,2016-11-01,1130
23,2016,11,2016-11-01,1373
24,2016,11,2016-11-01,98
25,2016,11,2016-11-01,130
26,2016,11,2016-11-01,196
27,2016,11,2016-11-01,79
28,2016,11,2016-11-01,18
29,2016,11,2016-11-01,402
31,2016,11,2016-11-01,113
32,2016,11,2016-11-01,7
33,2016,11,2016-11-01,17
35,2016,11,2016-11-01,35
41,2016,11,2016-11-01,260
42,2016,11,2016-11-01,144
43,2016,11,2016-11-01,97
50,2016,11,2016-11-01,235
51,2016,11,2016-11-01,855
52,2016,11,2016-11-01,115
53,2016,11,2016-11-01,1
11,2016,12,2016-12-01,138
12,2016,12,2016-12-01,6
13,2016,12,2016-12-01,105
14,2016,12,2016-12-01,134
15,2016,12,2016-12-01,3051
16,2016,12,2016-12-01,463
17,2016,12,2016-12-01,115
21,2016,12,2016-12-01,1491
22,2016,12,2016-12-01,365
23,2016,12,2016-12-01,804
24,2016,12,2016-12-01,75
25,2016,12,2016-12-01,87
26,2016,12,2016-12-01,158
27,2016,12,2016-12-01,153
28,2016,12,2016-12-01,36
29,2016,12,2016-12-01,163
31,2016,12,2016-12-01,90
32,2016,12,2016-12-01,12
33,2016,12,2016-12-01,5
35,2016,12,2016-12-01,44
41,2016,12,2016-12-01,44
42,2016,12,2016-12-01,20
43,2016,12,2016-12-01,77
50,2016,12,2016-12-01,112
51,2016,12,2016-12-01,399
52,2016,12,2016-12-01,59
53,2016,12,2016-12-01,0
11,2017,1,2017-01-01,43
12,2017,1,2017-01-01,0
13,2017,1,2017-01-01,62
14,2017,1,2017-01-01,108
15,2017,1,2017-01-01,213
16,2017,1,2017-01-01,2
17,2017,1,2017-01-01,57
21,2017,1,2017-01-01,178
22,2017,1,2017-01-01,82
23,2017,1,2017-01-01,91
24,2017,1,2017-01-01,27
25,2017,1,2017-01-01,23
26,2017,1,2017-01-01,52
27,2017,1,2017-01-01,38
28,2017,1,2017-01-01,30
29,2017,1,2017-01-01,150
31,2017,1,2017-01-01,99
32,2017,1,2017-01-01,14
33,2017,1,2017-01-01,12
35,2017,1,2017-01-01,21
41,2017,1,2017-01-01,53
42,2017,1,2017-01-01,46
43,2017,1,2017-01-01,26
50,2017,1,2017-01-01,322
51,2017,1,2017-01-01,457
52,2017,1,2017-01-01,46
53,2017,1,2017-01-01,1
11,2017,2,2017-02-01,15
12,2017,2,2017-02-01,4
13,2017,2,2017-02-01,21
14,2017,2,2017-02-01,124
15,2017,2,2017-02-01,14
16,2017,2,2017-02-01,0
17,2017,2,2017-02-01,24
21,2017,2,2017-02-01,44
22,2017,2,2017-02-01,19
23,2017,2,2017-02-01,10
24,2017,2,2017-02-01,13
25,2017,2,2017-02-01,8
26,2017,2,2017-02-01,24
27,2017,2,2017-02-01,16
28,2017,2,2017-02-01,12
29,2017,2,2017-02-01,91
31,2017,2,2017-02-01,54
32,2017,2,2017-02-01,7
33,2017,2,2017-02-01,24
35,2017,2,2017-02-01,88
41,2017,2,2017-02-01,64
42,2017,2,2017-02-01,27
43,2017,2,2017-02-01,31
50,2017,2,2017-02-01,146
51,2017,2,2017-02-01,295
52,2017,2,2017-02-01,64
53,2017,2,2017-02-01,0
11,2017,3,2017-03-01,23
12,2017,3,2017-03-01,0
13,2017,3,2017-03-01,24
14,2017,3,2017-03-01,251
15,2017,3,2017-03-01,18
16,2017,3,2017-03-01,0
17,2017,3,2017-03-01,79
21,2017,3,2017-03-01,32
22,2017,3,2017-03-01,28
23,2017,3,2017-03-01,4
24,2017,3,2017-03-01,3
25,2017,3,2017-03-01,4
26,2017,3,2017-03-01,9
27,2017,3,2017-03-01,19
28,2017,3,2017-03-01,17
29,2017,3,2017-03-01,160
31,2017,3,2017-03-01,99
32,2017,3,2017-03-01,9
33,2017,3,2017-03-01,8
35,2017,3,2017-03-01,76
41,2017,3,2017-03-01,45
42,2017,3,2017-03-01,20
43,2017,3,2017-03-01,39
50,2017,3,2017-03-01,164
51,2017,3,2017-03-01,698
52,2017,3,2017-03-01,91
53,2017,3,2017-03-01,0
11,2017,4,2017-04-01,20
12,2017,4,2017-04-01,1
13,2017,4,2017-04-01,15
14,2017,4,2017-04-01,75
15,2017,4,2017-04-01,42
16,2017,4,2017-04-01,3
17,2017,4,2017-04-01,161
21,2017,4,2017-04-01,90
22,2017,4,2017-04-01,23
23,2017,4,2017-04-01,3
24,2017,4,2017-04-01,6
25,2017,4,2017-04-01,1
26,2017,4,2017-04-01,8
27,2017,4,2017-04-01,6
28,2017,4,2017-04-01,8
29,2017,4,2017-04-01,91
31,2017,4,2017-04-01,67
32,2017,4,2017-04-01,7
33,2017,4,2017-04-01,11
35,2017,4,2017-04-01,37
41,2017,4,2017-04-01,103
42,2017,4,2017-04-01,28
43,2017,4,2017-04-01,61
50,2017,4,2017-04-01,69
51,2017,4,2017-04-01,708
52,2017,4,2017-04-01,58
53,2017,4,2017-04-01,1
11,2017,5,2017-05-01,29
12,2017,5,2017-05-01,9
13,2017,5,2017-05-01,33
14,2017,5,2017-05-01,27
15,2017,5,2017-05-01,121
16,2017,5,2017-05-01,2
17,2017,5,2017-05-01,626
21,2017,5,2017-05-01,157
22,2017,5,2017-05-01,45
23,2017,5,2017-05-01,6
24,2017,5,2017-05-01,2
25,2017,5,2017-05-01,1
26,2017,5,2017-05-01,13
27,2017,5,2017-05-01,1
28,2017,5,2017-05-01,1
29,2017,5,2017-05-01,124
31,2017,5,2017-05-01,124
32,2017,5,2017-05-01,9
33,2017,5,2017-05-01,16
35,2017,5,2017-05-01,45
41,2017,5,2017-05-01,47
42,2017,5,2017-05-01,35
43,2017,5,2017-05-01,41
50,2017,5,2017-05-01,69
51,2017,5,2017-05-01,844
52,2017,5,2017-05-01,138
53,2017,5,2017-05-01,6
11,2017,6,2017-06-01,152
12,2017,6,2017-06-01,39
13,2017,6,2017-06-01,95
14,2017,6,2017-06-01,4
15,2017,6,2017-06-01,486
16,2017,6,2017-06-01,2
17,2017,6,2017-06-01,906
21,2017,6,2017-06-01,644
22,2017,6,2017-06-01,142
23,2017,6,2017-06-01,6
24,2017,6,2017-06-01,2
25,2017,6,2017-06-01,0
26,2017,6,2017-06-01,4
27,2017,6,2017-06-01,1
28,2017,6,2017-06-01,0
29,2017,6,2017-06-01,213
31,2017,6,2017-06-01,233
32,2017,6,2017-06-01,23
33,2017,6,2017-06-01,41
35,2017,6,2017-06-01,152
41,2017,6,2017-06-01,138
42,2017,6,2017-06-01,66
43,2017,6,2017-06-01,96
50,2017,6,2017-06-01,150
51,2017,6,2017-06-01,1476
52,2017,6,2017-06-01,308
53,2017,6,2017-06-01,5
11,2017,7,2017-07-01,1007
12,2017,7,2017-07-01,362
13,2017,7,2017-07-01,1534
14,2017,7,2017-07-01,3
15,2017,7,2017-07-01,3696
16,2017,7,2017-07-01,3
17,2017,7,2017-07-01,1823
21,2017,7,2017-07-01,1973
22,2017,7,2017-07-01,510
23,2017,7,2017-07-01,15
24,2017,7,2017-07-01,3
25,2017,7,2017-07-01,1
26,2017,7,2017-07-01,1
27,2017,7,2017-07-01,0
28,2017,7,2017-07-01,0
29,2017,7,2017-07-01,234
31,2017,7,2017-07-01,471
32,2017,7,2017-07-01,3
33,2017,7,2017-07-01,59
35,2017,7,2017-07-01,616
41,2017,7,2017-07-01,708
42,2017,7,2017-07-01,461
43,2017,7,2017-07-01,707
50,2017,7,2017-07-01,817
51,2017,7,2017-07-01,2100
52,2017,7,2017-07-01,433
53,2017,7,2017-07-01,28
11,2017,8,2017-08-01,3249
12,2017,8,2017-08-01,1318
13,2017,8,2017-08-01,4793
14,2017,8,2017-08-01,33
15,2017,8,2017-08-01,8781
16,2017,8,2017-08-01,28
17,2017,8,2017-08-01,2540
21,2017,8,2017-08-01,3001
22,2017,8,2017-08-01,1257
23,2017,8,2017-08-01,98
24,2017,8,2017-08-01,14
25,2017,8,2017-08-01,2
26,2017,8,2017-08-01,18
27,2017,8,2017-08-01,1
28,2017,8,2017-08-01,0
29,2017,8,2017-08-01,809
31,2017,8,2017-08-01,1610
32,2017,8,2017-08-01,26
33,2017,8,2017-08-01,124
35,2017,8,2017-08-01,734
41,2017,8,2017-08-01,789
42,2017,8,2017-08-01,558
43,2017,8,2017-08-01,633
50,2017,8,2017-08-01,1159
51,2017,8,2017-08-01,4578
52,2017,8,2017-08-01,1109
53,2017,8,2017-08-01,118
11,2017,9,2017-09-01,4568
12,2017,9,2017-09-01,3100
13,2017,9,2017-09-01,3185
14,2017,9,2017-09-01,40
15,2017,9,2017-09-01,15735
16,2017,9,2017-09-01,88
17,2017,9,2017-09-01,6625
21,2017,9,2017-09-01,9243
22,2017,9,2017-09-01,2192
23,2017,9,2017-09-01,336
24,2017,9,2017-09-01,28
25,2017,9,2017-09-01,22
26,2017,9,2017-09-01,54
27,2017,9,2017-09-01,4
28,2017,9,2017-09-01,0
29,2017,9,2017-09-01,1146
31,2017,9,2017-09-01,3084
32,2017,9,2017-09-01,31
33,2017,9,2017-09-01,439
35,2017,9,2017-09-01,1930
41,2017,9,2017-09-01,1120
42,2017,9,2017-09-01,491
43,2017,9,2017-09-01,278
50,2017,9,2017-09-01,2084
51,2017,9,2017-09-01,14840
52,2017,9,2017-09-01,2155
53,2017,9,2017-09-01,77
11,2017,10,2017-10-01,1726
12,2017,10,2017-10-01,1350
13,2017,10,2017-10-01,1190
14,2017,10,2017-10-01,150
15,2017,10,2017-10-01,6146
16,2017,10,2017-10-01,440
17,2017,10,2017-10-01,2255
21,2017,10,2017-10-01,4538
22,2017,10,2017-10-01,2342
23,2017,10,2017-10-01,793
24,2017,10,2017-10-01,84
25,2017,10,2017-10-01,102
26,2017,10,2017-10-01,216
27,2017,10,2017-10-01,12
28,2017,10,2017-10-01,0
29,2017,10,2017-10-01,3144
31,2017,10,2017-10-01,2336
32,2017,10,2017-10-01,46
33,2017,10,2017-10-01,182
35,2017,10,2017-10-01,134
41,2017,10,2017-10-01,108
42,2017,10,2017-10-01,40
43,2017,10,2017-10-01,85
50,2017,10,2017-10-01,541
51,2017,10,2017-10-01,3738
52,2017,10,2017-10-01,1858
53,2017,10,2017-10-01,51
11,2017,11,2017-11-01,423
12,2017,11,2017-11-01,102
13,2017,11,2017-11-01,486
14,2017,11,2017-11-01,421
15,2017,11,2017-11-01,9639
16,2017,11,2017-11-01,972
17,2017,11,2017-11-01,496
21,2017,11,2017-11-01,2706
22,2017,11,2017-11-01,552
23,2017,11,2017-11-01,953
24,2017,11,2017-11-01,103
25,2017,11,2017-11-01,114
26,2017,11,2017-11-01,91
27,2017,11,2017-11-01,11
28,2017,11,2017-11-01,1
29,2017,11,2017-11-01,222
31,2017,11,2017-11-01,145
32,2017,11,2017-11-01,12
33,2017,11,2017-11-01,39
35,2017,11,2017-11-01,35
41,2017,11,2017-11-01,319
42,2017,11,2017-11-01,164
43,2017,11,2017-11-01,139
50,2017,11,2017-11-01,136
51,2017,11,2017-11-01,928
52,2017,11,2017-11-01,125
53,2017,11,2017-11-01,0
11,2017,12,2017-12-01,58
12,2017,12,2017-12-01,10
13,2017,12,2017-12-01,247
14,2017,12,2017-12-01,329
15,2017,12,2017-12-01,4879
16,2017,12,2017-12-01,406
17,2017,12,2017-12-01,81
21,2017,12,2017-12-01,2970
22,2017,12,2017-12-01,465
23,2017,12,2017-12-01,1171
24,2017,12,2017-12-01,66
25,2017,12,2017-12-01,85
26,2017,12,2017-12-01,73
27,2017,12,2017-12-01,20
28,2017,12,2017-12-01,8
29,2017,12,2017-12-01,66
31,2017,12,2017-12-01,61
32,2017,12,2017-12-01,0
33,2017,12,2017-12-01,4
35,2017,12,2017-12-01,34
41,2017,12,2017-12-01,98
42,2017,12,2017-12-01,69
43,2017,12,2017-12-01,82
50,2017,12,2017-12-01,80
51,2017,12,2017-12-01,249
52,2017,12,2017-12-01,43
53,2017,12,2017-12-01,0
11,2018,1,2018-01-01,15
12,2018,1,2018-01-01,0
13,2018,1,2018-01-01,46
14,2018,1,2018-01-01,480
15,2018,1,2018-01-01,536
16,2018,1,2018-01-01,14
17,2018,1,2018-01-01,97
21,2018,1,2018-01-01,281
22,2018,1,2018-01-01,84
23,2018,1,2018-01-01,166
24,2018,1,2018-01-01,23
25,2018,1,2018-01-01,42
26,2018,1,2018-01-01,35
27,2018,1,2018-01-01,17
28,2018,1,2018-01-01,14
29,2018,1,2018-01-01,102
31,2018,1,2018-01-01,62
32,2018,1,2018-01-01,6
33,2018,1,2018-01-01,4
35,2018,1,2018-01-01,41
41,2018,1,2018-01-01,16
42,2018,1,2018-01-01,9
43,2018,1,2018-01-01,45
50,2018,1,2018-01-01,47
51,2018,1,2018-01-01,317
52,2018,1,2018-01-01,54
53,2018,1,2018-01-01,0
11,2018,2,2018-02-01,7
12,2018,2,2018-02-01,2
13,2018,2,2018-02-01,93
14,2018,2,2018-02-01,558
15,2018,2,2018-02-01,36
16,2018,2,2018-02-01,1
17,2018,2,2018-02-01,16
21,2018,2,2018-02-01,15
22,2018,2,2018-02-01,8
23,2018,2,2018-02-01,6
24,2018,2,2018-02-01,6
25,2018,2,2018-02-01,3
26,2018,2,2018-02-01,7
27,2018,2,2018-02-01,16
28,2018,2,2018-02-01,18
29,2018,2,2018-02-01,45
31,2018,2,2018-02-01,60
32,2018,2,2018-02-01,1
33,2018,2,2018-02-01,0
35,2018,2,2018-02-01,26
41,2018,2,2018-02-01,75
42,2018,2,2018-02-01,48
43,2018,2,2018-02-01,72
50,2018,2,2018-02-01,50
51,2018,2,2018-02-01,266
52,2018,2,2018-02-01,41
53,2018,2,2018-02-01,0
11,2018,3,2018-03-01,28
12,2018,3,2018-03-01,1
13,2018,3,2018-03-01,54
14,2018,3,2018-03-01,727
15,2018,3,2018-03-01,51
16,2018,3,2018-03-01,0
17,2018,3,2018-03-01,64
21,2018,3,2018-03-01,93
22,2018,3,2018-03-01,43
23,2018,3,2018-03-01,8
24,2018,3,2018-03-01,12
25,2018,3,2018-03-01,3
26,2018,3,2018-03-01,8
27,2018,3,2018-03-01,13
28,2018,3,2018-03-01,22
29,2018,3,2018-03-01,126
31,2018,3,2018-03-01,107
32,2018,3,2018-03-01,9
33,2018,3,2018-03-01,5
35,2018,3,2018-03-01,124
41,2018,3,2018-03-01,21
42,2018,3,2018-03-01,22
43,2018,3,2018-03-01,74
50,2018,3,2018-03-01,163
51,2018,3,2018-03-01,766
52,2018,3,2018-03-01,113
53,2018,3,2018-03-01,0
11,2018,4,2018-04-01,7
12,2018,4,2018-04-01,5
13,2018,4,2018-04-01,14
14,2018,4,2018-04-01,191
15,2018,4,2018-04-01,13
16,2018,4,2018-04-01,1
17,2018,4,2018-04-01,127
21,2018,4,2018-04-01,50
22,2018,4,2018-04-01,11
23,2018,4,2018-04-01,1
24,2018,4,2018-04-01,3
25,2018,4,2018-04-01,4
26,2018,4,2018-04-01,5
27,2018,4,2018-04-01,2
28,2018,4,2018-04-01,13
29,2018,4,2018-04-01,71
31,2018,4,2018-04-01,56
32,2018,4,2018-04-01,7
33,2018,4,2018-04-01,2
35,2018,4,2018-04-01,85
41,2018,4,2018-04-01,158
42,2018,4,2018-04-01,150
43,2018,4,2018-04-01,86
50,2018,4,2018-04-01,94
51,2018,4,2018-04-01,426
52,2018,4,2018-04-01,74
53,2018,4,2018-04-01,0
11,2018,5,2018-05-01,41
12,2018,5,2018-05-01,14
13,2018,5,2018-05-01,19
14,2018,5,2018-05-01,10
15,2018,5,2018-05-01,78
16,2018,5,2018-05-01,1
17,2018,5,2018-05-01,599
21,2018,5,2018-05-01,203
22,2018,5,2018-05-01,118
23,2018,5,2018-05-01,2
24,2018,5,2018-05-01,1
25,2018,5,2018-05-01,1
26,2018,5,2018-05-01,2
27,2018,5,2018-05-01,0
28,2018,5,2018-05-01,1
29,2018,5,2018-05-01,101
31,2018,5,2018-05-01,153
32,2018,5,2018-05-01,4
33,2018,5,2018-05-01,7
35,2018,5,2018-05-01,317
41,2018,5,2018-05-01,241
42,2018,5,2018-05-01,77
43,2018,5,2018-05-01,108
50,2018,5,2018-05-01,100
51,2018,5,2018-05-01,985
52,2018,5,2018-05-01,181
53,2018,5,2018-05-01,2
11,2018,6,2018-06-01,148
12,2018,6,2018-06-01,41
13,2018,6,2018-06-01,123
14,2018,6,2018-06-01,5
15,2018,6,2018-06-01,454
16,2018,6,2018-06-01,3
17,2018,6,2018-06-01,914
21,2018,6,2018-06-01,738
22,2018,6,2018-06-01,382
23,2018,6,2018-06-01,17
24,2018,6,2018-06-01,6
25,2018,6,2018-06-01,1
26,2018,6,2018-06-01,13
27,2018,6,2018-06-01,6
28,2018,6,2018-06-01,2
29,2018,6,2018-06-01,190
31,2018,6,2018-06-01,201
32,2018,6,2018-06-01,12
33,2018,6,2018-06-01,32
35,2018,6,2018-06-01,292
41,2018,6,2018-06-01,158
42,2018,6,2018-06-01,52
43,2018,6,2018-06-01,62
50,2018,6,2018-06-01,131
51,2018,6,2018-06-01,1623
52,2018,6,2018-06-01,183
53,2018,6,2018-06-01,1
11,2018,7,2018-07-01,769
12,2018,7,2018-07-01,381
13,2018,7,2018-07-01,1346
14,2018,7,2018-07-01,4
15,2018,7,2018-07-01,929
16,2018,7,2018-07-01,4
17,2018,7,2018-07-01,1321
21,2018,7,2018-07-01,1457
22,2018,7,2018-07-01,1067
23,2018,7,2018-07-01,29
24,2018,7,2018-07-01,8
25,2018,7,2018-07-01,3
26,2018,7,2018-07-01,6
27,2018,7,2018-07-01,0
28,2018,7,2018-07-01,2
29,2018,7,2018-07-01,281
31,2018,7,2018-07-01,557
32,2018,7,2018-07-01,41
33,2018,7,2018-07-01,74
35,2018,7,2018-07-01,1070
41,2018,7,2018-07-01,481
42,2018,7,2018-07-01,161
43,2018,7,2018-07-01,78
50,2018,7,2018-07-01,333
51,2018,7,2018-07-01,1816
52,2018,7,2018-07-01,405
53,2018,7,2018-07-01,29
11,2018,8,2018-08-01,1975
12,2018,8,2018-08-01,1368
13,2018,8,2018-08-01,2589
14,2018,8,2018-08-01,7
15,2018,8,2018-08-01,2782
16,2018,8,2018-08-01,38
17,2018,8,2018-08-01,1361
21,2018,8,2018-08-01,2833
22,2018,8,2018-08-01,2479
23,2018,8,2018-08-01,202
24,2018,8,2018-08-01,47
25,2018,8,2018-08-01,45
26,2018,8,2018-08-01,35
27,2018,8,2018-08-01,12
28,2018,8,2018-08-01,5
29,2018,8,2018-08-01,477
31,2018,8,2018-08-01,553
32,2018,8,2018-08-01,9
33,2018,8,2018-08-01,29
35,2018,8,2018-08-01,350
41,2018,8,2018-08-01,672
42,2018,8,2018-08-01,574
43,2018,8,2018-08-01,707
50,2018,8,2018-08-01,442
51,2018,8,2018-08-01,2650
52,2018,8,2018-08-01,518
53,2018,8,2018-08-01,15
11,2018,9,2018-09-01,6034
12,2018,9,2018-09-01,4379
13,2018,9,2018-09-01,4928
14,2018,9,2018-09-01,17
15,2018,9,2018-09-01,4892
16,2018,9,2018-09-01,123
17,2018,9,2018-09-01,1796
21,2018,9,2018-09-01,3177
22,2018,9,2018-09-01,2678
23,2018,9,2018-09-01,429
24,2018,9,2018-09-01,71
25,2018,9,2018-09-01,70
26,2018,9,2018-09-01,95
27,2018,9,2018-09-01,7
28,2018,9,2018-09-01,2
29,2018,9,2018-09-01,1930
31,2018,9,2018-09-01,1860
32,2018,9,2018-09-01,51
33,2018,9,2018-09-01,65
35,2018,9,2018-09-01,598
41,2018,9,2018-09-01,310
42,2018,9,2018-09-01,126
43,2018,9,2018-09-01,222
50,2018,9,2018-09-01,642
51,2018,9,2018-09-01,6638
52,2018,9,2018-09-01,1070
53,2018,9,2018-09-01,41
11,2018,10,2018-10-01,986
12,2018,10,2018-10-01,407
13,2018,10,2018-10-01,1725
14,2018,10,2018-10-01,141
15,2018,10,2018-10-01,5028
16,2018,10,2018-10-01,571
17,2018,10,2018-10-01,1371
21,2018,10,2018-10-01,1832
22,2018,10,2018-10-01,1641
23,2018,10,2018-10-01,591
24,2018,10,2018-10-01,87
25,2018,10,2018-10-01,209
26,2018,10,2018-10-01,215
27,2018,10,2018-10-01,52
28,2018,10,2018-10-01,16
29,2018,10,2018-10-01,1345
31,2018,10,2018-10-01,840
32,2018,10,2018-10-01,36
33,2018,10,2018-10-01,13
35,2018,10,2018-10-01,27
41,2018,10,2018-10-01,112
42,2018,10,2018-10-01,74
43,2018,10,2018-10-01,69
50,2018,10,2018-10-01,124
51,2018,10,2018-10-01,1711
52,2018,10,2018-10-01,345
53,2018,10,2018-10-01,0
11,2018,11,2018-11-01,198
12,2018,11,2018-11-01,26
13,2018,11,2018-11-01,472
14,2018,11,2018-11-01,120
15,2018,11,2018-11-01,6276
16,2018,11,2018-11-01,450
17,2018,11,2018-11-01,201
21,2018,11,2018-11-01,2309
22,2018,11,2018-11-01,591
23,2018,11,2018-11-01,860
24,2018,11,2018-11-01,128
25,2018,11,2018-11-01,185
26,2018,11,2018-11-01,186
27,2018,11,2018-11-01,41
28,2018,11,2018-11-01,16
29,2018,11,2018-11-01,169
31,2018,11,2018-11-01,86
32,2018,11,2018-11-01,11
33,2018,11,2018-11-01,2
35,2018,11,2018-11-01,16
41,2018,11,2018-11-01,116
42,2018,11,2018-11-01,53
43,2018,11,2018-11-01,47
50,2018,11,2018-11-01,56
51,2018,11,2018-11-01,363
52,2018,11,2018-11-01,36
53,2018,11,2018-11-01,0
11,2018,12,2018-12-01,47
12,2018,12,2018-12-01,2
13,2018,12,2018-12-01,37
14,2018,12,2018-12-01,123
15,2018,12,2018-12-01,1005
16,2018,12,2018-12-01,0
17,2018,12,2018-12-01,166
21,2018,12,2018-12-01,904
22,2018,12,2018-12-01,329
23,2018,12,2018-12-01,723
24,2018,12,2018-12-01,64
25,2018,12,2018-12-01,193
26,2018,12,2018-12-01,115
27,2018,12,2018-12-01,35
28,2018,12,2018-12-01,29
29,2018,12,2018-12-01,119
31,2018,12,2018-12-01,92
32,2018,12,2018-12-01,18
33,2018,12,2018-12-01,13
35,2018,12,2018-12-01,73
41,2018,12,2018-12-01,151
42,2018,12,2018-12-01,71
43,2018,12,2018-12-01,45
50,2018,12,2018-12-01,198
51,2018,12,2018-12-01,471
52,2018,12,2018-12-01,90
53,2018,12,2018-12-01,0
11,2019,1,2019-01-01,33
12,2019,1,2019-01-01,1
13,2019,1,2019-01-01,35
14,2019,1,2019-01-01,383
15,2019,1,2019-01-01,355
16,2019,1,2019-01-01,4
17,2019,1,2019-01-01,84
21,2019,1,2019-01-01,712
22,2019,1,2019-01-01,115
23,2019,1,2019-01-01,194
24,2019,1,2019-01-01,20
25,2019,1,2019-01-01,42
26,2019,1,2019-01-01,67
27,2019,1,2019-01-01,32
28,2019,1,2019-01-01,31
29,2019,1,2019-01-01,212
31,2019,1,2019-01-01,142
32,2019,1,2019-01-01,25
33,2019,1,2019-01-01,36
35,2019,1,2019-01-01,90
41,2019,1,2019-01-01,92
42,2019,1,2019-01-01,41
43,2019,1,2019-01-01,33
50,2019,1,2019-01-01,542
51,2019,1,2019-01-01,576
52,2019,1,2019-01-01,129
53,2019,1,2019-01-01,4
11,2019,2,2019-02-01,22
12,2019,2,2019-02-01,1
13,2019,2,2019-02-01,90
14,2019,2,2019-02-01,629
15,2019,2,2019-02-01,80
16,2019,2,2019-02-01,0
17,2019,2,2019-02-01,78
21,2019,2,2019-02-01,74
22,2019,2,2019-02-01,35
23,2019,2,2019-02-01,12
24,2019,2,2019-02-01,5
25,2019,2,2019-02-01,7
26,2019,2,2019-02-01,9
27,2019,2,2019-02-01,9
28,2019,2,2019-02-01,13
29,2019,2,2019-02-01,432
31,2019,2,2019-02-01,111
32,2019,2,2019-02-01,32
33,2019,2,2019-02-01,21
35,2019,2,2019-02-01,35
41,2019,2,2019-02-01,24
42,2019,2,2019-02-01,10
43,2019,2,2019-02-01,48
50,2019,2,2019-02-01,290
51,2019,2,2019-02-01,709
52,2019,2,2019-02-01,88
53,2019,2,2019-02-01,1
11,2019,3,2019-03-01,28
12,2019,3,2019-03-01,2
13,2019,3,2019-03-01,114
14,2019,3,2019-03-01,2433
15,2019,3,2019-03-01,46
16,2019,3,2019-03-01,0
17,2019,3,2019-03-01,82
21,2019,3,2019-03-01,57
22,2019,3,2019-03-01,46
23,2019,3,2019-03-01,3
24,2019,3,2019-03-01,2
25,2019,3,2019-03-01,4
26,2019,3,2019-03-01,15
27,2019,3,2019-03-01,11
28,2019,3,2019-03-01,12
29,2019,3,2019-03-01,475
31,2019,3,2019-03-01,127
32,2019,3,2019-03-01,22
33,2019,3,2019-03-01,3
35,2019,3,2019-03-01,85
41,2019,3,2019-03-01,45
42,2019,3,2019-03-01,22
43,2019,3,2019-03-01,94
50,2019,3,2019-03-01,159
51,2019,3,2019-03-01,1188
52,2019,3,2019-03-01,138
53,2019,3,2019-03-01,0
11,2019,4,2019-04-01,26
12,2019,4,2019-04-01,6
13,2019,4,2019-04-01,10
14,2019,4,2019-04-01,1134
15,2019,4,2019-04-01,38
16,2019,4,2019-04-01,0
17,2019,4,2019-04-01,209
21,2019,4,2019-04-01,63
22,2019,4,2019-04-01,25
23,2019,4,2019-04-01,1
24,2019,4,2019-04-01,1
25,2019,4,2019-04-01,0
26,2019,4,2019-04-01,11
27,2019,4,2019-04-01,5
28,2019,4,2019-04-01,2
29,2019,4,2019-04-01,141
31,2019,4,2019-04-01,85
32,2019,4,2019-04-01,21
33,2019,4,2019-04-01,0
35,2019,4,2019-04-01,78
41,2019,4,2019-04-01,59
42,2019,4,2019-04-01,12
43,2019,4,2019-04-01,54
50,2019,4,2019-04-01,70
51,2019,4,2019-04-01,708
52,2019,4,2019-04-01,83
53,2019,4,2019-04-01,0
11,2019,5,2019-05-01,50
12,2019,5,2019-05-01,33
13,2019,5,2019-05-01,21
14,2019,5,2019-05-01,21
15,2019,5,2019-05-01,80
16,2019,5,2019-05-01,0
17,2019,5,2019-05-01,690
21,2019,5,2019-05-01,139
22,2019,5,2019-05-01,67
23,2019,5,2019-05-01,3
24,2019,5,2019-05-01,0
25,2019,5,2019-05-01,3
26,2019,5,2019-05-01,12
27,2019,5,2019-05-01,5
28,2019,5,2019-05-01,4
29,2019,5,2019-05-01,142
31,2019,5,2019-05-01,143
32,2019,5,2019-05-01,10
33,2019,5,2019-05-01,18
35,2019,5,2019-05-01,81
41,2019,5,2019-05-01,47
42,2019,5,2019-05-01,3
43,2019,5,2019-05-01,26
50,2019,5,2019-05-01,113
51,2019,5,2019-05-01,1118
52,2019,5,2019-05-01,134
53,2019,5,2019-05-01,0
11,2019,6,2019-06-01,170
12,2019,6,2019-06-01,60
13,2019,6,2019-06-01,57
14,2019,6,2019-06-01,2
15,2019,6,2019-06-01,315
16,2019,6,2019-06-01,0
17,2019,6,2019-06-01,1406
21,2019,6,2019-06-01,749
22,2019,6,2019-06-01,340
23,2019,6,2019-06-01,9
24,2019,6,2019-06-01,1
25,2019,6,2019-06-01,2
26,2019,6,2019-06-01,5
27,2019,6,2019-06-01,3
28,2019,6,2019-06-01,0
29,2019,6,2019-06-01,186
31,2019,6,2019-06-01,322
32,2019,6,2019-06-01,19
33,2019,6,2019-06-01,47
35,2019,6,2019-06-01,290
41,2019,6,2019-06-01,266
42,2019,6,2019-06-01,104
43,2019,6,2019-06-01,134
50,2019,6,2019-06-01,397
51,2019,6,2019-06-01,2151
52,2019,6,2019-06-01,217
53,2019,6,2019-06-01,6
11,2019,7,2019-07-01,780
12,2019,7,2019-07-01,272
13,2019,7,2019-07-01,1371
14,2019,7,2019-07-01,4
15,2019,7,2019-07-01,1443
16,2019,7,2019-07-01,4
17,2019,7,2019-07-01,1598
21,2019,7,2019-07-01,1078
22,2019,7,2019-07-01,561
23,2019,7,2019-07-01,18
24,2019,7,2019-07-01,4
25,2019,7,2019-07-01,4
26,2019,7,2019-07-01,5
27,2019,7,2019-07-01,2
28,2019,7,2019-07-01,0
29,2019,7,2019-07-01,337
31,2019,7,2019-07-01,808
32,2019,7,2019-07-01,78
33,2019,7,2019-07-01,141
35,2019,7,2019-07-01,393
41,2019,7,2019-07-01,418
42,2019,7,2019-07-01,189
43,2019,7,2019-07-01,379
50,2019,7,2019-07-01,748
51,2019,7,2019-07-01,2326
52,2019,7,2019-07-01,403
53,2019,7,2019-07-01,30
11,2019,8,2019-08-01,5593
12,2019,8,2019-08-01,3051
13,2019,8,2019-08-01,6668
14,2019,8,2019-08-01,5
15,2019,8,2019-08-01,10185
16,2019,8,2019-08-01,21
17,2019,8,2019-08-01,2916
21,2019,8,2019-08-01,3366
22,2019,8,2019-08-01,2117
23,2019,8,2019-08-01,138
24,2019,8,2019-08-01,52
25,2019,8,2019-08-01,41
26,2019,8,2019-08-01,14
27,2019,8,2019-08-01,6
28,2019,8,2019-08-01,0
29,2019,8,2019-08-01,542
31,2019,8,2019-08-01,1369
32,2019,8,2019-08-01,35
33,2019,8,2019-08-01,157
35,2019,8,2019-08-01,742
41,2019,8,2019-08-01,1144
42,2019,8,2019-08-01,939
43,2019,8,2019-08-01,1647
50,2019,8,2019-08-01,2430
51,2019,8,2019-08-01,8030
52,2019,8,2019-08-01,698
53,2019,8,2019-08-01,29
11,2019,9,2019-09-01,3644
12,2019,9,2019-09-01,2977
13,2019,9,2019-09-01,3026
14,2019,9,2019-09-01,26
15,2019,9,2019-09-01,4618
16,2019,9,2019-09-01,138
17,2019,9,2019-09-01,4505
21,2019,9,2019-09-01,3667
22,2019,9,2019-09-01,3137
23,2019,9,2019-09-01,460
24,2019,9,2019-09-01,81
25,2019,9,2019-09-01,139
26,2019,9,2019-09-01,76
27,2019,9,2019-09-01,12
28,2019,9,2019-09-01,0
29,2019,9,2019-09-01,1896
31,2019,9,2019-09-01,3833
32,2019,9,2019-09-01,171
33,2019,9,2019-09-01,208
35,2019,9,2019-09-01,872
41,2019,9,2019-09-01,731
42,2019,9,2019-09-01,272
43,2019,9,2019-09-01,523
50,2019,9,2019-09-01,3210
51,2019,9,2019-09-01,10747
52,2019,9,2019-09-01,4149
53,2019,9,2019-09-01,116
11,2019,10,2019-10-01,556
12,2019,10,2019-10-01,354
13,2019,10,2019-10-01,548
14,2019,10,2019-10-01,53
15,2019,10,2019-10-01,3870
16,2019,10,2019-10-01,540
17,2019,10,2019-10-01,1462
21,2019,10,2019-10-01,3645
22,2019,10,2019-10-01,2671
23,2019,10,2019-10-01,1373
24,2019,10,2019-10-01,235
25,2019,10,2019-10-01,332
26,2019,10,2019-10-01,204
27,2019,10,2019-10-01,20
28,2019,10,2019-10-01,1
29,2019,10,2019-10-01,1783
31,2019,10,2019-10-01,2049
32,2019,10,2019-10-01,73
33,2019,10,2019-10-01,70
35,2019,10,2019-10-01,308
41,2019,10,2019-10-01,310
42,2019,10,2019-10-01,68
43,2019,10,2019-10-01,104
50,2019,10,2019-10-01,2310
51,2019,10,2019-10-01,1774
52,2019,10,2019-10-01,873
53,2019,10,2019-10-01,27
11,2019,11,2019-11-01,263
12,2019,11,2019-11-01,44
13,2019,11,2019-11-01,573
14,2019,11,2019-11-01,58
15,2019,11,2019-11-01,7390
16,2019,11,2019-11-01,503
17,2019,11,2019-11-01,376
21,2019,11,2019-11-01,3158
22,2019,11,2019-11-01,1211
23,2019,11,2019-11-01,1324
24,2019,11,2019-11-01,230
25,2019,11,2019-11-01,351
26,2019,11,2019-11-01,246
27,2019,11,2019-11-01,60
28,2019,11,2019-11-01,2
29,2019,11,2019-11-01,924
31,2019,11,2019-11-01,892
32,2019,11,2019-11-01,123
33,2019,11,2019-11-01,5
35,2019,11,2019-11-01,60
41,2019,11,2019-11-01,97
42,2019,11,2019-11-01,63
43,2019,11,2019-11-01,53
50,2019,11,2019-11-01,1243
51,2019,11,2019-11-01,1176
52,2019,11,2019-11-01,160
53,2019,11,2019-11-01,0
11,2019,12,2019-12-01,65
12,2019,12,2019-12-01,1
13,2019,12,2019-12-01,163
14,2019,12,2019-12-01,36
15,2019,12,2019-12-01,1745
16,2019,12,2019-12-01,67
17,2019,12,2019-12-01,219
21,2019,12,2019-12-01,1813
22,2019,12,2019-12-01,569
23,2019,12,2019-12-01,769
24,2019,12,2019-12-01,99
25,2019,12,2019-12-01,259
26,2019,12,2019-12-01,176
27,2019,12,2019-12-01,67
28,2019,12,2019-12-01,16
29,2019,12,2019-12-01,301
31,2019,12,2019-12-01,118
32,2019,12,2019-12-01,13
33,2019,12,2019-12-01,6
35,2019,12,2019-12-01,40
41,2019,12,2019-12-01,81
42,2019,12,2019-12-01,81
43,2019,12,2019-12-01,101
50,2019,12,2019-12-01,141
51,2019,12,2019-12-01,666
52,2019,12,2019-12-01,88
53,2019,12,2019-12-01,0
11,2020,1,2020-01-01,56
12,2020,1,2020-01-01,16
13,2020,1,2020-01-01,197
14,2020,1,2020-01-01,297
15,2020,1,2020-01-01,225
16,2020,1,2020-01-01,2
17,2020,1,2020-01-01,75
21,2020,1,2020-01-01,86
22,2020,1,2020-01-01,47
23,2020,1,2020-01-01,94
24,2020,1,2020-01-01,37
25,2020,1,2020-01-01,63
26,2020,1,2020-01-01,105
27,2020,1,2020-01-01,45
28,2020,1,2020-01-01,29
29,2020,1,2020-01-01,164
31,2020,1,2020-01-01,80
32,2020,1,2020-01-01,10
33,2020,1,2020-01-01,7
35,2020,1,2020-01-01,69
41,2020,1,2020-01-01,39
42,2020,1,2020-01-01,35
43,2020,1,2020-01-01,32
50,2020,1,2020-01-01,226
51,2020,1,2020-01-01,768
52,2020,1,2020-01-01,60
53,2020,1,2020-01-01,2
11,2020,2,2020-02-01,39
12,2020,2,2020-02-01,0
13,2020,2,2020-02-01,73
14,2020,2,2020-02-01,483
15,2020,2,2020-02-01,64
16,2020,2,2020-02-01,1
17,2020,2,2020-02-01,77
21,2020,2,2020-02-01,72
22,2020,2,2020-02-01,38
23,2020,2,2020-02-01,8
24,2020,2,2020-02-01,5
25,2020,2,2020-02-01,16
26,2020,2,2020-02-01,36
27,2020,2,2020-02-01,21
28,2020,2,2020-02-01,9
29,2020,2,2020-02-01,153
31,2020,2,2020-02-01,114
32,2020,2,2020-02-01,11
33,2020,2,2020-02-01,10
35,2020,2,2020-02-01,103
41,2020,2,2020-02-01,49
42,2020,2,2020-02-01,36
43,2020,2,2020-02-01,89
50,2020,2,2020-02-01,250
51,2020,2,2020-02-01,806
52,2020,2,2020-02-01,92
53,2020,2,2020-02-01,2
11,2020,3,2020-03-01,38
12,2020,3,2020-03-01,1
13,2020,3,2020-03-01,77
14,2020,3,2020-03-01,695
15,2020,3,2020-03-01,63
16,2020,3,2020-03-01,1
17,2020,3,2020-03-01,111
21,2020,3,2020-03-01,39
22,2020,3,2020-03-01,28
23,2020,3,2020-03-01,2
24,2020,3,2020-03-01,3
25,2020,3,2020-03-01,3
26,2020,3,2020-03-01,14
27,2020,3,2020-03-01,12
28,2020,3,2020-03-01,5
29,2020,3,2020-03-01,92
31,2020,3,2020-03-01,82
32,2020,3,2020-03-01,6
33,2020,3,2020-03-01,6
35,2020,3,2020-03-01,127
41,2020,3,2020-03-01,147
42,2020,3,2020-03-01,132
43,2020,3,2020-03-01,227
50,2020,3,2020-03-01,575
51,2020,3,2020-03-01,1270
52,2020,3,2020-03-01,124
53,2020,3,2020-03-01,0
11,2020,4,2020-04-01,33
12,2020,4,2020-04-01,4
13,2020,4,2020-04-01,12
14,2020,4,2020-04-01,165
15,2020,4,2020-04-01,38
16,2020,4,2020-04-01,0
17,2020,4,2020-04-01,221
21,2020,4,2020-04-01,93
22,2020,4,2020-04-01,35
23,2020,4,2020-04-01,0
24,2020,4,2020-04-01,2
25,2020,4,2020-04-01,1
26,2020,4,2020-04-01,11
27,2020,4,2020-04-01,5
28,2020,4,2020-04-01,6
29,2020,4,2020-04-01,98
31,2020,4,2020-04-01,83
32,2020,4,2020-04-01,8
33,2020,4,2020-04-01,10
35,2020,4,2020-04-01,252
41,2020,4,2020-04-01,309
42,2020,4,2020-04-01,308
43,2020,4,2020-04-01,457
50,2020,4,2020-04-01,813
51,2020,4,2020-04-01,992
52,2020,4,2020-04-01,156
53,2020,4,2020-04-01,5
11,2020,5,2020-05-01,58
12,2020,5,2020-05-01,39
13,2020,5,2020-05-01,15
14,2020,5,2020-05-01,11
15,2020,5,2020-05-01,88
16,2020,5,2020-05-01,0
17,2020,5,2020-05-01,446
21,2020,5,2020-05-01,231
22,2020,5,2020-05-01,54
23,2020,5,2020-05-01,3
24,2020,5,2020-05-01,0
25,2020,5,2020-05-01,0
26,2020,5,2020-05-01,2
27,2020,5,2020-05-01,1
28,2020,5,2020-05-01,5
29,2020,5,2020-05-01,95
31,2020,5,2020-05-01,166
32,2020,5,2020-05-01,11
33,2020,5,2020-05-01,26
35,2020,5,2020-05-01,262
41,2020,5,2020-05-01,319
42,2020,5,2020-05-01,286
43,2020,5,2020-05-01,423
50,2020,5,2020-05-01,355
51,2020,5,2020-05-01,951
52,2020,5,2020-05-01,150
53,2020,5,2020-05-01,5
11,2020,6,2020-06-01,138
12,2020,6,2020-06-01,71
13,2020,6,2020-06-01,122
14,2020,6,2020-06-01,4
15,2020,6,2020-06-01,491
16,2020,6,2020-06-01,3
17,2020,6,2020-06-01,1188
21,2020,6,2020-06-01,757
22,2020,6,2020-06-01,148
23,2020,6,2020-06-01,12
24,2020,6,2020-06-01,1
25,2020,6,2020-06-01,4
26,2020,6,2020-06-01,10
27,2020,6,2020-06-01,0
28,2020,6,2020-06-01,0
29,2020,6,2020-06-01,244
31,2020,6,2020-06-01,272
32,2020,6,2020-06-01,51
33,2020,6,2020-06-01,40
35,2020,6,2020-06-01,262
41,2020,6,2020-06-01,238
42,2020,6,2020-06-01,102
43,2020,6,2020-06-01,158
50,2020,6,2020-06-01,508
51,2020,6,2020-06-01,1960
52,2020,6,2020-06-01,314
53,2020,6,2020-06-01,11
11,2020,7,2020-07-01,428
12,2020,7,2020-07-01,335
13,2020,7,2020-07-01,2119
14,2020,7,2020-07-01,9
15,2020,7,2020-07-01,2687
16,2020,7,2020-07-01,2
17,2020,7,2020-07-01,1361
21,2020,7,2020-07-01,1871
22,2020,7,2020-07-01,511
23,2020,7,2020-07-01,63
24,2020,7,2020-07-01,7
25,2020,7,2020-07-01,5
26,2020,7,2020-07-01,16
27,2020,7,2020-07-01,3
28,2020,7,2020-07-01,0
29,2020,7,2020-07-01,341
31,2020,7,2020-07-01,536
32,2020,7,2020-07-01,34
33,2020,7,2020-07-01,130
35,2020,7,2020-07-01,558
41,2020,7,2020-07-01,337
42,2020,7,2020-07-01,89
43,2020,7,2020-07-01,201
50,2020,7,2020-07-01,1305
51,2020,7,2020-07-01,2429
52,2020,7,2020-07-01,402
53,2020,7,2020-07-01,25
11,2020,8,2020-08-01,3087
12,2020,8,2020-08-01,3578
13,2020,8,2020-08-01,8030
14,2020,8,2020-08-01,14
15,2020,8,2020-08-01,10865
16,2020,8,2020-08-01,16
17,2020,8,2020-08-01,1714
21,2020,8,2020-08-01,2162
22,2020,8,2020-08-01,919
23,2020,8,2020-08-01,209
24,2020,8,2020-08-01,30
25,2020,8,2020-08-01,50
26,2020,8,2020-08-01,18
27,2020,8,2020-08-01,5
28,2020,8,2020-08-01,1
29,2020,8,2020-08-01,437
31,2020,8,2020-08-01,1155
32,2020,8,2020-08-01,25
33,2020,8,2020-08-01,162
35,2020,8,2020-08-01,1111
41,2020,8,2020-08-01,801
42,2020,8,2020-08-01,977
43,2020,8,2020-08-01,1404
50,2020,8,2020-08-01,2508
51,2020,8,2020-08-01,10430
52,2020,8,2020-08-01,964
53,2020,8,2020-08-01,22
11,2020,9,2020-09-01,4202
12,2020,9,2020-09-01,3357
13,2020,9,2020-09-01,4270
14,2020,9,2020-09-01,62
15,2020,9,2020-09-01,10876
16,2020,9,2020-09-01,84
17,2020,9,2020-09-01,3977
21,2020,9,2020-09-01,4403
22,2020,9,2020-09-01,2772
23,2020,9,2020-09-01,440
24,2020,9,2020-09-01,106
25,2020,9,2020-09-01,156
26,2020,9,2020-09-01,128
27,2020,9,2020-09-01,4
28,2020,9,2020-09-01,0
29,2020,9,2020-09-01,1918
31,2020,9,2020-09-01,3467
32,2020,9,2020-09-01,131
33,2020,9,2020-09-01,237
35,2020,9,2020-09-01,2254
41,2020,9,2020-09-01,702
42,2020,9,2020-09-01,203
43,2020,9,2020-09-01,263
50,2020,9,2020-09-01,3097
51,2020,9,2020-09-01,20312
52,2020,9,2020-09-01,1825
53,2020,9,2020-09-01,83
11,2020,10,2020-10-01,2413
12,2020,10,2020-10-01,1652
13,2020,10,2020-10-01,1265
14,2020,10,2020-10-01,113
15,2020,10,2020-10-01,8052
16,2020,10,2020-10-01,527
17,2020,10,2020-10-01,2192
21,2020,10,2020-10-01,3394
22,2020,10,2020-10-01,3437
23,2020,10,2020-10-01,913
24,2020,10,2020-10-01,175
25,2020,10,2020-10-01,248
26,2020,10,2020-10-01,270
27,2020,10,2020-10-01,25
28,2020,10,2020-10-01,4
29,2020,10,2020-10-01,3666
31,2020,10,2020-10-01,2404
32,2020,10,2020-10-01,82
33,2020,10,2020-10-01,52
35,2020,10,2020-10-01,995
41,2020,10,2020-10-01,352
42,2020,10,2020-10-01,172
43,2020,10,2020-10-01,196
50,2020,10,2020-10-01,1949
51,2020,10,2020-10-01,5259
52,2020,10,2020-10-01,1622
53,2020,10,2020-10-01,39
11,2020,11,2020-11-01,509
12,2020,11,2020-11-01,129
13,2020,11,2020-11-01,374
14,2020,11,2020-11-01,19
15,2020,11,2020-11-01,2970
16,2020,11,2020-11-01,76
17,2020,11,2020-11-01,520
21,2020,11,2020-11-01,2481
22,2020,11,2020-11-01,880
23,2020,11,2020-11-01,1279
24,2020,11,2020-11-01,143
25,2020,11,2020-11-01,181
26,2020,11,2020-11-01,214
27,2020,11,2020-11-01,10
28,2020,11,2020-11-01,3
29,2020,11,2020-11-01,447
31,2020,11,2020-11-01,281
32,2020,11,2020-11-01,10
33,2020,11,2020-11-01,9
35,2020,11,2020-11-01,115
41,2020,11,2020-11-01,186
42,2020,11,2020-11-01,69
43,2020,11,2020-11-01,110
50,2020,11,2020-11-01,299
51,2020,11,2020-11-01,1919
52,2020,11,2020-11-01,229
53,2020,11,2020-11-01,1
11,2020,12,2020-12-01,144
12,2020,12,2020-12-01,11
13,2020,12,2020-12-01,175
14,2020,12,2020-12-01,58
15,2020,12,2020-12-01,2184
16,2020,12,2020-12-01,38
17,2020,12,2020-12-01,211
21,2020,12,2020-12-01,1228
22,2020,12,2020-12-01,448
23,2020,12,2020-12-01,956
24,2020,12,2020-12-01,155
25,2020,12,2020-12-01,183
26,2020,12,2020-12-01,193
27,2020,12,2020-12-01,28
28,2020,12,2020-12-01,15
29,2020,12,2020-12-01,257
31,2020,12,2020-12-01,97
32,2020,12,2020-12-01,22
33,2020,12,2020-12-01,4
35,2020,12,2020-12-01,15
41,2020,12,2020-12-01,40
42,2020,12,2020-12-01,16
43,2020,12,2020-12-01,52
50,2020,12,2020-12-01,195
51,2020,12,2020-12-01,612
52,2020,12,2020-12-01,70
53,2020,12,2020-12-01,1
11,2021,1,2021-01-01,47
12,2021,1,2021-01-01,5
13,2021,1,2021-01-01,37
14,2021,1,2021-01-01,63
15,2021,1,2021-01-01,248
16,2021,1,2021-01-01,0
17,2021,1,2021-01-01,76
21,2021,1,2021-01-01,228
22,2021,1,2021-01-01,79
23,2021,1,2021-01-01,187
24,2021,1,2021-01-01,63
25,2021,1,2021-01-01,40
26,2021,1,2021-01-01,63
27,2021,1,2021-01-01,21
28,2021,1,2021-01-01,12
29,2021,1,2021-01-01,220
31,2021,1,2021-01-01,96
32,2021,1,2021-01-01,44
33,2021,1,2021-01-01,18
35,2021,1,2021-01-01,29
41,2021,1,2021-01-01,16
42,2021,1,2021-01-01,5
43,2021,1,2021-01-01,54
50,2021,1,2021-01-01,44
51,2021,1,2021-01-01,479
52,2021,1,2021-01-01,63
53,2021,1,2021-01-01,0
11,2021,2,2021-02-01,16
12,2021,2,2021-02-01,0
13,2021,2,2021-02-01,33
14,2021,2,2021-02-01,137
15,2021,2,2021-02-01,272
16,2021,2,2021-02-01,1
17,2021,2,2021-02-01,56
21,2021,2,2021-02-01,128
22,2021,2,2021-02-01,42
23,2021,2,2021-02-01,64
24,2021,2,2021-02-01,39
25,2021,2,2021-02-01,29
26,2021,2,2021-02-01,59
27,2021,2,2021-02-01,37
28,2021,2,2021-02-01,31
29,2021,2,2021-02-01,96
31,2021,2,2021-02-01,40
32,2021,2,2021-02-01,13
33,2021,2,2021-02-01,4
35,2021,2,2021-02-01,72
41,2021,2,2021-02-01,103
42,2021,2,2021-02-01,63
43,2021,2,2021-02-01,49
50,2021,2,2021-02-01,136
51,2021,2,2021-02-01,578
52,2021,2,2021-02-01,89
53,2021,2,2021-02-01,0
11,2021,3,2021-03-01,19
12,2021,3,2021-03-01,3
13,2021,3,2021-03-01,17
14,2021,3,2021-03-01,204
15,2021,3,2021-03-01,34
16,2021,3,2021-03-01,1
17,2021,3,2021-03-01,65
21,2021,3,2021-03-01,62
22,2021,3,2021-03-01,32
23,2021,3,2021-03-01,13
24,2021,3,2021-03-01,16
25,2021,3,2021-03-01,10
26,2021,3,2021-03-01,47
27,2021,3,2021-03-01,34
28,2021,3,2021-03-01,56
29,2021,3,2021-03-01,530
31,2021,3,2021-03-01,230
32,2021,3,2021-03-01,45
33,2021,3,2021-03-01,16
35,2021,3,2021-03-01,98
41,2021,3,2021-03-01,77
42,2021,3,2021-03-01,68
43,2021,3,2021-03-01,91
50,2021,3,2021-03-01,129
51,2021,3,2021-03-01,518
52,2021,3,2021-03-01,86
53,2021,3,2021-03-01,0
11,2021,4,2021-04-01,16
12,2021,4,2021-04-01,7
13,2021,4,2021-04-01,18
14,2021,4,2021-04-01,110
15,2021,4,2021-04-01,55
16,2021,4,2021-04-01,0
17,2021,4,2021-04-01,85
21,2021,4,2021-04-01,96
22,2021,4,2021-04-01,60
23,2021,4,2021-04-01,6
24,2021,4,2021-04-01,10
25,2021,4,2021-04-01,3
26,2021,4,2021-04-01,25
27,2021,4,2021-04-01,24
28,2021,4,2021-04-01,8
29,2021,4,2021-04-01,180
31,2021,4,2021-04-01,150
32,2021,4,2021-04-01,25
33,2021,4,2021-04-01,7
35,2021,4,2021-04-01,69
41,2021,4,2021-04-01,228
42,2021,4,2021-04-01,199
43,2021,4,2021-04-01,229
50,2021,4,2021-04-01,193
51,2021,4,2021-04-01,631
52,2021,4,2021-04-01,110
53,2021,4,2021-04-01,4
11,2021,5,2021-05-01,91
12,2021,5,2021-05-01,30
13,2021,5,2021-05-01,45
14,2021,5,2021-05-01,3
15,2021,5,2021-05-01,190
16,2021,5,2021-05-01,0
17,2021,5,2021-05-01,851
21,2021,5,2021-05-01,471
22,2021,5,2021-05-01,169
23,2021,5,2021-05-01,13
24,2021,5,2021-05-01,7
25,2021,5,2021-05-01,3
26,2021,5,2021-05-01,3
27,2021,5,2021-05-01,1
28,2021,5,2021-05-01,1
29,2021,5,2021-05-01,447
31,2021,5,2021-05-01,382
32,2021,5,2021-05-01,47
33,2021,5,2021-05-01,15
35,2021,5,2021-05-01,140
41,2021,5,2021-05-01,280
42,2021,5,2021-05-01,181
43,2021,5,2021-05-01,290
50,2021,5,2021-05-01,215
51,2021,5,2021-05-01,1149
52,2021,5,2021-05-01,255
53,2021,5,2021-05-01,9
11,2021,6,2021-06-01,131
12,2021,6,2021-06-01,50
13,2021,6,2021-06-01,74
14,2021,6,2021-06-01,11
15,2021,6,2021-06-01,424
16,2021,6,2021-06-01,4
17,2021,6,2021-06-01,1149
21,2021,6,2021-06-01,979
22,2021,6,2021-06-01,473
23,2021,6,2021-06-01,25
24,2021,6,2021-06-01,14
25,2021,6,2021-06-01,11
26,2021,6,2021-06-01,19
27,2021,6,2021-06-01,0
28,2021,6,2021-06-01,2
29,2021,6,2021-06-01,367
31,2021,6,2021-06-01,519
32,2021,6,2021-06-01,26
33,2021,6,2021-06-01,25
35,2021,6,2021-06-01,136
41,2021,6,2021-06-01,106
42,2021,6,2021-06-01,26
43,2021,6,2021-06-01,46
50,2021,6,2021-06-01,257
51,2021,6,2021-06-01,2185
52,2021,6,2021-06-01,401
53,2021,6,2021-06-01,10
11,2021,7,2021-07-01,836
12,2021,7,2021-07-01,433
13,2021,7,2021-07-01,1173
14,2021,7,2021-07-01,5
15,2021,7,2021-07-01,1372
16,2021,7,2021-07-01,5
17,2021,7,2021-07-01,1794
21,2021,7,2021-07-01,1507
22,2021,7,2021-07-01,868
23,2021,7,2021-07-01,35
24,2021,7,2021-07-01,7
25,2021,7,2021-07-01,1
26,2021,7,2021-07-01,14
27,2021,7,2021-07-01,0
28,2021,7,2021-07-01,0
29,2021,7,2021-07-01,732
31,2021,7,2021-07-01,1302
32,2021,7,2021-07-01,85
33,2021,7,2021-07-01,129
35,2021,7,2021-07-01,808
41,2021,7,2021-07-01,598
42,2021,7,2021-07-01,481
43,2021,7,2021-07-01,504
50,2021,7,2021-07-01,916
51,2021,7,2021-07-01,1715
52,2021,7,2021-07-01,627
53,2021,7,2021-07-01,38
11,2021,8,2021-08-01,4319
12,2021,8,2021-08-01,3185
13,2021,8,2021-08-01,8588
14,2021,8,2021-08-01,19
15,2021,8,2021-08-01,7853
16,2021,8,2021-08-01,19
17,2021,8,2021-08-01,2757
21,2021,8,2021-08-01,3322
22,2021,8,2021-08-01,2350
23,2021,8,2021-08-01,258
24,2021,8,2021-08-01,21
25,2021,8,2021-08-01,25
26,2021,8,2021-08-01,41
27,2021,8,2021-08-01,2
28,2021,8,2021-08-01,0
29,2021,8,2021-08-01,1470
31,2021,8,2021-08-01,1941
32,2021,8,2021-08-01,92
33,2021,8,2021-08-01,165
35,2021,8,2021-08-01,2277
41,2021,8,2021-08-01,1195
42,2021,8,2021-08-01,843
43,2021,8,2021-08-01,600
50,2021,8,2021-08-01,2646
51,2021,8,2021-08-01,6617
52,2021,8,2021-08-01,1056
53,2021,8,2021-08-01,50
11,2021,9,2021-09-01,2636
12,2021,9,2021-09-01,3982
13,2021,9,2021-09-01,2799
14,2021,9,2021-09-01,54
15,2021,9,2021-09-01,3828
16,2021,9,2021-09-01,137
17,2021,9,2021-09-01,1785
21,2021,9,2021-09-01,2469
22,2021,9,2021-09-01,5106
23,2021,9,2021-09-01,411
24,2021,9,2021-09-01,38
25,2021,9,2021-09-01,105
26,2021,9,2021-09-01,156
27,2021,9,2021-09-01,8
28,2021,9,2021-09-01,0
29,2021,9,2021-09-01,6491
31,2021,9,2021-09-01,5638
32,2021,9,2021-09-01,123
33,2021,9,2021-09-01,105
35,2021,9,2021-09-01,1663
41,2021,9,2021-09-01,725
42,2021,9,2021-09-01,271
43,2021,9,2021-09-01,183
50,2021,9,2021-09-01,2739
51,2021,9,2021-09-01,5602
52,2021,9,2021-09-01,2634
53,2021,9,2021-09-01,141
11,2021,10,2021-10-01,1763
12,2021,10,2021-10-01,1118
13,2021,10,2021-10-01,1773
14,2021,10,2021-10-01,125
15,2021,10,2021-10-01,4291
16,2021,10,2021-10-01,401
17,2021,10,2021-10-01,1213
21,2021,10,2021-10-01,3069
22,2021,10,2021-10-01,2652
23,2021,10,2021-10-01,905
24,2021,10,2021-10-01,122
25,2021,10,2021-10-01,250
26,2021,10,2021-10-01,367
27,2021,10,2021-10-01,15
28,2021,10,2021-10-01,5
29,2021,10,2021-10-01,3630
31,2021,10,2021-10-01,1627
32,2021,10,2021-10-01,38
33,2021,10,2021-10-01,5
35,2021,10,2021-10-01,95
41,2021,10,2021-10-01,55
42,2021,10,2021-10-01,20
43,2021,10,2021-10-01,167
50,2021,10,2021-10-01,1695
51,2021,10,2021-10-01,2358
52,2021,10,2021-10-01,576
53,2021,10,2021-10-01,7
11,2021,11,2021-11-01,125
12,2021,11,2021-11-01,14
13,2021,11,2021-11-01,248
14,2021,11,2021-11-01,174
15,2021,11,2021-11-01,3659
16,2021,11,2021-11-01,103
17,2021,11,2021-11-01,131
21,2021,11,2021-11-01,2502
22,2021,11,2021-11-01,682
23,2021,11,2021-11-01,1680
24,2021,11,2021-11-01,136
25,2021,11,2021-11-01,319
26,2021,11,2021-11-01,278
27,2021,11,2021-11-01,20
28,2021,11,2021-11-01,7
29,2021,11,2021-11-01,135
31,2021,11,2021-11-01,140
32,2021,11,2021-11-01,9
33,2021,11,2021-11-01,11
35,2021,11,2021-11-01,41
41,2021,11,2021-11-01,210
42,2021,11,2021-11-01,108
43,2021,11,2021-11-01,145
50,2021,11,2021-11-01,205
51,2021,11,2021-11-01,443
52,2021,11,2021-11-01,71
53,2021,11,2021-11-01,0
11,2021,12,2021-12-01,31
12,2021,12,2021-12-01,1
13,2021,12,2021-12-01,43
14,2021,12,2021-12-01,84
15,2021,12,2021-12-01,650
16,2021,12,2021-12-01,5
17,2021,12,2021-12-01,45
21,2021,12,2021-12-01,1244
22,2021,12,2021-12-01,232
23,2021,12,2021-12-01,782
24,2021,12,2021-12-01,90
25,2021,12,2021-12-01,111
26,2021,12,2021-12-01,120
27,2021,12,2021-12-01,11
28,2021,12,2021-12-01,10
29,2021,12,2021-12-01,61
31,2021,12,2021-12-01,45
32,2021,12,2021-12-01,2
33,2021,12,2021-12-01,2
35,2021,12,2021-12-01,41
41,2021,12,2021-12-01,105
42,2021,12,2021-12-01,86
43,2021,12,2021-12-01,87
50,2021,12,2021-12-01,202
51,2021,12,2021-12-01,245
52,2021,12,2021-12-01,52
53,2021,12,2021-12-01,0
11,2022,1,2022-01-01,80
12,2022,1,2022-01-01,24
13,2022,1,2022-01-01,157
14,2022,1,2022-01-01,371
15,2022,1,2022-01-01,202
16,2022,1,2022-01-01,8
17,2022,1,2022-01-01,57
21,2022,1,2022-01-01,185
22,2022,1,2022-01-01,70
23,2022,1,2022-01-01,37
24,2022,1,2022-01-01,15
25,2022,1,2022-01-01,19
26,2022,1,2022-01-01,47
27,2022,1,2022-01-01,19
28,2022,1,2022-01-01,5
29,2022,1,2022-01-01,149
31,2022,1,2022-01-01,110
32,2022,1,2022-01-01,11
33,2022,1,2022-01-01,16
35,2022,1,2022-01-01,76
41,2022,1,2022-01-01,55
42,2022,1,2022-01-01,42
43,2022,1,2022-01-01,174
50,2022,1,2022-01-01,205
51,2022,1,2022-01-01,556
52,2022,1,2022-01-01,69
53,2022,1,2022-01-01,0
11,2022,2,2022-02-01,17
12,2022,2,2022-02-01,3
13,2022,2,2022-02-01,18
14,2022,2,2022-02-01,148
15,2022,2,2022-02-01,70
16,2022,2,2022-02-01,1
17,2022,2,2022-02-01,62
21,2022,2,2022-02-01,92
22,2022,2,2022-02-01,34
23,2022,2,2022-02-01,21
24,2022,2,2022-02-01,3
25,2022,2,2022-02-01,3
26,2022,2,2022-02-01,29
27,2022,2,2022-02-01,29
28,2022,2,2022-02-01,12
29,2022,2,2022-02-01,137
31,2022,2,2022-02-01,66
32,2022,2,2022-02-01,5
33,2022,2,2022-02-01,4
35,2022,2,2022-02-01,120
41,2022,2,2022-02-01,92
42,2022,2,2022-02-01,80
43,2022,2,2022-02-01,135
50,2022,2,2022-02-01,182
51,2022,2,2022-02-01,472
52,2022,2,2022-02-01,96
53,2022,2,2022-02-01,0
11,2022,3,2022-03-01,17
12,2022,3,2022-03-01,0
13,2022,3,2022-03-01,15
14,2022,3,2022-03-01,81
15,2022,3,2022-03-01,34
16,2022,3,2022-03-01,1
17,2022,3,2022-03-01,49
21,2022,3,2022-03-01,44
22,2022,3,2022-03-01,17
23,2022,3,2022-03-01,8
24,2022,3,2022-03-01,3
25,2022,3,2022-03-01,3
26,2022,3,2022-03-01,10
27,2022,3,2022-03-01,24
28,2022,3,2022-03-01,27
29,2022,3,2022-03-01,233
31,2022,3,2022-03-01,190
32,2022,3,2022-03-01,25
33,2022,3,2022-03-01,30
35,2022,3,2022-03-01,64
41,2022,3,2022-03-01,39
42,2022,3,2022-03-01,30
43,2022,3,2022-03-01,71
50,2022,3,2022-03-01,106
51,2022,3,2022-03-01,543
52,2022,3,2022-03-01,120
53,2022,3,2022-03-01,6
11,2022,4,2022-04-01,24
12,2022,4,2022-04-01,6
13,2022,4,2022-04-01,15
14,2022,4,2022-04-01,7
15,2022,4,2022-04-01,37
16,2022,4,2022-04-01,2
17,2022,4,2022-04-01,134
21,2022,4,2022-04-01,66
22,2022,4,2022-04-01,35
23,2022,4,2022-04-01,1
24,2022,4,2022-04-01,1
25,2022,4,2022-04-01,0
26,2022,4,2022-04-01,5
27,2022,4,2022-04-01,3
28,2022,4,2022-04-01,2
29,2022,4,2022-04-01,108
31,2022,4,2022-04-01,143
32,2022,4,2022-04-01,21
33,2022,4,2022-04-01,12
35,2022,4,2022-04-01,47
41,2022,4,2022-04-01,61
42,2022,4,2022-04-01,76
43,2022,4,2022-04-01,56
50,2022,4,2022-04-01,100
51,2022,4,2022-04-01,526
52,2022,4,2022-04-01,124
53,2022,4,2022-04-01,4
11,2022,5,2022-05-01,136
12,2022,5,2022-05-01,33
13,2022,5,2022-05-01,81
14,2022,5,2022-05-01,11
15,2022,5,2022-05-01,225
16,2022,5,2022-05-01,1
17,2022,5,2022-05-01,1103
21,2022,5,2022-05-01,454
22,2022,5,2022-05-01,178
23,2022,5,2022-05-01,3
24,2022,5,2022-05-01,2
25,2022,5,2022-05-01,0
26,2022,5,2022-05-01,13
27,2022,5,2022-05-01,3
28,2022,5,2022-05-01,14
29,2022,5,2022-05-01,396
31,2022,5,2022-05-01,319
32,2022,5,2022-05-01,26
33,2022,5,2022-05-01,20
35,2022,5,2022-05-01,139
41,2022,5,2022-05-01,123
42,2022,5,2022-05-01,87
43,2022,5,2022-05-01,36
50,2022,5,2022-05-01,333
51,2022,5,2022-05-01,2533
52,2022,5,2022-05-01,415
53,2022,5,2022-05-01,14
11,2022,6,2022-06-01,106
12,2022,6,2022-06-01,71
13,2022,6,2022-06-01,82
14,2022,6,2022-06-01,9
15,2022,6,2022-06-01,556
16,2022,6,2022-06-01,1
17,2022,6,2022-06-01,1370
21,2022,6,2022-06-01,917
22,2022,6,2022-06-01,256
23,2022,6,2022-06-01,15
24,2022,6,2022-06-01,2
25,2022,6,2022-06-01,4
26,2022,6,2022-06-01,5
27,2022,6,2022-06-01,0
28,2022,6,2022-06-01,2
29,2022,6,2022-06-01,632
31,2022,6,2022-06-01,665
32,2022,6,2022-06-01,53
33,2022,6,2022-06-01,45
35,2022,6,2022-06-01,90
41,2022,6,2022-06-01,110
42,2022,6,2022-06-01,40
43,2022,6,2022-06-01,33
50,2022,6,2022-06-01,191
51,2022,6,2022-06-01,2210
52,2022,6,2022-06-01,394
53,2022,6,2022-06-01,17
11,2022,7,2022-07-01,555
12,2022,7,2022-07-01,313
13,2022,7,2022-07-01,1428
14,2022,7,2022-07-01,12
15,2022,7,2022-07-01,1681
16,2022,7,2022-07-01,5
17,2022,7,2022-07-01,1710
21,2022,7,2022-07-01,2170
22,2022,7,2022-07-01,561
23,2022,7,2022-07-01,37
24,2022,7,2022-07-01,1
25,2022,7,2022-07-01,3
26,2022,7,2022-07-01,11
27,2022,7,2022-07-01,1
28,2022,7,2022-07-01,0
29,2022,7,2022-07-01,530
31,2022,7,2022-07-01,990
32,2022,7,2022-07-01,57
33,2022,7,2022-07-01,180
35,2022,7,2022-07-01,345
41,2022,7,2022-07-01,311
42,2022,7,2022-07-01,230
43,2022,7,2022-07-01,106
50,2022,7,2022-07-01,443
51,2022,7,2022-07-01,1919
52,2022,7,2022-07-01,553
53,2022,7,2022-07-01,60
11,2022,8,2022-08-01,3512
12,2022,8,2022-08-01,2638
13,2022,8,2022-08-01,8116
14,2022,8,2022-08-01,40
15,2022,8,2022-08-01,12472
16,2022,8,2022-08-01,37
17,2022,8,2022-08-01,2298
21,2022,8,2022-08-01,3473
22,2022,8,2022-08-01,1659
23,2022,8,2022-08-01,140
24,2022,8,2022-08-01,13
25,2022,8,2022-08-01,24
26,2022,8,2022-08-01,35
27,2022,8,2022-08-01,0
28,2022,8,2022-08-01,1
29,2022,8,2022-08-01,947
31,2022,8,2022-08-01,1120
32,2022,8,2022-08-01,85
33,2022,8,2022-08-01,181
35,2022,8,2022-08-01,315
41,2022,8,2022-08-01,509
42,2022,8,2022-08-01,425
43,2022,8,2022-08-01,508
50,2022,8,2022-08-01,230
51,2022,8,2022-08-01,7699
52,2022,8,2022-08-01,975
53,2022,8,2022-08-01,55
11,2022,9,2022-09-01,5354
12,2022,9,2022-09-01,6693
13,2022,9,2022-09-01,8659
14,2022,9,2022-09-01,92
15,2022,9,2022-09-01,12696
16,2022,9,2022-09-01,199
17,2022,9,2022-09-01,2753
21,2022,9,2022-09-01,4166
22,2022,9,2022-09-01,2731
23,2022,9,2022-09-01,209
24,2022,9,2022-09-01,46
25,2022,9,2022-09-01,46
26,2022,9,2022-09-01,171
27,2022,9,2022-09-01,12
28,2022,9,2022-09-01,4
29,2022,9,2022-09-01,2770
31,2022,9,2022-09-01,2518
32,2022,9,2022-09-01,87
33,2022,9,2022-09-01,219
35,2022,9,2022-09-01,258
41,2022,9,2022-09-01,85
42,2022,9,2022-09-01,69
43,2022,9,2022-09-01,119
50,2022,9,2022-09-01,245
51,2022,9,2022-09-01,8876
52,2022,9,2022-09-01,1151
53,2022,9,2022-09-01,85
11,2022,10,2022-10-01,822
12,2022,10,2022-10-01,1127
13,2022,10,2022-10-01,1503
14,2022,10,2022-10-01,117
15,2022,10,2022-10-01,7469
16,2022,10,2022-10-01,612
17,2022,10,2022-10-01,2327
21,2022,10,2022-10-01,4495
22,2022,10,2022-10-01,4071
23,2022,10,2022-10-01,793
24,2022,10,2022-10-01,129
25,2022,10,2022-10-01,131
26,2022,10,2022-10-01,407
27,2022,10,2022-10-01,17
28,2022,10,2022-10-01,6
29,2022,10,2022-10-01,3675
31,2022,10,2022-10-01,1481
32,2022,10,2022-10-01,93
33,2022,10,2022-10-01,33
35,2022,10,2022-10-01,62
41,2022,10,2022-10-01,158
42,2022,10,2022-10-01,81
43,2022,10,2022-10-01,160
50,2022,10,2022-10-01,51
51,2022,10,2022-10-01,1548
52,2022,10,2022-10-01,752
53,2022,10,2022-10-01,10
11,2022,11,2022-11-01,1767
12,2022,11,2022-11-01,923
13,2022,11,2022-11-01,961
14,2022,11,2022-11-01,128
15,2022,11,2022-11-01,4507
16,2022,11,2022-11-01,117
17,2022,11,2022-11-01,185
21,2022,11,2022-11-01,2621
22,2022,11,2022-11-01,859
23,2022,11,2022-11-01,1427
24,2022,11,2022-11-01,97
25,2022,11,2022-11-01,340
26,2022,11,2022-11-01,264
27,2022,11,2022-11-01,10
28,2022,11,2022-11-01,1
29,2022,11,2022-11-01,119
31,2022,11,2022-11-01,154
32,2022,11,2022-11-01,5
33,2022,11,2022-11-01,5
35,2022,11,2022-11-01,49
41,2022,11,2022-11-01,171
42,2022,11,2022-11-01,172
43,2022,11,2022-11-01,131
50,2022,11,2022-11-01,100
51,2022,11,2022-11-01,1746
52,2022,11,2022-11-01,119
53,2022,11,2022-11-01,0
11,2022,12,2022-12-01,70
12,2022,12,2022-12-01,9
13,2022,12,2022-12-01,182
14,2022,12,2022-12-01,207
15,2022,12,2022-12-01,1472
16,2022,12,2022-12-01,6
17,2022,12,2022-12-01,97
21,2022,12,2022-12-01,1541
22,2022,12,2022-12-01,395
23,2022,12,2022-12-01,1445
24,2022,12,2022-12-01,99
25,2022,12,2022-12-01,227
26,2022,12,2022-12-01,158
27,2022,12,2022-12-01,22
28,2022,12,2022-12-01,11
29,2022,12,2022-12-01,124
31,2022,12,2022-12-01,34
32,2022,12,2022-12-01,6
33,2022,12,2022-12-01,2
35,2022,12,2022-12-01,34
41,2022,12,2022-12-01,57
42,2022,12,2022-12-01,28
43,2022,12,2022-12-01,106
50,2022,12,2022-12-01,182
51,2022,12,2022-12-01,411
52,2022,12,2022-12-01,28
53,2022,12,2022-12-01,0
11,2023,1,2023-01-01,42
12,2023,1,2023-01-01,8
13,2023,1,2023-01-01,68
14,2023,1,2023-01-01,324
15,2023,1,2023-01-01,330
16,2023,1,2023-01-01,8
17,2023,1,2023-01-01,59
21,2023,1,2023-01-01,298
22,2023,1,2023-01-01,96
23,2023,1,2023-01-01,208
24,2023,1,2023-01-01,39
25,2023,1,2023-01-01,70
26,2023,1,2023-01-01,109
27,2023,1,2023-01-01,22
28,2023,1,2023-01-01,13
29,2023,1,2023-01-01,167
31,2023,1,2023-01-01,55
32,2023,1,2023-01-01,4
33,2023,1,2023-01-01,6
35,2023,1,2023-01-01,62
41,2023,1,2023-01-01,51
42,2023,1,2023-01-01,35
43,2023,1,2023-01-01,64
50,2023,1,2023-01-01,103
51,2023,1,2023-01-01,240
52,2023,1,2023-01-01,12
53,2023,1,2023-01-01,1
11,2023,2,2023-02-01,28
12,2023,2,2023-02-01,1
13,2023,2,2023-02-01,31
14,2023,2,2023-02-01,168
15,2023,2,2023-02-01,94
16,2023,2,2023-02-01,0
17,2023,2,2023-02-01,104
21,2023,2,2023-02-01,135
22,2023,2,2023-02-01,52
23,2023,2,2023-02-01,36
24,2023,2,2023-02-01,19
25,2023,2,2023-02-01,24
26,2023,2,2023-02-01,36
27,2023,2,2023-02-01,15
28,2023,2,2023-02-01,17
29,2023,2,2023-02-01,222
31,2023,2,2023-02-01,162
32,2023,2,2023-02-01,15
33,2023,2,2023-02-01,10
35,2023,2,2023-02-01,36
41,2023,2,2023-02-01,25
42,2023,2,2023-02-01,35
43,2023,2,2023-02-01,94
50,2023,2,2023-02-01,71
51,2023,2,2023-02-01,515
52,2023,2,2023-02-01,88
53,2023,2,2023-02-01,2
11,2023,3,2023-03-01,38
12,2023,3,2023-03-01,0
13,2023,3,2023-03-01,28
14,2023,3,2023-03-01,505
15,2023,3,2023-03-01,94
16,2023,3,2023-03-01,1
17,2023,3,2023-03-01,77
21,2023,3,2023-03-01,106
22,2023,3,2023-03-01,63
23,2023,3,2023-03-01,18
24,2023,3,2023-03-01,1
25,2023,3,2023-03-01,7
26,2023,3,2023-03-01,31
27,2023,3,2023-03-01,26
28,2023,3,2023-03-01,19
29,2023,3,2023-03-01,206
31,2023,3,2023-03-01,186
32,2023,3,2023-03-01,22
33,2023,3,2023-03-01,10
35,2023,3,2023-03-01,109
41,2023,3,2023-03-01,75
42,2023,3,2023-03-01,58
43,2023,3,2023-03-01,107
50,2023,3,2023-03-01,118
51,2023,3,2023-03-01,576
52,2023,3,2023-03-01,104
53,2023,3,2023-03-01,0
11,2023,4,2023-04-01,30
12,2023,4,2023-04-01,0
13,2023,4,2023-04-01,20
14,2023,4,2023-04-01,212
15,2023,4,2023-04-01,58
16,2023,4,2023-04-01,1
17,2023,4,2023-04-01,179
21,2023,4,2023-04-01,155
22,2023,4,2023-04-01,80
23,2023,4,2023-04-01,8
24,2023,4,2023-04-01,1
25,2023,4,2023-04-01,13
26,2023,4,2023-04-01,27
27,2023,4,2023-04-01,29
28,2023,4,2023-04-01,19
29,2023,4,2023-04-01,269
31,2023,4,2023-04-01,133
32,2023,4,2023-04-01,4
33,2023,4,2023-04-01,3
35,2023,4,2023-04-01,22
41,2023,4,2023-04-01,56
42,2023,4,2023-04-01,59
43,2023,4,2023-04-01,137
50,2023,4,2023-04-01,64
51,2023,4,2023-04-01,644
52,2023,4,2023-04-01,134
53,2023,4,2023-04-01,2
11,2023,5,2023-05-01,50
12,2023,5,2023-05-01,8
13,2023,5,2023-05-01,30
14,2023,5,2023-05-01,49
15,2023,5,2023-05-01,224
16,2023,5,2023-05-01,5
17,2023,5,2023-05-01,697
21,2023,5,2023-05-01,478
22,2023,5,2023-05-01,111
23,2023,5,2023-05-01,10
24,2023,5,2023-05-01,3
25,2023,5,2023-05-01,3
26,2023,5,2023-05-01,14
27,2023,5,2023-05-01,4
28,2023,5,2023-05-01,2
29,2023,5,2023-05-01,465
31,2023,5,2023-05-01,274
32,2023,5,2023-05-01,12
33,2023,5,2023-05-01,16
35,2023,5,2023-05-01,145
41,2023,5,2023-05-01,186
42,2023,5,2023-05-01,200
43,2023,5,2023-05-01,127
50,2023,5,2023-05-01,205
51,2023,5,2023-05-01,1666
52,2023,5,2023-05-01,292
53,2023,5,2023-05-01,10
11,2023,6,2023-06-01,88
12,2023,6,2023-06-01,31
13,2023,6,2023-06-01,213
14,2023,6,2023-06-01,3
15,2023,6,2023-06-01,682
16,2023,6,2023-06-01,0
17,2023,6,2023-06-01,1277
21,2023,6,2023-06-01,1338
22,2023,6,2023-06-01,432
23,2023,6,2023-06-01,15
24,2023,6,2023-06-01,6
25,2023,6,2023-06-01,5
26,2023,6,2023-06-01,6
27,2023,6,2023-06-01,1
28,2023,6,2023-06-01,0
29,2023,6,2023-06-01,433
31,2023,6,2023-06-01,384
32,2023,6,2023-06-01,30
33,2023,6,2023-06-01,34
35,2023,6,2023-06-01,134
41,2023,6,2023-06-01,185
42,2023,6,2023-06-01,149
43,2023,6,2023-06-01,80
50,2023,6,2023-06-01,270
51,2023,6,2023-06-01,2447
52,2023,6,2023-06-01,343
53,2023,6,2023-06-01,11
11,2023,7,2023-07-01,460
12,2023,7,2023-07-01,212
13,2023,7,2023-07-01,1947
14,2023,7,2023-07-01,12
15,2023,7,2023-07-01,2027
16,2023,7,2023-07-01,15
17,2023,7,2023-07-01,1525
21,2023,7,2023-07-01,2405
22,2023,7,2023-07-01,974
23,2023,7,2023-07-01,73
24,2023,7,2023-07-01,10
25,2023,7,2023-07-01,17
26,2023,7,2023-07-01,35
27,2023,7,2023-07-01,6
28,2023,7,2023-07-01,1
29,2023,7,2023-07-01,701
31,2023,7,2023-07-01,550
32,2023,7,2023-07-01,62
33,2023,7,2023-07-01,97
35,2023,7,2023-07-01,253
41,2023,7,2023-07-01,121
42,2023,7,2023-07-01,114
43,2023,7,2023-07-01,221
50,2023,7,2023-07-01,307
51,2023,7,2023-07-01,1453
52,2023,7,2023-07-01,366
53,2023,7,2023-07-01,21
11,2023,8,2023-08-01,1715
12,2023,8,2023-08-01,1388
13,2023,8,2023-08-01,5473
14,2023,8,2023-08-01,78
15,2023,8,2023-08-01,6725
16,2023,8,2023-08-01,69
17,2023,8,2023-08-01,1141
21,2023,8,2023-08-01,2431
22,2023,8,2023-08-01,1497
23,2023,8,2023-08-01,179
24,2023,8,2023-08-01,19
25,2023,8,2023-08-01,31
26,2023,8,2023-08-01,53
27,2023,8,2023-08-01,8
28,2023,8,2023-08-01,0
29,2023,8,2023-08-01,694
31,2023,8,2023-08-01,1029
32,2023,8,2023-08-01,30
33,2023,8,2023-08-01,94
35,2023,8,2023-08-01,352
41,2023,8,2023-08-01,389
42,2023,8,2023-08-01,473
43,2023,8,2023-08-01,812
50,2023,8,2023-08-01,239
51,2023,8,2023-08-01,2626
52,2023,8,2023-08-01,488
53,2023,8,2023-08-01,21
11,2023,9,2023-09-01,2651
12,2023,9,2023-09-01,3075
13,2023,9,2023-09-01,6991
14,2023,9,2023-09-01,194
15,2023,9,2023-09-01,9504
16,2023,9,2023-09-01,434
17,2023,9,2023-09-01,2681
21,2023,9,2023-09-01,4719
22,2023,9,2023-09-01,3941
23,2023,9,2023-09-01,636
24,2023,9,2023-09-01,65
25,2023,9,2023-09-01,107
26,2023,9,2023-09-01,339
27,2023,9,2023-09-01,10
28,2023,9,2023-09-01,4
29,2023,9,2023-09-01,3298
31,2023,9,2023-09-01,1793
32,2023,9,2023-09-01,53
33,2023,9,2023-09-01,100
35,2023,9,2023-09-01,375
41,2023,9,2023-09-01,166
42,2023,9,2023-09-01,89
43,2023,9,2023-09-01,34
50,2023,9,2023-09-01,339
51,2023,9,2023-09-01,4219
52,2023,9,2023-09-01,651
53,2023,9,2023-09-01,18
11,2023,10,2023-10-01,1140
12,2023,10,2023-10-01,1675
13,2023,10,2023-10-01,3858
14,2023,10,2023-10-01,409
15,2023,10,2023-10-01,11378
16,2023,10,2023-10-01,1063
17,2023,10,2023-10-01,1140
21,2023,10,2023-10-01,4283
22,2023,10,2023-10-01,3982
23,2023,10,2023-10-01,1969
24,2023,10,2023-10-01,180
25,2023,10,2023-10-01,224
26,2023,10,2023-10-01,586
27,2023,10,2023-10-01,30
28,2023,10,2023-10-01,19
29,2023,10,2023-10-01,3279
31,2023,10,2023-10-01,919
32,2023,10,2023-10-01,59
33,2023,10,2023-10-01,7
35,2023,10,2023-10-01,58
41,2023,10,2023-10-01,34
42,2023,10,2023-10-01,21
43,2023,10,2023-10-01,61
50,2023,10,2023-10-01,495
51,2023,10,2023-10-01,2454
52,2023,10,2023-10-01,369
53,2023,10,2023-10-01,0
11,2023,11,2023-11-01,996
12,2023,11,2023-11-01,160
13,2023,11,2023-11-01,797
14,2023,11,2023-11-01,468
15,2023,11,2023-11-01,8187
16,2023,11,2023-11-01,891
17,2023,11,2023-11-01,478
21,2023,11,2023-11-01,2893
22,2023,11,2023-11-01,1156
23,2023,11,2023-11-01,1830
24,2023,11,2023-11-01,149
25,2023,11,2023-11-01,281
26,2023,11,2023-11-01,380
27,2023,11,2023-11-01,38
28,2023,11,2023-11-01,25
29,2023,11,2023-11-01,1295
31,2023,11,2023-11-01,642
32,2023,11,2023-11-01,183
33,2023,11,2023-11-01,22
35,2023,11,2023-11-01,54
41,2023,11,2023-11-01,72
42,2023,11,2023-11-01,61
43,2023,11,2023-11-01,57
50,2023,11,2023-11-01,1815
51,2023,11,2023-11-01,3705
52,2023,11,2023-11-01,181
53,2023,11,2023-11-01,3
11,2023,12,2023-12-01,179
12,2023,12,2023-12-01,4
13,2023,12,2023-12-01,145
14,2023,12,2023-12-01,237
15,2023,12,2023-12-01,2412
16,2023,12,2023-12-01,65
17,2023,12,2023-12-01,283
21,2023,12,2023-12-01,1872
22,2023,12,2023-12-01,573
23,2023,12,2023-12-01,1826
24,2023,12,2023-12-01,87
25,2023,12,2023-12-01,169
26,2023,12,2023-12-01,218
27,2023,12,2023-12-01,38
28,2023,12,2023-12-01,32
29,2023,12,2023-12-01,888
31,2023,12,2023-12-01,371
32,2023,12,2023-12-01,69
33,2023,12,2023-12-01,5
35,2023,12,2023-12-01,66
41,2023,12,2023-12-01,79
42,2023,12,2023-12-01,47
43,2023,12,2023-12-01,31
50,2023,12,2023-12-01,503
51,2023,12,2023-12-01,1178
52,2023,12,2023-12-01,132
53,2023,12,2023-12-01,0
11,2024,1,2024-01-01,39
12,2024,1,2024-01-01,8
13,2024,1,2024-01-01,160
14,2024,1,2024-01-01,604
15,2024,1,2024-01-01,633
16,2024,1,2024-01-01,3
17,2024,1,2024-01-01,53
21,2024,1,2024-01-01,457
22,2024,1,2024-01-01,153
23,2024,1,2024-01-01,330
24,2024,1,2024-01-01,40
25,2024,1,2024-01-01,48
26,2024,1,2024-01-01,85
27,2024,1,2024-01-01,41
28,2024,1,2024-01-01,19
29,2024,1,2024-01-01,268
31,2024,1,2024-01-01,65
32,2024,1,2024-01-01,22
33,2024,1,2024-01-01,9
35,2024,1,2024-01-01,75
41,2024,1,2024-01-01,52
42,2024,1,2024-01-01,26
43,2024,1,2024-01-01,21
50,2024,1,2024-01-01,369
51,2024,1,2024-01-01,847
52,2024,1,2024-01-01,126
53,2024,1,2024-01-01,2
11,2024,2,2024-02-01,47
12,2024,2,2024-02-01,7
13,2024,2,2024-02-01,141
14,2024,2,2024-02-01,2057
15,2024,2,2024-02-01,260
16,2024,2,2024-02-01,1
17,2024,2,2024-02-01,112
21,2024,2,2024-02-01,98
22,2024,2,2024-02-01,41
23,2024,2,2024-02-01,42
24,2024,2,2024-02-01,15
25,2024,2,2024-02-01,17
26,2024,2,2024-02-01,48
27,2024,2,2024-02-01,28
28,2024,2,2024-02-01,13
29,2024,2,2024-02-01,133
31,2024,2,2024-02-01,82
32,2024,2,2024-02-01,3
33,2024,2,2024-02-01,2
35,2024,2,2024-02-01,93
41,2024,2,2024-02-01,60
42,2024,2,2024-02-01,55
43,2024,2,2024-02-01,54
50,2024,2,2024-02-01,170
51,2024,2,2024-02-01,863
52,2024,2,2024-02-01,120
53,2024,2,2024-02-01,4
11,2024,3,2024-03-01,79
12,2024,3,2024-03-01,7
13,2024,3,2024-03-01,35
14,2024,3,2024-03-01,1429
15,2024,3,2024-03-01,113
16,2024,3,2024-03-01,0
17,2024,3,2024-03-01,226
21,2024,3,2024-03-01,159
22,2024,3,2024-03-01,126
23,2024,3,2024-03-01,16
24,2024,3,2024-03-01,9
25,2024,3,2024-03-01,2
26,2024,3,2024-03-01,43
27,2024,3,2024-03-01,40
28,2024,3,2024-03-01,26
29,2024,3,2024-03-01,408
31,2024,3,2024-03-01,194
32,2024,3,2024-03-01,18
33,2024,3,2024-03-01,10
35,2024,3,2024-03-01,138
41,2024,3,2024-03-01,109
42,2024,3,2024-03-01,58
43,2024,3,2024-03-01,48
50,2024,3,2024-03-01,309
51,2024,3,2024-03-01,1624
52,2024,3,2024-03-01,219
53,2024,3,2024-03-01,3
11,2024,4,2024-04-01,49
12,2024,4,2024-04-01,3
13,2024,4,2024-04-01,32
14,2024,4,2024-04-01,519
15,2024,4,2024-04-01,52
16,2024,4,2024-04-01,2
17,2024,4,2024-04-01,131
21,2024,4,2024-04-01,95
22,2024,4,2024-04-01,54
23,2024,4,2024-04-01,10
24,2024,4,2024-04-01,4
25,2024,4,2024-04-01,1
26,2024,4,2024-04-01,21
27,2024,4,2024-04-01,10
28,2024,4,2024-04-01,5
29,2024,4,2024-04-01,186
31,2024,4,2024-04-01,153
32,2024,4,2024-04-01,21
33,2024,4,2024-04-01,37
35,2024,4,2024-04-01,63
41,2024,4,2024-04-01,58
42,2024,4,2024-04-01,57
43,2024,4,2024-04-01,24
50,2024,4,2024-04-01,113
51,2024,4,2024-04-01,797
52,2024,4,2024-04-01,115
53,2024,4,2024-04-01,1
11,2024,5,2024-05-01,68
12,2024,5,2024-05-01,11
13,2024,5,2024-05-01,40
14,2024,5,2024-05-01,14
15,2024,5,2024-05-01,211
16,2024,5,2024-05-01,1
17,2024,5,2024-05-01,1332
21,2024,5,2024-05-01,434
22,2024,5,2024-05-01,166
23,2024,5,2024-05-01,14
24,2024,5,2024-05-01,7
25,2024,5,2024-05-01,5
26,2024,5,2024-05-01,25
27,2024,5,2024-05-01,1
28,2024,5,2024-05-01,3
29,2024,5,2024-05-01,384
31,2024,5,2024-05-01,379
32,2024,5,2024-05-01,29
33,2024,5,2024-05-01,100
35,2024,5,2024-05-01,398
41,2024,5,2024-05-01,142
42,2024,5,2024-05-01,9
43,2024,5,2024-05-01,8
50,2024,5,2024-05-01,302
51,2024,5,2024-05-01,1996
52,2024,5,2024-05-01,230
53,2024,5,2024-05-01,15
11,2024,6,2024-06-01,183
12,2024,6,2024-06-01,101
13,2024,6,2024-06-01,258
14,2024,6,2024-06-01,4
15,2024,6,2024-06-01,635
16,2024,6,2024-06-01,1
17,2024,6,2024-06-01,1757
21,2024,6,2024-06-01,1166
22,2024,6,2024-06-01,281
23,2024,6,2024-06-01,30
24,2024,6,2024-06-01,1
25,2024,6,2024-06-01,9
26,2024,6,2024-06-01,8
27,2024,6,2024-06-01,0
28,2024,6,2024-06-01,0
29,2024,6,2024-06-01,446
31,2024,6,2024-06-01,658
32,2024,6,2024-06-01,60
33,2024,6,2024-06-01,161
35,2024,6,2024-06-01,532
41,2024,6,2024-06-01,237
42,2024,6,2024-06-01,132
43,2024,6,2024-06-01,80
50,2024,6,2024-06-01,2737
51,2024,6,2024-06-01,2671
52,2024,6,2024-06-01,260
53,2024,6,2024-06-01,24
11,2024,7,2024-07-01,1618
12,2024,7,2024-07-01,603
13,2024,7,2024-07-01,4241
14,2024,7,2024-07-01,3
15,2024,7,2024-07-01,3265
16,2024,7,2024-07-01,0
17,2024,7,2024-07-01,1922
21,2024,7,2024-07-01,2320
22,2024,7,2024-07-01,609
23,2024,7,2024-07-01,58
24,2024,7,2024-07-01,18
25,2024,7,2024-07-01,22
26,2024,7,2024-07-01,23
27,2024,7,2024-07-01,1
28,2024,7,2024-07-01,1
29,2024,7,2024-07-01,655
31,2024,7,2024-07-01,1208
32,2024,7,2024-07-01,81
33,2024,7,2024-07-01,146
35,2024,7,2024-07-01,499
41,2024,7,2024-07-01,217
42,2024,7,2024-07-01,247
43,2024,7,2024-07-01,279
50,2024,7,2024-07-01,1419
51,2024,7,2024-07-01,2472
52,2024,7,2024-07-01,495
53,2024,7,2024-07-01,56
11,2024,8,2024-08-01,4522
12,2024,8,2024-08-01,1997
13,2024,8,2024-08-01,10328
14,2024,8,2024-08-01,41
15,2024,8,2024-08-01,13803
16,2024,8,2024-08-01,12
17,2024,8,2024-08-01,2936
21,2024,8,2024-08-01,2892
22,2024,8,2024-08-01,1489
23,2024,8,2024-08-01,189
24,2024,8,2024-08-01,27
25,2024,8,2024-08-01,32
26,2024,8,2024-08-01,61
27,2024,8,2024-08-01,9
28,2024,8,2024-08-01,7
29,2024,8,2024-08-01,949
31,2024,8,2024-08-01,2488
32,2024,8,2024-08-01,100
33,2024,8,2024-08-01,240
35,2024,8,2024-08-01,3612
41,2024,8,2024-08-01,1007
42,2024,8,2024-08-01,727
43,2024,8,2024-08-01,726
50,2024,8,2024-08-01,4648
51,2024,8,2024-08-01,14617
52,2024,8,2024-08-01,1120
53,2024,8,2024-08-01,56
11,2024,9,2024-09-01,2739
12,2024,9,2024-09-01,3855
13,2024,9,2024-09-01,6879
14,2024,9,2024-09-01,80
15,2024,9,2024-09-01,17434
16,2024,9,2024-09-01,152
17,2024,9,2024-09-01,6704
21,2024,9,2024-09-01,4132
22,2024,9,2024-09-01,3152
23,2024,9,2024-09-01,297
24,2024,9,2024-09-01,48
25,2024,9,2024-09-01,77
26,2024,9,2024-09-01,212
27,2024,9,2024-09-01,15
28,2024,9,2024-09-01,6
29,2024,9,2024-09-01,2753
31,2024,9,2024-09-01,5082
32,2024,9,2024-09-01,251
33,2024,9,2024-09-01,391
35,2024,9,2024-09-01,2522
41,2024,9,2024-09-01,585
42,2024,9,2024-09-01,347
43,2024,9,2024-09-01,233
50,2024,9,2024-09-01,1965
51,2024,9,2024-09-01,19964
52,2024,9,2024-09-01,3111
53,2024,9,2024-09-01,168
11,2024,10,2024-10-01,1203
12,2024,10,2024-10-01,1876
13,2024,10,2024-10-01,2557
14,2024,10,2024-10-01,122
15,2024,10,2024-10-01,7120
16,2024,10,2024-10-01,541
17,2024,10,2024-10-01,1386
21,2024,10,2024-10-01,4500
22,2024,10,2024-10-01,2160
23,2024,10,2024-10-01,1169
24,2024,10,2024-10-01,118
25,2024,10,2024-10-01,160
26,2024,10,2024-10-01,653
27,2024,10,2024-10-01,28
28,2024,10,2024-10-01,17
29,2024,10,2024-10-01,2198
31,2024,10,2024-10-01,1216
32,2024,10,2024-10-01,44
33,2024,10,2024-10-01,85
35,2024,10,2024-10-01,714
41,2024,10,2024-10-01,168
42,2024,10,2024-10-01,95
43,2024,10,2024-10-01,50
50,2024,10,2024-10-01,894
51,2024,10,2024-10-01,3814
52,2024,10,2024-10-01,451
53,2024,10,2024-10-01,17
11,2024,11,2024-11-01,107
12,2024,11,2024-11-01,160
13,2024,11,2024-11-01,656
14,2024,11,2024-11-01,206
15,2024,11,2024-11-01,9555
16,2024,11,2024-11-01,1200
17,2024,11,2024-11-01,475
21,2024,11,2024-11-01,4046
22,2024,11,2024-11-01,1443
23,2024,11,2024-11-01,2475
24,2024,11,2024-11-01,181
25,2024,11,2024-11-01,387
26,2024,11,2024-11-01,515
27,2024,11,2024-11-01,47
28,2024,11,2024-11-01,36
29,2024,11,2024-11-01,324
31,2024,11,2024-11-01,155
32,2024,11,2024-11-01,17
33,2024,11,2024-11-01,15
35,2024,11,2024-11-01,25
41,2024,11,2024-11-01,39
42,2024,11,2024-11-01,29
43,2024,11,2024-11-01,26
50,2024,11,2024-11-01,60
51,2024,11,2024-11-01,435
52,2024,11,2024-11-01,49
53,2024,11,2024-11-01,0
11,2024,12,2024-12-01,38
12,2024,12,2024-12-01,30
13,2024,12,2024-12-01,172
14,2024,12,2024-12-01,279
15,2024,12,2024-12-01,2989
16,2024,12,2024-12-01,101
17,2024,12,2024-12-01,217
21,2024,12,2024-12-01,2580
22,2024,12,2024-12-01,913
23,2024,12,2024-12-01,2530
24,2024,12,2024-12-01,156
25,2024,12,2024-12-01,314
26,2024,12,2024-12-01,363
27,2024,12,2024-12-01,65
28,2024,12,2024-12-01,57
29,2024,12,2024-12-01,456
31,2024,12,2024-12-01,107
32,2024,12,2024-12-01,16
33,2024,12,2024-12-01,4
35,2024,12,2024-12-01,41
41,2024,12,2024-12-01,30
42,2024,12,2024-12-01,19
43,2024,12,2024-12-01,23
50,2024,12,2024-12-01,55
51,2024,12,2024-12-01,451
52,2024,12,2024-12-01,66
53,2024,12,2024-12-01,3
11,2025,1,2025-01-01,28
12,2025,1,2025-01-01,35
13,2025,1,2025-01-01,60
14,2025,1,2025-01-01,384
15,2025,1,2025-01-01,356
16,2025,1,2025-01-01,3
17,2025,1,2025-01-01,20
21,2025,1,2025-01-01,434
22,2025,1,2025-01-01,127
23,2025,1,2025-01-01,248
24,2025,1,2025-01-01,51
25,2025,1,2025-01-01,98
26,2025,1,2025-01-01,132
27,2025,1,2025-01-01,28
28,2025,1,2025-01-01,47
29,2025,1,2025-01-01,217
31,2025,1,2025-01-01,115
32,2025,1,2025-01-01,6
33,2025,1,2025-01-01,8
35,2025,1,2025-01-01,66
41,2025,1,2025-01-01,37
42,2025,1,2025-01-01,75
43,2025,1,2025-01-01,75
50,2025,1,2025-01-01,127
51,2025,1,2025-01-01,256
52,2025,1,2025-01-01,104
53,2025,1,2025-01-01,0
11,2025,2,2025-02-01,25
12,2025,2,2025-02-01,5
13,2025,2,2025-02-01,11
14,2025,2,2025-02-01,83
15,2025,2,2025-02-01,90
16,2025,2,2025-02-01,1
17,2025,2,2025-02-01,73
21,2025,2,2025-02-01,105
22,2025,2,2025-02-01,78
23,2025,2,2025-02-01,41
24,2025,2,2025-02-01,17
25,2025,2,2025-02-01,36
26,2025,2,2025-02-01,65
27,2025,2,2025-02-01,22
28,2025,2,2025-02-01,16
29,2025,2,2025-02-01,227
31,2025,2,2025-02-01,186
32,2025,2,2025-02-01,29
33,2025,2,2025-02-01,45
35,2025,2,2025-02-01,63
41,2025,2,2025-02-01,57
42,2025,2,2025-02-01,41
43,2025,2,2025-02-01,73
50,2025,2,2025-02-01,124
51,2025,2,2025-02-01,239
52,2025,2,2025-02-01,66
53,2025,2,2025-02-01,1
11,2025,3,2025-03-01,15
12,2025,3,2025-03-01,0
13,2025,3,2025-03-01,24
14,2025,3,2025-03-01,390
15,2025,3,2025-03-01,68
16,2025,3,2025-03-01,1
17,2025,3,2025-03-01,112
21,2025,3,2025-03-01,63
22,2025,3,2025-03-01,53
23,2025,3,2025-03-01,16
24,2025,3,2025-03-01,18
25,2025,3,2025-03-01,11
26,2025,3,2025-03-01,38
27,2025,3,2025-03-01,22
28,2025,3,2025-03-01,28
29,2025,3,2025-03-01,342
31,2025,3,2025-03-01,160
32,2025,3,2025-03-01,24
33,2025,3,2025-03-01,29
35,2025,3,2025-03-01,34
41,2025,3,2025-03-01,89
42,2025,3,2025-03-01,131
43,2025,3,2025-03-01,93
50,2025,3,2025-03-01,69
51,2025,3,2025-03-01,429
52,2025,3,2025-03-01,96
53,2025,3,2025-03-01,2
11,2025,4,2025-04-01,10
12,2025,4,2025-04-01,3
13,2025,4,2025-04-01,9
14,2025,4,2025-04-01,26
15,2025,4,2025-04-01,77
16,2025,4,2025-04-01,0
17,2025,4,2025-04-01,125
21,2025,4,2025-04-01,134
22,2025,4,2025-04-01,62
23,2025,4,2025-04-01,17
24,2025,4,2025-04-01,24
25,2025,4,2025-04-01,20
26,2025,4,2025-04-01,59
27,2025,4,2025-04-01,25
28,2025,4,2025-04-01,37
29,2025,4,2025-04-01,331
31,2025,4,2025-04-01,108
32,2025,4,2025-04-01,12
33,2025,4,2025-04-01,1
35,2025,4,2025-04-01,17
41,2025,4,2025-04-01,33
42,2025,4,2025-04-01,61
43,2025,4,2025-04-01,160
50,2025,4,2025-04-01,23
51,2025,4,2025-04-01,222
52,2025,4,2025-04-01,45
53,2025,4,2025-04-01,0
11,2025,5,2025-05-01,28
12,2025,5,2025-05-01,8
13,2025,5,2025-05-01,25
14,2025,5,2025-05-01,1
15,2025,5,2025-05-01,207
16,2025,5,2025-05-01,0
17,2025,5,2025-05-01,1062
21,2025,5,2025-05-01,455
22,2025,5,2025-05-01,223
23,2025,5,2025-05-01,32
24,2025,5,2025-05-01,15
25,2025,5,2025-05-01,20
26,2025,5,2025-05-01,37
27,2025,5,2025-05-01,19
28,2025,5,2025-05-01,7
29,2025,5,2025-05-01,357
31,2025,5,2025-05-01,203
32,2025,5,2025-05-01,7
33,2025,5,2025-05-01,10
35,2025,5,2025-05-01,60
41,2025,5,2025-05-01,119
42,2025,5,2025-05-01,132
43,2025,5,2025-05-01,133
50,2025,5,2025-05-01,132
51,2025,5,2025-05-01,816
52,2025,5,2025-05-01,151
53,2025,5,2025-05-01,4
11,2025,6,2025-06-01,49
12,2025,6,2025-06-01,21
13,2025,6,2025-06-01,91
14,2025,6,2025-06-01,13
15,2025,6,2025-06-01,405
16,2025,6,2025-06-01,1
17,2025,6,2025-06-01,1231
21,2025,6,2025-06-01,755
22,2025,6,2025-06-01,358
23,2025,6,2025-06-01,50
24,2025,6,2025-06-01,17
25,2025,6,2025-06-01,8
26,2025,6,2025-06-01,34
27,2025,6,2025-06-01,6
28,2025,6,2025-06-01,0
29,2025,6,2025-06-01,518
31,2025,6,2025-06-01,349
32,2025,6,2025-06-01,31
33,2025,6,2025-06-01,38
35,2025,6,2025-06-01,55
41,2025,6,2025-06-01,23
42,2025,6,2025-06-01,17
43,2025,6,2025-06-01,25
50,2025,6,2025-06-01,135
51,2025,6,2025-06-01,1576
52,2025,6,2025-06-01,241
53,2025,6,2025-06-01,13
11,2025,7,2025-07-01,176
12,2025,7,2025-07-01,163
13,2025,7,2025-07-01,278
14,2025,7,2025-07-01,18
15,2025,7,2025-07-01,837
16,2025,7,2025-07-01,5
17,2025,7,2025-07-01,1375
21,2025,7,2025-07-01,1548
22,2025,7,2025-07-01,933
23,2025,7,2025-07-01,100
24,2025,7,2025-07-01,8
25,2025,7,2025-07-01,15
26,2025,7,2025-07-01,31
27,2025,7,2025-07-01,0
28,2025,7,2025-07-01,0
29,2025,7,2025-07-01,771
31,2025,7,2025-07-01,615
32,2025,7,2025-07-01,52
33,2025,7,2025-07-01,73
35,2025,7,2025-07-01,245
41,2025,7,2025-07-01,292
42,2025,7,2025-07-01,350
43,2025,7,2025-07-01,288
50,2025,7,2025-07-01,251
51,2025,7,2025-07-01,1017
52,2025,7,2025-07-01,327
53,2025,7,2025-07-01,35
11,2025,8,2025-08-01,668
12,2025,8,2025-08-01,517
13,2025,8,2025-08-01,1842
14,2025,8,2025-08-01,37
15,2025,8,2025-08-01,1314
16,2025,8,2025-08-01,13
17,2025,8,2025-08-01,1541
21,2025,8,2025-08-01,2493
22,2025,8,2025-08-01,1472
23,2025,8,2025-08-01,198
24,2025,8,2025-08-01,24
25,2025,8,2025-08-01,35
26,2025,8,2025-08-01,59
27,2025,8,2025-08-01,1
28,2025,8,2025-08-01,1
29,2025,8,2025-08-01,1345
31,2025,8,2025-08-01,1469
32,2025,8,2025-08-01,94
33,2025,8,2025-08-01,107
35,2025,8,2025-08-01,494
41,2025,8,2025-08-01,431
42,2025,8,2025-08-01,289
43,2025,8,2025-08-01,467
50,2025,8,2025-08-01,251
51,2025,8,2025-08-01,2322
52,2025,8,2025-08-01,892
53,2025,8,2025-08-01,75
11,2025,9,2025-09-01,388
12,2025,9,2025-09-01,840
13,2025,9,2025-09-01,942
14,2025,9,2025-09-01,108
15,2025,9,2025-09-01,2967
16,2025,9,2025-09-01,73
17,2025,9,2025-09-01,2651
21,2025,9,2025-09-01,4595
22,2025,9,2025-09-01,2147
23,2025,9,2025-09-01,647
24,2025,9,2025-09-01,56
25,2025,9,2025-09-01,91
26,2025,9,2025-09-01,276
27,2025,9,2025-09-01,3
28,2025,9,2025-09-01,0
29,2025,9,2025-09-01,3337
31,2025,9,2025-09-01,2897
32,2025,9,2025-09-01,60
33,2025,9,2025-09-01,84
35,2025,9,2025-09-01,1011
41,2025,9,2025-09-01,447
42,2025,9,2025-09-01,154
43,2025,9,2025-09-01,140
50,2025,9,2025-09-01,311
51,2025,9,2025-09-01,2294
52,2025,9,2025-09-01,1625
53,2025,9,2025-09-01,70
11,2025,10,2025-10-01,360
12,2025,10,2025-10-01,558
13,2025,10,2025-10-01,874
14,2025,10,2025-10-01,128
15,2025,10,2025-10-01,3682
16,2025,10,2025-10-01,333
17,2025,10,2025-10-01,2428
21,2025,10,2025-10-01,5019
22,2025,10,2025-10-01,3709
23,2025,10,2025-10-01,1532
24,2025,10,2025-10-01,149
25,2025,10,2025-10-01,235
26,2025,10,2025-10-01,846
27,2025,10,2025-10-01,21
28,2025,10,2025-10-01,1
29,2025,10,2025-10-01,3304
31,2025,10,2025-10-01,2018
32,2025,10,2025-10-01,35
33,2025,10,2025-10-01,85
35,2025,10,2025-10-01,228
41,2025,10,2025-10-01,131
42,2025,10,2025-10-01,128
43,2025,10,2025-10-01,76
50,2025,10,2025-10-01,254
51,2025,10,2025-10-01,1410
52,2025,10,2025-10-01,1101
53,2025,10,2025-10-01,33
11,2025,11,2025-11-01,123
12,2025,11,2025-11-01,33
13,2025,11,2025-11-01,271
14,2025,11,2025-11-01,180
15,2025,11,2025-11-01,5659
16,2025,11,2025-11-01,335
17,2025,11,2025-11-01,803
21,2025,11,2025-11-01,5784
22,2025,11,2025-11-01,1941
23,2025,11,2025-11-01,2902
24,2025,11,2025-11-01,155
25,2025,11,2025-11-01,319
26,2025,11,2025-11-01,536
27,2025,11,2025-11-01,42
28,2025,11,2025-11-01,5
29,2025,11,2025-11-01,938
31,2025,11,2025-11-01,433
32,2025,11,2025-11-01,10
33,2025,11,2025-11-01,20
35,2025,11,2025-11-01,59
41,2025,11,2025-11-01,86
42,2025,11,2025-11-01,50
43,2025,11,2025-11-01,40
50,2025,11,2025-11-01,107
51,2025,11,2025-11-01,275
52,2025,11,2025-11-01,194
53,2025,11,2025-11-01,1
11,2025,12,2025-12-01,9
12,2025,12,2025-12-01,1
13,2025,12,2025-12-01,118
14,2025,12,2025-12-01,171
15,2025,12,2025-12-01,2705
16,2025,12,2025-12-01,183
17,2025,12,2025-12-01,127
21,2025,12,2025-12-01,2915
22,2025,12,2025-12-01,703
23,2025,12,2025-12-01,2069
24,2025,12,2025-12-01,105
25,2025,12,2025-12-01,173
26,2025,12,2025-12-01,222
27,2025,12,2025-12-01,39
28,2025,12,2025-12-01,15
29,2025,12,2025-12-01,402
31,2025,12,2025-12-01,163
32,2025,12,2025-12-01,25
33,2025,12,2025-12-01,12
35,2025,12,2025-12-01,44
41,2025,12,2025-12-01,67
42,2025,12,2025-12-01,50
43,2025,12,2025-12-01,50
50,2025,12,2025-12-01,60
51,2025,12,2025-12-01,205
52,2025,12,2025-12-01,36
53,2025,12,2025-12-01,0
